{"type":"FeatureCollection","features":[{"type":"Feature","id":1,"geometry":{"type":"LineString","coordinates":[[-75.2536245110823,39.8813381396384],[-75.2538257931274,39.8811211128978],[-75.2543885105188,39.8805194121263],[-75.2548997085942,39.8800156338612],[-75.2554185832549,39.8795683982589],[-75.2559288555544,39.8791619250358],[-75.2564218330669,39.8788159901719],[-75.2570133927278,39.8784313939897],[-75.257609658768,39.8780840324559],[-75.2584642566506,39.8776492624508],[-75.2593092253842,39.8772924414337],[-75.260049576613,39.8770219273081],[-75.2605636682623,39.8768350803318],[-75.2610883065469,39.8766131297177],[-75.2612366589479,39.8765087945535]]},"properties":{"objectid":1,"st_name":"BARTRAM","st_type":"AVE","bikewaytyp":"Painted Bike Lane","facityp":"Painted","grouping":"one-way, both sides","faccode":"Painted","hqbn":"No"}},{"type":"Feature","id":3,"geometry":{"type":"LineString","coordinates":[[-75.2533665512673,39.8816094512405],[-75.2536245110823,39.8813381396384]]},"properties":{"objectid":3,"st_name":"BARTRAM","st_type":"AVE","bikewaytyp":"Painted Bike Lane","facityp":"Painted","grouping":"one-way, both sides","faccode":"Painted","hqbn":"No"}},{"type":"Feature","id":5,"geometry":{"type":"LineString","coordinates":[[-75.2524474673689,39.8975149980292],[-75.254287730695,39.8955051145114],[-75.2548696612865,39.8948826467608]]},"properties":{"objectid":5,"st_name":"LINDBERGH","st_type":"BLVD","bikewaytyp":"Shared Use Sidepath","facityp":"Separated","grouping":"two-way, one side","faccode":"TWSBL","hqbn":"Yes"}},{"type":"Feature","id":7,"geometry":{"type":"LineString","coordinates":[[-75.2418274735464,39.8920153948669],[-75.2419627817055,39.8919318612603]]},"properties":{"objectid":7,"st_name":"BARTRAM","st_type":"AVE","bikewaytyp":"Painted Bike Lane","facityp":"Painted","grouping":"one-way, one side","faccode":"Painted","hqbn":"No"}},{"type":"Feature","id":8,"geometry":{"type":"LineString","coordinates":[[-75.2419627817055,39.8919318612603],[-75.2424304956718,39.8916154206631],[-75.2429455984602,39.8913157344839],[-75.2433910035606,39.8911072061395],[-75.2438770499763,39.890892139704],[-75.2450346223356,39.8903856267725]]},"properties":{"objectid":8,"st_name":"BARTRAM","st_type":"AVE","bikewaytyp":"Painted Bike Lane","facityp":"Painted","grouping":"one-way, one side","faccode":"Painted","hqbn":"No"}},{"type":"Feature","id":9,"geometry":{"type":"LineString","coordinates":[[-75.2524474673689,39.8975149980292],[-75.248865657167,39.8955888088689]]},"properties":{"objectid":9,"st_name":"84TH","st_type":"ST","bikewaytyp":"Painted Bike Lane","facityp":"Painted","grouping":"one-way, both sides","faccode":"Painted","hqbn":"No"}},{"type":"Feature","id":10,"geometry":{"type":"LineString","coordinates":[[-75.248865657167,39.8955888088689],[-75.2467680281379,39.8944662067886]]},"properties":{"objectid":10,"st_name":"84TH","st_type":"ST","bikewaytyp":"Painted Bike Lane","facityp":"Painted","grouping":"one-way, both sides","faccode":"Painted","hqbn":"No"}},{"type":"Feature","id":15,"geometry":{"type":"LineString","coordinates":[[-75.2502314881868,39.9000382942482],[-75.250998050468,39.8991904512877]]},"properties":{"objectid":15,"st_name":"LINDBERGH","st_type":"BLVD","bikewaytyp":"Painted Bike Lane","facityp":"Painted","grouping":"one-way, one side","faccode":"Painted","hqbn":"No"}},{"type":"Feature","id":16,"geometry":{"type":"LineString","coordinates":[[-75.250998050468,39.8991904512877],[-75.2523259633082,39.8976659262564],[-75.2523511672063,39.8976272246686]]},"properties":{"objectid":16,"st_name":"LINDBERGH","st_type":"BLVD","bikewaytyp":"Painted Bike Lane","facityp":"Painted","grouping":"one-way, one side","faccode":"Painted","hqbn":"No"}},{"type":"Feature","id":18,"geometry":{"type":"LineString","coordinates":[[-75.2477911287118,39.8856181786927],[-75.248818142534,39.8844598119269]]},"properties":{"objectid":18,"st_name":"TINICUM","st_type":"BLVD","bikewaytyp":"Painted Bike Lane","facityp":"Painted","grouping":"one-way, both sides","faccode":"Painted","hqbn":"No"}},{"type":"Feature","id":24,"geometry":{"type":"LineString","coordinates":[[-75.246645178086,39.8945771416278],[-75.2440398656699,39.8931852685612],[-75.2418274735464,39.8920153948669]]},"properties":{"objectid":24,"st_name":"84TH","st_type":"ST","bikewaytyp":"Painted Bike Lane","facityp":"Painted","grouping":"one-way, both sides","faccode":"Painted","hqbn":"No"}},{"type":"Feature","id":25,"geometry":{"type":"LineString","coordinates":[[-75.2467680281379,39.8944662067886],[-75.2441393464402,39.8930798468956],[-75.2419627817055,39.8919318612603]]},"properties":{"objectid":25,"st_name":"84TH","st_type":"ST","bikewaytyp":"Painted Bike Lane","facityp":"Painted","grouping":"one-way, both sides","faccode":"Painted","hqbn":"No"}},{"type":"Feature","id":26,"geometry":{"type":"LineString","coordinates":[[-75.2450346223356,39.8903856267725],[-75.2448396786697,39.8901895146968],[-75.2446816626812,39.8899974963049],[-75.2445236487205,39.889805478621],[-75.244445106144,39.8896195823177],[-75.2444229621068,39.8894513368337],[-75.2444714538542,39.8892941734705],[-75.2455391489582,39.8880666455514],[-75.2466375625954,39.8868698168191]]},"properties":{"objectid":26,"st_name":"TINICUM","st_type":"BLVD","bikewaytyp":"Painted Bike Lane","facityp":"Painted","grouping":"one-way, both sides","faccode":"Painted","hqbn":"No"}},{"type":"Feature","id":28,"geometry":{"type":"LineString","coordinates":[[-75.2612366589479,39.8765087945535],[-75.2612610718329,39.8764831762822],[-75.2614938115253,39.8763272224123],[-75.2616545155516,39.8761493766257],[-75.2618229890107,39.8757590993945],[-75.2619054595242,39.8752794127226]]},"properties":{"objectid":28,"st_name":"BARTRAM","st_type":"AVE","bikewaytyp":"Painted Bike Lane","facityp":"Painted","grouping":"one-way, both sides","faccode":"Painted","hqbn":"No"}},{"type":"Feature","id":31,"geometry":{"type":"LineString","coordinates":[[-75.2368964676715,39.895167781572],[-75.2366677768928,39.8947773851871],[-75.2366788058076,39.8946092066001]]},"properties":{"objectid":31,"st_name":"ISLAND","st_type":"AVE","bikewaytyp":"Painted Bike Lane","facityp":"Painted","grouping":"one-way, one side","faccode":"Painted","hqbn":"No"}},{"type":"Feature","id":34,"geometry":{"type":"LineString","coordinates":[[-75.2358026866573,39.8931680771708],[-75.2343346788502,39.8907362269404],[-75.2338971677935,39.8899313088959]]},"properties":{"objectid":34,"st_name":"ISLAND","st_type":"AVE","bikewaytyp":"Painted Bike Lane","facityp":"Painted","grouping":"one-way, both sides","faccode":"Painted","hqbn":"No"}},{"type":"Feature","id":35,"geometry":{"type":"LineString","coordinates":[[-75.2338026927869,39.8897690979888],[-75.2337983511354,39.8897618893031],[-75.2334290002341,39.8891872827134],[-75.2332495527738,39.8889322867876],[-75.2327827888823,39.888147549908],[-75.2322302322276,39.8870981440709],[-75.2306702462886,39.8839041146182]]},"properties":{"objectid":35,"st_name":"ISLAND","st_type":"AVE","bikewaytyp":"Painted Bike Lane","facityp":"Painted","grouping":"one-way, both sides","faccode":"Painted","hqbn":"No"}},{"type":"Feature","id":36,"geometry":{"type":"LineString","coordinates":[[-75.2366788058076,39.8946092066001],[-75.2360387922555,39.8935726837702],[-75.2358026866573,39.8931680771708]]},"properties":{"objectid":36,"st_name":"ISLAND","st_type":"AVE","bikewaytyp":"Painted Bike Lane","facityp":"Painted","grouping":"one-way, both sides","faccode":"Painted","hqbn":"No"}},{"type":"Feature","id":39,"geometry":{"type":"LineString","coordinates":[[-75.2343300567925,39.9255822516287],[-75.2347746227851,39.9252736106346]]},"properties":{"objectid":39,"st_name":"WOODLAND","st_type":"AVE","bikewaytyp":"Painted Bike Lane","facityp":"Painted","grouping":"one-way, both sides","faccode":"Painted","hqbn":"No"}},{"type":"Feature","id":61,"geometry":{"type":"LineString","coordinates":[[-75.2456938622905,39.9176245512829],[-75.2463104720541,39.9171853594541]]},"properties":{"objectid":61,"st_name":"WOODLAND","st_type":"AVE","bikewaytyp":"Painted Bike Lane","facityp":"Painted","grouping":"one-way, both sides","faccode":"Painted","hqbn":"No"}},{"type":"Feature","id":62,"geometry":{"type":"LineString","coordinates":[[-75.2374297916309,39.9172166971064],[-75.2379972176765,39.9168156877826]]},"properties":{"objectid":62,"st_name":"ELMWOOD","st_type":"AVE","bikewaytyp":"Painted Bike Lane","facityp":"Painted","grouping":"one-way, both sides","faccode":"Painted","hqbn":"No"}},{"type":"Feature","id":67,"geometry":{"type":"LineString","coordinates":[[-75.2417282992029,39.9141928218926],[-75.2432288542801,39.9131214677721]]},"properties":{"objectid":67,"st_name":"ELMWOOD","st_type":"AVE","bikewaytyp":"Painted Bike Lane","facityp":"Painted","grouping":"one-way, both sides","faccode":"Painted","hqbn":"No"}},{"type":"Feature","id":68,"geometry":{"type":"LineString","coordinates":[[-75.2432288542801,39.9131214677721],[-75.2435839505417,39.9128765529679]]},"properties":{"objectid":68,"st_name":"ELMWOOD","st_type":"AVE","bikewaytyp":"Painted Bike Lane","facityp":"Painted","grouping":"one-way, both sides","faccode":"Painted","hqbn":"No"}},{"type":"Feature","id":83,"geometry":{"type":"LineString","coordinates":[[-75.2351657942659,39.9064622777816],[-75.2357375236975,39.9059961471734],[-75.2366127276963,39.9054086039405],[-75.2377770507464,39.9047828256519],[-75.2385780274442,39.9044862639181]]},"properties":{"objectid":83,"st_name":"LINDBERGH","st_type":"BLVD","bikewaytyp":"Painted Bike Lane","facityp":"Painted","grouping":"one-way, both sides","faccode":"Painted","hqbn":"No"}},{"type":"Feature","id":84,"geometry":{"type":"LineString","coordinates":[[-75.2473101645514,39.9022915155813],[-75.2482026121409,39.901789496543],[-75.2491111925106,39.9011228034126],[-75.2497530151443,39.9005572024711],[-75.2502314881868,39.9000382942482]]},"properties":{"objectid":84,"st_name":"LINDBERGH","st_type":"BLVD","bikewaytyp":"Painted Bike Lane","facityp":"Painted","grouping":"one-way, one side","faccode":"Painted","hqbn":"No"}},{"type":"Feature","id":88,"geometry":{"type":"LineString","coordinates":[[-75.2320126036533,39.9188736850772],[-75.2324938447625,39.9185407770817]]},"properties":{"objectid":88,"st_name":"BUIST","st_type":"AVE","bikewaytyp":"Painted Bike Lane","facityp":"Painted","grouping":"one-way, both sides","faccode":"Painted","hqbn":"No"}},{"type":"Feature","id":90,"geometry":{"type":"LineString","coordinates":[[-75.233002741733,39.9181753139969],[-75.2335736914213,39.9177730552762]]},"properties":{"objectid":90,"st_name":"BUIST","st_type":"AVE","bikewaytyp":"Painted Bike Lane","facityp":"Painted","grouping":"one-way, both sides","faccode":"Painted","hqbn":"No"}},{"type":"Feature","id":94,"geometry":{"type":"LineString","coordinates":[[-75.238951860947,39.9139681556234],[-75.2395966962289,39.913545043759]]},"properties":{"objectid":94,"st_name":"BUIST","st_type":"AVE","bikewaytyp":"Painted Bike Lane","facityp":"Painted","grouping":"one-way, both sides","faccode":"Painted","hqbn":"No"}},{"type":"Feature","id":95,"geometry":{"type":"LineString","coordinates":[[-75.2395966962289,39.913545043759],[-75.2398127405648,39.9133773119752]]},"properties":{"objectid":95,"st_name":"BUIST","st_type":"AVE","bikewaytyp":"Painted Bike Lane","facityp":"Painted","grouping":"one-way, both sides","faccode":"Painted","hqbn":"No"}},{"type":"Feature","id":99,"geometry":{"type":"LineString","coordinates":[[-75.24283549541,39.9112813902883],[-75.2431970201223,39.9108872579088]]},"properties":{"objectid":99,"st_name":"BUIST","st_type":"AVE","bikewaytyp":"Painted Bike Lane","facityp":"Painted","grouping":"one-way, both sides","faccode":"Painted","hqbn":"No"}},{"type":"Feature","id":100,"geometry":{"type":"LineString","coordinates":[[-75.2435555498605,39.9104805964586],[-75.2439419901758,39.9100303431473]]},"properties":{"objectid":100,"st_name":"BUIST","st_type":"AVE","bikewaytyp":"Painted Bike Lane","facityp":"Painted","grouping":"one-way, both sides","faccode":"Painted","hqbn":"No"}},{"type":"Feature","id":103,"geometry":{"type":"LineString","coordinates":[[-75.2376025381597,39.9149435007424],[-75.238951860947,39.9139681556234]]},"properties":{"objectid":103,"st_name":"BUIST","st_type":"AVE","bikewaytyp":"Painted Bike Lane","facityp":"Painted","grouping":"one-way, both sides","faccode":"Painted","hqbn":"No"}},{"type":"Feature","id":107,"geometry":{"type":"LineString","coordinates":[[-75.2335736914213,39.9177730552762],[-75.2338339871374,39.9175904162609],[-75.2340970096135,39.917405862435]]},"properties":{"objectid":107,"st_name":"BUIST","st_type":"AVE","bikewaytyp":"Painted Bike Lane","facityp":"Painted","grouping":"one-way, both sides","faccode":"Painted","hqbn":"No"}},{"type":"Feature","id":109,"geometry":{"type":"LineString","coordinates":[[-75.240283921415,39.9039631833807],[-75.2391541422654,39.9002845259897],[-75.2387146586261,39.8989179531689],[-75.2383932055373,39.8979183594658],[-75.2381278888129,39.8971446931565],[-75.237934310726,39.8966372008563],[-75.2376599835444,39.8960839580015],[-75.2374932598999,39.895745334148]]},"properties":{"objectid":109,"st_name":"ISLAND","st_type":"AVE","bikewaytyp":"Painted Bike Lane","facityp":"Painted","grouping":"one-way, one side","faccode":"Painted","hqbn":"No"}},{"type":"Feature","id":111,"geometry":{"type":"LineString","coordinates":[[-75.2400977494431,39.904001194608],[-75.240283921415,39.9039631833807]]},"properties":{"objectid":111,"st_name":"LINDBERGH","st_type":"BLVD","bikewaytyp":"Painted Bike Lane","facityp":"Painted","grouping":"one-way, one side","faccode":"Painted","hqbn":"No"}},{"type":"Feature","id":113,"geometry":{"type":"LineString","coordinates":[[-75.2385780274442,39.9044862639181],[-75.2394290405887,39.9041658512361]]},"properties":{"objectid":113,"st_name":"LINDBERGH","st_type":"BLVD","bikewaytyp":"Painted Bike Lane","facityp":"Painted","grouping":"one-way, one side","faccode":"Painted","hqbn":"No"}},{"type":"Feature","id":114,"geometry":{"type":"LineString","coordinates":[[-75.2394290405887,39.9041658512361],[-75.2399528703983,39.9040307753888]]},"properties":{"objectid":114,"st_name":"LINDBERGH","st_type":"BLVD","bikewaytyp":"Painted Bike Lane","facityp":"Painted","grouping":"one-way, one side","faccode":"Painted","hqbn":"No"}},{"type":"Feature","id":115,"geometry":{"type":"LineString","coordinates":[[-75.2393240496041,39.901377815275],[-75.2389940062505,39.9002647066195],[-75.2388221600575,39.8997667661362],[-75.2386041680499,39.8990206236105],[-75.2386036332569,39.8990187918833],[-75.2384256245889,39.8985067943766],[-75.2379814361791,39.8972029288585],[-75.237597449434,39.8963445589571],[-75.2373268471327,39.895835129385],[-75.2368964676715,39.895167781572]]},"properties":{"objectid":115,"st_name":"ISLAND","st_type":"AVE","bikewaytyp":"Painted Bike Lane","facityp":"Painted","grouping":"one-way, one side","faccode":"Painted","hqbn":"No"}},{"type":"Feature","id":119,"geometry":{"type":"LineString","coordinates":[[-75.2401491154247,39.9041604807416],[-75.2403342477535,39.9041220898677]]},"properties":{"objectid":119,"st_name":"LINDBERGH","st_type":"BLVD","bikewaytyp":"Painted Bike Lane","facityp":"Painted","grouping":"one-way, one side","faccode":"Painted","hqbn":"No"}},{"type":"Feature","id":120,"geometry":{"type":"LineString","coordinates":[[-75.2400049226508,39.9041903820576],[-75.2401491154247,39.9041604807416]]},"properties":{"objectid":120,"st_name":"LINDBERGH","st_type":"BLVD","bikewaytyp":"Painted Bike Lane","facityp":"Painted","grouping":"one-way, one side","faccode":"Painted","hqbn":"No"}},{"type":"Feature","id":121,"geometry":{"type":"LineString","coordinates":[[-75.2399528703983,39.9040307753888],[-75.2400977494431,39.904001194608]]},"properties":{"objectid":121,"st_name":"LINDBERGH","st_type":"BLVD","bikewaytyp":"Painted Bike Lane","facityp":"Painted","grouping":"one-way, one side","faccode":"Painted","hqbn":"No"}},{"type":"Feature","id":123,"geometry":{"type":"LineString","coordinates":[[-75.24283549541,39.9112813902883],[-75.242662148035,39.9113925300888]]},"properties":{"objectid":123,"st_name":"BUIST","st_type":"AVE","bikewaytyp":"Painted Bike Lane","facityp":"Painted","grouping":"one-way, both sides","faccode":"Painted","hqbn":"No"}},{"type":"Feature","id":124,"geometry":{"type":"LineString","coordinates":[[-75.2431990293483,39.903581957223],[-75.2449874735447,39.9031879838677],[-75.2463116644864,39.9027442276539],[-75.2473038631589,39.9022950603638],[-75.2473101645514,39.9022915155813]]},"properties":{"objectid":124,"st_name":"LINDBERGH","st_type":"BLVD","bikewaytyp":"Painted Bike Lane","facityp":"Painted","grouping":"one-way, one side","faccode":"Painted","hqbn":"No"}},{"type":"Feature","id":127,"geometry":{"type":"LineString","coordinates":[[-75.2417422969593,39.9036824394697],[-75.2431463383049,39.9034121353344]]},"properties":{"objectid":127,"st_name":"LINDBERGH","st_type":"BLVD","bikewaytyp":"Painted Bike Lane","facityp":"Painted","grouping":"one-way, one side","faccode":"Painted","hqbn":"No"}},{"type":"Feature","id":134,"geometry":{"type":"LineString","coordinates":[[-75.1723704828332,39.9117351848831],[-75.1727660222562,39.9118513952558]]},"properties":{"objectid":134,"st_name":"PACKER","st_type":"AVE","bikewaytyp":"Painted Bike Lane","facityp":"Painted","grouping":"one-way, both sides","faccode":"Painted","hqbn":"No"}},{"type":"Feature","id":140,"geometry":{"type":"LineString","coordinates":[[-75.1735800047352,39.9080345841201],[-75.1752665365132,39.9082598414635]]},"properties":{"objectid":140,"st_name":"HARTRANFT","st_type":"ST","bikewaytyp":"Shared Use Sidepath","facityp":"Separated","grouping":"two-way, one side","faccode":"TWSBL","hqbn":"No"}},{"type":"Feature","id":142,"geometry":{"type":"LineString","coordinates":[[-75.1939906948844,39.90564241501],[-75.1944259086372,39.9055423238434],[-75.1948919146985,39.905322676979]]},"properties":{"objectid":142,"st_name":"PENROSE","st_type":"AVE","bikewaytyp":"Shared Use Sidepath","facityp":"Separated","grouping":"two-way, one side","faccode":"TWSBL","hqbn":"Yes"}},{"type":"Feature","id":144,"geometry":{"type":"LineString","coordinates":[[-75.2280778706427,39.9072653264654],[-75.2262259205975,39.9040378758241]]},"properties":{"objectid":144,"st_name":"70TH","st_type":"ST","bikewaytyp":"On-Street Separated Bike Lane","facityp":"Separated","grouping":"one-way, both sides","faccode":"OWSBL Pair","hqbn":"Yes"}},{"type":"Feature","id":147,"geometry":{"type":"LineString","coordinates":[[-75.1783488133842,39.9176559621311],[-75.1793156849243,39.9177880200003]]},"properties":{"objectid":147,"st_name":"OREGON","st_type":"AVE","bikewaytyp":"Painted Bike Lane","facityp":"Painted","grouping":"one-way, one side","faccode":"Painted","hqbn":"No"}},{"type":"Feature","id":148,"geometry":{"type":"LineString","coordinates":[[-75.1777354062226,39.9175847879293],[-75.1783488133842,39.9176559621311]]},"properties":{"objectid":148,"st_name":"OREGON","st_type":"AVE","bikewaytyp":"Painted Bike Lane","facityp":"Painted","grouping":"one-way, one side","faccode":"Painted","hqbn":"No"}},{"type":"Feature","id":154,"geometry":{"type":"LineString","coordinates":[[-75.1753635613099,39.9172868674322],[-75.1756186447605,39.9173170243149]]},"properties":{"objectid":154,"st_name":"OREGON","st_type":"AVE","bikewaytyp":"Painted Bike Lane","facityp":"Painted","grouping":"one-way, one side","faccode":"Painted","hqbn":"No"}},{"type":"Feature","id":156,"geometry":{"type":"LineString","coordinates":[[-75.1730294860302,39.9169737866597],[-75.1735760841427,39.9170508742339]]},"properties":{"objectid":156,"st_name":"OREGON","st_type":"AVE","bikewaytyp":"Painted Bike Lane","facityp":"Painted","grouping":"one-way, one side","faccode":"Painted","hqbn":"No"}},{"type":"Feature","id":158,"geometry":{"type":"LineString","coordinates":[[-75.1714252723623,39.9167667149111],[-75.1723973007533,39.9168980781901]]},"properties":{"objectid":158,"st_name":"OREGON","st_type":"AVE","bikewaytyp":"Painted Bike Lane","facityp":"Painted","grouping":"one-way, one side","faccode":"Painted","hqbn":"No"}},{"type":"Feature","id":160,"geometry":{"type":"LineString","coordinates":[[-75.1828232853887,39.9182416460736],[-75.1844051480313,39.9184518589696]]},"properties":{"objectid":160,"st_name":"OREGON","st_type":"AVE","bikewaytyp":"Painted Bike Lane","facityp":"Painted","grouping":"one-way, one side","faccode":"Painted","hqbn":"No"}},{"type":"Feature","id":162,"geometry":{"type":"LineString","coordinates":[[-75.1793156849243,39.9177880200003],[-75.1809024871869,39.9179803325538]]},"properties":{"objectid":162,"st_name":"OREGON","st_type":"AVE","bikewaytyp":"Painted Bike Lane","facityp":"Painted","grouping":"one-way, one side","faccode":"Painted","hqbn":"No"}},{"type":"Feature","id":163,"geometry":{"type":"LineString","coordinates":[[-75.2227745478304,39.919927670681],[-75.2164068930185,39.9173230473222],[-75.216042320865,39.9171447014351],[-75.2158257489533,39.9169656125349]]},"properties":{"objectid":163,"st_name":"63RD","st_type":"ST","bikewaytyp":"Painted Bike Lane","facityp":"Painted","grouping":"one-way, both sides","faccode":"Painted","hqbn":"No"}},{"type":"Feature","id":164,"geometry":{"type":"LineString","coordinates":[[-75.2087034915526,39.9183078074312],[-75.2158257489533,39.9169656125349]]},"properties":{"objectid":164,"st_name":"PASSYUNK","st_type":"AVE","bikewaytyp":"On-Street Separated Bike Lane","facityp":"Separated","grouping":"two-way, one side","faccode":"TWSBL","hqbn":"No"}},{"type":"Feature","id":166,"geometry":{"type":"LineString","coordinates":[[-75.2250099564235,39.9019805723428],[-75.2259276304605,39.8987525347745],[-75.2261386095714,39.8983309106429],[-75.2263605038393,39.8980537070087],[-75.2282929902196,39.8959187546437],[-75.2295403095457,39.8945547739617]]},"properties":{"objectid":166,"st_name":"ESSINGTON","st_type":"AVE","bikewaytyp":"Painted Bike Lane","facityp":"Painted","grouping":"two-way, one side","faccode":"Painted","hqbn":"No"}},{"type":"Feature","id":171,"geometry":{"type":"LineString","coordinates":[[-75.2303462844862,39.9111086105849],[-75.2280778706427,39.9072653264654]]},"properties":{"objectid":171,"st_name":"70TH","st_type":"ST","bikewaytyp":"Painted Bike Lane","facityp":"Painted","grouping":"one-way, both sides","faccode":"Painted","hqbn":"No"}},{"type":"Feature","id":172,"geometry":{"type":"LineString","coordinates":[[-75.1819493190652,39.9131930008362],[-75.1820944646,39.9124886018813],[-75.1825465302659,39.9104923270382]]},"properties":{"objectid":172,"st_name":"20TH","st_type":"ST","bikewaytyp":"Painted Bike Lane","facityp":"Painted","grouping":"one-way, one side","faccode":"Painted","hqbn":"No"}},{"type":"Feature","id":173,"geometry":{"type":"LineString","coordinates":[[-75.2262259205975,39.9040378758241],[-75.2250099564235,39.9019805723428]]},"properties":{"objectid":173,"st_name":"70TH","st_type":"ST","bikewaytyp":"On-Street Separated Bike Lane","facityp":"Separated","grouping":"one-way, both sides","faccode":"OWSBL Pair","hqbn":"Yes"}},{"type":"Feature","id":174,"geometry":{"type":"LineString","coordinates":[[-75.1901603786668,39.9217102093481],[-75.1903198997038,39.9216860455572]]},"properties":{"objectid":174,"st_name":"PASSYUNK","st_type":"AVE","bikewaytyp":"Sharrow","facityp":"Advisory/Shared","grouping":"one-way, both sides","faccode":"Advisory/Shared","hqbn":"No"}},{"type":"Feature","id":175,"geometry":{"type":"LineString","coordinates":[[-75.1882563715247,39.9197627506699],[-75.1891067166251,39.9206921844588],[-75.1893262792615,39.9209222773001],[-75.1898143646226,39.9214073964116],[-75.1900617526154,39.9217253239966]]},"properties":{"objectid":175,"st_name":"VARE","st_type":"AVE","bikewaytyp":"Painted Bike Lane","facityp":"Painted","grouping":"one-way, both sides","faccode":"Painted","hqbn":"No"}},{"type":"Feature","id":176,"geometry":{"type":"LineString","coordinates":[[-75.1889032827012,39.9219785584797],[-75.1900617526154,39.9217253239966]]},"properties":{"objectid":176,"st_name":"PASSYUNK","st_type":"AVE","bikewaytyp":"Sharrow","facityp":"Advisory/Shared","grouping":"one-way, both sides","faccode":"Advisory/Shared","hqbn":"No"}},{"type":"Feature","id":177,"geometry":{"type":"LineString","coordinates":[[-75.1903198997038,39.9216860455572],[-75.1903914159082,39.9216752125987],[-75.1904671207172,39.9216637450794],[-75.1910965131103,39.9215358225528],[-75.1912239318797,39.9215082569956],[-75.1918216955629,39.9213969718547]]},"properties":{"objectid":177,"st_name":"PASSYUNK","st_type":"AVE","bikewaytyp":"Sharrow","facityp":"Advisory/Shared","grouping":"one-way, both sides","faccode":"Advisory/Shared","hqbn":"No"}},{"type":"Feature","id":180,"geometry":{"type":"LineString","coordinates":[[-75.1938662597373,39.921138249529],[-75.1944871153376,39.9210931272908]]},"properties":{"objectid":180,"st_name":"PASSYUNK","st_type":"AVE","bikewaytyp":"Painted Bike Lane","facityp":"Painted","grouping":"one-way, both sides","faccode":"Painted","hqbn":"No"}},{"type":"Feature","id":195,"geometry":{"type":"LineString","coordinates":[[-75.230171154483,39.9201549078469],[-75.2308305809249,39.9196955748782]]},"properties":{"objectid":195,"st_name":"BUIST","st_type":"AVE","bikewaytyp":"Painted Bike Lane","facityp":"Painted","grouping":"one-way, both sides","faccode":"Painted","hqbn":"No"}},{"type":"Feature","id":222,"geometry":{"type":"LineString","coordinates":[[-75.2303462844862,39.9111086105849],[-75.2311815579574,39.910511285477],[-75.2316310755515,39.9101581769059],[-75.2319671303903,39.9098832382117],[-75.2323239405367,39.9095191277317],[-75.2326320776093,39.9092122050118],[-75.2329467659167,39.9088820246739]]},"properties":{"objectid":222,"st_name":"LINDBERGH","st_type":"BLVD","bikewaytyp":"Painted Bike Lane","facityp":"Painted","grouping":"one-way, both sides","faccode":"Painted","hqbn":"No"}},{"type":"Feature","id":223,"geometry":{"type":"LineString","coordinates":[[-75.2272129939679,39.9133827780114],[-75.2277222352545,39.9129458104856],[-75.2283948988823,39.9124766116066],[-75.2291782605244,39.9119068652653],[-75.2303462844862,39.9111086105849]]},"properties":{"objectid":223,"st_name":"LINDBERGH","st_type":"BLVD","bikewaytyp":"Painted Bike Lane","facityp":"Painted","grouping":"one-way, both sides","faccode":"Painted","hqbn":"No"}},{"type":"Feature","id":227,"geometry":{"type":"LineString","coordinates":[[-75.1712743832773,39.9167877109019],[-75.1714252723623,39.9167667149111]]},"properties":{"objectid":227,"st_name":"OREGON","st_type":"AVE","bikewaytyp":"Painted Bike Lane","facityp":"Painted","grouping":"one-way, one side","faccode":"Painted","hqbn":"No"}},{"type":"Feature","id":240,"geometry":{"type":"LineString","coordinates":[[-75.1808704629667,39.9181189799088],[-75.1827953392748,39.9183677791393]]},"properties":{"objectid":240,"st_name":"OREGON","st_type":"AVE","bikewaytyp":"Painted Bike Lane","facityp":"Painted","grouping":"one-way, one side","faccode":"Painted","hqbn":"No"}},{"type":"Feature","id":247,"geometry":{"type":"LineString","coordinates":[[-75.1950482923067,39.9210207454503],[-75.2000641622563,39.9201452396007],[-75.201793104357,39.9198273645333]]},"properties":{"objectid":247,"st_name":"PASSYUNK","st_type":"AVE","bikewaytyp":"Painted Bike Lane","facityp":"Painted","grouping":"one-way, both sides","faccode":"Painted","hqbn":"No"}},{"type":"Feature","id":248,"geometry":{"type":"LineString","coordinates":[[-75.1900617526154,39.9217253239966],[-75.1900641883895,39.9217247801067],[-75.1901603786668,39.9217102093481]]},"properties":{"objectid":248,"st_name":"PASSYUNK","st_type":"AVE","bikewaytyp":"Sharrow","facityp":"Advisory/Shared","grouping":"one-way, both sides","faccode":"Advisory/Shared","hqbn":"No"}},{"type":"Feature","id":250,"geometry":{"type":"LineString","coordinates":[[-75.2329467659167,39.9088820246739],[-75.2340519563971,39.9076511478019],[-75.2343461157181,39.9073161588744],[-75.234734621283,39.9068810366029],[-75.234982773588,39.9066220863357],[-75.2351657942659,39.9064622777816]]},"properties":{"objectid":250,"st_name":"LINDBERGH","st_type":"BLVD","bikewaytyp":"Painted Bike Lane","facityp":"Painted","grouping":"one-way, both sides","faccode":"Painted","hqbn":"No"}},{"type":"Feature","id":253,"geometry":{"type":"LineString","coordinates":[[-75.1948919146985,39.905322676979],[-75.1964104407705,39.9045974008373]]},"properties":{"objectid":253,"st_name":"PENROSE","st_type":"AVE","bikewaytyp":"Shared Use Sidepath","facityp":"Separated","grouping":"two-way, one side","faccode":"TWSBL","hqbn":"Yes"}},{"type":"Feature","id":255,"geometry":{"type":"LineString","coordinates":[[-75.1844051480313,39.9184518589696],[-75.1851021047452,39.9185623140019],[-75.1860203063625,39.9186978563062],[-75.1860296897481,39.918699625785]]},"properties":{"objectid":255,"st_name":"OREGON","st_type":"AVE","bikewaytyp":"Painted Bike Lane","facityp":"Painted","grouping":"one-way, both sides","faccode":"Painted","hqbn":"No"}},{"type":"Feature","id":258,"geometry":{"type":"LineString","coordinates":[[-75.1830863570524,39.9080254509112],[-75.1833907405845,39.9066266919836]]},"properties":{"objectid":258,"st_name":"20TH","st_type":"ST","bikewaytyp":"Painted Bike Lane","facityp":"Painted","grouping":"one-way, one side","faccode":"Painted","hqbn":"No"}},{"type":"Feature","id":265,"geometry":{"type":"LineString","coordinates":[[-75.1634009722946,39.9100979732093],[-75.1656594064507,39.9107461466229]]},"properties":{"objectid":265,"st_name":"PACKER","st_type":"AVE","bikewaytyp":"Painted Bike Lane","facityp":"Painted","grouping":"one-way, both sides","faccode":"Painted","hqbn":"No"}},{"type":"Feature","id":266,"geometry":{"type":"LineString","coordinates":[[-75.16113567404,39.9093539661999],[-75.1634009722946,39.9100979732093]]},"properties":{"objectid":266,"st_name":"PACKER","st_type":"AVE","bikewaytyp":"Painted Bike Lane","facityp":"Painted","grouping":"one-way, both sides","faccode":"Painted","hqbn":"No"}},{"type":"Feature","id":267,"geometry":{"type":"LineString","coordinates":[[-75.1573805162189,39.9082782247353],[-75.1578526577763,39.908342042568],[-75.1581720001489,39.9084357606202],[-75.1587413733631,39.9086000038036],[-75.1595737787158,39.9088620908385],[-75.16113567404,39.9093539661999]]},"properties":{"objectid":267,"st_name":"PACKER","st_type":"AVE","bikewaytyp":"Painted Bike Lane","facityp":"Painted","grouping":"one-way, both sides","faccode":"Painted","hqbn":"No"}},{"type":"Feature","id":268,"geometry":{"type":"LineString","coordinates":[[-75.1552021355394,39.9080006173281],[-75.1573805162189,39.9082782247353]]},"properties":{"objectid":268,"st_name":"PACKER","st_type":"AVE","bikewaytyp":"Painted Bike Lane","facityp":"Painted","grouping":"one-way, both sides","faccode":"Painted","hqbn":"No"}},{"type":"Feature","id":269,"geometry":{"type":"LineString","coordinates":[[-75.1512043941426,39.9074708620767],[-75.1536776280836,39.907814432167]]},"properties":{"objectid":269,"st_name":"PACKER","st_type":"AVE","bikewaytyp":"Painted Bike Lane","facityp":"Painted","grouping":"one-way, both sides","faccode":"Painted","hqbn":"No"}},{"type":"Feature","id":270,"geometry":{"type":"LineString","coordinates":[[-75.1628125856369,39.9156557155446],[-75.1635211844718,39.9157597478716]]},"properties":{"objectid":270,"st_name":"OREGON","st_type":"AVE","bikewaytyp":"Painted Bike Lane","facityp":"Painted","grouping":"one-way, both sides","faccode":"Painted","hqbn":"No"}},{"type":"Feature","id":280,"geometry":{"type":"LineString","coordinates":[[-75.1523785942699,39.9143234940622],[-75.1526105432112,39.9143583385861]]},"properties":{"objectid":280,"st_name":"OREGON","st_type":"AVE","bikewaytyp":"Painted Bike Lane","facityp":"Painted","grouping":"one-way, both sides","faccode":"Painted","hqbn":"No"}},{"type":"Feature","id":283,"geometry":{"type":"LineString","coordinates":[[-75.1505508199497,39.9140878571564],[-75.1510416601962,39.9141483473299]]},"properties":{"objectid":283,"st_name":"OREGON","st_type":"AVE","bikewaytyp":"Painted Bike Lane","facityp":"Painted","grouping":"one-way, both sides","faccode":"Painted","hqbn":"No"}},{"type":"Feature","id":284,"geometry":{"type":"LineString","coordinates":[[-75.1608496006002,39.9154131512608],[-75.161528748133,39.9154948875866]]},"properties":{"objectid":284,"st_name":"OREGON","st_type":"AVE","bikewaytyp":"Painted Bike Lane","facityp":"Painted","grouping":"one-way, both sides","faccode":"Painted","hqbn":"No"}},{"type":"Feature","id":290,"geometry":{"type":"LineString","coordinates":[[-75.1645332268938,39.9158850496128],[-75.1648021499385,39.9146150558616]]},"properties":{"objectid":290,"st_name":"10TH","st_type":"ST","bikewaytyp":"Painted Bike Lane","facityp":"Painted","grouping":"one-way, both sides","faccode":"Painted","hqbn":"No"}},{"type":"Feature","id":304,"geometry":{"type":"LineString","coordinates":[[-75.1711393516769,39.9115164435659],[-75.1715410928935,39.9115710674203],[-75.1720530696911,39.9116372842401],[-75.1723704828332,39.9117351848831]]},"properties":{"objectid":304,"st_name":"PACKER","st_type":"AVE","bikewaytyp":"Painted Bike Lane","facityp":"Painted","grouping":"one-way, both sides","faccode":"Painted","hqbn":"No"}},{"type":"Feature","id":308,"geometry":{"type":"LineString","coordinates":[[-75.1685975209543,39.916417374832],[-75.1689087187909,39.9164595178311],[-75.1692458299647,39.9165062960305]]},"properties":{"objectid":308,"st_name":"OREGON","st_type":"AVE","bikewaytyp":"Painted Bike Lane","facityp":"Painted","grouping":"one-way, both sides","faccode":"Painted","hqbn":"No"}},{"type":"Feature","id":311,"geometry":{"type":"LineString","coordinates":[[-75.2396443208934,39.9479414846935],[-75.2397491323732,39.9474204242026]]},"properties":{"objectid":311,"st_name":"58TH","st_type":"ST","bikewaytyp":"Painted Bike Lane","facityp":"Painted","grouping":"one-way, one side","faccode":"Painted","hqbn":"No"}},{"type":"Feature","id":315,"geometry":{"type":"LineString","coordinates":[[-75.1598459676684,39.9152952130274],[-75.1601954156072,39.9153429518457],[-75.160387179889,39.9153646108048]]},"properties":{"objectid":315,"st_name":"OREGON","st_type":"AVE","bikewaytyp":"Painted Bike Lane","facityp":"Painted","grouping":"one-way, both sides","faccode":"Painted","hqbn":"No"}},{"type":"Feature","id":318,"geometry":{"type":"LineString","coordinates":[[-75.1476549794736,39.913720328154],[-75.1500167148403,39.914025977365]]},"properties":{"objectid":318,"st_name":"OREGON","st_type":"AVE","bikewaytyp":"Painted Bike Lane","facityp":"Painted","grouping":"one-way, both sides","faccode":"Painted","hqbn":"No"}},{"type":"Feature","id":322,"geometry":{"type":"LineString","coordinates":[[-75.1382662219157,39.9125038005425],[-75.1407022795402,39.9128173887551]]},"properties":{"objectid":322,"st_name":"OREGON","st_type":"AVE","bikewaytyp":"Painted Bike Lane","facityp":"Painted","grouping":"one-way, both sides","faccode":"Painted","hqbn":"No"}},{"type":"Feature","id":323,"geometry":{"type":"LineString","coordinates":[[-75.1393926763666,39.9073998784989],[-75.1394409113926,39.9072697508273],[-75.1399779075541,39.9050073378893],[-75.139983039245,39.9048736526246],[-75.1399712244361,39.9047699901845],[-75.1399995599046,39.9046489970582],[-75.1400427424367,39.9045526696188],[-75.1401648657582,39.904251353464],[-75.1402493650429,39.9041073112987],[-75.1403675219059,39.9039092971872],[-75.1404847452087,39.90373559027],[-75.1405687756033,39.9036037010502],[-75.1406425837624,39.9035323982137],[-75.1407419271771,39.9034130203725],[-75.1409060219585,39.9032525437772],[-75.1410942532402,39.9030804515692],[-75.1414036283807,39.9028381339195],[-75.1418399396335,39.9025804570784],[-75.1425701850083,39.9022596140658]]},"properties":{"objectid":323,"st_name":"CHRISTOPHER COLUMBUS","st_type":"BLVD","bikewaytyp":"Painted Bike Lane","facityp":"Painted","grouping":"one-way, both sides","faccode":"Painted","hqbn":"No"}},{"type":"Feature","id":324,"geometry":{"type":"LineString","coordinates":[[-75.1382662219157,39.9125038005425],[-75.1383286195708,39.9123775639057],[-75.1392388106498,39.9082139280442],[-75.1393926763666,39.9073998784989]]},"properties":{"objectid":324,"st_name":"CHRISTOPHER COLUMBUS","st_type":"BLVD","bikewaytyp":"Painted Bike Lane","facityp":"Painted","grouping":"one-way, one side","faccode":"Painted","hqbn":"No"}},{"type":"Feature","id":326,"geometry":{"type":"LineString","coordinates":[[-75.1656594064507,39.9107461466229],[-75.167015371289,39.9109774099734],[-75.169937851211,39.9113518291386],[-75.1699648186669,39.9113550498742],[-75.1703551147494,39.9114110746232]]},"properties":{"objectid":326,"st_name":"PACKER","st_type":"AVE","bikewaytyp":"Painted Bike Lane","facityp":"Painted","grouping":"one-way, both sides","faccode":"Painted","hqbn":"No"}},{"type":"Feature","id":331,"geometry":{"type":"LineString","coordinates":[[-75.2364277010329,39.9537865899401],[-75.236546366843,39.9532578668635]]},"properties":{"objectid":331,"st_name":"57TH","st_type":"ST","bikewaytyp":"Painted Bike Lane","facityp":"Painted","grouping":"one-way, both sides","faccode":"Painted","hqbn":"No"}},{"type":"Feature","id":346,"geometry":{"type":"LineString","coordinates":[[-75.2268358540842,39.9472572243271],[-75.2282047793556,39.9462798736266]]},"properties":{"objectid":346,"st_name":"WHITBY","st_type":"AVE","bikewaytyp":"Painted Bike Lane","facityp":"Painted","grouping":"one-way, both sides","faccode":"Painted","hqbn":"No"}},{"type":"Feature","id":348,"geometry":{"type":"LineString","coordinates":[[-75.2372729853381,39.9464722085886],[-75.2379830258795,39.9463410053855]]},"properties":{"objectid":348,"st_name":"BALTIMORE","st_type":"AVE","bikewaytyp":"Painted Bike Lane","facityp":"Painted","grouping":"one-way, both sides","faccode":"Painted","hqbn":"No"}},{"type":"Feature","id":351,"geometry":{"type":"LineString","coordinates":[[-75.2387312851284,39.9461951924332],[-75.2393422133614,39.946084577351]]},"properties":{"objectid":351,"st_name":"BALTIMORE","st_type":"AVE","bikewaytyp":"Painted Bike Lane","facityp":"Painted","grouping":"one-way, both sides","faccode":"Painted","hqbn":"No"}},{"type":"Feature","id":354,"geometry":{"type":"LineString","coordinates":[[-75.2402693876564,39.9458751841508],[-75.2417736609568,39.9453068615223]]},"properties":{"objectid":354,"st_name":"BALTIMORE","st_type":"AVE","bikewaytyp":"Painted Bike Lane","facityp":"Painted","grouping":"one-way, both sides","faccode":"Painted","hqbn":"No"}},{"type":"Feature","id":355,"geometry":{"type":"LineString","coordinates":[[-75.2295763162931,39.9453124262404],[-75.2301072066001,39.9449418711989]]},"properties":{"objectid":355,"st_name":"WHITBY","st_type":"AVE","bikewaytyp":"Painted Bike Lane","facityp":"Painted","grouping":"one-way, both sides","faccode":"Painted","hqbn":"No"}},{"type":"Feature","id":362,"geometry":{"type":"LineString","coordinates":[[-75.2384775786028,39.9443567705362],[-75.2378235488921,39.9438386172314]]},"properties":{"objectid":362,"st_name":"COBBS CREEK","st_type":"PKWY","bikewaytyp":"Painted Bike Lane","facityp":"Painted","grouping":"one-way, both sides","faccode":"Painted","hqbn":"No"}},{"type":"Feature","id":367,"geometry":{"type":"LineString","coordinates":[[-75.2323225332884,39.9433792449601],[-75.2330760139294,39.9428580964668]]},"properties":{"objectid":367,"st_name":"WHITBY","st_type":"AVE","bikewaytyp":"Painted Bike Lane","facityp":"Painted","grouping":"one-way, both sides","faccode":"Painted","hqbn":"No"}},{"type":"Feature","id":374,"geometry":{"type":"LineString","coordinates":[[-75.2297285390586,39.9367521545083],[-75.2310986334154,39.9357822813147]]},"properties":{"objectid":374,"st_name":"SPRINGFIELD","st_type":"AVE","bikewaytyp":"Painted Bike Lane","facityp":"Painted","grouping":"one-way, both sides","faccode":"Painted","hqbn":"No"}},{"type":"Feature","id":409,"geometry":{"type":"LineString","coordinates":[[-75.2391887929058,39.9449467104969],[-75.2384775786028,39.9443567705362]]},"properties":{"objectid":409,"st_name":"COBBS CREEK","st_type":"PKWY","bikewaytyp":"Painted Bike Lane","facityp":"Painted","grouping":"one-way, both sides","faccode":"Painted","hqbn":"No"}},{"type":"Feature","id":414,"geometry":{"type":"LineString","coordinates":[[-75.2396992726319,39.9453729769458],[-75.2391887929058,39.9449467104969]]},"properties":{"objectid":414,"st_name":"COBBS CREEK","st_type":"PKWY","bikewaytyp":"Painted Bike Lane","facityp":"Painted","grouping":"one-way, both sides","faccode":"Painted","hqbn":"No"}},{"type":"Feature","id":429,"geometry":{"type":"LineString","coordinates":[[-75.2378069755177,39.9471738252937],[-75.2379830258795,39.9463410053855]]},"properties":{"objectid":429,"st_name":"57TH","st_type":"ST","bikewaytyp":"Painted Bike Lane","facityp":"Painted","grouping":"one-way, both sides","faccode":"Painted","hqbn":"No"}},{"type":"Feature","id":431,"geometry":{"type":"LineString","coordinates":[[-75.235809998177,39.9468450741502],[-75.2358734789434,39.9468153460464],[-75.2361402999874,39.9467426126568],[-75.2372729853381,39.9464722085886]]},"properties":{"objectid":431,"st_name":"BALTIMORE","st_type":"AVE","bikewaytyp":"Painted Bike Lane","facityp":"Painted","grouping":"one-way, both sides","faccode":"Painted","hqbn":"No"}},{"type":"Feature","id":451,"geometry":{"type":"LineString","coordinates":[[-75.2110875057656,39.950096957322],[-75.2112624936839,39.9492558024889]]},"properties":{"objectid":451,"st_name":"44TH","st_type":"ST","bikewaytyp":"Painted Bike Lane","facityp":"Painted","grouping":"one-way, one side","faccode":"Painted","hqbn":"No"}},{"type":"Feature","id":463,"geometry":{"type":"LineString","coordinates":[[-75.203305472723,39.9506931822746],[-75.2034629518108,39.9499332785956]]},"properties":{"objectid":463,"st_name":"40TH","st_type":"ST","bikewaytyp":"Painted Bike Lane","facityp":"Painted","grouping":"one-way, one side","faccode":"Painted","hqbn":"No"}},{"type":"Feature","id":464,"geometry":{"type":"LineString","coordinates":[[-75.204527896458,39.9487372818783],[-75.2050350155808,39.9485424238715],[-75.2051705133967,39.9485315382897]]},"properties":{"objectid":464,"st_name":"WOODLAND","st_type":"AVE","bikewaytyp":"Raised Separated Bike Lane","facityp":"Separated","grouping":"two-way, one side","faccode":"TWSBL","hqbn":"Yes"}},{"type":"Feature","id":466,"geometry":{"type":"LineString","coordinates":[[-75.2056586108003,39.9480621755466],[-75.2069755625713,39.9468425239849]]},"properties":{"objectid":466,"st_name":"WOODLAND","st_type":"AVE","bikewaytyp":"Sharrow","facityp":"Advisory/Shared","grouping":"one-way, both sides","faccode":"Advisory/Shared","hqbn":"No"}},{"type":"Feature","id":469,"geometry":{"type":"LineString","coordinates":[[-75.2063649504847,39.9485073924579],[-75.2070683843703,39.9484791611501]]},"properties":{"objectid":469,"st_name":"CHESTER","st_type":"AVE","bikewaytyp":"Painted Bike Lane","facityp":"Painted","grouping":"one-way, both sides","faccode":"Painted","hqbn":"No"}},{"type":"Feature","id":472,"geometry":{"type":"LineString","coordinates":[[-75.2125814251729,39.9488075269011],[-75.2138827997578,39.9479020422921]]},"properties":{"objectid":472,"st_name":"SPRINGFIELD","st_type":"AVE","bikewaytyp":"Painted Bike Lane","facityp":"Painted","grouping":"one-way, both sides","faccode":"Painted","hqbn":"No"}},{"type":"Feature","id":478,"geometry":{"type":"LineString","coordinates":[[-75.2160449454408,39.9487402420052],[-75.2171241285063,39.9486199602163]]},"properties":{"objectid":478,"st_name":"BALTIMORE","st_type":"AVE","bikewaytyp":"Painted Bike Lane","facityp":"Painted","grouping":"one-way, both sides","faccode":"Painted","hqbn":"No"}},{"type":"Feature","id":490,"geometry":{"type":"LineString","coordinates":[[-75.2192375602753,39.948377273167],[-75.2191081555905,39.9482864750938],[-75.2185365478767,39.9478095341434]]},"properties":{"objectid":490,"st_name":"48TH","st_type":"ST","bikewaytyp":"On-Street Separated Bike Lane","facityp":"Separated","grouping":"one-way, one side","faccode":"OWSBL","hqbn":"Yes"}},{"type":"Feature","id":497,"geometry":{"type":"LineString","coordinates":[[-75.2184094734526,39.9447111823199],[-75.2190050155184,39.9442926979612]]},"properties":{"objectid":497,"st_name":"SPRINGFIELD","st_type":"AVE","bikewaytyp":"Painted Bike Lane","facityp":"Painted","grouping":"one-way, both sides","faccode":"Painted","hqbn":"No"}},{"type":"Feature","id":505,"geometry":{"type":"LineString","coordinates":[[-75.2207935584032,39.9430334520154],[-75.2213699635994,39.9426360499041]]},"properties":{"objectid":505,"st_name":"SPRINGFIELD","st_type":"AVE","bikewaytyp":"Painted Bike Lane","facityp":"Painted","grouping":"one-way, both sides","faccode":"Painted","hqbn":"No"}},{"type":"Feature","id":520,"geometry":{"type":"LineString","coordinates":[[-75.2105106657316,39.9437584656176],[-75.2108562905682,39.9433561880321]]},"properties":{"objectid":520,"st_name":"WOODLAND","st_type":"AVE","bikewaytyp":"Painted Bike Lane","facityp":"Painted","grouping":"one-way, both sides","faccode":"Painted","hqbn":"No"}},{"type":"Feature","id":522,"geometry":{"type":"LineString","coordinates":[[-75.2101639847044,39.9440677786116],[-75.210241546521,39.9440057167405]]},"properties":{"objectid":522,"st_name":"WOODLAND","st_type":"AVE","bikewaytyp":"Painted Bike Lane","facityp":"Painted","grouping":"one-way, both sides","faccode":"Painted","hqbn":"No"}},{"type":"Feature","id":523,"geometry":{"type":"LineString","coordinates":[[-75.210241546521,39.9440057167405],[-75.2105106657316,39.9437584656176]]},"properties":{"objectid":523,"st_name":"WOODLAND","st_type":"AVE","bikewaytyp":"Painted Bike Lane","facityp":"Painted","grouping":"one-way, both sides","faccode":"Painted","hqbn":"No"}},{"type":"Feature","id":529,"geometry":{"type":"LineString","coordinates":[[-75.2117149463321,39.9420568398659],[-75.2122559443369,39.9412590134399]]},"properties":{"objectid":529,"st_name":"WOODLAND","st_type":"AVE","bikewaytyp":"Painted Bike Lane","facityp":"Painted","grouping":"one-way, both sides","faccode":"Painted","hqbn":"No"}},{"type":"Feature","id":531,"geometry":{"type":"LineString","coordinates":[[-75.2126041836141,39.9408593874161],[-75.2138672601873,39.9399836677753]]},"properties":{"objectid":531,"st_name":"WOODLAND","st_type":"AVE","bikewaytyp":"Painted Bike Lane","facityp":"Painted","grouping":"one-way, both sides","faccode":"Painted","hqbn":"No"}},{"type":"Feature","id":560,"geometry":{"type":"LineString","coordinates":[[-75.2292247383534,39.9291813125631],[-75.2306571808175,39.928167154785]]},"properties":{"objectid":560,"st_name":"WOODLAND","st_type":"AVE","bikewaytyp":"Painted Bike Lane","facityp":"Painted","grouping":"one-way, both sides","faccode":"Painted","hqbn":"No"}},{"type":"Feature","id":569,"geometry":{"type":"LineString","coordinates":[[-75.2263804914953,39.9352914790299],[-75.2267633723957,39.9350156159682]]},"properties":{"objectid":569,"st_name":"KINGSESSING","st_type":"AVE","bikewaytyp":"Painted Bike Lane","facityp":"Painted","grouping":"one-way, both sides","faccode":"Painted","hqbn":"No"}},{"type":"Feature","id":584,"geometry":{"type":"LineString","coordinates":[[-75.218069476544,39.9370151465741],[-75.2189861965221,39.9363785612478]]},"properties":{"objectid":584,"st_name":"WOODLAND","st_type":"AVE","bikewaytyp":"Painted Bike Lane","facityp":"Painted","grouping":"one-way, both sides","faccode":"Painted","hqbn":"No"}},{"type":"Feature","id":609,"geometry":{"type":"LineString","coordinates":[[-75.1716020898964,39.9458496277973],[-75.1716963850027,39.9454657826234]]},"properties":{"objectid":609,"st_name":"18TH","st_type":"ST","bikewaytyp":"Sharrow","facityp":"Advisory/Shared","grouping":"one-way, one side","faccode":"Advisory/Shared","hqbn":"No"}},{"type":"Feature","id":708,"geometry":{"type":"LineString","coordinates":[[-75.172946832565,39.9248457599246],[-75.1735233158921,39.9248767454174]]},"properties":{"objectid":708,"st_name":"SNYDER","st_type":"AVE","bikewaytyp":"Painted Bike Lane","facityp":"Painted","grouping":"one-way, both sides","faccode":"Painted","hqbn":"No"}},{"type":"Feature","id":710,"geometry":{"type":"LineString","coordinates":[[-75.1719773129688,39.9246646062658],[-75.1724316092816,39.9247289168654]]},"properties":{"objectid":710,"st_name":"SNYDER","st_type":"AVE","bikewaytyp":"Painted Bike Lane","facityp":"Painted","grouping":"one-way, both sides","faccode":"Painted","hqbn":"No"}},{"type":"Feature","id":715,"geometry":{"type":"LineString","coordinates":[[-75.1668188889289,39.9378780682319],[-75.1684486268257,39.9380942384144]]},"properties":{"objectid":715,"st_name":"WASHINGTON","st_type":"AVE","bikewaytyp":"Painted Bike Lane","facityp":"Painted","grouping":"one-way, both sides","faccode":"Painted","hqbn":"No"}},{"type":"Feature","id":723,"geometry":{"type":"LineString","coordinates":[[-75.1710608787677,39.9383977597712],[-75.1716057243012,39.9384569184334]]},"properties":{"objectid":723,"st_name":"WASHINGTON","st_type":"AVE","bikewaytyp":"Painted Bike Lane","facityp":"Painted","grouping":"one-way, both sides","faccode":"Painted","hqbn":"No"}},{"type":"Feature","id":726,"geometry":{"type":"LineString","coordinates":[[-75.1782199970613,39.9254751367711],[-75.1786902076936,39.9255366329123]]},"properties":{"objectid":726,"st_name":"SNYDER","st_type":"AVE","bikewaytyp":"Painted Bike Lane","facityp":"Painted","grouping":"one-way, both sides","faccode":"Painted","hqbn":"No"}},{"type":"Feature","id":728,"geometry":{"type":"LineString","coordinates":[[-75.1771244396623,39.925342366141],[-75.1776726961201,39.925399747509]]},"properties":{"objectid":728,"st_name":"SNYDER","st_type":"AVE","bikewaytyp":"Painted Bike Lane","facityp":"Painted","grouping":"one-way, both sides","faccode":"Painted","hqbn":"No"}},{"type":"Feature","id":729,"geometry":{"type":"LineString","coordinates":[[-75.1766621323888,39.9252808291434],[-75.1771244396623,39.925342366141]]},"properties":{"objectid":729,"st_name":"SNYDER","st_type":"AVE","bikewaytyp":"Painted Bike Lane","facityp":"Painted","grouping":"one-way, both sides","faccode":"Painted","hqbn":"No"}},{"type":"Feature","id":732,"geometry":{"type":"LineString","coordinates":[[-75.1750808875918,39.9250710886067],[-75.1755371630221,39.9251244073212]]},"properties":{"objectid":732,"st_name":"SNYDER","st_type":"AVE","bikewaytyp":"Painted Bike Lane","facityp":"Painted","grouping":"one-way, both sides","faccode":"Painted","hqbn":"No"}},{"type":"Feature","id":742,"geometry":{"type":"LineString","coordinates":[[-75.1827459401616,39.9260677284884],[-75.1833324408576,39.9261439707069]]},"properties":{"objectid":742,"st_name":"SNYDER","st_type":"AVE","bikewaytyp":"Painted Bike Lane","facityp":"Painted","grouping":"one-way, both sides","faccode":"Painted","hqbn":"No"}},{"type":"Feature","id":743,"geometry":{"type":"LineString","coordinates":[[-75.1821744470977,39.9259978993342],[-75.1827459401616,39.9260677284884]]},"properties":{"objectid":743,"st_name":"SNYDER","st_type":"AVE","bikewaytyp":"Painted Bike Lane","facityp":"Painted","grouping":"one-way, both sides","faccode":"Painted","hqbn":"No"}},{"type":"Feature","id":755,"geometry":{"type":"LineString","coordinates":[[-75.1879829390876,39.9400662107704],[-75.1882418457437,39.9398878131218]]},"properties":{"objectid":755,"st_name":"GRAYS FERRY","st_type":"AVE","bikewaytyp":"On-Street Separated Bike Lane","facityp":"Separated","grouping":"one-way, both sides","faccode":"OWSBL Pair","hqbn":"No"}},{"type":"Feature","id":757,"geometry":{"type":"LineString","coordinates":[[-75.1890131321095,39.9394332556806],[-75.1892364134744,39.9393268475395]]},"properties":{"objectid":757,"st_name":"GRAYS FERRY","st_type":"AVE","bikewaytyp":"On-Street Separated Bike Lane","facityp":"Separated","grouping":"one-way, both sides","faccode":"OWSBL Pair","hqbn":"No"}},{"type":"Feature","id":796,"geometry":{"type":"LineString","coordinates":[[-75.1713744817121,39.9246030355773],[-75.1716484288129,39.923361967154]]},"properties":{"objectid":796,"st_name":"15TH","st_type":"ST","bikewaytyp":"Sharrow","facityp":"Advisory/Shared","grouping":"one-way, one side","faccode":"Advisory/Shared","hqbn":"No"}},{"type":"Feature","id":799,"geometry":{"type":"LineString","coordinates":[[-75.169010480517,39.9355431080206],[-75.1690952269043,39.9351358876119]]},"properties":{"objectid":799,"st_name":"15TH","st_type":"ST","bikewaytyp":"Sharrow","facityp":"Advisory/Shared","grouping":"one-way, one side","faccode":"Advisory/Shared","hqbn":"No"}},{"type":"Feature","id":802,"geometry":{"type":"LineString","coordinates":[[-75.1695172055444,39.9331536081613],[-75.1697854751468,39.931924857174]]},"properties":{"objectid":802,"st_name":"15TH","st_type":"ST","bikewaytyp":"Sharrow","facityp":"Advisory/Shared","grouping":"one-way, one side","faccode":"Advisory/Shared","hqbn":"No"}},{"type":"Feature","id":803,"geometry":{"type":"LineString","coordinates":[[-75.1697854751468,39.931924857174],[-75.1700502931405,39.9307031938735]]},"properties":{"objectid":803,"st_name":"15TH","st_type":"ST","bikewaytyp":"Sharrow","facityp":"Advisory/Shared","grouping":"one-way, one side","faccode":"Advisory/Shared","hqbn":"No"}},{"type":"Feature","id":836,"geometry":{"type":"LineString","coordinates":[[-75.1740461533329,39.9246630734531],[-75.1746323619798,39.924552516285]]},"properties":{"objectid":836,"st_name":"PASSYUNK","st_type":"AVE","bikewaytyp":"Painted Bike Lane","facityp":"Painted","grouping":"one-way, both sides","faccode":"Painted","hqbn":"No"}},{"type":"Feature","id":854,"geometry":{"type":"LineString","coordinates":[[-75.1845811915384,39.9227500262206],[-75.1848389119618,39.9226949953412],[-75.185015251968,39.9226502179367],[-75.1852047268343,39.9225835592924]]},"properties":{"objectid":854,"st_name":"PASSYUNK","st_type":"AVE","bikewaytyp":"Advisory Bike Lane","facityp":"Advisory/Shared","grouping":"one-way, both sides","faccode":"Advisory/Shared","hqbn":"No"}},{"type":"Feature","id":855,"geometry":{"type":"LineString","coordinates":[[-75.1852047268343,39.9225835592924],[-75.1856592842191,39.922553537135],[-75.1859616335168,39.9225232695831],[-75.1861910821507,39.922479678856],[-75.1869395163228,39.9223279633278]]},"properties":{"objectid":855,"st_name":"PASSYUNK","st_type":"AVE","bikewaytyp":"Painted Bike Lane","facityp":"Painted","grouping":"one-way, both sides","faccode":"Painted","hqbn":"No"}},{"type":"Feature","id":862,"geometry":{"type":"LineString","coordinates":[[-75.1832972124845,39.9235848890658],[-75.1834371818228,39.9229484663639]]},"properties":{"objectid":862,"st_name":"22ND","st_type":"ST","bikewaytyp":"Painted Bike Lane","facityp":"Painted","grouping":"one-way, one side","faccode":"Painted","hqbn":"No"}},{"type":"Feature","id":874,"geometry":{"type":"LineString","coordinates":[[-75.2226450851796,39.9480020803018],[-75.2233179836443,39.9479349988354]]},"properties":{"objectid":874,"st_name":"BALTIMORE","st_type":"AVE","bikewaytyp":"Painted Bike Lane","facityp":"Painted","grouping":"one-way, both sides","faccode":"Painted","hqbn":"No"}},{"type":"Feature","id":903,"geometry":{"type":"LineString","coordinates":[[-75.1816986559658,39.9233465789784],[-75.1819092101795,39.9232566768667],[-75.1834371818228,39.9229484663639]]},"properties":{"objectid":903,"st_name":"PASSYUNK","st_type":"AVE","bikewaytyp":"Advisory Bike Lane","facityp":"Advisory/Shared","grouping":"one-way, both sides","faccode":"Advisory/Shared","hqbn":"No"}},{"type":"Feature","id":917,"geometry":{"type":"LineString","coordinates":[[-75.1971780290821,39.9394341020001],[-75.1981251284603,39.9396462962589]]},"properties":{"objectid":917,"st_name":"GRAYS FERRY","st_type":"AVE","bikewaytyp":"On-Street Separated Bike Lane","facityp":"Separated","grouping":"one-way, both sides","faccode":"OWSBL Pair","hqbn":"No"}},{"type":"Feature","id":918,"geometry":{"type":"LineString","coordinates":[[-75.196469623824,39.9392174717293],[-75.1971780290821,39.9394341020001]]},"properties":{"objectid":918,"st_name":"GRAYS FERRY","st_type":"AVE","bikewaytyp":"On-Street Separated Bike Lane","facityp":"Separated","grouping":"one-way, both sides","faccode":"OWSBL Pair","hqbn":"No"}},{"type":"Feature","id":919,"geometry":{"type":"LineString","coordinates":[[-75.1876669731713,39.9474893373966],[-75.1878057372276,39.9475873664821],[-75.1896760693834,39.9488978876774]]},"properties":{"objectid":919,"st_name":"SOUTH","st_type":"ST","bikewaytyp":"Painted Bike Lane","facityp":"Painted","grouping":"one-way, both sides","faccode":"Painted","hqbn":"No"}},{"type":"Feature","id":921,"geometry":{"type":"LineString","coordinates":[[-75.1964342832345,39.9436450990823],[-75.1964769741275,39.9437611387137],[-75.1965831688348,39.9439037265191],[-75.1967459221581,39.9440570842518]]},"properties":{"objectid":921,"st_name":"UNIVERSITY","st_type":"AVE","bikewaytyp":"Painted Bike Lane","facityp":"Painted","grouping":"one-way, both sides","faccode":"Painted","hqbn":"No"}},{"type":"Feature","id":941,"geometry":{"type":"LineString","coordinates":[[-75.2140030802118,39.9439929024918],[-75.2152494667786,39.9430964081229]]},"properties":{"objectid":941,"st_name":"KINGSESSING","st_type":"AVE","bikewaytyp":"Painted Bike Lane","facityp":"Painted","grouping":"one-way, both sides","faccode":"Painted","hqbn":"No"}},{"type":"Feature","id":947,"geometry":{"type":"LineString","coordinates":[[-75.1696299425153,39.9243813242559],[-75.169747403241,39.9244185024283]]},"properties":{"objectid":947,"st_name":"SNYDER","st_type":"AVE","bikewaytyp":"Painted Bike Lane","facityp":"Painted","grouping":"one-way, both sides","faccode":"Painted","hqbn":"No"}},{"type":"Feature","id":948,"geometry":{"type":"LineString","coordinates":[[-75.1667149349195,39.9378538537583],[-75.1668188889289,39.9378780682319]]},"properties":{"objectid":948,"st_name":"WASHINGTON","st_type":"AVE","bikewaytyp":"Painted Bike Lane","facityp":"Painted","grouping":"one-way, both sides","faccode":"Painted","hqbn":"No"}},{"type":"Feature","id":949,"geometry":{"type":"LineString","coordinates":[[-75.1649989562253,39.945564174647],[-75.1651557862845,39.9455663033415]]},"properties":{"objectid":949,"st_name":"PINE","st_type":"ST","bikewaytyp":"Painted Bike Lane","facityp":"Painted","grouping":"one-way, one side","faccode":"Painted","hqbn":"No"}},{"type":"Feature","id":951,"geometry":{"type":"LineString","coordinates":[[-75.164713194122,39.9469801993295],[-75.1648475938446,39.9470084055076]]},"properties":{"objectid":951,"st_name":"SPRUCE","st_type":"ST","bikewaytyp":"Painted Bike Lane","facityp":"Painted","grouping":"one-way, one side","faccode":"Painted","hqbn":"No"}},{"type":"Feature","id":962,"geometry":{"type":"LineString","coordinates":[[-75.1970886983455,39.9463270544131],[-75.1976120911917,39.9460924001223],[-75.1978454664684,39.9460663414842],[-75.1984675482273,39.9460878773404]]},"properties":{"objectid":962,"st_name":"CIVIC CENTER","st_type":"BLVD","bikewaytyp":"Painted Bike Lane","facityp":"Painted","grouping":"one-way, one side","faccode":"Painted","hqbn":"No"}},{"type":"Feature","id":963,"geometry":{"type":"LineString","coordinates":[[-75.2245957012203,39.9324198075756],[-75.2254120571227,39.9318485121685]]},"properties":{"objectid":963,"st_name":"WOODLAND","st_type":"AVE","bikewaytyp":"Painted Bike Lane","facityp":"Painted","grouping":"one-way, both sides","faccode":"Painted","hqbn":"No"}},{"type":"Feature","id":974,"geometry":{"type":"LineString","coordinates":[[-75.1863087329221,39.9465145233281],[-75.1874448262826,39.9473388347841],[-75.1876669731713,39.9474893373966]]},"properties":{"objectid":974,"st_name":"SOUTH","st_type":"ST","bikewaytyp":"Painted Bike Lane","facityp":"Painted","grouping":"one-way, both sides","faccode":"Painted","hqbn":"No"}},{"type":"Feature","id":979,"geometry":{"type":"LineString","coordinates":[[-75.1995481183843,39.9492203018117],[-75.1997356076182,39.9493747445277],[-75.2000438522808,39.9494656239537],[-75.2007262357177,39.9496977710825],[-75.2010551668877,39.9498834526347]]},"properties":{"objectid":979,"st_name":"BALTIMORE","st_type":"AVE","bikewaytyp":"Painted Bike Lane","facityp":"Painted","grouping":"one-way, both sides","faccode":"Painted","hqbn":"No"}},{"type":"Feature","id":1062,"geometry":{"type":"LineString","coordinates":[[-75.1614009964747,39.9371667605226],[-75.1630399241955,39.9374156136019]]},"properties":{"objectid":1062,"st_name":"WASHINGTON","st_type":"AVE","bikewaytyp":"On-Street Separated Bike Lane","facityp":"Separated","grouping":"one-way, both sides","faccode":"OWSBL Pair","hqbn":"Yes"}},{"type":"Feature","id":1064,"geometry":{"type":"LineString","coordinates":[[-75.1604849473599,39.9369110587213],[-75.1608803307339,39.937023042763]]},"properties":{"objectid":1064,"st_name":"WASHINGTON","st_type":"AVE","bikewaytyp":"On-Street Separated Bike Lane","facityp":"Separated","grouping":"one-way, both sides","faccode":"OWSBL Pair","hqbn":"Yes"}},{"type":"Feature","id":1066,"geometry":{"type":"LineString","coordinates":[[-75.1584269448663,39.9363812354909],[-75.1599521043697,39.9367726209935]]},"properties":{"objectid":1066,"st_name":"WASHINGTON","st_type":"AVE","bikewaytyp":"On-Street Separated Bike Lane","facityp":"Separated","grouping":"one-way, both sides","faccode":"OWSBL Pair","hqbn":"Yes"}},{"type":"Feature","id":1069,"geometry":{"type":"LineString","coordinates":[[-75.1630399241955,39.9374156136019],[-75.1646114747105,39.9376137007383]]},"properties":{"objectid":1069,"st_name":"WASHINGTON","st_type":"AVE","bikewaytyp":"Painted Bike Lane","facityp":"Painted","grouping":"one-way, both sides","faccode":"Painted","hqbn":"No"}},{"type":"Feature","id":1105,"geometry":{"type":"LineString","coordinates":[[-75.1519759234884,39.9248521781482],[-75.1520781129695,39.9245774152018]]},"properties":{"objectid":1105,"st_name":"MOYAMENSING","st_type":"AVE","bikewaytyp":"Painted Bike Lane","facityp":"Painted","grouping":"one-way, both sides","faccode":"Painted","hqbn":"No"}},{"type":"Feature","id":1111,"geometry":{"type":"LineString","coordinates":[[-75.1669366153294,39.9269778013766],[-75.1670015876343,39.9268059662005],[-75.1670560924018,39.9265459308334]]},"properties":{"objectid":1111,"st_name":"13TH","st_type":"ST","bikewaytyp":"Sharrow","facityp":"Advisory/Shared","grouping":"one-way, one side","faccode":"Advisory/Shared","hqbn":"No"}},{"type":"Feature","id":1114,"geometry":{"type":"LineString","coordinates":[[-75.148010278999,39.9232323253741],[-75.1480973659056,39.9228173952005]]},"properties":{"objectid":1114,"st_name":"FRONT","st_type":"ST","bikewaytyp":"Sharrow","facityp":"Advisory/Shared","grouping":"one-way, one side","faccode":"Advisory/Shared","hqbn":"No"}},{"type":"Feature","id":1132,"geometry":{"type":"LineString","coordinates":[[-75.1623213291068,39.9234385019067],[-75.1628784810961,39.9234981907618]]},"properties":{"objectid":1132,"st_name":"SNYDER","st_type":"AVE","bikewaytyp":"Painted Bike Lane","facityp":"Painted","grouping":"one-way, both sides","faccode":"Painted","hqbn":"No"}},{"type":"Feature","id":1139,"geometry":{"type":"LineString","coordinates":[[-75.1644434832638,39.9237111227714],[-75.1660159209772,39.9239125983775]]},"properties":{"objectid":1139,"st_name":"SNYDER","st_type":"AVE","bikewaytyp":"Painted Bike Lane","facityp":"Painted","grouping":"one-way, both sides","faccode":"Painted","hqbn":"No"}},{"type":"Feature","id":1142,"geometry":{"type":"LineString","coordinates":[[-75.1660159209772,39.9239125983775],[-75.1668483257632,39.924013842284]]},"properties":{"objectid":1142,"st_name":"SNYDER","st_type":"AVE","bikewaytyp":"Painted Bike Lane","facityp":"Painted","grouping":"one-way, both sides","faccode":"Painted","hqbn":"No"}},{"type":"Feature","id":1149,"geometry":{"type":"LineString","coordinates":[[-75.1675918931322,39.9241149985923],[-75.1684784445044,39.9242358568212]]},"properties":{"objectid":1149,"st_name":"SNYDER","st_type":"AVE","bikewaytyp":"Painted Bike Lane","facityp":"Painted","grouping":"one-way, both sides","faccode":"Painted","hqbn":"No"}},{"type":"Feature","id":1176,"geometry":{"type":"LineString","coordinates":[[-75.1597429988681,39.9205174228794],[-75.1599606259933,39.92044933851],[-75.1603334684282,39.9203772999273]]},"properties":{"objectid":1176,"st_name":"MOYAMENSING","st_type":"AVE","bikewaytyp":"Painted Bike Lane","facityp":"Painted","grouping":"one-way, one side","faccode":"Painted","hqbn":"No"}},{"type":"Feature","id":1177,"geometry":{"type":"LineString","coordinates":[[-75.1603334684282,39.9203772999273],[-75.1609181332814,39.9202684641126]]},"properties":{"objectid":1177,"st_name":"MOYAMENSING","st_type":"AVE","bikewaytyp":"Painted Bike Lane","facityp":"Painted","grouping":"one-way, one side","faccode":"Painted","hqbn":"No"}},{"type":"Feature","id":1184,"geometry":{"type":"LineString","coordinates":[[-75.1457053301472,39.9334472418578],[-75.1473190620807,39.9336597458847]]},"properties":{"objectid":1184,"st_name":"WASHINGTON","st_type":"AVE","bikewaytyp":"Sharrow","facityp":"Advisory/Shared","grouping":"one-way, one side","faccode":"Advisory/Shared","hqbn":"No"}},{"type":"Feature","id":1187,"geometry":{"type":"LineString","coordinates":[[-75.1497011290726,39.9305484492164],[-75.1498597879584,39.9301726582583]]},"properties":{"objectid":1187,"st_name":"MOYAMENSING","st_type":"AVE","bikewaytyp":"Painted Bike Lane","facityp":"Painted","grouping":"one-way, both sides","faccode":"Painted","hqbn":"No"}},{"type":"Feature","id":1189,"geometry":{"type":"LineString","coordinates":[[-75.1444806500096,39.9298590253181],[-75.1447375240765,39.9286275690575]]},"properties":{"objectid":1189,"st_name":"CHRISTOPHER COLUMBUS","st_type":"BLVD","bikewaytyp":"Painted Bike Lane","facityp":"Painted","grouping":"one-way, both sides","faccode":"Painted","hqbn":"No"}},{"type":"Feature","id":1192,"geometry":{"type":"LineString","coordinates":[[-75.1450155988908,39.9274057808509],[-75.1450719648182,39.9269965184937],[-75.1450745066784,39.926441686926]]},"properties":{"objectid":1192,"st_name":"CHRISTOPHER COLUMBUS","st_type":"BLVD","bikewaytyp":"On-Street Separated Bike Lane","facityp":"Separated","grouping":"one-way, one side","faccode":"OWSBL","hqbn":"Yes"}},{"type":"Feature","id":1203,"geometry":{"type":"LineString","coordinates":[[-75.1429659839183,39.9230169269685],[-75.1423703376195,39.9222027576608],[-75.1420103219186,39.9216851842257],[-75.1413791280532,39.920747386652]]},"properties":{"objectid":1203,"st_name":"CHRISTOPHER COLUMBUS","st_type":"BLVD","bikewaytyp":"Painted Bike Lane","facityp":"Painted","grouping":"one-way, both sides","faccode":"Painted","hqbn":"No"}},{"type":"Feature","id":1207,"geometry":{"type":"LineString","coordinates":[[-75.1453288781627,39.921244423422],[-75.1461390759963,39.921354849224]]},"properties":{"objectid":1207,"st_name":"SNYDER","st_type":"AVE","bikewaytyp":"Painted Bike Lane","facityp":"Painted","grouping":"one-way, both sides","faccode":"Painted","hqbn":"No"}},{"type":"Feature","id":1210,"geometry":{"type":"LineString","coordinates":[[-75.1447375240765,39.9286275690575],[-75.1450155988908,39.9274057808509]]},"properties":{"objectid":1210,"st_name":"CHRISTOPHER COLUMBUS","st_type":"BLVD","bikewaytyp":"Painted Bike Lane","facityp":"Painted","grouping":"one-way, both sides","faccode":"Painted","hqbn":"No"}},{"type":"Feature","id":1213,"geometry":{"type":"LineString","coordinates":[[-75.1469886863795,39.9276747855824],[-75.1471416683368,39.9269868075925]]},"properties":{"objectid":1213,"st_name":"FRONT","st_type":"ST","bikewaytyp":"Sharrow","facityp":"Advisory/Shared","grouping":"one-way, one side","faccode":"Advisory/Shared","hqbn":"No"}},{"type":"Feature","id":1214,"geometry":{"type":"LineString","coordinates":[[-75.1423791107664,39.9415947921912],[-75.1423899471006,39.9406068162355],[-75.14234175133,39.9386009944385]]},"properties":{"objectid":1214,"st_name":"CHRISTOPHER COLUMBUS","st_type":"BLVD","bikewaytyp":"Raised Separated Bike Lane","facityp":"Separated","grouping":"one-way & two-way, each side","faccode":"TWSBL+","hqbn":"Yes"}},{"type":"Feature","id":1216,"geometry":{"type":"LineString","coordinates":[[-75.1474331133072,39.9215113633257],[-75.1483544651021,39.9216322197906]]},"properties":{"objectid":1216,"st_name":"SNYDER","st_type":"AVE","bikewaytyp":"Painted Bike Lane","facityp":"Painted","grouping":"one-way, both sides","faccode":"Painted","hqbn":"No"}},{"type":"Feature","id":1217,"geometry":{"type":"LineString","coordinates":[[-75.1441774805135,39.9311646303935],[-75.1444806500096,39.9298590253181]]},"properties":{"objectid":1217,"st_name":"CHRISTOPHER COLUMBUS","st_type":"BLVD","bikewaytyp":"Painted Bike Lane","facityp":"Painted","grouping":"one-way, both sides","faccode":"Painted","hqbn":"No"}},{"type":"Feature","id":1218,"geometry":{"type":"LineString","coordinates":[[-75.1436963093193,39.9331156946864],[-75.1441774805135,39.9311646303935]]},"properties":{"objectid":1218,"st_name":"CHRISTOPHER COLUMBUS","st_type":"BLVD","bikewaytyp":"Painted Bike Lane","facityp":"Painted","grouping":"one-way, both sides","faccode":"Painted","hqbn":"No"}},{"type":"Feature","id":1220,"geometry":{"type":"LineString","coordinates":[[-75.1469424236256,39.9278728414576],[-75.1469886863795,39.9276747855824]]},"properties":{"objectid":1220,"st_name":"FRONT","st_type":"ST","bikewaytyp":"Sharrow","facityp":"Advisory/Shared","grouping":"one-way, one side","faccode":"Advisory/Shared","hqbn":"No"}},{"type":"Feature","id":1223,"geometry":{"type":"LineString","coordinates":[[-75.1448496605479,39.933288396754],[-75.1451318334527,39.9333271593384],[-75.1453470316213,39.9333738076903],[-75.1455386977374,39.9334278754405],[-75.1457053301472,39.9334472418578]]},"properties":{"objectid":1223,"st_name":"WASHINGTON","st_type":"AVE","bikewaytyp":"Sharrow","facityp":"Advisory/Shared","grouping":"one-way, one side","faccode":"Advisory/Shared","hqbn":"No"}},{"type":"Feature","id":1227,"geometry":{"type":"LineString","coordinates":[[-75.1450745066784,39.926441686926],[-75.1449721621737,39.9263089659761],[-75.1448027640364,39.9258504074717],[-75.1445837105913,39.9254802748887],[-75.1440514179736,39.9247264005446],[-75.143608113369,39.9240282417713]]},"properties":{"objectid":1227,"st_name":"CHRISTOPHER COLUMBUS","st_type":"BLVD","bikewaytyp":"On-Street Separated Bike Lane","facityp":"Separated","grouping":"one-way, one side","faccode":"OWSBL","hqbn":"Yes"}},{"type":"Feature","id":1230,"geometry":{"type":"LineString","coordinates":[[-75.144770997205,39.9335375742912],[-75.1455297951073,39.9336397000207],[-75.1456755431521,39.9336616592586]]},"properties":{"objectid":1230,"st_name":"WASHINGTON","st_type":"AVE","bikewaytyp":"Painted Bike Lane","facityp":"Painted","grouping":"one-way, one side","faccode":"Painted","hqbn":"No"}},{"type":"Feature","id":1235,"geometry":{"type":"LineString","coordinates":[[-75.1427722668265,39.9349067041202],[-75.1432164550201,39.9340857509539],[-75.1435641673976,39.9333828298711]]},"properties":{"objectid":1235,"st_name":"CHRISTOPHER COLUMBUS","st_type":"BLVD","bikewaytyp":"Raised Separated Bike Lane","facityp":"Separated","grouping":"two-way, one side","faccode":"TWSBL","hqbn":"Yes"}},{"type":"Feature","id":1236,"geometry":{"type":"LineString","coordinates":[[-75.1435641673976,39.9333828298711],[-75.1436963093193,39.9331156946864]]},"properties":{"objectid":1236,"st_name":"CHRISTOPHER COLUMBUS","st_type":"BLVD","bikewaytyp":"Painted Bike Lane","facityp":"Painted","grouping":"one-way, both sides","faccode":"Painted","hqbn":"No"}},{"type":"Feature","id":1239,"geometry":{"type":"LineString","coordinates":[[-75.1508074401631,39.9342996752583],[-75.151672222755,39.9345400574428],[-75.1523422154245,39.9347262892501]]},"properties":{"objectid":1239,"st_name":"WASHINGTON","st_type":"AVE","bikewaytyp":"On-Street Separated Bike Lane","facityp":"Separated","grouping":"one-way, both sides","faccode":"OWSBL Pair","hqbn":"Yes"}},{"type":"Feature","id":1240,"geometry":{"type":"LineString","coordinates":[[-75.143608113369,39.9240282417713],[-75.1432145290737,39.9234083750374]]},"properties":{"objectid":1240,"st_name":"CHRISTOPHER COLUMBUS","st_type":"BLVD","bikewaytyp":"Painted Bike Lane","facityp":"Painted","grouping":"one-way, both sides","faccode":"Painted","hqbn":"No"}},{"type":"Feature","id":1243,"geometry":{"type":"LineString","coordinates":[[-75.1413791280532,39.920747386652],[-75.1405737147007,39.9195262237066],[-75.1401383977436,39.9188585439306]]},"properties":{"objectid":1243,"st_name":"CHRISTOPHER COLUMBUS","st_type":"BLVD","bikewaytyp":"Painted Bike Lane","facityp":"Painted","grouping":"one-way, both sides","faccode":"Painted","hqbn":"No"}},{"type":"Feature","id":1244,"geometry":{"type":"LineString","coordinates":[[-75.1401383977436,39.9188585439306],[-75.1398320661165,39.9183886929785],[-75.1389042529429,39.9169872944009],[-75.1385329074444,39.9164145351169],[-75.1384124800303,39.9162597441626],[-75.1382707133894,39.9160436478086],[-75.1379955399876,39.9155994802315],[-75.1379006571588,39.9153966143927],[-75.1378313167006,39.9151456759717],[-75.1377840162124,39.9149378121826],[-75.137785231001,39.9147006450686],[-75.1378309913755,39.9145374758942],[-75.1381153542199,39.913303240614],[-75.138155790934,39.9130730480753],[-75.1381980925621,39.9127942435778],[-75.1382662219157,39.9125038005425]]},"properties":{"objectid":1244,"st_name":"CHRISTOPHER COLUMBUS","st_type":"BLVD","bikewaytyp":"Painted Bike Lane","facityp":"Painted","grouping":"one-way, both sides","faccode":"Painted","hqbn":"No"}},{"type":"Feature","id":1246,"geometry":{"type":"LineString","coordinates":[[-75.2457574189608,39.984282853957],[-75.2463889803795,39.9845900872751],[-75.247372555821,39.9850622000054]]},"properties":{"objectid":1246,"st_name":"LANCASTER","st_type":"AVE","bikewaytyp":"Painted Bike Lane","facityp":"Painted","grouping":"one-way, both sides","faccode":"Painted","hqbn":"No"}},{"type":"Feature","id":1248,"geometry":{"type":"LineString","coordinates":[[-75.2428419732758,39.9832541944338],[-75.2432380463867,39.9833884930531]]},"properties":{"objectid":1248,"st_name":"LANCASTER","st_type":"AVE","bikewaytyp":"Painted Bike Lane","facityp":"Painted","grouping":"one-way, both sides","faccode":"Painted","hqbn":"No"}},{"type":"Feature","id":1249,"geometry":{"type":"LineString","coordinates":[[-75.2265795498306,39.9821054704069],[-75.2269188651823,39.9825451028411],[-75.227060007171,39.982700884119]]},"properties":{"objectid":1249,"st_name":"PARKSIDE","st_type":"AVE","bikewaytyp":"On-Street Separated Bike Lane","facityp":"Separated","grouping":"two-way, one side","faccode":"TWSBL","hqbn":"Yes"}},{"type":"Feature","id":1254,"geometry":{"type":"LineString","coordinates":[[-75.2361334027697,39.9807944579948],[-75.2361655826719,39.9809793504704]]},"properties":{"objectid":1254,"st_name":"57TH","st_type":"ST","bikewaytyp":"Painted Bike Lane","facityp":"Painted","grouping":"one-way, both sides","faccode":"Painted","hqbn":"No"}},{"type":"Feature","id":1259,"geometry":{"type":"LineString","coordinates":[[-75.2267163336668,39.979946731469],[-75.2272094128815,39.9801268185933]]},"properties":{"objectid":1259,"st_name":"JEFFERSON","st_type":"ST","bikewaytyp":"Sharrow","facityp":"Advisory/Shared","grouping":"one-way, both sides","faccode":"Advisory/Shared","hqbn":"No"}},{"type":"Feature","id":1263,"geometry":{"type":"LineString","coordinates":[[-75.2271348089379,39.9773893016502],[-75.2301728977316,39.9788037693394]]},"properties":{"objectid":1263,"st_name":"LANCASTER","st_type":"AVE","bikewaytyp":"Painted Bike Lane","facityp":"Painted","grouping":"one-way, both sides","faccode":"Painted","hqbn":"No"}},{"type":"Feature","id":1265,"geometry":{"type":"LineString","coordinates":[[-75.2267680558363,39.9772203841845],[-75.2271348089379,39.9773893016502]]},"properties":{"objectid":1265,"st_name":"LANCASTER","st_type":"AVE","bikewaytyp":"Painted Bike Lane","facityp":"Painted","grouping":"one-way, both sides","faccode":"Painted","hqbn":"No"}},{"type":"Feature","id":1272,"geometry":{"type":"LineString","coordinates":[[-75.2215011803287,39.9747640049858],[-75.2224768905473,39.9752211577445]]},"properties":{"objectid":1272,"st_name":"LANCASTER","st_type":"AVE","bikewaytyp":"Painted Bike Lane","facityp":"Painted","grouping":"one-way, both sides","faccode":"Painted","hqbn":"No"}},{"type":"Feature","id":1278,"geometry":{"type":"LineString","coordinates":[[-75.2488724349396,39.9723484977836],[-75.2497284320995,39.972261987519]]},"properties":{"objectid":1278,"st_name":"HAVERFORD","st_type":"AVE","bikewaytyp":"Painted Bike Lane","facityp":"Painted","grouping":"one-way, both sides","faccode":"Painted","hqbn":"No"}},{"type":"Feature","id":1279,"geometry":{"type":"LineString","coordinates":[[-75.246938528497,39.9721206740581],[-75.2478822722165,39.9722378820806]]},"properties":{"objectid":1279,"st_name":"HAVERFORD","st_type":"AVE","bikewaytyp":"Painted Bike Lane","facityp":"Painted","grouping":"one-way, both sides","faccode":"Painted","hqbn":"No"}},{"type":"Feature","id":1285,"geometry":{"type":"LineString","coordinates":[[-75.237912006622,39.9692879417352],[-75.2384763093065,39.9695372072712]]},"properties":{"objectid":1285,"st_name":"HAVERFORD","st_type":"AVE","bikewaytyp":"Painted Bike Lane","facityp":"Painted","grouping":"one-way, both sides","faccode":"Painted","hqbn":"No"}},{"type":"Feature","id":1286,"geometry":{"type":"LineString","coordinates":[[-75.2372430724847,39.9689866300789],[-75.237912006622,39.9692879417352]]},"properties":{"objectid":1286,"st_name":"HAVERFORD","st_type":"AVE","bikewaytyp":"Painted Bike Lane","facityp":"Painted","grouping":"one-way, both sides","faccode":"Painted","hqbn":"No"}},{"type":"Feature","id":1291,"geometry":{"type":"LineString","coordinates":[[-75.2447333117656,39.9671954582871],[-75.2457937429429,39.9673274402968]]},"properties":{"objectid":1291,"st_name":"VINE","st_type":"ST","bikewaytyp":"Painted Bike Lane","facityp":"Painted","grouping":"one-way, both sides","faccode":"Painted","hqbn":"No"}},{"type":"Feature","id":1303,"geometry":{"type":"LineString","coordinates":[[-75.2262335162185,39.9655800916932],[-75.2278633420762,39.9662009315951]]},"properties":{"objectid":1303,"st_name":"HAVERFORD","st_type":"AVE","bikewaytyp":"Painted Bike Lane","facityp":"Painted","grouping":"one-way, both sides","faccode":"Painted","hqbn":"No"}},{"type":"Feature","id":1304,"geometry":{"type":"LineString","coordinates":[[-75.2317695104994,39.9655864503107],[-75.2339060332796,39.9658560631337]]},"properties":{"objectid":1304,"st_name":"VINE","st_type":"ST","bikewaytyp":"Painted Bike Lane","facityp":"Painted","grouping":"one-way, both sides","faccode":"Painted","hqbn":"No"}},{"type":"Feature","id":1306,"geometry":{"type":"LineString","coordinates":[[-75.2254530861838,39.9652164765332],[-75.2258622307661,39.9653763808145],[-75.2260001475578,39.9654796841184],[-75.2262335162185,39.9655800916932]]},"properties":{"objectid":1306,"st_name":"HAVERFORD","st_type":"AVE","bikewaytyp":"Painted Bike Lane","facityp":"Painted","grouping":"one-way, both sides","faccode":"Painted","hqbn":"No"}},{"type":"Feature","id":1312,"geometry":{"type":"LineString","coordinates":[[-75.2340650753761,39.9650945973615],[-75.2339060332796,39.9658560631337]]},"properties":{"objectid":1312,"st_name":"57TH","st_type":"ST","bikewaytyp":"Painted Bike Lane","facityp":"Painted","grouping":"one-way, both sides","faccode":"Painted","hqbn":"No"}},{"type":"Feature","id":1320,"geometry":{"type":"LineString","coordinates":[[-75.2368239254383,39.9646573479621],[-75.237480714969,39.9647374786865]]},"properties":{"objectid":1320,"st_name":"RACE","st_type":"ST","bikewaytyp":"Painted Bike Lane","facityp":"Painted","grouping":"one-way, both sides","faccode":"Painted","hqbn":"No"}},{"type":"Feature","id":1343,"geometry":{"type":"LineString","coordinates":[[-75.2459911985668,39.9626194198035],[-75.2467558255896,39.9627144388427]]},"properties":{"objectid":1343,"st_name":"MARKET","st_type":"ST","bikewaytyp":"Painted Bike Lane","facityp":"Painted","grouping":"one-way, both sides","faccode":"Painted","hqbn":"No"}},{"type":"Feature","id":1346,"geometry":{"type":"LineString","coordinates":[[-75.2447124481041,39.9624603156495],[-75.2454066576204,39.9625460224534]]},"properties":{"objectid":1346,"st_name":"MARKET","st_type":"ST","bikewaytyp":"Painted Bike Lane","facityp":"Painted","grouping":"one-way, both sides","faccode":"Painted","hqbn":"No"}},{"type":"Feature","id":1347,"geometry":{"type":"LineString","coordinates":[[-75.2440336380288,39.9623737939936],[-75.2447124481041,39.9624603156495]]},"properties":{"objectid":1347,"st_name":"MARKET","st_type":"ST","bikewaytyp":"Painted Bike Lane","facityp":"Painted","grouping":"one-way, both sides","faccode":"Painted","hqbn":"No"}},{"type":"Feature","id":1354,"geometry":{"type":"LineString","coordinates":[[-75.2387868667168,39.9617243098627],[-75.2394492671347,39.9618033426706]]},"properties":{"objectid":1354,"st_name":"MARKET","st_type":"ST","bikewaytyp":"Painted Bike Lane","facityp":"Painted","grouping":"one-way, both sides","faccode":"Painted","hqbn":"No"}},{"type":"Feature","id":1355,"geometry":{"type":"LineString","coordinates":[[-75.2368108342581,39.9614800979488],[-75.2387868667168,39.9617243098627]]},"properties":{"objectid":1355,"st_name":"MARKET","st_type":"ST","bikewaytyp":"Painted Bike Lane","facityp":"Painted","grouping":"one-way, both sides","faccode":"Painted","hqbn":"No"}},{"type":"Feature","id":1357,"geometry":{"type":"LineString","coordinates":[[-75.2341439263993,39.9611452556567],[-75.2348718979059,39.9612402932278]]},"properties":{"objectid":1357,"st_name":"MARKET","st_type":"ST","bikewaytyp":"Painted Bike Lane","facityp":"Painted","grouping":"one-way, both sides","faccode":"Painted","hqbn":"No"}},{"type":"Feature","id":1358,"geometry":{"type":"LineString","coordinates":[[-75.2335557092362,39.9610750702772],[-75.2341439263993,39.9611452556567]]},"properties":{"objectid":1358,"st_name":"MARKET","st_type":"ST","bikewaytyp":"Painted Bike Lane","facityp":"Painted","grouping":"one-way, both sides","faccode":"Painted","hqbn":"No"}},{"type":"Feature","id":1360,"geometry":{"type":"LineString","coordinates":[[-75.2308047670633,39.9607313733175],[-75.2318765350239,39.9608591333803],[-75.2328598242116,39.9609850764492]]},"properties":{"objectid":1360,"st_name":"MARKET","st_type":"ST","bikewaytyp":"Painted Bike Lane","facityp":"Painted","grouping":"one-way, both sides","faccode":"Painted","hqbn":"No"}},{"type":"Feature","id":1363,"geometry":{"type":"LineString","coordinates":[[-75.2292652278069,39.9605446656841],[-75.2297874956559,39.9606084375865]]},"properties":{"objectid":1363,"st_name":"MARKET","st_type":"ST","bikewaytyp":"Painted Bike Lane","facityp":"Painted","grouping":"one-way, both sides","faccode":"Painted","hqbn":"No"}},{"type":"Feature","id":1364,"geometry":{"type":"LineString","coordinates":[[-75.2286482487295,39.9604728994718],[-75.2292652278069,39.9605446656841]]},"properties":{"objectid":1364,"st_name":"MARKET","st_type":"ST","bikewaytyp":"Painted Bike Lane","facityp":"Painted","grouping":"one-way, both sides","faccode":"Painted","hqbn":"No"}},{"type":"Feature","id":1365,"geometry":{"type":"LineString","coordinates":[[-75.2279779696768,39.9603866063931],[-75.2286482487295,39.9604728994718]]},"properties":{"objectid":1365,"st_name":"MARKET","st_type":"ST","bikewaytyp":"Painted Bike Lane","facityp":"Painted","grouping":"one-way, both sides","faccode":"Painted","hqbn":"No"}},{"type":"Feature","id":1370,"geometry":{"type":"LineString","coordinates":[[-75.2248698565846,39.9600148207437],[-75.2262112712918,39.960168396924]]},"properties":{"objectid":1370,"st_name":"MARKET","st_type":"ST","bikewaytyp":"Painted Bike Lane","facityp":"Painted","grouping":"one-way, both sides","faccode":"Painted","hqbn":"No"}},{"type":"Feature","id":1372,"geometry":{"type":"LineString","coordinates":[[-75.2238861283258,39.9598712267361],[-75.2242150130456,39.9599087817742],[-75.2247743812088,39.9599843577166],[-75.2248698565846,39.9600148207437]]},"properties":{"objectid":1372,"st_name":"MARKET","st_type":"ST","bikewaytyp":"Painted Bike Lane","facityp":"Painted","grouping":"one-way, both sides","faccode":"Painted","hqbn":"No"}},{"type":"Feature","id":1374,"geometry":{"type":"LineString","coordinates":[[-75.2371296811513,39.9599639782156],[-75.2391032741336,39.9602070392943]]},"properties":{"objectid":1374,"st_name":"CHESTNUT","st_type":"ST","bikewaytyp":"On-Street Separated Bike Lane","facityp":"Separated","grouping":"one-way, one side","faccode":"OWSBL","hqbn":"Yes"}},{"type":"Feature","id":1381,"geometry":{"type":"LineString","coordinates":[[-75.2433733076561,39.9591759120218],[-75.2453485571732,39.9594214598233]]},"properties":{"objectid":1381,"st_name":"WALNUT","st_type":"ST","bikewaytyp":"On-Street Separated Bike Lane","facityp":"Separated","grouping":"one-way, one side","faccode":"OWSBL","hqbn":"Yes"}},{"type":"Feature","id":1385,"geometry":{"type":"LineString","coordinates":[[-75.2420951648575,39.9590180337887],[-75.2426894262289,39.9590910295913]]},"properties":{"objectid":1385,"st_name":"WALNUT","st_type":"ST","bikewaytyp":"On-Street Separated Bike Lane","facityp":"Separated","grouping":"one-way, one side","faccode":"OWSBL","hqbn":"Yes"}},{"type":"Feature","id":1386,"geometry":{"type":"LineString","coordinates":[[-75.2368203480363,39.9583662133537],[-75.2374503397656,39.9584425528282]]},"properties":{"objectid":1386,"st_name":"WALNUT","st_type":"ST","bikewaytyp":"On-Street Separated Bike Lane","facityp":"Separated","grouping":"one-way, one side","faccode":"OWSBL","hqbn":"Yes"}},{"type":"Feature","id":1388,"geometry":{"type":"LineString","coordinates":[[-75.2353440438259,39.9589605154431],[-75.2355064562451,39.9582012250437]]},"properties":{"objectid":1388,"st_name":"57TH","st_type":"ST","bikewaytyp":"Painted Bike Lane","facityp":"Painted","grouping":"one-way, both sides","faccode":"Painted","hqbn":"No"}},{"type":"Feature","id":1390,"geometry":{"type":"LineString","coordinates":[[-75.2347705934314,39.9581102425573],[-75.2355064562451,39.9582012250437]]},"properties":{"objectid":1390,"st_name":"WALNUT","st_type":"ST","bikewaytyp":"On-Street Separated Bike Lane","facityp":"Separated","grouping":"one-way, one side","faccode":"OWSBL","hqbn":"Yes"}},{"type":"Feature","id":1392,"geometry":{"type":"LineString","coordinates":[[-75.2334939801167,39.957954065328],[-75.2341984679599,39.9580370817141]]},"properties":{"objectid":1392,"st_name":"WALNUT","st_type":"ST","bikewaytyp":"On-Street Separated Bike Lane","facityp":"Separated","grouping":"one-way, one side","faccode":"OWSBL","hqbn":"Yes"}},{"type":"Feature","id":1393,"geometry":{"type":"LineString","coordinates":[[-75.2314410268028,39.9576980472378],[-75.2334939801167,39.957954065328]]},"properties":{"objectid":1393,"st_name":"WALNUT","st_type":"ST","bikewaytyp":"On-Street Separated Bike Lane","facityp":"Separated","grouping":"one-way, one side","faccode":"OWSBL","hqbn":"Yes"}},{"type":"Feature","id":1394,"geometry":{"type":"LineString","coordinates":[[-75.2286598061993,39.9573529191001],[-75.2292864845386,39.9574289615842]]},"properties":{"objectid":1394,"st_name":"WALNUT","st_type":"ST","bikewaytyp":"On-Street Separated Bike Lane","facityp":"Separated","grouping":"one-way, one side","faccode":"OWSBL","hqbn":"Yes"}},{"type":"Feature","id":1396,"geometry":{"type":"LineString","coordinates":[[-75.2274915449014,39.9572051743856],[-75.2281196747395,39.9572834932929]]},"properties":{"objectid":1396,"st_name":"WALNUT","st_type":"ST","bikewaytyp":"On-Street Separated Bike Lane","facityp":"Separated","grouping":"one-way, one side","faccode":"OWSBL","hqbn":"Yes"}},{"type":"Feature","id":1402,"geometry":{"type":"LineString","coordinates":[[-75.236000335308,39.9558406537079],[-75.2367147388312,39.9559346545589]]},"properties":{"objectid":1402,"st_name":"SPRUCE","st_type":"ST","bikewaytyp":"Painted Bike Lane","facityp":"Painted","grouping":"one-way, both sides","faccode":"Painted","hqbn":"No"}},{"type":"Feature","id":1408,"geometry":{"type":"LineString","coordinates":[[-75.2430791237584,39.9669934011736],[-75.2432432313171,39.9670117745422]]},"properties":{"objectid":1408,"st_name":"VINE","st_type":"ST","bikewaytyp":"Painted Bike Lane","facityp":"Painted","grouping":"one-way, both sides","faccode":"Painted","hqbn":"No"}},{"type":"Feature","id":1414,"geometry":{"type":"LineString","coordinates":[[-75.2459941341251,39.9720039791955],[-75.246938528497,39.9721206740581]]},"properties":{"objectid":1414,"st_name":"HAVERFORD","st_type":"AVE","bikewaytyp":"Painted Bike Lane","facityp":"Painted","grouping":"one-way, both sides","faccode":"Painted","hqbn":"No"}},{"type":"Feature","id":1422,"geometry":{"type":"LineString","coordinates":[[-75.2619870769637,39.9752917574252],[-75.2624189929978,39.9754651429232],[-75.2628142221425,39.975621023716]]},"properties":{"objectid":1422,"st_name":"HAVERFORD","st_type":"AVE","bikewaytyp":"Painted Bike Lane","facityp":"Painted","grouping":"one-way, both sides","faccode":"Painted","hqbn":"No"}},{"type":"Feature","id":1426,"geometry":{"type":"LineString","coordinates":[[-75.2361655826719,39.9809793504704],[-75.2390454054208,39.9819600132247]]},"properties":{"objectid":1426,"st_name":"LANCASTER","st_type":"AVE","bikewaytyp":"Painted Bike Lane","facityp":"Painted","grouping":"one-way, both sides","faccode":"Painted","hqbn":"No"}},{"type":"Feature","id":1427,"geometry":{"type":"LineString","coordinates":[[-75.2598485054925,39.9724500233306],[-75.2602272377444,39.9721536156118],[-75.2607430889997,39.971723412279]]},"properties":{"objectid":1427,"st_name":"LANSDOWNE","st_type":"AVE","bikewaytyp":"Painted Bike Lane","facityp":"Painted","grouping":"one-way, both sides","faccode":"Painted","hqbn":"No"}},{"type":"Feature","id":1430,"geometry":{"type":"LineString","coordinates":[[-75.229923722687,39.9653613522422],[-75.2317695104994,39.9655864503107]]},"properties":{"objectid":1430,"st_name":"VINE","st_type":"ST","bikewaytyp":"Painted Bike Lane","facityp":"Painted","grouping":"one-way, both sides","faccode":"Painted","hqbn":"No"}},{"type":"Feature","id":1437,"geometry":{"type":"LineString","coordinates":[[-75.2419102647984,39.9714973381014],[-75.2428419670095,39.9716130948981]]},"properties":{"objectid":1437,"st_name":"HAVERFORD","st_type":"AVE","bikewaytyp":"Painted Bike Lane","facityp":"Painted","grouping":"one-way, both sides","faccode":"Painted","hqbn":"No"}},{"type":"Feature","id":1439,"geometry":{"type":"LineString","coordinates":[[-75.2192544833375,39.9799443567494],[-75.2214552987701,39.9807585835204]]},"properties":{"objectid":1439,"st_name":"PARKSIDE","st_type":"AVE","bikewaytyp":"On-Street Separated Bike Lane","facityp":"Separated","grouping":"two-way, one side","faccode":"TWSBL","hqbn":"Yes"}},{"type":"Feature","id":1444,"geometry":{"type":"LineString","coordinates":[[-75.2347352073894,39.9733241440202],[-75.2350318524496,39.9749200982775]]},"properties":{"objectid":1444,"st_name":"57TH","st_type":"ST","bikewaytyp":"Painted Bike Lane","facityp":"Painted","grouping":"one-way, both sides","faccode":"Painted","hqbn":"No"}},{"type":"Feature","id":1446,"geometry":{"type":"LineString","coordinates":[[-75.2437917700991,39.9717321964566],[-75.2448874383316,39.9718633160069]]},"properties":{"objectid":1446,"st_name":"HAVERFORD","st_type":"AVE","bikewaytyp":"Painted Bike Lane","facityp":"Painted","grouping":"one-way, both sides","faccode":"Painted","hqbn":"No"}},{"type":"Feature","id":1451,"geometry":{"type":"LineString","coordinates":[[-75.2354364957958,39.9770994027586],[-75.235544780288,39.9776498937618]]},"properties":{"objectid":1451,"st_name":"57TH","st_type":"ST","bikewaytyp":"Painted Bike Lane","facityp":"Painted","grouping":"one-way, both sides","faccode":"Painted","hqbn":"No"}},{"type":"Feature","id":1455,"geometry":{"type":"LineString","coordinates":[[-75.22815353158,39.9804727403921],[-75.2296720986383,39.9810459261985],[-75.229699947474,39.9810713368005]]},"properties":{"objectid":1455,"st_name":"JEFFERSON","st_type":"ST","bikewaytyp":"Sharrow","facityp":"Advisory/Shared","grouping":"one-way, both sides","faccode":"Advisory/Shared","hqbn":"No"}},{"type":"Feature","id":1464,"geometry":{"type":"LineString","coordinates":[[-75.2324242535047,39.9798065708538],[-75.2328413242665,39.9799728458548],[-75.2339627840058,39.9803832620358],[-75.2340495333328,39.9804111107162]]},"properties":{"objectid":1464,"st_name":"LANCASTER","st_type":"AVE","bikewaytyp":"Painted Bike Lane","facityp":"Painted","grouping":"one-way, both sides","faccode":"Painted","hqbn":"No"}},{"type":"Feature","id":1465,"geometry":{"type":"LineString","coordinates":[[-75.2340495333328,39.9804111107162],[-75.2346244233799,39.9805532845677],[-75.2353230484308,39.9807059522845],[-75.2356909385823,39.9808127500612],[-75.2361655826719,39.9809793504704]]},"properties":{"objectid":1465,"st_name":"LANCASTER","st_type":"AVE","bikewaytyp":"Painted Bike Lane","facityp":"Painted","grouping":"one-way, both sides","faccode":"Painted","hqbn":"No"}},{"type":"Feature","id":1480,"geometry":{"type":"LineString","coordinates":[[-75.2427376126252,39.9622119621527],[-75.2433894944159,39.9622926072049]]},"properties":{"objectid":1480,"st_name":"MARKET","st_type":"ST","bikewaytyp":"Painted Bike Lane","facityp":"Painted","grouping":"one-way, both sides","faccode":"Painted","hqbn":"No"}},{"type":"Feature","id":1508,"geometry":{"type":"LineString","coordinates":[[-75.2258557420013,39.9617370904157],[-75.2265206811853,39.9618219032827]]},"properties":{"objectid":1508,"st_name":"ARCH","st_type":"ST","bikewaytyp":"Painted Bike Lane","facityp":"Painted","grouping":"one-way, one side","faccode":"Painted","hqbn":"No"}},{"type":"Feature","id":1516,"geometry":{"type":"LineString","coordinates":[[-75.2348718979059,39.9612402932278],[-75.2347341392457,39.961860427743]]},"properties":{"objectid":1516,"st_name":"57TH","st_type":"ST","bikewaytyp":"Painted Bike Lane","facityp":"Painted","grouping":"one-way, both sides","faccode":"Painted","hqbn":"No"}},{"type":"Feature","id":1519,"geometry":{"type":"LineString","coordinates":[[-75.2430567179841,39.9606950406713],[-75.2450323425985,39.9609427968815]]},"properties":{"objectid":1519,"st_name":"CHESTNUT","st_type":"ST","bikewaytyp":"On-Street Separated Bike Lane","facityp":"Separated","grouping":"one-way, one side","faccode":"OWSBL","hqbn":"Yes"}},{"type":"Feature","id":1523,"geometry":{"type":"LineString","coordinates":[[-75.2350317931396,39.960468985611],[-75.2351904602481,39.9597204785324]]},"properties":{"objectid":1523,"st_name":"57TH","st_type":"ST","bikewaytyp":"Painted Bike Lane","facityp":"Painted","grouping":"one-way, both sides","faccode":"Painted","hqbn":"No"}},{"type":"Feature","id":1524,"geometry":{"type":"LineString","coordinates":[[-75.2251891879092,39.9584859395144],[-75.2271686721637,39.9587298716701]]},"properties":{"objectid":1524,"st_name":"CHESTNUT","st_type":"ST","bikewaytyp":"On-Street Separated Bike Lane","facityp":"Separated","grouping":"one-way, one side","faccode":"OWSBL","hqbn":"Yes"}},{"type":"Feature","id":1525,"geometry":{"type":"LineString","coordinates":[[-75.2311160080641,39.9592193945417],[-75.2331782323405,39.9594716240168]]},"properties":{"objectid":1525,"st_name":"CHESTNUT","st_type":"ST","bikewaytyp":"On-Street Separated Bike Lane","facityp":"Separated","grouping":"one-way, one side","faccode":"OWSBL","hqbn":"Yes"}},{"type":"Feature","id":1526,"geometry":{"type":"LineString","coordinates":[[-75.2292864845386,39.9574289615842],[-75.2314410268028,39.9576980472378]]},"properties":{"objectid":1526,"st_name":"WALNUT","st_type":"ST","bikewaytyp":"On-Street Separated Bike Lane","facityp":"Separated","grouping":"one-way, one side","faccode":"OWSBL","hqbn":"Yes"}},{"type":"Feature","id":1534,"geometry":{"type":"LineString","coordinates":[[-75.2450323425985,39.9609427968815],[-75.2470793180986,39.9611929123578]]},"properties":{"objectid":1534,"st_name":"CHESTNUT","st_type":"ST","bikewaytyp":"On-Street Separated Bike Lane","facityp":"Separated","grouping":"one-way, one side","faccode":"OWSBL","hqbn":"Yes"}},{"type":"Feature","id":1535,"geometry":{"type":"LineString","coordinates":[[-75.2453485571732,39.9594214598233],[-75.2473931764277,39.9596719291976]]},"properties":{"objectid":1535,"st_name":"WALNUT","st_type":"ST","bikewaytyp":"On-Street Separated Bike Lane","facityp":"Separated","grouping":"one-way, one side","faccode":"OWSBL","hqbn":"Yes"}},{"type":"Feature","id":1536,"geometry":{"type":"LineString","coordinates":[[-75.2255171631053,39.9569625024843],[-75.2274915449014,39.9572051743856]]},"properties":{"objectid":1536,"st_name":"WALNUT","st_type":"ST","bikewaytyp":"On-Street Separated Bike Lane","facityp":"Separated","grouping":"one-way, one side","faccode":"OWSBL","hqbn":"Yes"}},{"type":"Feature","id":1540,"geometry":{"type":"LineString","coordinates":[[-75.2471550101968,39.9572137267654],[-75.2478037290323,39.9572892628615],[-75.2478943451567,39.957279362323]]},"properties":{"objectid":1540,"st_name":"SPRUCE","st_type":"ST","bikewaytyp":"Painted Bike Lane","facityp":"Painted","grouping":"one-way, both sides","faccode":"Painted","hqbn":"No"}},{"type":"Feature","id":1547,"geometry":{"type":"LineString","coordinates":[[-75.2682957841396,39.9789763134375],[-75.2692722132493,39.9801796084266]]},"properties":{"objectid":1547,"st_name":"HAVERFORD","st_type":"AVE","bikewaytyp":"Painted Bike Lane","facityp":"Painted","grouping":"one-way, both sides","faccode":"Painted","hqbn":"No"}},{"type":"Feature","id":1557,"geometry":{"type":"LineString","coordinates":[[-75.2332951633479,39.9642195419354],[-75.2342263629203,39.9643342150096]]},"properties":{"objectid":1557,"st_name":"RACE","st_type":"ST","bikewaytyp":"Painted Bike Lane","facityp":"Painted","grouping":"one-way, both sides","faccode":"Painted","hqbn":"No"}},{"type":"Feature","id":1563,"geometry":{"type":"LineString","coordinates":[[-75.2134726076985,39.9778001758296],[-75.2143830891092,39.9781378643261]]},"properties":{"objectid":1563,"st_name":"PARKSIDE","st_type":"AVE","bikewaytyp":"On-Street Separated Bike Lane","facityp":"Separated","grouping":"two-way, one side","faccode":"TWSBL","hqbn":"Yes"}},{"type":"Feature","id":1565,"geometry":{"type":"LineString","coordinates":[[-75.2093235375811,39.9762595879621],[-75.2103606780792,39.9766453959715]]},"properties":{"objectid":1565,"st_name":"PARKSIDE","st_type":"AVE","bikewaytyp":"On-Street Separated Bike Lane","facityp":"Separated","grouping":"two-way, one side","faccode":"TWSBL","hqbn":"Yes"}},{"type":"Feature","id":1567,"geometry":{"type":"LineString","coordinates":[[-75.2086016182108,39.9759909326009],[-75.2093235375811,39.9762595879621]]},"properties":{"objectid":1567,"st_name":"PARKSIDE","st_type":"AVE","bikewaytyp":"On-Street Separated Bike Lane","facityp":"Separated","grouping":"two-way, one side","faccode":"TWSBL","hqbn":"Yes"}},{"type":"Feature","id":1569,"geometry":{"type":"LineString","coordinates":[[-75.2069096283145,39.9753629307121],[-75.207894403397,39.9757266825589]]},"properties":{"objectid":1569,"st_name":"PARKSIDE","st_type":"AVE","bikewaytyp":"On-Street Separated Bike Lane","facityp":"Separated","grouping":"two-way, one side","faccode":"TWSBL","hqbn":"Yes"}},{"type":"Feature","id":1574,"geometry":{"type":"LineString","coordinates":[[-75.2043640921848,39.9744266025925],[-75.2066286076399,39.9752567642644]]},"properties":{"objectid":1574,"st_name":"PARKSIDE","st_type":"AVE","bikewaytyp":"Painted Bike Lane","facityp":"Painted","grouping":"one-way, one side","faccode":"Painted","hqbn":"No"}},{"type":"Feature","id":1577,"geometry":{"type":"LineString","coordinates":[[-75.2122147794094,39.9732517095786],[-75.2124235557981,39.9739929845821]]},"properties":{"objectid":1577,"st_name":"BELMONT","st_type":"AVE","bikewaytyp":"Painted Bike Lane","facityp":"Painted","grouping":"one-way, both sides","faccode":"Painted","hqbn":"No"}},{"type":"Feature","id":1598,"geometry":{"type":"LineString","coordinates":[[-75.1904884573806,39.9659617191239],[-75.1905972540863,39.9665054906856]]},"properties":{"objectid":1598,"st_name":"33RD","st_type":"ST","bikewaytyp":"Sharrow","facityp":"Advisory/Shared","grouping":"one-way, one side","faccode":"Advisory/Shared","hqbn":"No"}},{"type":"Feature","id":1613,"geometry":{"type":"LineString","coordinates":[[-75.1728506070706,39.9639324052024],[-75.1727094945858,39.9645854039954]]},"properties":{"objectid":1613,"st_name":"21ST","st_type":"ST","bikewaytyp":"Sharrow","facityp":"Advisory/Shared","grouping":"one-way, one side","faccode":"Advisory/Shared","hqbn":"No"}},{"type":"Feature","id":1625,"geometry":{"type":"LineString","coordinates":[[-75.2036001143867,39.9639310616005],[-75.2038752608213,39.9640982430315]]},"properties":{"objectid":1625,"st_name":"LANCASTER","st_type":"AVE","bikewaytyp":"Painted Bike Lane","facityp":"Painted","grouping":"one-way, both sides","faccode":"Painted","hqbn":"No"}},{"type":"Feature","id":1629,"geometry":{"type":"LineString","coordinates":[[-75.1945076037888,39.9637431692308],[-75.1959609261174,39.9635825018548]]},"properties":{"objectid":1629,"st_name":"HAVERFORD","st_type":"AVE","bikewaytyp":"Painted Bike Lane","facityp":"Painted","grouping":"one-way, one side","faccode":"Painted","hqbn":"No"}},{"type":"Feature","id":1632,"geometry":{"type":"LineString","coordinates":[[-75.2209846167692,39.9640469044695],[-75.221954022058,39.9642592645232]]},"properties":{"objectid":1632,"st_name":"HAVERFORD","st_type":"AVE","bikewaytyp":"Painted Bike Lane","facityp":"Painted","grouping":"one-way, both sides","faccode":"Painted","hqbn":"No"}},{"type":"Feature","id":1633,"geometry":{"type":"LineString","coordinates":[[-75.1747037224114,39.9630276914816],[-75.174471158771,39.9640228523962]]},"properties":{"objectid":1633,"st_name":"22ND","st_type":"ST","bikewaytyp":"On-Street Separated Bike Lane","facityp":"Separated","grouping":"one-way, one side","faccode":"OWSBL","hqbn":"Yes"}},{"type":"Feature","id":1634,"geometry":{"type":"LineString","coordinates":[[-75.1959609261174,39.9635825018548],[-75.1974066234782,39.9634245928787]]},"properties":{"objectid":1634,"st_name":"HAVERFORD","st_type":"AVE","bikewaytyp":"Painted Bike Lane","facityp":"Painted","grouping":"one-way, one side","faccode":"Painted","hqbn":"No"}},{"type":"Feature","id":1637,"geometry":{"type":"LineString","coordinates":[[-75.1974066234782,39.9634245928787],[-75.1996499612934,39.9631758997512]]},"properties":{"objectid":1637,"st_name":"HAVERFORD","st_type":"AVE","bikewaytyp":"Painted Bike Lane","facityp":"Painted","grouping":"one-way, one side","faccode":"Painted","hqbn":"No"}},{"type":"Feature","id":1649,"geometry":{"type":"LineString","coordinates":[[-75.1912525961642,39.9621841526589],[-75.1913926862976,39.9629311031479]]},"properties":{"objectid":1649,"st_name":"34TH","st_type":"ST","bikewaytyp":"Painted Bike Lane","facityp":"Painted","grouping":"one-way, one side","faccode":"Painted","hqbn":"No"}},{"type":"Feature","id":1652,"geometry":{"type":"LineString","coordinates":[[-75.2068907895672,39.9624943179483],[-75.2077875479334,39.9624205898801]]},"properties":{"objectid":1652,"st_name":"HAVERFORD","st_type":"AVE","bikewaytyp":"Painted Bike Lane","facityp":"Painted","grouping":"one-way, both sides","faccode":"Painted","hqbn":"No"}},{"type":"Feature","id":1661,"geometry":{"type":"LineString","coordinates":[[-75.214746082782,39.9624619932589],[-75.2155439652884,39.9624037209444],[-75.215652966174,39.9624157640289]]},"properties":{"objectid":1661,"st_name":"HAVERFORD","st_type":"AVE","bikewaytyp":"Painted Bike Lane","facityp":"Painted","grouping":"one-way, both sides","faccode":"Painted","hqbn":"No"}},{"type":"Feature","id":1664,"geometry":{"type":"LineString","coordinates":[[-75.2001389447392,39.9619721207477],[-75.2007689222604,39.96229699922]]},"properties":{"objectid":1664,"st_name":"LANCASTER","st_type":"AVE","bikewaytyp":"Painted Bike Lane","facityp":"Painted","grouping":"one-way, both sides","faccode":"Painted","hqbn":"No"}},{"type":"Feature","id":1669,"geometry":{"type":"LineString","coordinates":[[-75.1751539674771,39.9609368023461],[-75.1750905378556,39.9611854486219]]},"properties":{"objectid":1669,"st_name":"22ND","st_type":"ST","bikewaytyp":"Painted Bike Lane","facityp":"Painted","grouping":"one-way, one side","faccode":"Painted","hqbn":"No"}},{"type":"Feature","id":1673,"geometry":{"type":"LineString","coordinates":[[-75.1969224840148,39.960811744866],[-75.1969537711473,39.9609672132764],[-75.1970571752306,39.9615405162383]]},"properties":{"objectid":1673,"st_name":"38TH","st_type":"ST","bikewaytyp":"Painted Bike Lane","facityp":"Painted","grouping":"one-way, one side","faccode":"Painted","hqbn":"No"}},{"type":"Feature","id":1682,"geometry":{"type":"LineString","coordinates":[[-75.1737477119103,39.9599196068864],[-75.1736905914539,39.9601608409678]]},"properties":{"objectid":1682,"st_name":"21ST","st_type":"ST","bikewaytyp":"Painted Bike Lane","facityp":"Painted","grouping":"one-way, one side","faccode":"Painted","hqbn":"No"}},{"type":"Feature","id":1698,"geometry":{"type":"LineString","coordinates":[[-75.2229028562573,39.9597544407701],[-75.2238861283258,39.9598712267361]]},"properties":{"objectid":1698,"st_name":"MARKET","st_type":"ST","bikewaytyp":"Painted Bike Lane","facityp":"Painted","grouping":"one-way, both sides","faccode":"Painted","hqbn":"No"}},{"type":"Feature","id":1704,"geometry":{"type":"LineString","coordinates":[[-75.2209227074691,39.9595144346624],[-75.2219112866815,39.9596351821362]]},"properties":{"objectid":1704,"st_name":"MARKET","st_type":"ST","bikewaytyp":"Painted Bike Lane","facityp":"Painted","grouping":"one-way, both sides","faccode":"Painted","hqbn":"No"}},{"type":"Feature","id":1714,"geometry":{"type":"LineString","coordinates":[[-75.2170038305771,39.9590248891383],[-75.2161943714935,39.9624860652941]]},"properties":{"objectid":1714,"st_name":"48TH","st_type":"ST","bikewaytyp":"Painted Bike Lane","facityp":"Painted","grouping":"one-way, both sides","faccode":"Painted","hqbn":"No"}},{"type":"Feature","id":1719,"geometry":{"type":"LineString","coordinates":[[-75.2140215999802,39.9586526354212],[-75.2170038305771,39.9590248891383]]},"properties":{"objectid":1719,"st_name":"MARKET","st_type":"ST","bikewaytyp":"Painted Bike Lane","facityp":"Painted","grouping":"one-way, both sides","faccode":"Painted","hqbn":"No"}},{"type":"Feature","id":1721,"geometry":{"type":"LineString","coordinates":[[-75.2130197616267,39.9585274554259],[-75.2140215999802,39.9586526354212]]},"properties":{"objectid":1721,"st_name":"MARKET","st_type":"ST","bikewaytyp":"Painted Bike Lane","facityp":"Painted","grouping":"one-way, both sides","faccode":"Painted","hqbn":"No"}},{"type":"Feature","id":1724,"geometry":{"type":"LineString","coordinates":[[-75.2110427812149,39.9582854065782],[-75.2130197616267,39.9585274554259]]},"properties":{"objectid":1724,"st_name":"MARKET","st_type":"ST","bikewaytyp":"Painted Bike Lane","facityp":"Painted","grouping":"one-way, both sides","faccode":"Painted","hqbn":"No"}},{"type":"Feature","id":1730,"geometry":{"type":"LineString","coordinates":[[-75.2081305164054,39.9579248730949],[-75.2094243491173,39.9580830720095]]},"properties":{"objectid":1730,"st_name":"MARKET","st_type":"ST","bikewaytyp":"Painted Bike Lane","facityp":"Painted","grouping":"one-way, both sides","faccode":"Painted","hqbn":"No"}},{"type":"Feature","id":1733,"geometry":{"type":"LineString","coordinates":[[-75.2050390601115,39.9575407428283],[-75.2060776686272,39.9576682230745]]},"properties":{"objectid":1733,"st_name":"MARKET","st_type":"ST","bikewaytyp":"Painted Bike Lane","facityp":"Painted","grouping":"one-way, both sides","faccode":"Painted","hqbn":"No"}},{"type":"Feature","id":1734,"geometry":{"type":"LineString","coordinates":[[-75.2192672226875,39.957748772359],[-75.2212470013287,39.9579931862116]]},"properties":{"objectid":1734,"st_name":"CHESTNUT","st_type":"ST","bikewaytyp":"On-Street Separated Bike Lane","facityp":"Separated","grouping":"one-way, one side","faccode":"OWSBL","hqbn":"Yes"}},{"type":"Feature","id":1735,"geometry":{"type":"LineString","coordinates":[[-75.204147805988,39.9574314194431],[-75.2050390601115,39.9575407428283]]},"properties":{"objectid":1735,"st_name":"MARKET","st_type":"ST","bikewaytyp":"Painted Bike Lane","facityp":"Painted","grouping":"one-way, both sides","faccode":"Painted","hqbn":"No"}},{"type":"Feature","id":1739,"geometry":{"type":"LineString","coordinates":[[-75.2173237413308,39.957508193251],[-75.2180747146739,39.9576006506973]]},"properties":{"objectid":1739,"st_name":"CHESTNUT","st_type":"ST","bikewaytyp":"On-Street Separated Bike Lane","facityp":"Separated","grouping":"one-way, one side","faccode":"OWSBL","hqbn":"Yes"}},{"type":"Feature","id":1741,"geometry":{"type":"LineString","coordinates":[[-75.1996249340968,39.9568698192023],[-75.2019564387869,39.9571584582618]]},"properties":{"objectid":1741,"st_name":"MARKET","st_type":"ST","bikewaytyp":"Painted Bike Lane","facityp":"Painted","grouping":"one-way, both sides","faccode":"Painted","hqbn":"No"}},{"type":"Feature","id":1743,"geometry":{"type":"LineString","coordinates":[[-75.2133384588115,39.9570151757103],[-75.2143268654919,39.9571387428769]]},"properties":{"objectid":1743,"st_name":"CHESTNUT","st_type":"ST","bikewaytyp":"On-Street Separated Bike Lane","facityp":"Separated","grouping":"one-way, one side","faccode":"OWSBL","hqbn":"Yes"}},{"type":"Feature","id":1744,"geometry":{"type":"LineString","coordinates":[[-75.1980102103819,39.9566637528097],[-75.1977592215362,39.9574054810705]]},"properties":{"objectid":1744,"st_name":"38TH","st_type":"ST","bikewaytyp":"Painted Bike Lane","facityp":"Painted","grouping":"one-way, both sides","faccode":"Painted","hqbn":"No"}},{"type":"Feature","id":1745,"geometry":{"type":"LineString","coordinates":[[-75.1980102103819,39.9566637528097],[-75.1996249340968,39.9568698192023]]},"properties":{"objectid":1745,"st_name":"MARKET","st_type":"ST","bikewaytyp":"Painted Bike Lane","facityp":"Painted","grouping":"one-way, both sides","faccode":"Painted","hqbn":"No"}},{"type":"Feature","id":1747,"geometry":{"type":"LineString","coordinates":[[-75.2113592826003,39.9567698761396],[-75.2133384588115,39.9570151757103]]},"properties":{"objectid":1747,"st_name":"CHESTNUT","st_type":"ST","bikewaytyp":"On-Street Separated Bike Lane","facityp":"Separated","grouping":"one-way, one side","faccode":"OWSBL","hqbn":"Yes"}},{"type":"Feature","id":1751,"geometry":{"type":"LineString","coordinates":[[-75.2084441942637,39.9564088398249],[-75.2097409157946,39.9565716561686]]},"properties":{"objectid":1751,"st_name":"CHESTNUT","st_type":"ST","bikewaytyp":"On-Street Separated Bike Lane","facityp":"Separated","grouping":"one-way, one side","faccode":"OWSBL","hqbn":"Yes"}},{"type":"Feature","id":1753,"geometry":{"type":"LineString","coordinates":[[-75.1914669378808,39.9558521580075],[-75.1917360929313,39.9558930006088],[-75.1941555267244,39.9561890664496]]},"properties":{"objectid":1753,"st_name":"MARKET","st_type":"ST","bikewaytyp":"Painted Bike Lane","facityp":"Painted","grouping":"one-way, both sides","faccode":"Painted","hqbn":"No"}},{"type":"Feature","id":1754,"geometry":{"type":"LineString","coordinates":[[-75.2215620144103,39.956470947795],[-75.2235400290211,39.9567169579114]]},"properties":{"objectid":1754,"st_name":"WALNUT","st_type":"ST","bikewaytyp":"On-Street Separated Bike Lane","facityp":"Separated","grouping":"one-way, one side","faccode":"OWSBL","hqbn":"Yes"}},{"type":"Feature","id":1757,"geometry":{"type":"LineString","coordinates":[[-75.2047772625866,39.9559521516967],[-75.2061313403748,39.9561196532643]]},"properties":{"objectid":1757,"st_name":"CHESTNUT","st_type":"ST","bikewaytyp":"On-Street Separated Bike Lane","facityp":"Separated","grouping":"one-way, one side","faccode":"OWSBL","hqbn":"Yes"}},{"type":"Feature","id":1758,"geometry":{"type":"LineString","coordinates":[[-75.2044674632356,39.9559139834763],[-75.2047772625866,39.9559521516967]]},"properties":{"objectid":1758,"st_name":"CHESTNUT","st_type":"ST","bikewaytyp":"On-Street Separated Bike Lane","facityp":"Separated","grouping":"one-way, one side","faccode":"OWSBL","hqbn":"Yes"}},{"type":"Feature","id":1759,"geometry":{"type":"LineString","coordinates":[[-75.2195890247454,39.9562251952017],[-75.2215620144103,39.956470947795]]},"properties":{"objectid":1759,"st_name":"WALNUT","st_type":"ST","bikewaytyp":"On-Street Separated Bike Lane","facityp":"Separated","grouping":"one-way, one side","faccode":"OWSBL","hqbn":"Yes"}},{"type":"Feature","id":1760,"geometry":{"type":"LineString","coordinates":[[-75.2186295106776,39.9561060445432],[-75.2195890247454,39.9562251952017]]},"properties":{"objectid":1760,"st_name":"WALNUT","st_type":"ST","bikewaytyp":"On-Street Separated Bike Lane","facityp":"Separated","grouping":"one-way, one side","faccode":"OWSBL","hqbn":"Yes"}},{"type":"Feature","id":1764,"geometry":{"type":"LineString","coordinates":[[-75.2084441942637,39.9564088398249],[-75.2086023075078,39.9556460051485]]},"properties":{"objectid":1764,"st_name":"43RD","st_type":"ST","bikewaytyp":"Painted Bike Lane","facityp":"Painted","grouping":"one-way, one side","faccode":"Painted","hqbn":"No"}},{"type":"Feature","id":1766,"geometry":{"type":"LineString","coordinates":[[-75.1999430324382,39.9553508209614],[-75.2022758836335,39.955639439549]]},"properties":{"objectid":1766,"st_name":"CHESTNUT","st_type":"ST","bikewaytyp":"On-Street Separated Bike Lane","facityp":"Separated","grouping":"one-way, one side","faccode":"OWSBL","hqbn":"Yes"}},{"type":"Feature","id":1767,"geometry":{"type":"LineString","coordinates":[[-75.2146465106888,39.9556167603157],[-75.2156348435419,39.9557356306812]]},"properties":{"objectid":1767,"st_name":"WALNUT","st_type":"ST","bikewaytyp":"On-Street Separated Bike Lane","facityp":"Separated","grouping":"one-way, one side","faccode":"OWSBL","hqbn":"Yes"}},{"type":"Feature","id":1768,"geometry":{"type":"LineString","coordinates":[[-75.1981546869191,39.955893233814],[-75.1983135670644,39.9551520663908]]},"properties":{"objectid":1768,"st_name":"38TH","st_type":"ST","bikewaytyp":"Painted Bike Lane","facityp":"Painted","grouping":"one-way, both sides","faccode":"Painted","hqbn":"No"}},{"type":"Feature","id":1769,"geometry":{"type":"LineString","coordinates":[[-75.1983135670644,39.9551520663908],[-75.1999430324382,39.9553508209614]]},"properties":{"objectid":1769,"st_name":"CHESTNUT","st_type":"ST","bikewaytyp":"On-Street Separated Bike Lane","facityp":"Separated","grouping":"one-way, one side","faccode":"OWSBL","hqbn":"Yes"}},{"type":"Feature","id":1770,"geometry":{"type":"LineString","coordinates":[[-75.213658428311,39.9554915465503],[-75.2146465106888,39.9556167603157]]},"properties":{"objectid":1770,"st_name":"WALNUT","st_type":"ST","bikewaytyp":"On-Street Separated Bike Lane","facityp":"Separated","grouping":"one-way, one side","faccode":"OWSBL","hqbn":"Yes"}},{"type":"Feature","id":1771,"geometry":{"type":"LineString","coordinates":[[-75.2127738061642,39.955383308661],[-75.213658428311,39.9554915465503]]},"properties":{"objectid":1771,"st_name":"WALNUT","st_type":"ST","bikewaytyp":"On-Street Separated Bike Lane","facityp":"Separated","grouping":"one-way, one side","faccode":"OWSBL","hqbn":"Yes"}},{"type":"Feature","id":1774,"geometry":{"type":"LineString","coordinates":[[-75.210870161873,39.9551492909348],[-75.2116802685256,39.9552495662851]]},"properties":{"objectid":1774,"st_name":"WALNUT","st_type":"ST","bikewaytyp":"On-Street Separated Bike Lane","facityp":"Separated","grouping":"one-way, one side","faccode":"OWSBL","hqbn":"Yes"}},{"type":"Feature","id":1775,"geometry":{"type":"LineString","coordinates":[[-75.2022758836335,39.955639439549],[-75.202430510237,39.9548801321476]]},"properties":{"objectid":1775,"st_name":"40TH","st_type":"ST","bikewaytyp":"Painted Bike Lane","facityp":"Painted","grouping":"one-way, one side","faccode":"Painted","hqbn":"No"}},{"type":"Feature","id":1777,"geometry":{"type":"LineString","coordinates":[[-75.1944699194878,39.9546730336433],[-75.1964478202692,39.9549163237977]]},"properties":{"objectid":1777,"st_name":"CHESTNUT","st_type":"ST","bikewaytyp":"On-Street Separated Bike Lane","facityp":"Separated","grouping":"one-way, one side","faccode":"OWSBL","hqbn":"Yes"}},{"type":"Feature","id":1778,"geometry":{"type":"LineString","coordinates":[[-75.2087639321776,39.9548893902411],[-75.210057516555,39.9550469560826]]},"properties":{"objectid":1778,"st_name":"WALNUT","st_type":"ST","bikewaytyp":"On-Street Separated Bike Lane","facityp":"Separated","grouping":"one-way, one side","faccode":"OWSBL","hqbn":"Yes"}},{"type":"Feature","id":1781,"geometry":{"type":"LineString","coordinates":[[-75.1917813649147,39.9543387638622],[-75.1920648324816,39.9543759695648],[-75.1928254394833,39.9544690131193],[-75.1944699194878,39.9546730336433]]},"properties":{"objectid":1781,"st_name":"CHESTNUT","st_type":"ST","bikewaytyp":"On-Street Separated Bike Lane","facityp":"Separated","grouping":"one-way, one side","faccode":"OWSBL","hqbn":"Yes"}},{"type":"Feature","id":1782,"geometry":{"type":"LineString","coordinates":[[-75.2064357026302,39.95459805437],[-75.2075460357223,39.9547376497617]]},"properties":{"objectid":1782,"st_name":"WALNUT","st_type":"ST","bikewaytyp":"On-Street Separated Bike Lane","facityp":"Separated","grouping":"one-way, one side","faccode":"OWSBL","hqbn":"Yes"}},{"type":"Feature","id":1783,"geometry":{"type":"LineString","coordinates":[[-75.1983135670644,39.9551520663908],[-75.1984716371862,39.954388605221]]},"properties":{"objectid":1783,"st_name":"38TH","st_type":"ST","bikewaytyp":"Painted Bike Lane","facityp":"Painted","grouping":"one-way, both sides","faccode":"Painted","hqbn":"No"}},{"type":"Feature","id":1784,"geometry":{"type":"LineString","coordinates":[[-75.2050938679996,39.9544283928189],[-75.2064357026302,39.95459805437]]},"properties":{"objectid":1784,"st_name":"WALNUT","st_type":"ST","bikewaytyp":"On-Street Separated Bike Lane","facityp":"Separated","grouping":"one-way, one side","faccode":"OWSBL","hqbn":"Yes"}},{"type":"Feature","id":1786,"geometry":{"type":"LineString","coordinates":[[-75.2025922544393,39.9541217782398],[-75.2050938679996,39.9544283928189]]},"properties":{"objectid":1786,"st_name":"WALNUT","st_type":"ST","bikewaytyp":"On-Street Separated Bike Lane","facityp":"Separated","grouping":"one-way, one side","faccode":"OWSBL","hqbn":"Yes"}},{"type":"Feature","id":1787,"geometry":{"type":"LineString","coordinates":[[-75.2002627682356,39.9538298005984],[-75.2025922544393,39.9541217782398]]},"properties":{"objectid":1787,"st_name":"WALNUT","st_type":"ST","bikewaytyp":"On-Street Separated Bike Lane","facityp":"Separated","grouping":"one-way, one side","faccode":"OWSBL","hqbn":"Yes"}},{"type":"Feature","id":1788,"geometry":{"type":"LineString","coordinates":[[-75.2240298168694,39.9543519763822],[-75.2260049788162,39.9546009872112]]},"properties":{"objectid":1788,"st_name":"SPRUCE","st_type":"ST","bikewaytyp":"Painted Bike Lane","facityp":"Painted","grouping":"one-way, both sides","faccode":"Painted","hqbn":"No"}},{"type":"Feature","id":1789,"geometry":{"type":"LineString","coordinates":[[-75.1984716371862,39.954388605221],[-75.198614199926,39.9537177017474],[-75.1986510080175,39.9536336501029]]},"properties":{"objectid":1789,"st_name":"38TH","st_type":"ST","bikewaytyp":"Painted Bike Lane","facityp":"Painted","grouping":"one-way, both sides","faccode":"Painted","hqbn":"No"}},{"type":"Feature","id":1790,"geometry":{"type":"LineString","coordinates":[[-75.1986510080175,39.9536336501029],[-75.2002627682356,39.9538298005984]]},"properties":{"objectid":1790,"st_name":"WALNUT","st_type":"ST","bikewaytyp":"On-Street Separated Bike Lane","facityp":"Separated","grouping":"one-way, one side","faccode":"OWSBL","hqbn":"Yes"}},{"type":"Feature","id":1814,"geometry":{"type":"LineString","coordinates":[[-75.2055853251389,39.952065531351],[-75.2069325100476,39.9522299358961]]},"properties":{"objectid":1814,"st_name":"SPRUCE","st_type":"ST","bikewaytyp":"Painted Bike Lane","facityp":"Painted","grouping":"one-way, both sides","faccode":"Painted","hqbn":"No"}},{"type":"Feature","id":1815,"geometry":{"type":"LineString","coordinates":[[-75.2030862870623,39.9517549129314],[-75.2055853251389,39.952065531351]]},"properties":{"objectid":1815,"st_name":"SPRUCE","st_type":"ST","bikewaytyp":"Painted Bike Lane","facityp":"Painted","grouping":"one-way, both sides","faccode":"Painted","hqbn":"No"}},{"type":"Feature","id":1819,"geometry":{"type":"LineString","coordinates":[[-75.1984026728743,39.9762014911774],[-75.199213462411,39.9762176394107],[-75.1993407288912,39.976209487656],[-75.1996047480873,39.9761577480804],[-75.199819466437,39.9760895501818],[-75.2000907447354,39.9759828085851],[-75.2003024976562,39.9759216987942],[-75.2004963944237,39.9758984242614],[-75.2007323815814,39.9759062861269],[-75.2009289167755,39.9759439548861],[-75.2011572242578,39.9760251780909],[-75.201659930775,39.9761976440795],[-75.2018420834348,39.9762458633789],[-75.202051158324,39.9762812218396],[-75.2022884436437,39.9762960064851],[-75.2024949646995,39.9762939553912],[-75.2028970102034,39.9762222282064],[-75.2043654766014,39.975801494095]]},"properties":{"objectid":1819,"st_name":"LANSDOWNE","st_type":"DR","bikewaytyp":"Painted Bike Lane","facityp":"Painted","grouping":"one-way, both sides","faccode":"Painted","hqbn":"No"}},{"type":"Feature","id":1821,"geometry":{"type":"LineString","coordinates":[[-75.1901675290332,39.9642250425442],[-75.190268291651,39.9648232184013]]},"properties":{"objectid":1821,"st_name":"33RD","st_type":"ST","bikewaytyp":"Sharrow","facityp":"Advisory/Shared","grouping":"one-way, one side","faccode":"Advisory/Shared","hqbn":"No"}},{"type":"Feature","id":1823,"geometry":{"type":"LineString","coordinates":[[-75.2011186135019,39.963011732245],[-75.2017572353394,39.9629405530345],[-75.2019314275237,39.9629045531576]]},"properties":{"objectid":1823,"st_name":"HAVERFORD","st_type":"AVE","bikewaytyp":"Painted Bike Lane","facityp":"Painted","grouping":"one-way, one side","faccode":"Painted","hqbn":"No"}},{"type":"Feature","id":1827,"geometry":{"type":"LineString","coordinates":[[-75.2023637019419,39.9628687382947],[-75.2039809361987,39.9627367837687]]},"properties":{"objectid":1827,"st_name":"HAVERFORD","st_type":"AVE","bikewaytyp":"Painted Bike Lane","facityp":"Painted","grouping":"one-way, both sides","faccode":"Painted","hqbn":"No"}},{"type":"Feature","id":1830,"geometry":{"type":"LineString","coordinates":[[-75.1913185797763,39.9565947389422],[-75.1911730412497,39.9573053310671]]},"properties":{"objectid":1830,"st_name":"34TH","st_type":"ST","bikewaytyp":"Painted Bike Lane","facityp":"Painted","grouping":"one-way, one side","faccode":"Painted","hqbn":"No"}},{"type":"Feature","id":1833,"geometry":{"type":"LineString","coordinates":[[-75.1640134933308,39.9508859327451],[-75.1656125883579,39.9510786975905]]},"properties":{"objectid":1833,"st_name":"CHESTNUT","st_type":"ST","bikewaytyp":"Bus/Bike Lane","facityp":"Advisory/Shared","grouping":"one-way, one side","faccode":"Advisory/Shared","hqbn":"No"}},{"type":"Feature","id":1841,"geometry":{"type":"LineString","coordinates":[[-75.1658599108474,39.9499830503891],[-75.1659427141121,39.9495627897639]]},"properties":{"objectid":1841,"st_name":"15TH","st_type":"ST","bikewaytyp":"Sharrow","facityp":"Advisory/Shared","grouping":"one-way, one side","faccode":"Advisory/Shared","hqbn":"No"}},{"type":"Feature","id":1893,"geometry":{"type":"LineString","coordinates":[[-75.1700105364594,39.9531808249459],[-75.1715962409839,39.9533772753244]]},"properties":{"objectid":1893,"st_name":"MARKET","st_type":"ST","bikewaytyp":"On-Street Separated Bike Lane","facityp":"Separated","grouping":"one-way, one side","faccode":"OWSBL","hqbn":"Yes"}},{"type":"Feature","id":1894,"geometry":{"type":"LineString","coordinates":[[-75.168446013546,39.9529850129251],[-75.1700105364594,39.9531808249459]]},"properties":{"objectid":1894,"st_name":"MARKET","st_type":"ST","bikewaytyp":"On-Street Separated Bike Lane","facityp":"Separated","grouping":"one-way, one side","faccode":"OWSBL","hqbn":"Yes"}},{"type":"Feature","id":1895,"geometry":{"type":"LineString","coordinates":[[-75.1700105364594,39.9531808249459],[-75.1701513720345,39.9525431060221]]},"properties":{"objectid":1895,"st_name":"18TH","st_type":"ST","bikewaytyp":"Sharrow","facityp":"Advisory/Shared","grouping":"one-way, one side","faccode":"Advisory/Shared","hqbn":"No"}},{"type":"Feature","id":1897,"geometry":{"type":"LineString","coordinates":[[-75.1702502489034,39.9520863780553],[-75.1703370528745,39.9516686645715]]},"properties":{"objectid":1897,"st_name":"18TH","st_type":"ST","bikewaytyp":"Sharrow","facityp":"Advisory/Shared","grouping":"one-way, one side","faccode":"Advisory/Shared","hqbn":"No"}},{"type":"Feature","id":1901,"geometry":{"type":"LineString","coordinates":[[-75.1652297103873,39.9525858106677],[-75.1668592664006,39.9527881851744]]},"properties":{"objectid":1901,"st_name":"MARKET","st_type":"ST","bikewaytyp":"On-Street Separated Bike Lane","facityp":"Separated","grouping":"one-way, one side","faccode":"OWSBL","hqbn":"Yes"}},{"type":"Feature","id":1903,"geometry":{"type":"LineString","coordinates":[[-75.1652297103873,39.9525858106677],[-75.1653011034273,39.9522938952894]]},"properties":{"objectid":1903,"st_name":"15TH","st_type":"ST","bikewaytyp":"Painted Bike Lane","facityp":"Painted","grouping":"one-way, one side","faccode":"Painted","hqbn":"No"}},{"type":"Feature","id":1904,"geometry":{"type":"LineString","coordinates":[[-75.1652297103873,39.9525858106677],[-75.1650662425021,39.9536180362776]]},"properties":{"objectid":1904,"st_name":"15TH","st_type":"ST","bikewaytyp":"Painted Bike Lane","facityp":"Painted","grouping":"one-way, one side","faccode":"Painted","hqbn":"No"}},{"type":"Feature","id":1911,"geometry":{"type":"LineString","coordinates":[[-75.1663680781788,39.9548250998393],[-75.1678050412418,39.9559449002151]]},"properties":{"objectid":1911,"st_name":"BENJAMIN FRANKLIN","st_type":"PKWY","bikewaytyp":"Painted Bike Lane","facityp":"Painted","grouping":"one-way, both sides","faccode":"Painted","hqbn":"No"}},{"type":"Feature","id":1912,"geometry":{"type":"LineString","coordinates":[[-75.1697913409847,39.9542043023071],[-75.1713685431353,39.9543893437425]]},"properties":{"objectid":1912,"st_name":"JOHN F KENNEDY","st_type":"BLVD","bikewaytyp":"On-Street Separated Bike Lane","facityp":"Separated","grouping":"one-way, one side","faccode":"OWSBL","hqbn":"Yes"}},{"type":"Feature","id":1913,"geometry":{"type":"LineString","coordinates":[[-75.1713685431353,39.9543893437425],[-75.1730064685223,39.9545623356172]]},"properties":{"objectid":1913,"st_name":"JOHN F KENNEDY","st_type":"BLVD","bikewaytyp":"On-Street Separated Bike Lane","facityp":"Separated","grouping":"one-way, one side","faccode":"OWSBL","hqbn":"Yes"}},{"type":"Feature","id":1914,"geometry":{"type":"LineString","coordinates":[[-75.169369059162,39.9561336603731],[-75.1691754247454,39.9570402213746]]},"properties":{"objectid":1914,"st_name":"18TH","st_type":"ST","bikewaytyp":"Sharrow","facityp":"Advisory/Shared","grouping":"one-way, one side","faccode":"Advisory/Shared","hqbn":"No"}},{"type":"Feature","id":1915,"geometry":{"type":"LineString","coordinates":[[-75.1695725160716,39.9552148581484],[-75.169369059162,39.9561336603731]]},"properties":{"objectid":1915,"st_name":"18TH","st_type":"ST","bikewaytyp":"Sharrow","facityp":"Advisory/Shared","grouping":"one-way, one side","faccode":"Advisory/Shared","hqbn":"No"}},{"type":"Feature","id":1927,"geometry":{"type":"LineString","coordinates":[[-75.1609375196805,39.9670998730465],[-75.1611320897122,39.9670876359249],[-75.1621269019077,39.967095607213]]},"properties":{"objectid":1927,"st_name":"FAIRMOUNT","st_type":"AVE","bikewaytyp":"Painted Bike Lane","facityp":"Painted","grouping":"one-way, both sides","faccode":"Painted","hqbn":"No"}},{"type":"Feature","id":1944,"geometry":{"type":"LineString","coordinates":[[-75.1701794364755,39.967259790083],[-75.1707801210919,39.9672688261925]]},"properties":{"objectid":1944,"st_name":"FAIRMOUNT","st_type":"AVE","bikewaytyp":"Painted Bike Lane","facityp":"Painted","grouping":"one-way, both sides","faccode":"Painted","hqbn":"No"}},{"type":"Feature","id":1954,"geometry":{"type":"LineString","coordinates":[[-75.1721958349805,39.9669126654128],[-75.1721107347905,39.967293725726]]},"properties":{"objectid":1954,"st_name":"21ST","st_type":"ST","bikewaytyp":"Sharrow","facityp":"Advisory/Shared","grouping":"one-way, one side","faccode":"Advisory/Shared","hqbn":"No"}},{"type":"Feature","id":1966,"geometry":{"type":"LineString","coordinates":[[-75.1874180602965,39.9633763569547],[-75.1880278591837,39.9633034188489]]},"properties":{"objectid":1966,"st_name":"SPRING GARDEN","st_type":"ST","bikewaytyp":"Painted Bike Lane","facityp":"Painted","grouping":"one-way, both sides","faccode":"Painted","hqbn":"No"}},{"type":"Feature","id":1967,"geometry":{"type":"LineString","coordinates":[[-75.1880278591837,39.9633034188489],[-75.1884887235493,39.9632570876809]]},"properties":{"objectid":1967,"st_name":"SPRING GARDEN","st_type":"ST","bikewaytyp":"Painted Bike Lane","facityp":"Painted","grouping":"one-way, both sides","faccode":"Painted","hqbn":"No"}},{"type":"Feature","id":1969,"geometry":{"type":"LineString","coordinates":[[-75.1876581917308,39.9644962106538],[-75.1887106364035,39.9643789801007]]},"properties":{"objectid":1969,"st_name":"HAVERFORD","st_type":"AVE","bikewaytyp":"Painted Bike Lane","facityp":"Painted","grouping":"one-way, one side","faccode":"Painted","hqbn":"No"}},{"type":"Feature","id":1975,"geometry":{"type":"LineString","coordinates":[[-75.1899406193211,39.9630924758412],[-75.1900528947269,39.9636710326242]]},"properties":{"objectid":1975,"st_name":"33RD","st_type":"ST","bikewaytyp":"Sharrow","facityp":"Advisory/Shared","grouping":"one-way, one side","faccode":"Advisory/Shared","hqbn":"No"}},{"type":"Feature","id":1979,"geometry":{"type":"LineString","coordinates":[[-75.1892124315858,39.9588203998812],[-75.1894425064596,39.9603731761195]]},"properties":{"objectid":1979,"st_name":"33RD","st_type":"ST","bikewaytyp":"Painted Bike Lane","facityp":"Painted","grouping":"one-way, one side","faccode":"Painted","hqbn":"No"}},{"type":"Feature","id":1986,"geometry":{"type":"LineString","coordinates":[[-75.1911730412497,39.9573053310671],[-75.1910437148662,39.9578527733044]]},"properties":{"objectid":1986,"st_name":"34TH","st_type":"ST","bikewaytyp":"Painted Bike Lane","facityp":"Painted","grouping":"one-way, one side","faccode":"Painted","hqbn":"No"}},{"type":"Feature","id":1987,"geometry":{"type":"LineString","coordinates":[[-75.1891403221346,39.9582978909964],[-75.1892124315858,39.9588203998812]]},"properties":{"objectid":1987,"st_name":"33RD","st_type":"ST","bikewaytyp":"Painted Bike Lane","facityp":"Painted","grouping":"one-way, one side","faccode":"Painted","hqbn":"No"}},{"type":"Feature","id":1991,"geometry":{"type":"LineString","coordinates":[[-75.187389576779,39.9537961932791],[-75.1897218228929,39.9540831314014]]},"properties":{"objectid":1991,"st_name":"CHESTNUT","st_type":"ST","bikewaytyp":"On-Street Separated Bike Lane","facityp":"Separated","grouping":"one-way, one side","faccode":"OWSBL","hqbn":"Yes"}},{"type":"Feature","id":1992,"geometry":{"type":"LineString","coordinates":[[-75.1916921799281,39.9503297699873],[-75.1925889677225,39.9504554422581]]},"properties":{"objectid":1992,"st_name":"SPRUCE","st_type":"ST","bikewaytyp":"Painted Bike Lane","facityp":"Painted","grouping":"one-way, both sides","faccode":"Painted","hqbn":"No"}},{"type":"Feature","id":1993,"geometry":{"type":"LineString","coordinates":[[-75.1924042556041,39.9497549602463],[-75.1924802200635,39.9496885205992],[-75.192647050023,39.9494550487636],[-75.1927448771672,39.9491653031074],[-75.1928129515129,39.9488262387897],[-75.1929014364567,39.9487205580015]]},"properties":{"objectid":1993,"st_name":"33RD","st_type":"ST","bikewaytyp":"Painted Bike Lane","facityp":"Painted","grouping":"one-way, one side","faccode":"Painted","hqbn":"No"}},{"type":"Feature","id":2013,"geometry":{"type":"LineString","coordinates":[[-75.1920126400555,39.9532794376901],[-75.1920997564121,39.9528235879216]]},"properties":{"objectid":2013,"st_name":"34TH","st_type":"ST","bikewaytyp":"Painted Bike Lane","facityp":"Painted","grouping":"one-way, one side","faccode":"Painted","hqbn":"No"}},{"type":"Feature","id":2016,"geometry":{"type":"LineString","coordinates":[[-75.1916254495785,39.955091626438],[-75.1917813649147,39.9543387638622]]},"properties":{"objectid":2016,"st_name":"34TH","st_type":"ST","bikewaytyp":"Painted Bike Lane","facityp":"Painted","grouping":"one-way, one side","faccode":"Painted","hqbn":"No"}},{"type":"Feature","id":2018,"geometry":{"type":"LineString","coordinates":[[-75.1914669378808,39.9558521580075],[-75.1913185797763,39.9565947389422]]},"properties":{"objectid":2018,"st_name":"34TH","st_type":"ST","bikewaytyp":"Painted Bike Lane","facityp":"Painted","grouping":"one-way, one side","faccode":"Painted","hqbn":"No"}},{"type":"Feature","id":2019,"geometry":{"type":"LineString","coordinates":[[-75.1837433537411,39.9533445340684],[-75.1840637751906,39.9518128613325]]},"properties":{"objectid":2019,"st_name":"30TH","st_type":"ST","bikewaytyp":"Painted Bike Lane","facityp":"Painted","grouping":"one-way, both sides","faccode":"Painted","hqbn":"No"}},{"type":"Feature","id":2021,"geometry":{"type":"LineString","coordinates":[[-75.178997033198,39.9487593788966],[-75.1800235521512,39.9488815436692]]},"properties":{"objectid":2021,"st_name":"SPRUCE","st_type":"ST","bikewaytyp":"Sharrow","facityp":"Advisory/Shared","grouping":"one-way, one side","faccode":"Advisory/Shared","hqbn":"No"}},{"type":"Feature","id":2031,"geometry":{"type":"LineString","coordinates":[[-75.1796865611286,39.96742547534],[-75.1811235540282,39.9674716663323]]},"properties":{"objectid":2031,"st_name":"FAIRMOUNT","st_type":"AVE","bikewaytyp":"Painted Bike Lane","facityp":"Painted","grouping":"one-way, both sides","faccode":"Painted","hqbn":"No"}},{"type":"Feature","id":2038,"geometry":{"type":"LineString","coordinates":[[-75.1704624377028,39.9585594790198],[-75.1708969073986,39.9584578582232],[-75.1711065982342,39.9583470169603],[-75.171238707065,39.9581979404116],[-75.1713695293025,39.9579930701418]]},"properties":{"objectid":2038,"st_name":"LOGAN","st_type":"CIR","bikewaytyp":"Painted Bike Lane","facityp":"Painted","grouping":"one-way, one side","faccode":"Painted","hqbn":"No"}},{"type":"Feature","id":2040,"geometry":{"type":"LineString","coordinates":[[-75.1972460373736,39.9510302047635],[-75.1992074655156,39.9512664190976]]},"properties":{"objectid":2040,"st_name":"SPRUCE","st_type":"ST","bikewaytyp":"Painted Bike Lane","facityp":"Painted","grouping":"one-way, both sides","faccode":"Painted","hqbn":"No"}},{"type":"Feature","id":2050,"geometry":{"type":"LineString","coordinates":[[-75.1755394282849,39.9592011079217],[-75.1754861594757,39.9594544964401],[-75.1754571746863,39.9595937282518],[-75.1753895819325,39.9598991207204]]},"properties":{"objectid":2050,"st_name":"22ND","st_type":"ST","bikewaytyp":"Painted Bike Lane","facityp":"Painted","grouping":"one-way, one side","faccode":"Painted","hqbn":"No"}},{"type":"Feature","id":2053,"geometry":{"type":"LineString","coordinates":[[-75.195741046923,39.9596740879502],[-75.1968138008011,39.9602223241669]]},"properties":{"objectid":2053,"st_name":"LANCASTER","st_type":"AVE","bikewaytyp":"Painted Bike Lane","facityp":"Painted","grouping":"one-way, both sides","faccode":"Painted","hqbn":"No"}},{"type":"Feature","id":2054,"geometry":{"type":"LineString","coordinates":[[-75.1970418837117,39.9595740511144],[-75.1985135711658,39.959454454314],[-75.1986833238217,39.9594386496437]]},"properties":{"objectid":2054,"st_name":"POWELTON","st_type":"AVE","bikewaytyp":"Painted Bike Lane","facityp":"Painted","grouping":"one-way, both sides","faccode":"Painted","hqbn":"No"}},{"type":"Feature","id":2060,"geometry":{"type":"LineString","coordinates":[[-75.1688640354628,39.9584673188655],[-75.1687758484444,39.9589017061669]]},"properties":{"objectid":2060,"st_name":"18TH","st_type":"ST","bikewaytyp":"Sharrow","facityp":"Advisory/Shared","grouping":"one-way, one side","faccode":"Advisory/Shared","hqbn":"No"}},{"type":"Feature","id":2061,"geometry":{"type":"LineString","coordinates":[[-75.1641380642479,39.9579386350387],[-75.1641253125565,39.9580564582341],[-75.164114409479,39.958135277557],[-75.1640951474579,39.9582260712867],[-75.1640812110256,39.9582927612318]]},"properties":{"objectid":2061,"st_name":"15TH","st_type":"ST","bikewaytyp":"Painted Bike Lane","facityp":"Painted","grouping":"one-way, one side","faccode":"Painted","hqbn":"No"}},{"type":"Feature","id":2065,"geometry":{"type":"LineString","coordinates":[[-75.1949004229374,39.9751711902931],[-75.1952012206621,39.975433930972],[-75.195523594952,39.9756553236858],[-75.1958892312909,39.9757333055789],[-75.1963696517803,39.975834249312],[-75.1968641000188,39.9759604672753],[-75.1974090036487,39.9760724423405],[-75.1980373619043,39.9761555472928],[-75.1984026728743,39.9762014911774]]},"properties":{"objectid":2065,"st_name":"LANSDOWNE","st_type":"DR","bikewaytyp":"On-Street Separated Bike Lane","facityp":"Separated","grouping":"one-way, one side","faccode":"OWSBL","hqbn":"Yes"}},{"type":"Feature","id":2069,"geometry":{"type":"LineString","coordinates":[[-75.1894913219023,39.9556022720661],[-75.1896053695904,39.9548284714226]]},"properties":{"objectid":2069,"st_name":"33RD","st_type":"ST","bikewaytyp":"Painted Bike Lane","facityp":"Painted","grouping":"one-way, one side","faccode":"Painted","hqbn":"No"}},{"type":"Feature","id":2070,"geometry":{"type":"LineString","coordinates":[[-75.1897218228929,39.9540831314014],[-75.1900370810119,39.9525636924461]]},"properties":{"objectid":2070,"st_name":"33RD","st_type":"ST","bikewaytyp":"Painted Bike Lane","facityp":"Painted","grouping":"one-way, one side","faccode":"Painted","hqbn":"No"}},{"type":"Feature","id":2073,"geometry":{"type":"LineString","coordinates":[[-75.1827944254386,39.9516575261144],[-75.1840637751906,39.9518128613325]]},"properties":{"objectid":2073,"st_name":"WALNUT","st_type":"ST","bikewaytyp":"On-Street Separated Bike Lane","facityp":"Separated","grouping":"one-way, one side","faccode":"OWSBL","hqbn":"Yes"}},{"type":"Feature","id":2074,"geometry":{"type":"LineString","coordinates":[[-75.1900370810119,39.9525636924461],[-75.1920997564121,39.9528235879216]]},"properties":{"objectid":2074,"st_name":"WALNUT","st_type":"ST","bikewaytyp":"On-Street Separated Bike Lane","facityp":"Separated","grouping":"one-way, one side","faccode":"OWSBL","hqbn":"Yes"}},{"type":"Feature","id":2075,"geometry":{"type":"LineString","coordinates":[[-75.1691754247454,39.9570402213746],[-75.1704602365557,39.9573229458896],[-75.1707294087511,39.9573797375965]]},"properties":{"objectid":2075,"st_name":"BENJAMIN FRANKLIN","st_type":"PKWY","bikewaytyp":"Painted Bike Lane","facityp":"Painted","grouping":"one-way, one side","faccode":"Painted","hqbn":"No"}},{"type":"Feature","id":2076,"geometry":{"type":"LineString","coordinates":[[-75.1847334451502,39.9639584991654],[-75.1852127538092,39.9637669640633],[-75.1856515302405,39.9636360204372],[-75.1864403726293,39.9634903081842],[-75.1874180602965,39.9633763569547]]},"properties":{"objectid":2076,"st_name":"SPRING GARDEN","st_type":"ST","bikewaytyp":"Painted Bike Lane","facityp":"Painted","grouping":"one-way, both sides","faccode":"Painted","hqbn":"No"}},{"type":"Feature","id":2077,"geometry":{"type":"LineString","coordinates":[[-75.1843145944087,39.9641139869632],[-75.1844510546552,39.9640540253395],[-75.1845873708459,39.9640023370162],[-75.1847334451502,39.9639584991654]]},"properties":{"objectid":2077,"st_name":"SPRING GARDEN","st_type":"ST","bikewaytyp":"Painted Bike Lane","facityp":"Painted","grouping":"one-way, both sides","faccode":"Painted","hqbn":"No"}},{"type":"Feature","id":2081,"geometry":{"type":"LineString","coordinates":[[-75.1816807676225,39.9530908853993],[-75.1819363242055,39.9531238793244]]},"properties":{"objectid":2081,"st_name":"CHESTNUT","st_type":"ST","bikewaytyp":"On-Street Separated Bike Lane","facityp":"Separated","grouping":"one-way, one side","faccode":"OWSBL","hqbn":"Yes"}},{"type":"Feature","id":2086,"geometry":{"type":"LineString","coordinates":[[-75.1774664320165,39.9503348360963],[-75.1775751594187,39.9498368493789]]},"properties":{"objectid":2086,"st_name":"22ND","st_type":"ST","bikewaytyp":"On-Street Separated Bike Lane","facityp":"Separated","grouping":"one-way, one side","faccode":"OWSBL","hqbn":"Yes"}},{"type":"Feature","id":2091,"geometry":{"type":"LineString","coordinates":[[-75.1778628806072,39.9645641643196],[-75.1779809153054,39.964620416059],[-75.1780519548466,39.9646693557986],[-75.178071516632,39.9646807686242],[-75.1781275029472,39.9647134310772],[-75.1782066190218,39.9647557121747],[-75.1782872706183,39.9647975518986],[-75.1783699233094,39.9648354052878],[-75.1784550438214,39.9648657274063],[-75.1785444112106,39.9648848261301],[-75.1786412062681,39.9648905526423],[-75.1787391035081,39.964884143718],[-75.1788309228616,39.9648669854921],[-75.1789160839398,39.9648377359821],[-75.1789980582396,39.9647995904932],[-75.1791525986142,39.964723129085]]},"properties":{"objectid":2091,"st_name":"SPRING GARDEN","st_type":"ST","bikewaytyp":"Painted Bike Lane","facityp":"Painted","grouping":"one-way, one side","faccode":"Painted","hqbn":"No"}},{"type":"Feature","id":2095,"geometry":{"type":"LineString","coordinates":[[-75.2200465724577,39.9638289341338],[-75.2209846167692,39.9640469044695]]},"properties":{"objectid":2095,"st_name":"HAVERFORD","st_type":"AVE","bikewaytyp":"Painted Bike Lane","facityp":"Painted","grouping":"one-way, both sides","faccode":"Painted","hqbn":"No"}},{"type":"Feature","id":2096,"geometry":{"type":"LineString","coordinates":[[-75.1777515734504,39.9627919308228],[-75.1781355130827,39.9628118158728],[-75.1788220121976,39.9629991587587]]},"properties":{"objectid":2096,"st_name":"MARTIN LUTHER KING","st_type":"DR","bikewaytyp":"Painted Bike Lane","facityp":"Painted","grouping":"one-way, both sides","faccode":"Painted","hqbn":"No"}},{"type":"Feature","id":2097,"geometry":{"type":"LineString","coordinates":[[-75.1984026728743,39.9762014911774],[-75.1982833043689,39.9769787033121],[-75.1982696132027,39.9770678408082],[-75.1982370176999,39.9772800705047]]},"properties":{"objectid":2097,"st_name":"SWEETBRIAR","st_type":"DR","bikewaytyp":"On-Street Separated Bike Lane","facityp":"Separated","grouping":"two-way, one side","faccode":"TWSBL","hqbn":"Yes"}},{"type":"Feature","id":2099,"geometry":{"type":"LineString","coordinates":[[-75.2112919705925,39.9769923423931],[-75.2134726076985,39.9778001758296]]},"properties":{"objectid":2099,"st_name":"PARKSIDE","st_type":"AVE","bikewaytyp":"On-Street Separated Bike Lane","facityp":"Separated","grouping":"two-way, one side","faccode":"TWSBL","hqbn":"Yes"}},{"type":"Feature","id":2103,"geometry":{"type":"LineString","coordinates":[[-75.2171700550847,39.9582542940744],[-75.2173237413308,39.957508193251]]},"properties":{"objectid":2103,"st_name":"48TH","st_type":"ST","bikewaytyp":"Painted Bike Lane","facityp":"Painted","grouping":"one-way, both sides","faccode":"Painted","hqbn":"No"}},{"type":"Feature","id":2109,"geometry":{"type":"LineString","coordinates":[[-75.2081305164054,39.9579248730949],[-75.2079797302108,39.9586225225993]]},"properties":{"objectid":2109,"st_name":"43RD","st_type":"ST","bikewaytyp":"Painted Bike Lane","facityp":"Painted","grouping":"one-way, one side","faccode":"Painted","hqbn":"No"}},{"type":"Feature","id":2113,"geometry":{"type":"LineString","coordinates":[[-75.2019564387869,39.9571584582618],[-75.2034070311991,39.9573387174569]]},"properties":{"objectid":2113,"st_name":"MARKET","st_type":"ST","bikewaytyp":"Painted Bike Lane","facityp":"Painted","grouping":"one-way, both sides","faccode":"Painted","hqbn":"No"}},{"type":"Feature","id":2115,"geometry":{"type":"LineString","coordinates":[[-75.2019564387869,39.9571584582618],[-75.2018261836705,39.9578360781112],[-75.2018360414393,39.9578807012961]]},"properties":{"objectid":2115,"st_name":"40TH","st_type":"ST","bikewaytyp":"Painted Bike Lane","facityp":"Painted","grouping":"one-way, one side","faccode":"Painted","hqbn":"No"}},{"type":"Feature","id":2117,"geometry":{"type":"LineString","coordinates":[[-75.2022371003448,39.9616528186274],[-75.202268269542,39.961953078673],[-75.2022967858493,39.962231355642]]},"properties":{"objectid":2117,"st_name":"40TH","st_type":"ST","bikewaytyp":"Painted Bike Lane","facityp":"Painted","grouping":"one-way, one side","faccode":"Painted","hqbn":"No"}},{"type":"Feature","id":2119,"geometry":{"type":"LineString","coordinates":[[-75.1970571752306,39.9615405162383],[-75.1971996106954,39.9622964754591]]},"properties":{"objectid":2119,"st_name":"38TH","st_type":"ST","bikewaytyp":"Painted Bike Lane","facityp":"Painted","grouping":"one-way, one side","faccode":"Painted","hqbn":"No"}},{"type":"Feature","id":2122,"geometry":{"type":"LineString","coordinates":[[-75.2098173152757,39.9624630393119],[-75.2104929061166,39.9625806451716],[-75.2105619078923,39.9625805893762]]},"properties":{"objectid":2122,"st_name":"HAVERFORD","st_type":"AVE","bikewaytyp":"Painted Bike Lane","facityp":"Painted","grouping":"one-way, both sides","faccode":"Painted","hqbn":"No"}},{"type":"Feature","id":2148,"geometry":{"type":"LineString","coordinates":[[-75.2168178063996,39.9790356085645],[-75.2192544833375,39.9799443567494]]},"properties":{"objectid":2148,"st_name":"PARKSIDE","st_type":"AVE","bikewaytyp":"On-Street Separated Bike Lane","facityp":"Separated","grouping":"two-way, one side","faccode":"TWSBL","hqbn":"Yes"}},{"type":"Feature","id":2152,"geometry":{"type":"LineString","coordinates":[[-75.2097409157946,39.9565716561686],[-75.2097547824851,39.9564949085534],[-75.2098327235153,39.9561378081831],[-75.209833812991,39.9561326551442],[-75.209836277561,39.9561210038866]]},"properties":{"objectid":2152,"st_name":"44TH","st_type":"ST","bikewaytyp":"Painted Bike Lane","facityp":"Painted","grouping":"one-way, one side","faccode":"Painted","hqbn":"No"}},{"type":"Feature","id":2158,"geometry":{"type":"LineString","coordinates":[[-75.164196391096,39.9577230003073],[-75.1641380642479,39.9579386350387]]},"properties":{"objectid":2158,"st_name":"15TH","st_type":"ST","bikewaytyp":"On-Street Separated Bike Lane","facityp":"Separated","grouping":"one-way, one side","faccode":"OWSBL","hqbn":"Yes"}},{"type":"Feature","id":2164,"geometry":{"type":"LineString","coordinates":[[-75.1925889677225,39.9504554422581],[-75.1952974537159,39.950798534146],[-75.1953254694848,39.9507910354856]]},"properties":{"objectid":2164,"st_name":"SPRUCE","st_type":"ST","bikewaytyp":"Painted Bike Lane","facityp":"Painted","grouping":"one-way, both sides","faccode":"Painted","hqbn":"No"}},{"type":"Feature","id":2166,"geometry":{"type":"LineString","coordinates":[[-75.1992074655156,39.9512664190976],[-75.2008043422248,39.9514675445856]]},"properties":{"objectid":2166,"st_name":"SPRUCE","st_type":"ST","bikewaytyp":"Painted Bike Lane","facityp":"Painted","grouping":"one-way, both sides","faccode":"Painted","hqbn":"No"}},{"type":"Feature","id":2170,"geometry":{"type":"LineString","coordinates":[[-75.1717188709421,39.9586719671457],[-75.1717212967847,39.9586737912541],[-75.1718342524589,39.9587324817898],[-75.1720835475794,39.9588011331312]]},"properties":{"objectid":2170,"st_name":"BENJAMIN FRANKLIN","st_type":"PKWY","bikewaytyp":"Painted Bike Lane","facityp":"Painted","grouping":"one-way, one side","faccode":"Painted","hqbn":"No"}},{"type":"Feature","id":2171,"geometry":{"type":"LineString","coordinates":[[-75.2037225157547,39.9741913916601],[-75.2043640921848,39.9744266025925]]},"properties":{"objectid":2171,"st_name":"PARKSIDE","st_type":"AVE","bikewaytyp":"Painted Bike Lane","facityp":"Painted","grouping":"one-way, one side","faccode":"Painted","hqbn":"No"}},{"type":"Feature","id":2173,"geometry":{"type":"LineString","coordinates":[[-75.1925889677225,39.9504554422581],[-75.1926047463597,39.9500609092733],[-75.1926091237345,39.9499446038432],[-75.1926355003191,39.9498479632144]]},"properties":{"objectid":2173,"st_name":"34TH","st_type":"ST","bikewaytyp":"Painted Bike Lane","facityp":"Painted","grouping":"one-way, one side","faccode":"Painted","hqbn":"No"}},{"type":"Feature","id":2178,"geometry":{"type":"LineString","coordinates":[[-75.1711890295293,39.9575625079956],[-75.1712402088317,39.9576245967046],[-75.1713138925534,39.9577502045528],[-75.1713758662314,39.957884780935],[-75.1713695293025,39.9579930701418]]},"properties":{"objectid":2178,"st_name":"BENJAMIN FRANKLIN","st_type":"PKWY","bikewaytyp":"Painted Bike Lane","facityp":"Painted","grouping":"one-way, one side","faccode":"Painted","hqbn":"No"}},{"type":"Feature","id":2180,"geometry":{"type":"LineString","coordinates":[[-75.1968138008011,39.9602223241669],[-75.1969583649621,39.9603079652892],[-75.1977489067124,39.9607234035316]]},"properties":{"objectid":2180,"st_name":"LANCASTER","st_type":"AVE","bikewaytyp":"Painted Bike Lane","facityp":"Painted","grouping":"one-way, both sides","faccode":"Painted","hqbn":"No"}},{"type":"Feature","id":2203,"geometry":{"type":"LineString","coordinates":[[-75.1894913219023,39.9556022720661],[-75.1893209551235,39.9564298771213]]},"properties":{"objectid":2203,"st_name":"33RD","st_type":"ST","bikewaytyp":"Painted Bike Lane","facityp":"Painted","grouping":"one-way, one side","faccode":"Painted","hqbn":"No"}},{"type":"Feature","id":2208,"geometry":{"type":"LineString","coordinates":[[-75.1834740362908,39.9643496021705],[-75.1837466938851,39.9642876269112],[-75.1843145944087,39.9641139869632]]},"properties":{"objectid":2208,"st_name":"SPRING GARDEN","st_type":"ST","bikewaytyp":"Painted Bike Lane","facityp":"Painted","grouping":"one-way, both sides","faccode":"Painted","hqbn":"No"}},{"type":"Feature","id":2209,"geometry":{"type":"LineString","coordinates":[[-75.1784822364596,39.9511140577387],[-75.1789842107685,39.9511825686898],[-75.1795111485018,39.9512491148718],[-75.1806200667657,39.9513895128066],[-75.1817435048679,39.9515285491175]]},"properties":{"objectid":2209,"st_name":"WALNUT","st_type":"ST","bikewaytyp":"On-Street Separated Bike Lane","facityp":"Separated","grouping":"one-way, one side","faccode":"OWSBL","hqbn":"Yes"}},{"type":"Feature","id":2210,"geometry":{"type":"LineString","coordinates":[[-75.1817435048679,39.9515285491175],[-75.1824195762845,39.9516122141598],[-75.1825437327961,39.9516290478894],[-75.1827944254386,39.9516575261144]]},"properties":{"objectid":2210,"st_name":"WALNUT","st_type":"ST","bikewaytyp":"On-Street Separated Bike Lane","facityp":"Separated","grouping":"one-way, one side","faccode":"OWSBL","hqbn":"Yes"}},{"type":"Feature","id":2213,"geometry":{"type":"LineString","coordinates":[[-75.1977592215362,39.9574054810705],[-75.1977356497855,39.9574810565651],[-75.1977389037964,39.9575192901771],[-75.1976191381108,39.9578628229605]]},"properties":{"objectid":2213,"st_name":"38TH","st_type":"ST","bikewaytyp":"Painted Bike Lane","facityp":"Painted","grouping":"one-way, both sides","faccode":"Painted","hqbn":"No"}},{"type":"Feature","id":2215,"geometry":{"type":"LineString","coordinates":[[-75.1975107319668,39.9581841913406],[-75.1976191381108,39.9578628229605]]},"properties":{"objectid":2215,"st_name":"38TH","st_type":"ST","bikewaytyp":"Painted Bike Lane","facityp":"Painted","grouping":"one-way, both sides","faccode":"Painted","hqbn":"No"}},{"type":"Feature","id":2216,"geometry":{"type":"LineString","coordinates":[[-75.197251076245,39.9589539273847],[-75.1975107319668,39.9581841913406]]},"properties":{"objectid":2216,"st_name":"38TH","st_type":"ST","bikewaytyp":"Painted Bike Lane","facityp":"Painted","grouping":"one-way, both sides","faccode":"Painted","hqbn":"No"}},{"type":"Feature","id":2217,"geometry":{"type":"LineString","coordinates":[[-75.1956440817903,39.9563776127499],[-75.1961231100098,39.9564382834503]]},"properties":{"objectid":2217,"st_name":"MARKET","st_type":"ST","bikewaytyp":"Painted Bike Lane","facityp":"Painted","grouping":"one-way, both sides","faccode":"Painted","hqbn":"No"}},{"type":"Feature","id":2224,"geometry":{"type":"LineString","coordinates":[[-75.139248866594,39.9709507242661],[-75.1389361206384,39.9724454439556]]},"properties":{"objectid":2224,"st_name":"2ND","st_type":"ST","bikewaytyp":"Sharrow","facityp":"Advisory/Shared","grouping":"one-way, both sides","faccode":"Advisory/Shared","hqbn":"No"}},{"type":"Feature","id":2226,"geometry":{"type":"LineString","coordinates":[[-75.1557210705098,39.9709909133383],[-75.1556046206046,39.9715455018506]]},"properties":{"objectid":2226,"st_name":"12TH","st_type":"ST","bikewaytyp":"Painted Bike Lane","facityp":"Painted","grouping":"one-way, one side","faccode":"Painted","hqbn":"No"}},{"type":"Feature","id":2227,"geometry":{"type":"LineString","coordinates":[[-75.1304553399235,39.9701982307055],[-75.1307029430066,39.9706536121974]]},"properties":{"objectid":2227,"st_name":"COLUMBIA","st_type":"AVE","bikewaytyp":"Sharrow","facityp":"Advisory/Shared","grouping":"one-way, one side","faccode":"Advisory/Shared","hqbn":"No"}},{"type":"Feature","id":2228,"geometry":{"type":"LineString","coordinates":[[-75.1573990451044,39.970717505822],[-75.1573230860064,39.9710729747069],[-75.1572819281247,39.9712002019378]]},"properties":{"objectid":2228,"st_name":"13TH","st_type":"ST","bikewaytyp":"Sharrow","facityp":"Advisory/Shared","grouping":"one-way, one side","faccode":"Advisory/Shared","hqbn":"No"}},{"type":"Feature","id":2232,"geometry":{"type":"LineString","coordinates":[[-75.1542692226717,39.9702551658139],[-75.1541524501343,39.9707876113738]]},"properties":{"objectid":2232,"st_name":"11TH","st_type":"ST","bikewaytyp":"Painted Bike Lane","facityp":"Painted","grouping":"one-way, one side","faccode":"Painted","hqbn":"No"}},{"type":"Feature","id":2246,"geometry":{"type":"LineString","coordinates":[[-75.1300680016652,39.9666153810742],[-75.1302914048917,39.9670335827584]]},"properties":{"objectid":2246,"st_name":"MARLBOROUGH","st_type":"ST","bikewaytyp":"Sharrow","facityp":"Advisory/Shared","grouping":"one-way, both sides","faccode":"Advisory/Shared","hqbn":"No"}},{"type":"Feature","id":2247,"geometry":{"type":"LineString","coordinates":[[-75.1582863788467,39.9665379839255],[-75.1580627423818,39.9675680945119]]},"properties":{"objectid":2247,"st_name":"13TH","st_type":"ST","bikewaytyp":"On-Street Separated Bike Lane","facityp":"Separated","grouping":"one-way, one side","faccode":"OWSBL","hqbn":"Yes"}},{"type":"Feature","id":2248,"geometry":{"type":"LineString","coordinates":[[-75.1317852650271,39.9657937672518],[-75.1300680016652,39.9666153810742]]},"properties":{"objectid":2248,"st_name":"DELAWARE","st_type":"AVE","bikewaytyp":"Painted Bike Lane","facityp":"Painted","grouping":"one-way, one side","faccode":"Painted","hqbn":"No"}},{"type":"Feature","id":2249,"geometry":{"type":"LineString","coordinates":[[-75.156777822523,39.9661535017535],[-75.156560808824,39.9671316771303]]},"properties":{"objectid":2249,"st_name":"12TH","st_type":"ST","bikewaytyp":"Painted Bike Lane","facityp":"Painted","grouping":"one-way, one side","faccode":"Painted","hqbn":"No"}},{"type":"Feature","id":2253,"geometry":{"type":"LineString","coordinates":[[-75.1589172413884,39.9637806612633],[-75.1586774642326,39.9648630861958]]},"properties":{"objectid":2253,"st_name":"13TH","st_type":"ST","bikewaytyp":"Sharrow","facityp":"Advisory/Shared","grouping":"one-way, one side","faccode":"Advisory/Shared","hqbn":"No"}},{"type":"Feature","id":2260,"geometry":{"type":"LineString","coordinates":[[-75.1593078139069,39.9619223041088],[-75.1605185760203,39.9620958707599],[-75.1609228460385,39.9621771199394],[-75.1611752031337,39.9622715853661],[-75.1613833739543,39.9623267555567]]},"properties":{"objectid":2260,"st_name":"SPRING GARDEN","st_type":"ST","bikewaytyp":"Painted Bike Lane","facityp":"Painted","grouping":"one-way, one side","faccode":"Painted","hqbn":"No"}},{"type":"Feature","id":2270,"geometry":{"type":"LineString","coordinates":[[-75.1594800506881,39.9611908826674],[-75.1594050016026,39.961538436918]]},"properties":{"objectid":2270,"st_name":"13TH","st_type":"ST","bikewaytyp":"On-Street Separated Bike Lane","facityp":"Separated","grouping":"one-way, one side","faccode":"OWSBL","hqbn":"Yes"}},{"type":"Feature","id":2280,"geometry":{"type":"LineString","coordinates":[[-75.1515418534676,39.9529577681779],[-75.1531465097368,39.9531628150671]]},"properties":{"objectid":2280,"st_name":"ARCH","st_type":"ST","bikewaytyp":"Sharrow","facityp":"Advisory/Shared","grouping":"one-way, one side","faccode":"Advisory/Shared","hqbn":"No"}},{"type":"Feature","id":2283,"geometry":{"type":"LineString","coordinates":[[-75.149928085977,39.9527668228519],[-75.1515418534676,39.9529577681779]]},"properties":{"objectid":2283,"st_name":"ARCH","st_type":"ST","bikewaytyp":"Sharrow","facityp":"Advisory/Shared","grouping":"one-way, one side","faccode":"Advisory/Shared","hqbn":"No"}},{"type":"Feature","id":2300,"geometry":{"type":"LineString","coordinates":[[-75.1520036157255,39.950945717969],[-75.1535852999251,39.9511362295509]]},"properties":{"objectid":2300,"st_name":"MARKET","st_type":"ST","bikewaytyp":"Sharrow","facityp":"Advisory/Shared","grouping":"one-way, both sides","faccode":"Advisory/Shared","hqbn":"No"}},{"type":"Feature","id":2319,"geometry":{"type":"LineString","coordinates":[[-75.1491890697381,39.9490415954212],[-75.1507699014759,39.949232989951]]},"properties":{"objectid":2319,"st_name":"CHESTNUT","st_type":"ST","bikewaytyp":"Bus/Bike Lane","facityp":"Advisory/Shared","grouping":"one-way, one side","faccode":"Advisory/Shared","hqbn":"No"}},{"type":"Feature","id":2331,"geometry":{"type":"LineString","coordinates":[[-75.1622749540103,39.9483388032357],[-75.1623630546295,39.9479418510006]]},"properties":{"objectid":2331,"st_name":"13TH","st_type":"ST","bikewaytyp":"On-Street Separated Bike Lane","facityp":"Separated","grouping":"one-way, one side","faccode":"OWSBL","hqbn":"Yes"}},{"type":"Feature","id":2351,"geometry":{"type":"LineString","coordinates":[[-75.1406684377066,39.9696616244079],[-75.1407097806952,39.9698352321085]]},"properties":{"objectid":2351,"st_name":"GERMANTOWN","st_type":"AVE","bikewaytyp":"Raised Separated Bike Lane","facityp":"Separated","grouping":"two-way, one side","faccode":"TWSBL","hqbn":"Yes"}},{"type":"Feature","id":2355,"geometry":{"type":"LineString","coordinates":[[-75.1354081698323,39.9635607919525],[-75.1343465086091,39.9644907077393]]},"properties":{"objectid":2355,"st_name":"DELAWARE","st_type":"AVE","bikewaytyp":"Painted Bike Lane","facityp":"Painted","grouping":"one-way, one side","faccode":"Painted","hqbn":"Yes"}},{"type":"Feature","id":2356,"geometry":{"type":"LineString","coordinates":[[-75.1466023496439,39.9611153085881],[-75.1482139529689,39.9612856823822]]},"properties":{"objectid":2356,"st_name":"SPRING GARDEN","st_type":"ST","bikewaytyp":"Painted Bike Lane","facityp":"Painted","grouping":"one-way, one side","faccode":"Painted","hqbn":"No"}},{"type":"Feature","id":2358,"geometry":{"type":"LineString","coordinates":[[-75.1376357340258,39.9589463941554],[-75.1372398035889,39.960039739673]]},"properties":{"objectid":2358,"st_name":"CHRISTOPHER COLUMBUS","st_type":"BLVD","bikewaytyp":"Raised Separated Bike Lane","facityp":"Separated","grouping":"one-way & two-way, each side","faccode":"TWSBL+","hqbn":"Yes"}},{"type":"Feature","id":2359,"geometry":{"type":"LineString","coordinates":[[-75.1488222091736,39.9580320811739],[-75.1496367190014,39.9581333542509],[-75.1498892367593,39.9580990002036],[-75.1501343718163,39.9580974835806],[-75.1503178391833,39.9581063561914],[-75.1504440608937,39.9581267276732]]},"properties":{"objectid":2359,"st_name":"CALLOWHILL","st_type":"ST","bikewaytyp":"Painted Bike Lane","facityp":"Painted","grouping":"one-way, one side","faccode":"Painted","hqbn":"No"}},{"type":"Feature","id":2378,"geometry":{"type":"LineString","coordinates":[[-75.1613833739543,39.9623267555567],[-75.1615635094212,39.9623902687963],[-75.1631151410423,39.9626044891065]]},"properties":{"objectid":2378,"st_name":"SPRING GARDEN","st_type":"ST","bikewaytyp":"Painted Bike Lane","facityp":"Painted","grouping":"one-way, one side","faccode":"Painted","hqbn":"No"}},{"type":"Feature","id":2379,"geometry":{"type":"LineString","coordinates":[[-75.1511282336185,39.9548576963099],[-75.1516711339809,39.9549224388285]]},"properties":{"objectid":2379,"st_name":"RACE","st_type":"ST","bikewaytyp":"On-Street Separated Bike Lane","facityp":"Separated","grouping":"one-way, one side","faccode":"OWSBL","hqbn":"Yes"}},{"type":"Feature","id":2380,"geometry":{"type":"LineString","coordinates":[[-75.1495126078627,39.9546533977733],[-75.1511282336185,39.9548576963099]]},"properties":{"objectid":2380,"st_name":"RACE","st_type":"ST","bikewaytyp":"On-Street Separated Bike Lane","facityp":"Separated","grouping":"one-way, one side","faccode":"OWSBL","hqbn":"Yes"}},{"type":"Feature","id":2381,"geometry":{"type":"LineString","coordinates":[[-75.1423958023935,39.9561427946638],[-75.1421903455295,39.9572266943115]]},"properties":{"objectid":2381,"st_name":"2ND","st_type":"ST","bikewaytyp":"On-Street Separated Bike Lane","facityp":"Separated","grouping":"one-way, one side","faccode":"OWSBL","hqbn":"Yes"}},{"type":"Feature","id":2390,"geometry":{"type":"LineString","coordinates":[[-75.1438671161458,39.9538902866654],[-75.1448434449138,39.954016596536]]},"properties":{"objectid":2390,"st_name":"RACE","st_type":"ST","bikewaytyp":"Sharrow","facityp":"Advisory/Shared","grouping":"one-way, one side","faccode":"Advisory/Shared","hqbn":"No"}},{"type":"Feature","id":2410,"geometry":{"type":"LineString","coordinates":[[-75.159886058449,39.9593211080483],[-75.1619626917368,39.9595802103352]]},"properties":{"objectid":2410,"st_name":"CALLOWHILL","st_type":"ST","bikewaytyp":"Sharrow","facityp":"Advisory/Shared","grouping":"one-way, one side","faccode":"Advisory/Shared","hqbn":"No"}},{"type":"Feature","id":2412,"geometry":{"type":"LineString","coordinates":[[-75.1305872009125,39.9675689013305],[-75.1311459063206,39.9685732410169]]},"properties":{"objectid":2412,"st_name":"MARLBOROUGH","st_type":"ST","bikewaytyp":"Sharrow","facityp":"Advisory/Shared","grouping":"one-way, both sides","faccode":"Advisory/Shared","hqbn":"No"}},{"type":"Feature","id":2414,"geometry":{"type":"LineString","coordinates":[[-75.136820603532,39.9611784837938],[-75.1362982835677,39.9624607101474]]},"properties":{"objectid":2414,"st_name":"DELAWARE","st_type":"AVE","bikewaytyp":"Painted Bike Lane","facityp":"Painted","grouping":"one-way, one side","faccode":"Painted","hqbn":"Yes"}},{"type":"Feature","id":2415,"geometry":{"type":"LineString","coordinates":[[-75.1389052851537,39.9603105083265],[-75.1414694264721,39.9605680001736]]},"properties":{"objectid":2415,"st_name":"SPRING GARDEN","st_type":"ST","bikewaytyp":"Painted Bike Lane","facityp":"Painted","grouping":"one-way, one side","faccode":"Painted","hqbn":"No"}},{"type":"Feature","id":2426,"geometry":{"type":"LineString","coordinates":[[-75.1409918234183,39.9499863397517],[-75.1416558190885,39.9470259397298]]},"properties":{"objectid":2426,"st_name":"CHRISTOPHER COLUMBUS","st_type":"BLVD","bikewaytyp":"Raised Separated Bike Lane","facityp":"Separated","grouping":"one-way & two-way, each side","faccode":"TWSBL+","hqbn":"Yes"}},{"type":"Feature","id":2427,"geometry":{"type":"LineString","coordinates":[[-75.1400157825256,39.9535180049134],[-75.1397422467407,39.9542349040363]]},"properties":{"objectid":2427,"st_name":"CHRISTOPHER COLUMBUS","st_type":"BLVD","bikewaytyp":"Raised Separated Bike Lane","facityp":"Separated","grouping":"one-way & two-way, each side","faccode":"TWSBL+","hqbn":"Yes"}},{"type":"Feature","id":2428,"geometry":{"type":"LineString","coordinates":[[-75.1488222091736,39.9580320811739],[-75.1487286811037,39.9585070258591]]},"properties":{"objectid":2428,"st_name":"6TH","st_type":"ST","bikewaytyp":"On-Street Separated Bike Lane","facityp":"Separated","grouping":"one-way, one side","faccode":"OWSBL","hqbn":"Yes"}},{"type":"Feature","id":2431,"geometry":{"type":"LineString","coordinates":[[-75.1491336247412,39.9562004996887],[-75.1490407054747,39.9568672370186]]},"properties":{"objectid":2431,"st_name":"6TH","st_type":"ST","bikewaytyp":"On-Street Separated Bike Lane","facityp":"Separated","grouping":"one-way, one side","faccode":"OWSBL","hqbn":"Yes"}},{"type":"Feature","id":2434,"geometry":{"type":"LineString","coordinates":[[-75.1503781369547,39.9507433724548],[-75.1505981883563,39.9497512087555]]},"properties":{"objectid":2434,"st_name":"INDEPENDENCE","st_type":"MALL","bikewaytyp":"Painted Bike Lane","facityp":"Painted","grouping":"one-way, one side","faccode":"Painted","hqbn":"No"}},{"type":"Feature","id":2443,"geometry":{"type":"LineString","coordinates":[[-75.1570642218471,39.9500159958769],[-75.158635830597,39.9502121155384]]},"properties":{"objectid":2443,"st_name":"CHESTNUT","st_type":"ST","bikewaytyp":"Bus/Bike Lane","facityp":"Advisory/Shared","grouping":"one-way, one side","faccode":"Advisory/Shared","hqbn":"No"}},{"type":"Feature","id":2447,"geometry":{"type":"LineString","coordinates":[[-75.1420580770292,39.9451334678891],[-75.1422149136694,39.9441668535027]]},"properties":{"objectid":2447,"st_name":"CHRISTOPHER COLUMBUS","st_type":"BLVD","bikewaytyp":"Raised Separated Bike Lane","facityp":"Separated","grouping":"one-way & two-way, each side","faccode":"TWSBL+","hqbn":"Yes"}},{"type":"Feature","id":2448,"geometry":{"type":"LineString","coordinates":[[-75.1392200470489,39.9553514522027],[-75.1389072537186,39.9563199844002],[-75.1387256758462,39.9567908739801]]},"properties":{"objectid":2448,"st_name":"CHRISTOPHER COLUMBUS","st_type":"BLVD","bikewaytyp":"Raised Separated Bike Lane","facityp":"Separated","grouping":"one-way & two-way, each side","faccode":"TWSBL+","hqbn":"Yes"}},{"type":"Feature","id":2455,"geometry":{"type":"LineString","coordinates":[[-75.149844463779,39.9613700990573],[-75.1513580751038,39.9614368562814]]},"properties":{"objectid":2455,"st_name":"SPRING GARDEN","st_type":"ST","bikewaytyp":"Painted Bike Lane","facityp":"Painted","grouping":"one-way, one side","faccode":"Painted","hqbn":"No"}},{"type":"Feature","id":2456,"geometry":{"type":"LineString","coordinates":[[-75.1578660700615,39.9537575355594],[-75.1594374015722,39.9539627848887]]},"properties":{"objectid":2456,"st_name":"ARCH","st_type":"ST","bikewaytyp":"Sharrow","facityp":"Advisory/Shared","grouping":"one-way, one side","faccode":"Advisory/Shared","hqbn":"No"}},{"type":"Feature","id":2463,"geometry":{"type":"LineString","coordinates":[[-75.1422149136694,39.9441668535027],[-75.1422284180134,39.9440373879764],[-75.142330999027,39.9428106219649],[-75.1423791107664,39.9415947921912]]},"properties":{"objectid":2463,"st_name":"CHRISTOPHER COLUMBUS","st_type":"BLVD","bikewaytyp":"Raised Separated Bike Lane","facityp":"Separated","grouping":"one-way & two-way, each side","faccode":"TWSBL+","hqbn":"Yes"}},{"type":"Feature","id":2469,"geometry":{"type":"LineString","coordinates":[[-75.1457014292903,39.9576182457882],[-75.1471042202254,39.9577969984991]]},"properties":{"objectid":2469,"st_name":"CALLOWHILL","st_type":"ST","bikewaytyp":"Painted Bike Lane","facityp":"Painted","grouping":"one-way, one side","faccode":"Painted","hqbn":"No"}},{"type":"Feature","id":2485,"geometry":{"type":"LineString","coordinates":[[-75.140547239258,39.9536140246454],[-75.1412561217432,39.95373620415],[-75.1414350633712,39.9537615752734],[-75.1415535715031,39.9537749209888],[-75.1425780402407,39.953787051796]]},"properties":{"objectid":2485,"st_name":"RACE","st_type":"ST","bikewaytyp":"Shared Use Sidepath","facityp":"Separated","grouping":"two-way, one side","faccode":"TWSBL","hqbn":"Yes"}},{"type":"Feature","id":2488,"geometry":{"type":"LineString","coordinates":[[-75.1493500467259,39.9552450305699],[-75.1491336247412,39.9562004996887]]},"properties":{"objectid":2488,"st_name":"6TH","st_type":"ST","bikewaytyp":"On-Street Separated Bike Lane","facityp":"Separated","grouping":"one-way, one side","faccode":"OWSBL","hqbn":"Yes"}},{"type":"Feature","id":2490,"geometry":{"type":"LineString","coordinates":[[-75.1472955494836,39.9578213780122],[-75.1472258108175,39.9579242530518],[-75.1471157960967,39.9586033013218]]},"properties":{"objectid":2490,"st_name":"5TH","st_type":"ST","bikewaytyp":"Painted Bike Lane","facityp":"Painted","grouping":"one-way, one side","faccode":"Painted","hqbn":"No"}},{"type":"Feature","id":2491,"geometry":{"type":"LineString","coordinates":[[-75.1397422467407,39.9542349040363],[-75.139382861666,39.9551609823013],[-75.1392200470489,39.9553514522027]]},"properties":{"objectid":2491,"st_name":"CHRISTOPHER COLUMBUS","st_type":"BLVD","bikewaytyp":"Raised Separated Bike Lane","facityp":"Separated","grouping":"one-way & two-way, each side","faccode":"TWSBL+","hqbn":"Yes"}},{"type":"Feature","id":2494,"geometry":{"type":"LineString","coordinates":[[-75.1300680016652,39.9666153810742],[-75.1291160572399,39.9673633171124],[-75.1289921182333,39.967527646278]]},"properties":{"objectid":2494,"st_name":"DELAWARE","st_type":"AVE","bikewaytyp":"Painted Bike Lane","facityp":"Painted","grouping":"one-way, one side","faccode":"Painted","hqbn":"No"}},{"type":"Feature","id":2500,"geometry":{"type":"LineString","coordinates":[[-75.1273046442385,39.9688324757511],[-75.1266724291063,39.9691760986656],[-75.1260408928766,39.969512254337]]},"properties":{"objectid":2500,"st_name":"DELAWARE","st_type":"AVE","bikewaytyp":"Painted Bike Lane","facityp":"Painted","grouping":"one-way, one side","faccode":"Painted","hqbn":"No"}},{"type":"Feature","id":2510,"geometry":{"type":"LineString","coordinates":[[-75.1482431306332,39.9535852182219],[-75.1480219302124,39.9537972265715],[-75.1473027635323,39.9572770905393],[-75.1471926119585,39.9578082619282]]},"properties":{"objectid":2510,"st_name":"5TH","st_type":"TUNL","bikewaytyp":"On-Street Separated Bike Lane","facityp":"Separated","grouping":"one-way, one side","faccode":"OWSBL","hqbn":"Yes"}},{"type":"Feature","id":2514,"geometry":{"type":"LineString","coordinates":[[-75.1509753235357,39.9680870343367],[-75.15150297691,39.9681918640397]]},"properties":{"objectid":2514,"st_name":"POPLAR","st_type":"ST","bikewaytyp":"Painted Bike Lane","facityp":"Painted","grouping":"one-way, both sides","faccode":"Painted","hqbn":"No"}},{"type":"Feature","id":2543,"geometry":{"type":"LineString","coordinates":[[-75.1728506070706,39.9639324052024],[-75.1744508440461,39.964123420661]]},"properties":{"objectid":2543,"st_name":"SPRING GARDEN","st_type":"ST","bikewaytyp":"Painted Bike Lane","facityp":"Painted","grouping":"one-way, one side","faccode":"Painted","hqbn":"No"}},{"type":"Feature","id":2547,"geometry":{"type":"LineString","coordinates":[[-75.1678093854579,39.9633152764403],[-75.1693816381722,39.9635077715086]]},"properties":{"objectid":2547,"st_name":"SPRING GARDEN","st_type":"ST","bikewaytyp":"Painted Bike Lane","facityp":"Painted","grouping":"one-way, one side","faccode":"Painted","hqbn":"No"}},{"type":"Feature","id":2548,"geometry":{"type":"LineString","coordinates":[[-75.1662303561266,39.9631219294594],[-75.1678093854579,39.9633152764403]]},"properties":{"objectid":2548,"st_name":"SPRING GARDEN","st_type":"ST","bikewaytyp":"Painted Bike Lane","facityp":"Painted","grouping":"one-way, one side","faccode":"Painted","hqbn":"No"}},{"type":"Feature","id":2561,"geometry":{"type":"LineString","coordinates":[[-75.1504440608937,39.9581267276732],[-75.1509119728786,39.9581757496239],[-75.1516699395675,39.9582749495782],[-75.1520494467388,39.9583363917141]]},"properties":{"objectid":2561,"st_name":"CALLOWHILL","st_type":"ST","bikewaytyp":"Sharrow","facityp":"Advisory/Shared","grouping":"one-way, one side","faccode":"Advisory/Shared","hqbn":"No"}},{"type":"Feature","id":2562,"geometry":{"type":"LineString","coordinates":[[-75.1249009787689,39.9698683067912],[-75.1247703961022,39.9699205657676]]},"properties":{"objectid":2562,"st_name":"DELAWARE","st_type":"AVE","bikewaytyp":"Painted Bike Lane","facityp":"Painted","grouping":"one-way, both sides","faccode":"Painted","hqbn":"No"}},{"type":"Feature","id":2564,"geometry":{"type":"LineString","coordinates":[[-75.1260408928766,39.969512254337],[-75.1252819163041,39.9698090387095],[-75.1250239756031,39.9699512832839],[-75.1249534252563,39.9699955288993]]},"properties":{"objectid":2564,"st_name":"DELAWARE","st_type":"AVE","bikewaytyp":"Painted Bike Lane","facityp":"Painted","grouping":"one-way, one side","faccode":"Painted","hqbn":"No"}},{"type":"Feature","id":2566,"geometry":{"type":"LineString","coordinates":[[-75.1340011157222,39.9647800750375],[-75.1336904610258,39.965040778084]]},"properties":{"objectid":2566,"st_name":"DELAWARE","st_type":"AVE","bikewaytyp":"Painted Bike Lane","facityp":"Painted","grouping":"one-way, both sides","faccode":"Painted","hqbn":"Yes"}},{"type":"Feature","id":2578,"geometry":{"type":"LineString","coordinates":[[-75.1560870197813,39.9693192998602],[-75.1559224732514,39.9700843928676],[-75.1558308096042,39.9704854163851]]},"properties":{"objectid":2578,"st_name":"12TH","st_type":"ST","bikewaytyp":"Painted Bike Lane","facityp":"Painted","grouping":"one-way, one side","faccode":"Painted","hqbn":"No"}},{"type":"Feature","id":2581,"geometry":{"type":"LineString","coordinates":[[-75.1395414938533,39.960515263349],[-75.1402915128648,39.9605838082008],[-75.1414406864797,39.960711584284]]},"properties":{"objectid":2581,"st_name":"SPRING GARDEN","st_type":"ST","bikewaytyp":"Painted Bike Lane","facityp":"Painted","grouping":"one-way, one side","faccode":"Painted","hqbn":"No"}},{"type":"Feature","id":2583,"geometry":{"type":"LineString","coordinates":[[-75.130040052958,39.9694310266618],[-75.1304553399235,39.9701982307055]]},"properties":{"objectid":2583,"st_name":"COLUMBIA","st_type":"AVE","bikewaytyp":"Sharrow","facityp":"Advisory/Shared","grouping":"one-way, one side","faccode":"Advisory/Shared","hqbn":"No"}},{"type":"Feature","id":2591,"geometry":{"type":"LineString","coordinates":[[-75.1317797375093,39.969735578346],[-75.1323976204954,39.9708954511426]]},"properties":{"objectid":2591,"st_name":"MARLBOROUGH","st_type":"ST","bikewaytyp":"Sharrow","facityp":"Advisory/Shared","grouping":"one-way, both sides","faccode":"Advisory/Shared","hqbn":"No"}},{"type":"Feature","id":2594,"geometry":{"type":"LineString","coordinates":[[-75.1490105513153,39.9614713929521],[-75.1498120557542,39.9615137612182]]},"properties":{"objectid":2594,"st_name":"SPRING GARDEN","st_type":"ST","bikewaytyp":"Painted Bike Lane","facityp":"Painted","grouping":"one-way, one side","faccode":"Painted","hqbn":"No"}},{"type":"Feature","id":2602,"geometry":{"type":"LineString","coordinates":[[-75.2341883554337,39.9837118957183],[-75.2347355404997,39.9839090416363],[-75.2364420201329,39.9845399639432],[-75.2368640572271,39.9846638440365],[-75.2371617501259,39.9847740900479],[-75.2372433813022,39.9848493794673]]},"properties":{"objectid":2602,"st_name":"UPLAND","st_type":"WAY","bikewaytyp":"Painted Bike Lane","facityp":"Painted","grouping":"one-way, both sides","faccode":"Painted","hqbn":"No"}},{"type":"Feature","id":2613,"geometry":{"type":"LineString","coordinates":[[-75.2374912309785,39.988005655111],[-75.2375641013726,39.9884656272599],[-75.2375657911585,39.9884779871412],[-75.237657298107,39.988913306902]]},"properties":{"objectid":2613,"st_name":"57TH","st_type":"ST","bikewaytyp":"Painted Bike Lane","facityp":"Painted","grouping":"one-way, both sides","faccode":"Painted","hqbn":"No"}},{"type":"Feature","id":2624,"geometry":{"type":"LineString","coordinates":[[-75.237657298107,39.988913306902],[-75.2377522167419,39.9893702331805],[-75.2378281223722,39.9897870319144]]},"properties":{"objectid":2624,"st_name":"57TH","st_type":"ST","bikewaytyp":"Painted Bike Lane","facityp":"Painted","grouping":"one-way, both sides","faccode":"Painted","hqbn":"No"}},{"type":"Feature","id":2638,"geometry":{"type":"LineString","coordinates":[[-75.2196984299202,39.9914083574883],[-75.2203203477458,39.9902951737911]]},"properties":{"objectid":2638,"st_name":"PARKSIDE","st_type":"AVE","bikewaytyp":"Painted Bike Lane","facityp":"Painted","grouping":"one-way, one side","faccode":"Painted","hqbn":"No"}},{"type":"Feature","id":2656,"geometry":{"type":"LineString","coordinates":[[-75.2382328117315,39.9850421540702],[-75.2396588472981,39.9851681914433],[-75.2401556774921,39.9852229428046]]},"properties":{"objectid":2656,"st_name":"UPLAND","st_type":"WAY","bikewaytyp":"Painted Bike Lane","facityp":"Painted","grouping":"one-way, both sides","faccode":"Painted","hqbn":"No"}},{"type":"Feature","id":2659,"geometry":{"type":"LineString","coordinates":[[-75.1874560616758,40.0049754083975],[-75.1878240208385,40.0061116179817]]},"properties":{"objectid":2659,"st_name":"RIDGE","st_type":"AVE","bikewaytyp":"Sharrow","facityp":"Advisory/Shared","grouping":"one-way, both sides","faccode":"Advisory/Shared","hqbn":"No"}},{"type":"Feature","id":2702,"geometry":{"type":"LineString","coordinates":[[-75.1593695578936,39.9945344587566],[-75.1599207274975,39.994600837154]]},"properties":{"objectid":2702,"st_name":"LEHIGH","st_type":"AVE","bikewaytyp":"Painted Bike Lane","facityp":"Painted","grouping":"one-way, both sides","faccode":"Painted","hqbn":"No"}},{"type":"Feature","id":2723,"geometry":{"type":"LineString","coordinates":[[-75.1579024390383,39.9865012062284],[-75.1575555511288,39.9881028714679]]},"properties":{"objectid":2723,"st_name":"15TH","st_type":"ST","bikewaytyp":"Sharrow","facityp":"Advisory/Shared","grouping":"one-way, one side","faccode":"Advisory/Shared","hqbn":"No"}},{"type":"Feature","id":2727,"geometry":{"type":"LineString","coordinates":[[-75.1869552543628,40.0001941407975],[-75.1867895042998,40.0005983895431]]},"properties":{"objectid":2727,"st_name":"RIDGE","st_type":"AVE","bikewaytyp":"Sharrow","facityp":"Advisory/Shared","grouping":"one-way, both sides","faccode":"Advisory/Shared","hqbn":"No"}},{"type":"Feature","id":2732,"geometry":{"type":"LineString","coordinates":[[-75.1980036208036,39.9806304616625],[-75.1976712165255,39.9813661883891],[-75.1976128599922,39.9816568163997],[-75.1976654553522,39.9821506118809],[-75.1977836647022,39.9827918302889],[-75.1977812879825,39.9830654587983],[-75.1977276327768,39.9834413364551],[-75.197578726849,39.9838272602676],[-75.1973926045601,39.9841515383048],[-75.1970971973431,39.9847500967246]]},"properties":{"objectid":2732,"st_name":"FOUNTAIN GREEN","st_type":"DR","bikewaytyp":"Painted Bike Lane","facityp":"Painted","grouping":"one-way, one side","faccode":"Painted","hqbn":"No"}},{"type":"Feature","id":2734,"geometry":{"type":"LineString","coordinates":[[-75.1958893577097,39.9961846395584],[-75.1962745182308,39.996337891455],[-75.1963790125219,39.9963899029421],[-75.1965737930225,39.9964672173171],[-75.1973138727613,39.9967634396348],[-75.197424258767,39.9967719770033],[-75.1975581180987,39.9967871170955],[-75.1978504534013,39.9967936169729],[-75.1981798540461,39.9967648773507],[-75.1986683208259,39.9966515981581],[-75.1990399223822,39.9965244339279],[-75.1992898127814,39.9964717657848],[-75.1994638613082,39.9964695513347],[-75.1996609278875,39.9964860933686],[-75.199888000774,39.9965458741351],[-75.200129279763,39.9966485424722],[-75.2003453476839,39.9968060323586]]},"properties":{"objectid":2734,"st_name":"GREENLAND","st_type":"DR","bikewaytyp":"Painted Bike Lane","facityp":"Painted","grouping":"one-way, both sides","faccode":"Painted","hqbn":"No"}},{"type":"Feature","id":2761,"geometry":{"type":"LineString","coordinates":[[-75.1958893577097,39.9961846395584],[-75.1953825548682,39.9959724141496],[-75.1946393665928,39.9956577220615],[-75.1939138580614,39.9953411860035]]},"properties":{"objectid":2761,"st_name":"STRAWBERRY MANSION","st_type":"BRG","bikewaytyp":"Painted Bike Lane","facityp":"Painted","grouping":"one-way, one side","faccode":"Painted","hqbn":"No"}},{"type":"Feature","id":2773,"geometry":{"type":"LineString","coordinates":[[-75.0970090125323,39.9934090067031],[-75.095560833383,39.9941037626698],[-75.0945254330519,39.9946124082373]]},"properties":{"objectid":2773,"st_name":"ARAMINGO","st_type":"AVE","bikewaytyp":"On-Street Separated Bike Lane","facityp":"Separated","grouping":"one-way, both sides","faccode":"OWSBL Pair","hqbn":"Yes"}},{"type":"Feature","id":2778,"geometry":{"type":"LineString","coordinates":[[-75.1532966989103,39.9937830580187],[-75.1545330260843,39.9939390159832],[-75.1545904553173,39.9939476362078]]},"properties":{"objectid":2778,"st_name":"LEHIGH","st_type":"AVE","bikewaytyp":"Painted Bike Lane","facityp":"Painted","grouping":"one-way, both sides","faccode":"Painted","hqbn":"No"}},{"type":"Feature","id":2783,"geometry":{"type":"LineString","coordinates":[[-75.0993034984177,39.9921949092223],[-75.0970090125323,39.9934090067031]]},"properties":{"objectid":2783,"st_name":"ARAMINGO","st_type":"AVE","bikewaytyp":"On-Street Separated Bike Lane","facityp":"Separated","grouping":"one-way, both sides","faccode":"OWSBL Pair","hqbn":"Yes"}},{"type":"Feature","id":2814,"geometry":{"type":"LineString","coordinates":[[-75.1093428405693,39.9919188196958],[-75.1083157780244,39.9907405990824]]},"properties":{"objectid":2814,"st_name":"ALLEGHENY","st_type":"AVE","bikewaytyp":"Painted Bike Lane","facityp":"Painted","grouping":"one-way, both sides","faccode":"Painted","hqbn":"No"}},{"type":"Feature","id":2820,"geometry":{"type":"LineString","coordinates":[[-75.1319621211729,39.9910392686176],[-75.1324222934396,39.9910925076237]]},"properties":{"objectid":2820,"st_name":"LEHIGH","st_type":"AVE","bikewaytyp":"Painted Bike Lane","facityp":"Painted","grouping":"one-way, both sides","faccode":"Painted","hqbn":"No"}},{"type":"Feature","id":2823,"geometry":{"type":"LineString","coordinates":[[-75.1083157780244,39.9907405990824],[-75.1080166047068,39.9904104109339]]},"properties":{"objectid":2823,"st_name":"ALLEGHENY","st_type":"AVE","bikewaytyp":"Painted Bike Lane","facityp":"Painted","grouping":"one-way, both sides","faccode":"Painted","hqbn":"No"}},{"type":"Feature","id":2829,"geometry":{"type":"LineString","coordinates":[[-75.1289771782438,39.9906498322102],[-75.1270332823095,39.9903952353988]]},"properties":{"objectid":2829,"st_name":"LEHIGH","st_type":"AVE","bikewaytyp":"Painted Bike Lane","facityp":"Painted","grouping":"one-way, both sides","faccode":"Painted","hqbn":"No"}},{"type":"Feature","id":2831,"geometry":{"type":"LineString","coordinates":[[-75.1039054801663,39.9898056167005],[-75.1016053112205,39.9910035419411]]},"properties":{"objectid":2831,"st_name":"ARAMINGO","st_type":"AVE","bikewaytyp":"On-Street Separated Bike Lane","facityp":"Separated","grouping":"one-way, both sides","faccode":"OWSBL Pair","hqbn":"Yes"}},{"type":"Feature","id":2842,"geometry":{"type":"LineString","coordinates":[[-75.1070504439362,39.9893222107297],[-75.1067508109052,39.9889895224463]]},"properties":{"objectid":2842,"st_name":"ALLEGHENY","st_type":"AVE","bikewaytyp":"Painted Bike Lane","facityp":"Painted","grouping":"one-way, both sides","faccode":"Painted","hqbn":"No"}},{"type":"Feature","id":2849,"geometry":{"type":"LineString","coordinates":[[-75.1067508109052,39.9889895224463],[-75.1063281003308,39.9885332717601]]},"properties":{"objectid":2849,"st_name":"ALLEGHENY","st_type":"AVE","bikewaytyp":"Painted Bike Lane","facityp":"Painted","grouping":"one-way, both sides","faccode":"Painted","hqbn":"No"}},{"type":"Feature","id":2859,"geometry":{"type":"LineString","coordinates":[[-75.1087883565131,39.9872449837443],[-75.1063281003308,39.9885332717601]]},"properties":{"objectid":2859,"st_name":"ARAMINGO","st_type":"AVE","bikewaytyp":"Painted Bike Lane","facityp":"Painted","grouping":"one-way, both sides","faccode":"Painted","hqbn":"No"}},{"type":"Feature","id":2866,"geometry":{"type":"LineString","coordinates":[[-75.1302235887048,39.98724584048],[-75.1296442732968,39.9875551532437]]},"properties":{"objectid":2866,"st_name":"KENSINGTON","st_type":"AVE","bikewaytyp":"Painted Bike Lane","facityp":"Painted","grouping":"one-way, both sides","faccode":"Painted","hqbn":"No"}},{"type":"Feature","id":2879,"geometry":{"type":"LineString","coordinates":[[-75.1215125106254,39.9861749628439],[-75.1212144174523,39.9858300498093]]},"properties":{"objectid":2879,"st_name":"LEHIGH","st_type":"AVE","bikewaytyp":"On-Street Separated Bike Lane","facityp":"Separated","grouping":"one-way, both sides","faccode":"OWSBL Pair","hqbn":"Yes"}},{"type":"Feature","id":2894,"geometry":{"type":"LineString","coordinates":[[-75.1196926119308,39.9841214722637],[-75.119192122935,39.9835582149176],[-75.1191376289717,39.9834940729937]]},"properties":{"objectid":2894,"st_name":"LEHIGH","st_type":"AVE","bikewaytyp":"On-Street Separated Bike Lane","facityp":"Separated","grouping":"one-way, both sides","faccode":"OWSBL Pair","hqbn":"Yes"}},{"type":"Feature","id":2895,"geometry":{"type":"LineString","coordinates":[[-75.1017314538885,39.9833067001567],[-75.1014408535473,39.982983312829]]},"properties":{"objectid":2895,"st_name":"ALLEGHENY","st_type":"AVE","bikewaytyp":"Painted Bike Lane","facityp":"Painted","grouping":"one-way, both sides","faccode":"Painted","hqbn":"No"}},{"type":"Feature","id":2897,"geometry":{"type":"LineString","coordinates":[[-75.1160392599761,39.9829905602705],[-75.1156079850385,39.9835606878516]]},"properties":{"objectid":2897,"st_name":"ARAMINGO","st_type":"AVE","bikewaytyp":"On-Street Separated Bike Lane","facityp":"Separated","grouping":"one-way, both sides","faccode":"OWSBL Pair","hqbn":"Yes"}},{"type":"Feature","id":2898,"geometry":{"type":"LineString","coordinates":[[-75.1191376289717,39.9834940729937],[-75.1185251769471,39.9828347460207]]},"properties":{"objectid":2898,"st_name":"LEHIGH","st_type":"AVE","bikewaytyp":"On-Street Separated Bike Lane","facityp":"Separated","grouping":"one-way, both sides","faccode":"OWSBL Pair","hqbn":"Yes"}},{"type":"Feature","id":2910,"geometry":{"type":"LineString","coordinates":[[-75.1185251769471,39.9828347460207],[-75.1177152084111,39.9819013134741]]},"properties":{"objectid":2910,"st_name":"LEHIGH","st_type":"AVE","bikewaytyp":"On-Street Separated Bike Lane","facityp":"Separated","grouping":"one-way, both sides","faccode":"OWSBL Pair","hqbn":"Yes"}},{"type":"Feature","id":2913,"geometry":{"type":"LineString","coordinates":[[-75.1226589221176,39.9816430949648],[-75.1221188139646,39.9819276706756]]},"properties":{"objectid":2913,"st_name":"TULIP","st_type":"ST","bikewaytyp":"Sharrow","facityp":"Advisory/Shared","grouping":"one-way, one side","faccode":"Advisory/Shared","hqbn":"No"}},{"type":"Feature","id":2916,"geometry":{"type":"LineString","coordinates":[[-75.1177152084111,39.9819013134741],[-75.1173569007586,39.9814909289308]]},"properties":{"objectid":2916,"st_name":"LEHIGH","st_type":"AVE","bikewaytyp":"On-Street Separated Bike Lane","facityp":"Separated","grouping":"one-way, both sides","faccode":"OWSBL Pair","hqbn":"Yes"}},{"type":"Feature","id":2931,"geometry":{"type":"LineString","coordinates":[[-75.1238571551098,39.9810153507879],[-75.1232687731367,39.9803538982316]]},"properties":{"objectid":2931,"st_name":"CUMBERLAND","st_type":"ST","bikewaytyp":"Sharrow","facityp":"Advisory/Shared","grouping":"one-way, one side","faccode":"Advisory/Shared","hqbn":"No"}},{"type":"Feature","id":2934,"geometry":{"type":"LineString","coordinates":[[-75.1503400463478,39.9808304461053],[-75.1511236590608,39.9809320223769]]},"properties":{"objectid":2934,"st_name":"BERKS","st_type":"ST","bikewaytyp":"Sharrow","facityp":"Advisory/Shared","grouping":"one-way, one side","faccode":"Advisory/Shared","hqbn":"No"}},{"type":"Feature","id":2948,"geometry":{"type":"LineString","coordinates":[[-75.1455148783823,39.9802044481299],[-75.1459349512224,39.9802597581038]]},"properties":{"objectid":2948,"st_name":"BERKS","st_type":"ST","bikewaytyp":"Painted Bike Lane","facityp":"Painted","grouping":"one-way, one side","faccode":"Painted","hqbn":"No"}},{"type":"Feature","id":2949,"geometry":{"type":"LineString","coordinates":[[-75.1447299567972,39.9801067373353],[-75.1455148783823,39.9802044481299]]},"properties":{"objectid":2949,"st_name":"BERKS","st_type":"ST","bikewaytyp":"Painted Bike Lane","facityp":"Painted","grouping":"one-way, one side","faccode":"Painted","hqbn":"No"}},{"type":"Feature","id":2951,"geometry":{"type":"LineString","coordinates":[[-75.1434593998407,39.979939927469],[-75.1447299567972,39.9801067373353]]},"properties":{"objectid":2951,"st_name":"BERKS","st_type":"ST","bikewaytyp":"Painted Bike Lane","facityp":"Painted","grouping":"one-way, both sides","faccode":"Painted","hqbn":"No"}},{"type":"Feature","id":2952,"geometry":{"type":"LineString","coordinates":[[-75.1232687731367,39.9803538982316],[-75.1224522235221,39.9794201843288]]},"properties":{"objectid":2952,"st_name":"CUMBERLAND","st_type":"ST","bikewaytyp":"Sharrow","facityp":"Advisory/Shared","grouping":"one-way, one side","faccode":"Advisory/Shared","hqbn":"No"}},{"type":"Feature","id":2973,"geometry":{"type":"LineString","coordinates":[[-75.1261869296347,39.9788296814108],[-75.1255966260376,39.9791339261132]]},"properties":{"objectid":2973,"st_name":"MEMPHIS","st_type":"ST","bikewaytyp":"Sharrow","facityp":"Advisory/Shared","grouping":"one-way, one side","faccode":"Advisory/Shared","hqbn":"No"}},{"type":"Feature","id":2995,"geometry":{"type":"LineString","coordinates":[[-75.1286312125496,39.9775427258324],[-75.1279664422778,39.9778961288137]]},"properties":{"objectid":2995,"st_name":"MEMPHIS","st_type":"ST","bikewaytyp":"Sharrow","facityp":"Advisory/Shared","grouping":"one-way, one side","faccode":"Advisory/Shared","hqbn":"No"}},{"type":"Feature","id":2996,"geometry":{"type":"LineString","coordinates":[[-75.1298187806564,39.9775253067405],[-75.1297971750232,39.9775465182448],[-75.1295121411461,39.9780562347239]]},"properties":{"objectid":2996,"st_name":"TULIP","st_type":"ST","bikewaytyp":"Sharrow","facityp":"Advisory/Shared","grouping":"one-way, one side","faccode":"Advisory/Shared","hqbn":"No"}},{"type":"Feature","id":2999,"geometry":{"type":"LineString","coordinates":[[-75.113488651711,39.9771222121378],[-75.1131156509609,39.9766626387619]]},"properties":{"objectid":2999,"st_name":"LEHIGH","st_type":"AVE","bikewaytyp":"Painted Bike Lane","facityp":"Painted","grouping":"one-way, both sides","faccode":"Painted","hqbn":"No"}},{"type":"Feature","id":3014,"geometry":{"type":"LineString","coordinates":[[-75.1199727110341,39.9759205054789],[-75.1197660524754,39.9763784302669]]},"properties":{"objectid":3014,"st_name":"ARAMINGO","st_type":"AVE","bikewaytyp":"Painted Bike Lane","facityp":"Painted","grouping":"one-way, both sides","faccode":"Painted","hqbn":"No"}},{"type":"Feature","id":3021,"geometry":{"type":"LineString","coordinates":[[-75.1211467067559,39.9753029354458],[-75.1209863354839,39.9754496530276]]},"properties":{"objectid":3021,"st_name":"ARAMINGO","st_type":"AVE","bikewaytyp":"Painted Bike Lane","facityp":"Painted","grouping":"one-way, both sides","faccode":"Painted","hqbn":"No"}},{"type":"Feature","id":3022,"geometry":{"type":"LineString","coordinates":[[-75.1165414687753,39.9748077067545],[-75.1155862918378,39.9753049361448]]},"properties":{"objectid":3022,"st_name":"RICHMOND","st_type":"ST","bikewaytyp":"Painted Bike Lane","facityp":"Painted","grouping":"one-way, both sides","faccode":"Painted","hqbn":"No"}},{"type":"Feature","id":3032,"geometry":{"type":"LineString","coordinates":[[-75.1179491271285,39.974080780667],[-75.1165414687753,39.9748077067545]]},"properties":{"objectid":3032,"st_name":"RICHMOND","st_type":"ST","bikewaytyp":"Painted Bike Lane","facityp":"Painted","grouping":"one-way, both sides","faccode":"Painted","hqbn":"No"}},{"type":"Feature","id":3052,"geometry":{"type":"LineString","coordinates":[[-75.121212050893,39.9714976297791],[-75.1202334012369,39.9723966146409]]},"properties":{"objectid":3052,"st_name":"RICHMOND","st_type":"ST","bikewaytyp":"Painted Bike Lane","facityp":"Painted","grouping":"one-way, both sides","faccode":"Painted","hqbn":"No"}},{"type":"Feature","id":3056,"geometry":{"type":"LineString","coordinates":[[-75.1222505124206,39.9708423042983],[-75.1217837132119,39.9709566355174],[-75.1214375234751,39.9713012457177],[-75.121212050893,39.9714976297791]]},"properties":{"objectid":3056,"st_name":"RICHMOND","st_type":"ST","bikewaytyp":"Painted Bike Lane","facityp":"Painted","grouping":"one-way, both sides","faccode":"Painted","hqbn":"No"}},{"type":"Feature","id":3061,"geometry":{"type":"LineString","coordinates":[[-75.1202334012369,39.9723966146409],[-75.1196206044232,39.9729595116071]]},"properties":{"objectid":3061,"st_name":"RICHMOND","st_type":"ST","bikewaytyp":"Painted Bike Lane","facityp":"Painted","grouping":"one-way, both sides","faccode":"Painted","hqbn":"No"}},{"type":"Feature","id":3063,"geometry":{"type":"LineString","coordinates":[[-75.1196206044232,39.9729595116071],[-75.118788449507,39.9737266147228],[-75.1186641350059,39.9737681767731]]},"properties":{"objectid":3063,"st_name":"RICHMOND","st_type":"ST","bikewaytyp":"Painted Bike Lane","facityp":"Painted","grouping":"one-way, both sides","faccode":"Painted","hqbn":"No"}},{"type":"Feature","id":3064,"geometry":{"type":"LineString","coordinates":[[-75.1186641350059,39.9737681767731],[-75.1179491271285,39.974080780667]]},"properties":{"objectid":3064,"st_name":"RICHMOND","st_type":"ST","bikewaytyp":"Painted Bike Lane","facityp":"Painted","grouping":"one-way, both sides","faccode":"Painted","hqbn":"No"}},{"type":"Feature","id":3066,"geometry":{"type":"LineString","coordinates":[[-75.0990291263807,39.9842372508122],[-75.0978604256326,39.9848515966222]]},"properties":{"objectid":3066,"st_name":"RICHMOND","st_type":"ST","bikewaytyp":"Sharrow","facityp":"Advisory/Shared","grouping":"one-way, both sides","faccode":"Advisory/Shared","hqbn":"No"}},{"type":"Feature","id":3071,"geometry":{"type":"LineString","coordinates":[[-75.1232398268887,39.9706072412962],[-75.1224387669656,39.9707480590197],[-75.1223131384014,39.9707879801155],[-75.1222505124206,39.9708423042983]]},"properties":{"objectid":3071,"st_name":"DELAWARE","st_type":"AVE","bikewaytyp":"Painted Bike Lane","facityp":"Painted","grouping":"one-way, both sides","faccode":"Painted","hqbn":"No"}},{"type":"Feature","id":3074,"geometry":{"type":"LineString","coordinates":[[-75.0932948389701,39.9932300437036],[-75.0926001453423,39.9924364333101]]},"properties":{"objectid":3074,"st_name":"CASTOR","st_type":"AVE","bikewaytyp":"Painted Bike Lane","facityp":"Painted","grouping":"one-way, both sides","faccode":"Painted","hqbn":"No"}},{"type":"Feature","id":3078,"geometry":{"type":"LineString","coordinates":[[-75.0871592427415,39.9903344532463],[-75.0851674625709,39.9913556318587]]},"properties":{"objectid":3078,"st_name":"RICHMOND","st_type":"ST","bikewaytyp":"Sharrow","facityp":"Advisory/Shared","grouping":"one-way, both sides","faccode":"Advisory/Shared","hqbn":"No"}},{"type":"Feature","id":3081,"geometry":{"type":"LineString","coordinates":[[-75.0896184057549,39.9890732241748],[-75.0871592427415,39.9903344532463]]},"properties":{"objectid":3081,"st_name":"RICHMOND","st_type":"ST","bikewaytyp":"Sharrow","facityp":"Advisory/Shared","grouping":"one-way, both sides","faccode":"Advisory/Shared","hqbn":"No"}},{"type":"Feature","id":3088,"geometry":{"type":"LineString","coordinates":[[-75.0926625632291,39.9875200225516],[-75.0920775304079,39.9878175327388]]},"properties":{"objectid":3088,"st_name":"RICHMOND","st_type":"ST","bikewaytyp":"Sharrow","facityp":"Advisory/Shared","grouping":"one-way, both sides","faccode":"Advisory/Shared","hqbn":"No"}},{"type":"Feature","id":3089,"geometry":{"type":"LineString","coordinates":[[-75.09439484118,39.9866392432184],[-75.0926625632291,39.9875200225516]]},"properties":{"objectid":3089,"st_name":"RICHMOND","st_type":"ST","bikewaytyp":"Sharrow","facityp":"Advisory/Shared","grouping":"one-way, both sides","faccode":"Advisory/Shared","hqbn":"No"}},{"type":"Feature","id":3091,"geometry":{"type":"LineString","coordinates":[[-75.2354062768215,40.0354696700262],[-75.2355131006982,40.0355720567253],[-75.2356078249931,40.0356337860388],[-75.2366454328684,40.0363048212933]]},"properties":{"objectid":3091,"st_name":"UMBRIA","st_type":"ST","bikewaytyp":"Painted Bike Lane","facityp":"Painted","grouping":"one-way, both sides","faccode":"Painted","hqbn":"No"}},{"type":"Feature","id":3122,"geometry":{"type":"LineString","coordinates":[[-75.2183152001358,40.0291962422377],[-75.2191174726108,40.0299406768117]]},"properties":{"objectid":3122,"st_name":"MANAYUNK","st_type":"AVE","bikewaytyp":"Sharrow","facityp":"Advisory/Shared","grouping":"one-way, both sides","faccode":"Advisory/Shared","hqbn":"No"}},{"type":"Feature","id":3142,"geometry":{"type":"LineString","coordinates":[[-75.2128313569469,40.0225834638579],[-75.2139051177869,40.0240314447663]]},"properties":{"objectid":3142,"st_name":"MANAYUNK","st_type":"AVE","bikewaytyp":"Sharrow","facityp":"Advisory/Shared","grouping":"one-way, both sides","faccode":"Advisory/Shared","hqbn":"No"}},{"type":"Feature","id":3153,"geometry":{"type":"LineString","coordinates":[[-75.2083908041791,40.0340243817282],[-75.2088386024567,40.0350052507241],[-75.2091238976399,40.0356299217629],[-75.2091500541121,40.0356808320807],[-75.2094838281362,40.0363385537038],[-75.2096401029845,40.036583259317],[-75.210016072701,40.0370945475275],[-75.2102232639228,40.0373190812612],[-75.2104009263842,40.0375190987174]]},"properties":{"objectid":3153,"st_name":"HENRY","st_type":"AVE","bikewaytyp":"Painted Bike Lane","facityp":"Painted","grouping":"one-way, both sides","faccode":"Painted","hqbn":"No"}},{"type":"Feature","id":3156,"geometry":{"type":"LineString","coordinates":[[-75.2139051177869,40.0240314447663],[-75.214451544034,40.024740733873]]},"properties":{"objectid":3156,"st_name":"MANAYUNK","st_type":"AVE","bikewaytyp":"Sharrow","facityp":"Advisory/Shared","grouping":"one-way, both sides","faccode":"Advisory/Shared","hqbn":"No"}},{"type":"Feature","id":3157,"geometry":{"type":"LineString","coordinates":[[-75.2401492009293,40.0385503723796],[-75.2405669527196,40.0388328930025],[-75.2408452635554,40.0390654866111],[-75.2410373368212,40.0392979581929],[-75.2411425568542,40.0394915143018],[-75.2412952584987,40.0399205532616],[-75.2415086638096,40.040227526071],[-75.2418047027996,40.0404746156137],[-75.2456268431089,40.0433604403153],[-75.2460262394093,40.0436275220095],[-75.2463777334398,40.0438064974437],[-75.2465084684728,40.0438501633414]]},"properties":{"objectid":3157,"st_name":"UMBRIA","st_type":"ST","bikewaytyp":"Painted Bike Lane","facityp":"Painted","grouping":"one-way, both sides","faccode":"Painted","hqbn":"No"}},{"type":"Feature","id":3162,"geometry":{"type":"LineString","coordinates":[[-75.2113338475264,40.0181742703842],[-75.211304789866,40.0182926591319],[-75.2112251973736,40.0186279204517]]},"properties":{"objectid":3162,"st_name":"RIDGE","st_type":"AVE","bikewaytyp":"Sharrow","facityp":"Advisory/Shared","grouping":"one-way, both sides","faccode":"Advisory/Shared","hqbn":"No"}},{"type":"Feature","id":3169,"geometry":{"type":"LineString","coordinates":[[-75.1582428387059,40.016683604682],[-75.1585639191717,40.0170791588847]]},"properties":{"objectid":3169,"st_name":"CLARISSA","st_type":"ST","bikewaytyp":"Painted Bike Lane","facityp":"Painted","grouping":"two-way, one side","faccode":"Painted","hqbn":"No"}},{"type":"Feature","id":3175,"geometry":{"type":"LineString","coordinates":[[-75.1552485523641,40.0097702447612],[-75.156030919353,40.0098771360443]]},"properties":{"objectid":3175,"st_name":"ERIE","st_type":"AVE","bikewaytyp":"Painted Bike Lane","facityp":"Painted","grouping":"one-way, both sides","faccode":"Painted","hqbn":"No"}},{"type":"Feature","id":3178,"geometry":{"type":"LineString","coordinates":[[-75.1521500265213,40.0093734514558],[-75.1528804453278,40.0094561265051]]},"properties":{"objectid":3178,"st_name":"ERIE","st_type":"AVE","bikewaytyp":"Painted Bike Lane","facityp":"Painted","grouping":"one-way, both sides","faccode":"Painted","hqbn":"No"}},{"type":"Feature","id":3179,"geometry":{"type":"LineString","coordinates":[[-75.1544673141437,40.0096638006924],[-75.1546432199333,40.0096888105971]]},"properties":{"objectid":3179,"st_name":"ERIE","st_type":"AVE","bikewaytyp":"Painted Bike Lane","facityp":"Painted","grouping":"one-way, both sides","faccode":"Painted","hqbn":"No"}},{"type":"Feature","id":3180,"geometry":{"type":"LineString","coordinates":[[-75.1546432199333,40.0096888105971],[-75.1552485523641,40.0097702447612]]},"properties":{"objectid":3180,"st_name":"ERIE","st_type":"AVE","bikewaytyp":"Painted Bike Lane","facityp":"Painted","grouping":"one-way, both sides","faccode":"Painted","hqbn":"No"}},{"type":"Feature","id":3181,"geometry":{"type":"LineString","coordinates":[[-75.1642883122668,40.0030812131536],[-75.1658983868979,40.003278507381]]},"properties":{"objectid":3181,"st_name":"ALLEGHENY","st_type":"AVE","bikewaytyp":"Painted Bike Lane","facityp":"Painted","grouping":"one-way, both sides","faccode":"Painted","hqbn":"No"}},{"type":"Feature","id":3182,"geometry":{"type":"LineString","coordinates":[[-75.1608451830497,40.0026436947837],[-75.162418802702,40.0028320898058]]},"properties":{"objectid":3182,"st_name":"ALLEGHENY","st_type":"AVE","bikewaytyp":"Painted Bike Lane","facityp":"Painted","grouping":"one-way, both sides","faccode":"Painted","hqbn":"No"}},{"type":"Feature","id":3183,"geometry":{"type":"LineString","coordinates":[[-75.1577065841997,40.0022195662875],[-75.1594640332311,40.002458051817]]},"properties":{"objectid":3183,"st_name":"ALLEGHENY","st_type":"AVE","bikewaytyp":"Painted Bike Lane","facityp":"Painted","grouping":"one-way, both sides","faccode":"Painted","hqbn":"No"}},{"type":"Feature","id":3240,"geometry":{"type":"LineString","coordinates":[[-75.1510094399801,40.0255068197526],[-75.1537634639277,40.0258802606216]]},"properties":{"objectid":3240,"st_name":"WYOMING","st_type":"AVE","bikewaytyp":"Painted Bike Lane","facityp":"Painted","grouping":"one-way, one side","faccode":"Painted","hqbn":"No"}},{"type":"Feature","id":3273,"geometry":{"type":"LineString","coordinates":[[-75.1642118343169,40.0189576679567],[-75.164408706426,40.0187967010241],[-75.1655819835334,40.0180268365259]]},"properties":{"objectid":3273,"st_name":"ROBERTS","st_type":"AVE","bikewaytyp":"Painted Bike Lane","facityp":"Painted","grouping":"one-way, one side","faccode":"Painted","hqbn":"No"}},{"type":"Feature","id":3286,"geometry":{"type":"LineString","coordinates":[[-75.1827039659652,40.0280643182968],[-75.183546409318,40.0272746397242]]},"properties":{"objectid":3286,"st_name":"CHELTEN","st_type":"AVE","bikewaytyp":"Painted Bike Lane","facityp":"Painted","grouping":"one-way, both sides","faccode":"Painted","hqbn":"No"}},{"type":"Feature","id":3288,"geometry":{"type":"LineString","coordinates":[[-75.1699103453049,40.0152593519711],[-75.1718528879265,40.014226728876]]},"properties":{"objectid":3288,"st_name":"ROBERTS","st_type":"AVE","bikewaytyp":"Painted Bike Lane","facityp":"Painted","grouping":"one-way, both sides","faccode":"Painted","hqbn":"No"}},{"type":"Feature","id":3295,"geometry":{"type":"LineString","coordinates":[[-75.1861897799057,40.018438776661],[-75.1881595765422,40.0170942242198],[-75.188385659347,40.0169959676067]]},"properties":{"objectid":3295,"st_name":"MIDVALE","st_type":"AVE","bikewaytyp":"Sharrow","facityp":"Advisory/Shared","grouping":"one-way, both sides","faccode":"Advisory/Shared","hqbn":"No"}},{"type":"Feature","id":3296,"geometry":{"type":"LineString","coordinates":[[-75.2032319511748,40.0258485234758],[-75.2035878454601,40.0260847862407],[-75.2040091664496,40.0264505271784]]},"properties":{"objectid":3296,"st_name":"HENRY","st_type":"AVE","bikewaytyp":"Shared Use Sidepath","facityp":"Separated","grouping":"two-way, one side","faccode":"TWSBL","hqbn":"Yes"}},{"type":"Feature","id":3297,"geometry":{"type":"LineString","coordinates":[[-75.1864578896011,40.033235609038],[-75.1877362646537,40.0329690442204],[-75.1878660270142,40.0329423256619],[-75.1897948447772,40.0325479380386]]},"properties":{"objectid":3297,"st_name":"WALNUT","st_type":"LN","bikewaytyp":"Painted Bike Lane","facityp":"Painted","grouping":"one-way, both sides","faccode":"Painted","hqbn":"No"}},{"type":"Feature","id":3301,"geometry":{"type":"LineString","coordinates":[[-75.2024988045893,40.0256185283392],[-75.2032319511748,40.0258485234758]]},"properties":{"objectid":3301,"st_name":"HENRY","st_type":"AVE","bikewaytyp":"Shared Use Sidepath","facityp":"Separated","grouping":"two-way, one side","faccode":"TWSBL","hqbn":"Yes"}},{"type":"Feature","id":3302,"geometry":{"type":"LineString","coordinates":[[-75.2050828396149,40.0279128261006],[-75.2056178027846,40.0286701620879]]},"properties":{"objectid":3302,"st_name":"HENRY","st_type":"AVE","bikewaytyp":"Shared Use Sidepath","facityp":"Separated","grouping":"two-way, one side","faccode":"TWSBL","hqbn":"Yes"}},{"type":"Feature","id":3303,"geometry":{"type":"LineString","coordinates":[[-75.204543295164,40.0271839908039],[-75.2050828396149,40.0279128261006]]},"properties":{"objectid":3303,"st_name":"HENRY","st_type":"AVE","bikewaytyp":"Shared Use Sidepath","facityp":"Separated","grouping":"two-way, one side","faccode":"TWSBL","hqbn":"Yes"}},{"type":"Feature","id":3304,"geometry":{"type":"LineString","coordinates":[[-75.2040091664496,40.0264505271784],[-75.204543295164,40.0271839908039]]},"properties":{"objectid":3304,"st_name":"HENRY","st_type":"AVE","bikewaytyp":"Shared Use Sidepath","facityp":"Separated","grouping":"two-way, one side","faccode":"TWSBL","hqbn":"Yes"}},{"type":"Feature","id":3306,"geometry":{"type":"LineString","coordinates":[[-75.20820143639,40.0246621311543],[-75.2086238794291,40.0254302333779]]},"properties":{"objectid":3306,"st_name":"RIDGE","st_type":"AVE","bikewaytyp":"Sharrow","facityp":"Advisory/Shared","grouping":"one-way, both sides","faccode":"Advisory/Shared","hqbn":"No"}},{"type":"Feature","id":3307,"geometry":{"type":"LineString","coordinates":[[-75.2077343810585,40.0237927661825],[-75.20820143639,40.0246621311543]]},"properties":{"objectid":3307,"st_name":"RIDGE","st_type":"AVE","bikewaytyp":"Sharrow","facityp":"Advisory/Shared","grouping":"one-way, both sides","faccode":"Advisory/Shared","hqbn":"No"}},{"type":"Feature","id":3313,"geometry":{"type":"LineString","coordinates":[[-75.2063113076647,40.0148162648818],[-75.2064101480483,40.014831139698],[-75.2065152485013,40.0148548576795]]},"properties":{"objectid":3313,"st_name":"RIDGE","st_type":"AVE","bikewaytyp":"Sharrow","facityp":"Advisory/Shared","grouping":"one-way, both sides","faccode":"Advisory/Shared","hqbn":"No"}},{"type":"Feature","id":3314,"geometry":{"type":"LineString","coordinates":[[-75.2004390695091,40.0114585150529],[-75.2009684659778,40.0117742023355],[-75.2012547003311,40.0121010364538],[-75.2014969922286,40.0124158418377],[-75.2019506340352,40.0130211309306],[-75.2020306935324,40.0131162055837]]},"properties":{"objectid":3314,"st_name":"RIDGE","st_type":"AVE","bikewaytyp":"Sharrow","facityp":"Advisory/Shared","grouping":"one-way, both sides","faccode":"Advisory/Shared","hqbn":"No"}},{"type":"Feature","id":3315,"geometry":{"type":"LineString","coordinates":[[-75.1964702767327,40.0098926889453],[-75.1977164859529,40.010379735575]]},"properties":{"objectid":3315,"st_name":"RIDGE","st_type":"AVE","bikewaytyp":"Sharrow","facityp":"Advisory/Shared","grouping":"one-way, both sides","faccode":"Advisory/Shared","hqbn":"No"}},{"type":"Feature","id":3322,"geometry":{"type":"LineString","coordinates":[[-75.188385659347,40.0169959676067],[-75.1891528078501,40.0164225862704],[-75.1898375124012,40.0157614959361]]},"properties":{"objectid":3322,"st_name":"MIDVALE","st_type":"AVE","bikewaytyp":"Sharrow","facityp":"Advisory/Shared","grouping":"one-way, both sides","faccode":"Advisory/Shared","hqbn":"No"}},{"type":"Feature","id":3335,"geometry":{"type":"LineString","coordinates":[[-75.1786446793027,40.0050350838428],[-75.1790335979156,40.0049748136142],[-75.1803724659678,40.0051472800289]]},"properties":{"objectid":3335,"st_name":"ALLEGHENY","st_type":"AVE","bikewaytyp":"Painted Bike Lane","facityp":"Painted","grouping":"one-way, both sides","faccode":"Painted","hqbn":"No"}},{"type":"Feature","id":3341,"geometry":{"type":"LineString","coordinates":[[-75.1802933610984,40.0304203266094],[-75.1814831555033,40.0292734014847]]},"properties":{"objectid":3341,"st_name":"CHELTEN","st_type":"AVE","bikewaytyp":"Painted Bike Lane","facityp":"Painted","grouping":"one-way, both sides","faccode":"Painted","hqbn":"No"}},{"type":"Feature","id":3343,"geometry":{"type":"LineString","coordinates":[[-75.1790361770462,40.0233382576312],[-75.1794798099946,40.0230373433056],[-75.1814268601054,40.0217315790496]]},"properties":{"objectid":3343,"st_name":"MIDVALE","st_type":"AVE","bikewaytyp":"Sharrow","facityp":"Advisory/Shared","grouping":"one-way, both sides","faccode":"Advisory/Shared","hqbn":"No"}},{"type":"Feature","id":3344,"geometry":{"type":"LineString","coordinates":[[-75.1861961160805,40.0294780586061],[-75.1864455915747,40.0293041532281],[-75.1867807122378,40.0291205052431],[-75.1870662127057,40.0290657156683],[-75.1873810465377,40.0291003615696],[-75.1883642575305,40.0292369792356],[-75.1889044627341,40.0293522429813]]},"properties":{"objectid":3344,"st_name":"RITTENHOUSE","st_type":"ST","bikewaytyp":"Sharrow","facityp":"Advisory/Shared","grouping":"one-way, both sides","faccode":"Advisory/Shared","hqbn":"No"}},{"type":"Feature","id":3353,"geometry":{"type":"LineString","coordinates":[[-75.1994011253411,40.0260176427096],[-75.2006280473393,40.0258303445115],[-75.2014654914555,40.0256578005551],[-75.2019709242889,40.0256064567086],[-75.2024988045893,40.0256185283392]]},"properties":{"objectid":3353,"st_name":"HENRY","st_type":"AVE","bikewaytyp":"Shared Use Sidepath","facityp":"Separated","grouping":"two-way, one side","faccode":"TWSBL","hqbn":"Yes"}},{"type":"Feature","id":3354,"geometry":{"type":"LineString","coordinates":[[-75.1642118343169,40.0189576679567],[-75.1645184991107,40.0188287859345],[-75.1654977884637,40.0183979279719],[-75.1658112115374,40.0182586591655],[-75.1659524747298,40.0181782259437],[-75.1661247550446,40.0180566825783],[-75.1668694424475,40.0174794370434],[-75.1672713018497,40.017159250811],[-75.1677409207482,40.0167848450092],[-75.16810290098,40.0165003394352],[-75.1683077897767,40.0163551393681],[-75.1684355096431,40.0162891681405]]},"properties":{"objectid":3354,"st_name":"ROBERTS","st_type":"AVE","bikewaytyp":"Painted Bike Lane","facityp":"Painted","grouping":"one-way, one side","faccode":"Painted","hqbn":"No"}},{"type":"Feature","id":3355,"geometry":{"type":"LineString","coordinates":[[-75.1684355096431,40.0162891681405],[-75.1687572850328,40.016071830935],[-75.1690356365429,40.0158757502022],[-75.1691923203999,40.0157582650643],[-75.1692640300888,40.01570433298],[-75.1699103453049,40.0152593519711]]},"properties":{"objectid":3355,"st_name":"ROBERTS","st_type":"AVE","bikewaytyp":"Painted Bike Lane","facityp":"Painted","grouping":"one-way, one side","faccode":"Painted","hqbn":"No"}},{"type":"Feature","id":3356,"geometry":{"type":"LineString","coordinates":[[-75.1914843859717,40.0079449586306],[-75.1917677047594,40.0080057910114]]},"properties":{"objectid":3356,"st_name":"RIDGE","st_type":"AVE","bikewaytyp":"Sharrow","facityp":"Advisory/Shared","grouping":"one-way, both sides","faccode":"Advisory/Shared","hqbn":"No"}},{"type":"Feature","id":3357,"geometry":{"type":"LineString","coordinates":[[-75.188103189012,40.0064346828148],[-75.1887089192847,40.0068517295395],[-75.188955368174,40.0070275187206],[-75.1893561941839,40.0073040585146],[-75.1899726750898,40.0075245886619],[-75.1903715638075,40.0076429548161],[-75.1911465536974,40.007854847807],[-75.1913376455128,40.0079118128634],[-75.1914843859717,40.0079449586306]]},"properties":{"objectid":3357,"st_name":"RIDGE","st_type":"AVE","bikewaytyp":"Sharrow","facityp":"Advisory/Shared","grouping":"one-way, both sides","faccode":"Advisory/Shared","hqbn":"No"}},{"type":"Feature","id":3358,"geometry":{"type":"LineString","coordinates":[[-75.1781067339163,40.0143480980121],[-75.1784672508672,40.014628241862]]},"properties":{"objectid":3358,"st_name":"FOX","st_type":"ST","bikewaytyp":"Painted Bike Lane","facityp":"Painted","grouping":"one-way, both sides","faccode":"Painted","hqbn":"No"}},{"type":"Feature","id":3359,"geometry":{"type":"LineString","coordinates":[[-75.1655819835334,40.0180268365259],[-75.1656426011185,40.0179735165032],[-75.1659960854559,40.0177475946592],[-75.1684987880983,40.0160959214972],[-75.1689106827971,40.0158372342895],[-75.1691166462194,40.0157129226763],[-75.1692169358738,40.0156536818252],[-75.1692615864073,40.0156328646652],[-75.1699103453049,40.0152593519711]]},"properties":{"objectid":3359,"st_name":"ROBERTS","st_type":"AVE","bikewaytyp":"Painted Bike Lane","facityp":"Painted","grouping":"one-way, one side","faccode":"Painted","hqbn":"No"}},{"type":"Feature","id":3364,"geometry":{"type":"LineString","coordinates":[[-75.1744082152629,40.0204926335327],[-75.1745546312282,40.0203536396936],[-75.1746834924542,40.0202052301523],[-75.1749654182746,40.0199009785811]]},"properties":{"objectid":3364,"st_name":"MANHEIM","st_type":"ST","bikewaytyp":"Sharrow","facityp":"Advisory/Shared","grouping":"one-way, both sides","faccode":"Advisory/Shared","hqbn":"No"}},{"type":"Feature","id":3366,"geometry":{"type":"LineString","coordinates":[[-75.2087020150067,40.0154893524934],[-75.2088752304471,40.0156330079141],[-75.2090343136013,40.0157083481508],[-75.2092945347689,40.0158266225146],[-75.2105006636604,40.0164003234891]]},"properties":{"objectid":3366,"st_name":"RIDGE","st_type":"AVE","bikewaytyp":"Sharrow","facityp":"Advisory/Shared","grouping":"one-way, both sides","faccode":"Advisory/Shared","hqbn":"No"}},{"type":"Feature","id":3374,"geometry":{"type":"LineString","coordinates":[[-75.1924071048377,40.0205049857126],[-75.193092907203,40.0209634927898],[-75.1934846980973,40.0213632127528],[-75.19369260227,40.0216493594204],[-75.194498309088,40.0226721548789],[-75.1945836864524,40.0227611378712]]},"properties":{"objectid":3374,"st_name":"HENRY","st_type":"AVE","bikewaytyp":"Shared Use Sidepath","facityp":"Separated","grouping":"two-way, one side","faccode":"TWSBL","hqbn":"Yes"}},{"type":"Feature","id":3376,"geometry":{"type":"LineString","coordinates":[[-75.1958814440779,40.0240777931771],[-75.1959051507356,40.0241007410435],[-75.1973428504495,40.025537592659],[-75.1976975492538,40.0257748450061],[-75.1982040569198,40.0259646421112],[-75.1986378524557,40.0260603001413],[-75.1989931305976,40.0260799219239],[-75.1994011253411,40.0260176427096]]},"properties":{"objectid":3376,"st_name":"HENRY","st_type":"AVE","bikewaytyp":"Shared Use Sidepath","facityp":"Separated","grouping":"two-way, one side","faccode":"TWSBL","hqbn":"Yes"}},{"type":"Feature","id":3378,"geometry":{"type":"LineString","coordinates":[[-75.2065152485013,40.0148548576795],[-75.2067077191996,40.0149107052189]]},"properties":{"objectid":3378,"st_name":"RIDGE","st_type":"AVE","bikewaytyp":"Sharrow","facityp":"Advisory/Shared","grouping":"one-way, both sides","faccode":"Advisory/Shared","hqbn":"No"}},{"type":"Feature","id":3381,"geometry":{"type":"LineString","coordinates":[[-75.2048514958222,40.0144000526748],[-75.2052399380071,40.0145343278365],[-75.2059401959183,40.0147225215667],[-75.2063113076647,40.0148162648818]]},"properties":{"objectid":3381,"st_name":"RIDGE","st_type":"AVE","bikewaytyp":"Sharrow","facityp":"Advisory/Shared","grouping":"one-way, both sides","faccode":"Advisory/Shared","hqbn":"No"}},{"type":"Feature","id":3382,"geometry":{"type":"LineString","coordinates":[[-75.2020306935324,40.0131162055837],[-75.2022087101586,40.0132753077344],[-75.2023907891016,40.0134039007519],[-75.2027069437301,40.0136121172854],[-75.2030825781525,40.0138053576516],[-75.2045094358184,40.0142883681296],[-75.204714085161,40.0143591898321],[-75.2048514958222,40.0144000526748]]},"properties":{"objectid":3382,"st_name":"RIDGE","st_type":"AVE","bikewaytyp":"Sharrow","facityp":"Advisory/Shared","grouping":"one-way, both sides","faccode":"Advisory/Shared","hqbn":"No"}},{"type":"Feature","id":3389,"geometry":{"type":"LineString","coordinates":[[-75.1780594303036,40.0108754854797],[-75.1803383646998,40.0096203468569]]},"properties":{"objectid":3389,"st_name":"ROBERTS","st_type":"AVE","bikewaytyp":"Sharrow","facityp":"Advisory/Shared","grouping":"one-way, both sides","faccode":"Advisory/Shared","hqbn":"No"}},{"type":"Feature","id":3401,"geometry":{"type":"LineString","coordinates":[[-75.1469151846975,40.0244376248414],[-75.1478968260836,40.0245629137033]]},"properties":{"objectid":3401,"st_name":"WYOMING","st_type":"AVE","bikewaytyp":"Painted Bike Lane","facityp":"Painted","grouping":"one-way, both sides","faccode":"Painted","hqbn":"No"}},{"type":"Feature","id":3416,"geometry":{"type":"LineString","coordinates":[[-75.1351754064793,40.0228974575174],[-75.1356851079748,40.022961963434]]},"properties":{"objectid":3416,"st_name":"WYOMING","st_type":"AVE","bikewaytyp":"Painted Bike Lane","facityp":"Painted","grouping":"one-way, both sides","faccode":"Painted","hqbn":"No"}},{"type":"Feature","id":3435,"geometry":{"type":"LineString","coordinates":[[-75.1485693367058,40.0214852045645],[-75.1494501123602,40.0216020285068]]},"properties":{"objectid":3435,"st_name":"WINGOHOCKING","st_type":"ST","bikewaytyp":"Painted Bike Lane","facityp":"Painted","grouping":"one-way, one side","faccode":"Painted","hqbn":"No"}},{"type":"Feature","id":3447,"geometry":{"type":"LineString","coordinates":[[-75.0958998843336,40.0196133147961],[-75.0943748673685,40.0211690436359],[-75.0942901262224,40.0213130524732],[-75.0941939148497,40.021548024915],[-75.0941656867323,40.0216629298525],[-75.0941545526826,40.0219198386868]]},"properties":{"objectid":3447,"st_name":"CASTOR","st_type":"AVE","bikewaytyp":"Sharrow","facityp":"Advisory/Shared","grouping":"one-way, both sides","faccode":"Advisory/Shared","hqbn":"No"}},{"type":"Feature","id":3488,"geometry":{"type":"LineString","coordinates":[[-75.1311370676744,40.0145442703403],[-75.1309842569491,40.0148082837158],[-75.1295859699337,40.0159701232408]]},"properties":{"objectid":3488,"st_name":"RISING SUN","st_type":"AVE","bikewaytyp":"Painted Bike Lane","facityp":"Painted","grouping":"one-way, both sides","faccode":"Painted","hqbn":"No"}},{"type":"Feature","id":3508,"geometry":{"type":"LineString","coordinates":[[-75.1124989716979,40.0104989498869],[-75.1121641775773,40.0120945266398]]},"properties":{"objectid":3508,"st_name":"G","st_type":"ST","bikewaytyp":"Painted Bike Lane","facityp":"Painted","grouping":"one-way, both sides","faccode":"Painted","hqbn":"No"}},{"type":"Feature","id":3509,"geometry":{"type":"LineString","coordinates":[[-75.1266370129172,40.0108258908312],[-75.1262033548466,40.0129890661854],[-75.1259900086283,40.0138720734242]]},"properties":{"objectid":3509,"st_name":"FRONT","st_type":"ST","bikewaytyp":"Painted Bike Lane","facityp":"Painted","grouping":"one-way, both sides","faccode":"Painted","hqbn":"No"}},{"type":"Feature","id":3514,"geometry":{"type":"LineString","coordinates":[[-75.0915181429599,40.0085209621439],[-75.090184486917,40.0092646940684]]},"properties":{"objectid":3514,"st_name":"KENSINGTON","st_type":"AVE","bikewaytyp":"Painted Bike Lane","facityp":"Painted","grouping":"one-way, both sides","faccode":"Painted","hqbn":"No"}},{"type":"Feature","id":3515,"geometry":{"type":"LineString","coordinates":[[-75.0920298222519,40.0082413862088],[-75.0915181429599,40.0085209621439]]},"properties":{"objectid":3515,"st_name":"KENSINGTON","st_type":"AVE","bikewaytyp":"Painted Bike Lane","facityp":"Painted","grouping":"one-way, both sides","faccode":"Painted","hqbn":"No"}},{"type":"Feature","id":3517,"geometry":{"type":"LineString","coordinates":[[-75.1512486884172,40.0092883077647],[-75.1515803160957,40.0093330176592],[-75.1518653831573,40.0093602807155],[-75.1521500265213,40.0093734514558]]},"properties":{"objectid":3517,"st_name":"ERIE","st_type":"AVE","bikewaytyp":"Painted Bike Lane","facityp":"Painted","grouping":"one-way, both sides","faccode":"Painted","hqbn":"No"}},{"type":"Feature","id":3523,"geometry":{"type":"LineString","coordinates":[[-75.1272888955852,40.007704727293],[-75.1266370129172,40.0108258908312]]},"properties":{"objectid":3523,"st_name":"FRONT","st_type":"ST","bikewaytyp":"Painted Bike Lane","facityp":"Painted","grouping":"one-way, both sides","faccode":"Painted","hqbn":"No"}},{"type":"Feature","id":3526,"geometry":{"type":"LineString","coordinates":[[-75.0918179238457,40.0060167599354],[-75.0915757129541,40.0060305589268],[-75.0910673820986,40.006085689664],[-75.0906137181288,40.0061632516848]]},"properties":{"objectid":3526,"st_name":"TORRESDALE","st_type":"AVE","bikewaytyp":"Painted Bike Lane","facityp":"Painted","grouping":"one-way, both sides","faccode":"Painted","hqbn":"No"}},{"type":"Feature","id":3532,"geometry":{"type":"LineString","coordinates":[[-75.0968693484576,40.0055704332769],[-75.0963497691285,40.0058609912769]]},"properties":{"objectid":3532,"st_name":"KENSINGTON","st_type":"AVE","bikewaytyp":"Painted Bike Lane","facityp":"Painted","grouping":"one-way, both sides","faccode":"Painted","hqbn":"No"}},{"type":"Feature","id":3537,"geometry":{"type":"LineString","coordinates":[[-75.1280243335199,40.0043377783009],[-75.1272888955852,40.007704727293]]},"properties":{"objectid":3537,"st_name":"FRONT","st_type":"ST","bikewaytyp":"Painted Bike Lane","facityp":"Painted","grouping":"one-way, both sides","faccode":"Painted","hqbn":"No"}},{"type":"Feature","id":3540,"geometry":{"type":"LineString","coordinates":[[-75.0997224284347,40.0026075509668],[-75.0993651751384,40.0042124168199]]},"properties":{"objectid":3540,"st_name":"CASTOR","st_type":"AVE","bikewaytyp":"Painted Bike Lane","facityp":"Painted","grouping":"one-way, both sides","faccode":"Painted","hqbn":"No"}},{"type":"Feature","id":3541,"geometry":{"type":"LineString","coordinates":[[-75.1282843585452,40.0031258020344],[-75.1280243335199,40.0043377783009]]},"properties":{"objectid":3541,"st_name":"FRONT","st_type":"ST","bikewaytyp":"Painted Bike Lane","facityp":"Painted","grouping":"one-way, both sides","faccode":"Painted","hqbn":"No"}},{"type":"Feature","id":3558,"geometry":{"type":"LineString","coordinates":[[-75.1042007094391,40.0015349882564],[-75.1031826667816,40.0021054246468]]},"properties":{"objectid":3558,"st_name":"KENSINGTON","st_type":"AVE","bikewaytyp":"Painted Bike Lane","facityp":"Painted","grouping":"one-way, both sides","faccode":"Painted","hqbn":"No"}},{"type":"Feature","id":3576,"geometry":{"type":"LineString","coordinates":[[-75.1441254310706,40.0021673015067],[-75.1443684511586,40.0020561084488],[-75.1455245985684,40.0015941018781]]},"properties":{"objectid":3576,"st_name":"SEDGLEY","st_type":"AVE","bikewaytyp":"Painted Bike Lane","facityp":"Painted","grouping":"one-way, both sides","faccode":"Painted","hqbn":"No"}},{"type":"Feature","id":3582,"geometry":{"type":"LineString","coordinates":[[-75.1516280034764,40.0014358691244],[-75.1529282931012,40.0016020162532]]},"properties":{"objectid":3582,"st_name":"ALLEGHENY","st_type":"AVE","bikewaytyp":"Painted Bike Lane","facityp":"Painted","grouping":"one-way, both sides","faccode":"Painted","hqbn":"No"}},{"type":"Feature","id":3589,"geometry":{"type":"LineString","coordinates":[[-75.1481504806964,40.0009965454433],[-75.1491499310557,40.0011091611836]]},"properties":{"objectid":3589,"st_name":"ALLEGHENY","st_type":"AVE","bikewaytyp":"Painted Bike Lane","facityp":"Painted","grouping":"one-way, both sides","faccode":"Painted","hqbn":"No"}},{"type":"Feature","id":3594,"geometry":{"type":"LineString","coordinates":[[-75.099611536451,40.0003750401716],[-75.0989824365744,39.9996975944534]]},"properties":{"objectid":3594,"st_name":"CASTOR","st_type":"AVE","bikewaytyp":"Painted Bike Lane","facityp":"Painted","grouping":"one-way, both sides","faccode":"Painted","hqbn":"No"}},{"type":"Feature","id":3596,"geometry":{"type":"LineString","coordinates":[[-75.107595651113,39.9996716549477],[-75.1064455290116,40.00033175885]]},"properties":{"objectid":3596,"st_name":"KENSINGTON","st_type":"AVE","bikewaytyp":"Painted Bike Lane","facityp":"Painted","grouping":"one-way, both sides","faccode":"Painted","hqbn":"No"}},{"type":"Feature","id":3613,"geometry":{"type":"LineString","coordinates":[[-75.1092970287659,39.9987541887358],[-75.1087260406852,39.9990417418045]]},"properties":{"objectid":3613,"st_name":"KENSINGTON","st_type":"AVE","bikewaytyp":"Painted Bike Lane","facityp":"Painted","grouping":"one-way, both sides","faccode":"Painted","hqbn":"No"}},{"type":"Feature","id":3626,"geometry":{"type":"LineString","coordinates":[[-75.1292623219347,39.9985484937041],[-75.1286308518164,39.9984683310563]]},"properties":{"objectid":3626,"st_name":"ALLEGHENY","st_type":"AVE","bikewaytyp":"Painted Bike Lane","facityp":"Painted","grouping":"one-way, both sides","faccode":"Painted","hqbn":"No"}},{"type":"Feature","id":3627,"geometry":{"type":"LineString","coordinates":[[-75.1286308518164,39.9984683310563],[-75.1273391931237,39.9983003570562]]},"properties":{"objectid":3627,"st_name":"ALLEGHENY","st_type":"AVE","bikewaytyp":"Painted Bike Lane","facityp":"Painted","grouping":"one-way, both sides","faccode":"Painted","hqbn":"No"}},{"type":"Feature","id":3630,"geometry":{"type":"LineString","coordinates":[[-75.1273391931237,39.9983003570562],[-75.1264143422176,39.9981780270233]]},"properties":{"objectid":3630,"st_name":"ALLEGHENY","st_type":"AVE","bikewaytyp":"Painted Bike Lane","facityp":"Painted","grouping":"one-way, both sides","faccode":"Painted","hqbn":"No"}},{"type":"Feature","id":3633,"geometry":{"type":"LineString","coordinates":[[-75.1261031619052,39.9981455605068],[-75.1253831133332,39.9980530734476]]},"properties":{"objectid":3633,"st_name":"ALLEGHENY","st_type":"AVE","bikewaytyp":"Painted Bike Lane","facityp":"Painted","grouping":"one-way, both sides","faccode":"Painted","hqbn":"No"}},{"type":"Feature","id":3636,"geometry":{"type":"LineString","coordinates":[[-75.1239366252296,39.9978591562283],[-75.1232124362395,39.9977620916024]]},"properties":{"objectid":3636,"st_name":"ALLEGHENY","st_type":"AVE","bikewaytyp":"Painted Bike Lane","facityp":"Painted","grouping":"one-way, both sides","faccode":"Painted","hqbn":"No"}},{"type":"Feature","id":3637,"geometry":{"type":"LineString","coordinates":[[-75.1115606919783,39.9974844683191],[-75.1109855278767,39.9978104904103]]},"properties":{"objectid":3637,"st_name":"KENSINGTON","st_type":"AVE","bikewaytyp":"Painted Bike Lane","facityp":"Painted","grouping":"one-way, both sides","faccode":"Painted","hqbn":"No"}},{"type":"Feature","id":3639,"geometry":{"type":"LineString","coordinates":[[-75.1227088405108,39.9976970085751],[-75.122240049591,39.9976423088059]]},"properties":{"objectid":3639,"st_name":"ALLEGHENY","st_type":"AVE","bikewaytyp":"Painted Bike Lane","facityp":"Painted","grouping":"one-way, both sides","faccode":"Painted","hqbn":"No"}},{"type":"Feature","id":3641,"geometry":{"type":"LineString","coordinates":[[-75.1217514735181,39.9975823074747],[-75.1212645431715,39.9975177338747]]},"properties":{"objectid":3641,"st_name":"ALLEGHENY","st_type":"AVE","bikewaytyp":"Painted Bike Lane","facityp":"Painted","grouping":"one-way, both sides","faccode":"Painted","hqbn":"No"}},{"type":"Feature","id":3642,"geometry":{"type":"LineString","coordinates":[[-75.1212645431715,39.9975177338747],[-75.1202953999423,39.9973980672925]]},"properties":{"objectid":3642,"st_name":"ALLEGHENY","st_type":"AVE","bikewaytyp":"Painted Bike Lane","facityp":"Painted","grouping":"one-way, both sides","faccode":"Painted","hqbn":"No"}},{"type":"Feature","id":3645,"geometry":{"type":"LineString","coordinates":[[-75.1198137827686,39.997327712866],[-75.1193308482536,39.9972641091503]]},"properties":{"objectid":3645,"st_name":"ALLEGHENY","st_type":"AVE","bikewaytyp":"Painted Bike Lane","facityp":"Painted","grouping":"one-way, both sides","faccode":"Painted","hqbn":"No"}},{"type":"Feature","id":3647,"geometry":{"type":"LineString","coordinates":[[-75.1184729717774,39.9971536508319],[-75.1173855211182,39.9970159648543]]},"properties":{"objectid":3647,"st_name":"ALLEGHENY","st_type":"AVE","bikewaytyp":"Painted Bike Lane","facityp":"Painted","grouping":"one-way, both sides","faccode":"Painted","hqbn":"No"}},{"type":"Feature","id":3648,"geometry":{"type":"LineString","coordinates":[[-75.1173855211182,39.9970159648543],[-75.1168770389886,39.9969521089863]]},"properties":{"objectid":3648,"st_name":"ALLEGHENY","st_type":"AVE","bikewaytyp":"Painted Bike Lane","facityp":"Painted","grouping":"one-way, both sides","faccode":"Painted","hqbn":"No"}},{"type":"Feature","id":3650,"geometry":{"type":"LineString","coordinates":[[-75.1168770389886,39.9969521089863],[-75.1164160037411,39.9968904152501]]},"properties":{"objectid":3650,"st_name":"ALLEGHENY","st_type":"AVE","bikewaytyp":"Painted Bike Lane","facityp":"Painted","grouping":"one-way, both sides","faccode":"Painted","hqbn":"No"}},{"type":"Feature","id":3664,"geometry":{"type":"LineString","coordinates":[[-75.1471462486004,40.0190195282773],[-75.1471446875604,40.019406072609],[-75.1471426199273,40.0195286653069],[-75.1471469729055,40.0196024880957],[-75.1471422391395,40.0199405406151]]},"properties":{"objectid":3664,"st_name":"OLD YORK","st_type":"RD","bikewaytyp":"Painted Bike Lane","facityp":"Painted","grouping":"one-way, both sides","faccode":"Painted","hqbn":"No"}},{"type":"Feature","id":3666,"geometry":{"type":"LineString","coordinates":[[-75.0973464257435,40.0137583086961],[-75.0970577173122,40.015211357993],[-75.0970430049281,40.0159926612934]]},"properties":{"objectid":3666,"st_name":"CASTOR","st_type":"AVE","bikewaytyp":"Painted Bike Lane","facityp":"Painted","grouping":"one-way, both sides","faccode":"Painted","hqbn":"No"}},{"type":"Feature","id":3681,"geometry":{"type":"LineString","coordinates":[[-75.0699164502807,39.9991547167645],[-75.0690520114098,39.9995751785925]]},"properties":{"objectid":3681,"st_name":"RICHMOND","st_type":"ST","bikewaytyp":"Sharrow","facityp":"Advisory/Shared","grouping":"one-way, both sides","faccode":"Advisory/Shared","hqbn":"No"}},{"type":"Feature","id":3686,"geometry":{"type":"LineString","coordinates":[[-75.0734943577995,39.9973067692395],[-75.0729328717029,39.997604290502]]},"properties":{"objectid":3686,"st_name":"RICHMOND","st_type":"ST","bikewaytyp":"Sharrow","facityp":"Advisory/Shared","grouping":"one-way, both sides","faccode":"Advisory/Shared","hqbn":"No"}},{"type":"Feature","id":3696,"geometry":{"type":"LineString","coordinates":[[-75.0831592412572,39.9923823430398],[-75.0817163450343,39.9931117489945]]},"properties":{"objectid":3696,"st_name":"RICHMOND","st_type":"ST","bikewaytyp":"Sharrow","facityp":"Advisory/Shared","grouping":"one-way, both sides","faccode":"Advisory/Shared","hqbn":"No"}},{"type":"Feature","id":3698,"geometry":{"type":"LineString","coordinates":[[-75.0774794327989,40.0041483807218],[-75.076619618456,40.0048366627768]]},"properties":{"objectid":3698,"st_name":"ARAMINGO","st_type":"AVE","bikewaytyp":"On-Street Separated Bike Lane","facityp":"Separated","grouping":"one-way, both sides","faccode":"OWSBL Pair","hqbn":"No"}},{"type":"Feature","id":3699,"geometry":{"type":"LineString","coordinates":[[-75.0816832637816,40.0013579929858],[-75.079784623723,40.0023470747582]]},"properties":{"objectid":3699,"st_name":"ARAMINGO","st_type":"AVE","bikewaytyp":"On-Street Separated Bike Lane","facityp":"Separated","grouping":"one-way, both sides","faccode":"OWSBL Pair","hqbn":"No"}},{"type":"Feature","id":3700,"geometry":{"type":"LineString","coordinates":[[-75.0836409383425,40.0003342638807],[-75.0816832637816,40.0013579929858]]},"properties":{"objectid":3700,"st_name":"ARAMINGO","st_type":"AVE","bikewaytyp":"Shared Use Sidepath","facityp":"Separated","grouping":"two-way, one side","faccode":"TWSBL","hqbn":"Yes"}},{"type":"Feature","id":3707,"geometry":{"type":"LineString","coordinates":[[-75.0777511869738,40.0053922535011],[-75.0775948783672,40.0047074152247]]},"properties":{"objectid":3707,"st_name":"ORTHODOX","st_type":"ST","bikewaytyp":"Painted Bike Lane","facityp":"Painted","grouping":"one-way, one side","faccode":"Painted","hqbn":"No"}},{"type":"Feature","id":3716,"geometry":{"type":"LineString","coordinates":[[-75.0858215662771,40.014457280928],[-75.085521474547,40.0147969468386]]},"properties":{"objectid":3716,"st_name":"FRANKFORD","st_type":"AVE","bikewaytyp":"Sharrow","facityp":"Advisory/Shared","grouping":"one-way, both sides","faccode":"Advisory/Shared","hqbn":"No"}},{"type":"Feature","id":3722,"geometry":{"type":"LineString","coordinates":[[-75.0839930690826,40.0139781619819],[-75.0832510157403,40.0135720480908]]},"properties":{"objectid":3722,"st_name":"ORTHODOX","st_type":"ST","bikewaytyp":"Sharrow","facityp":"Advisory/Shared","grouping":"one-way, one side","faccode":"Advisory/Shared","hqbn":"No"}},{"type":"Feature","id":3723,"geometry":{"type":"LineString","coordinates":[[-75.0832510157403,40.0135720480908],[-75.0826923055227,40.0132795594856]]},"properties":{"objectid":3723,"st_name":"ORTHODOX","st_type":"ST","bikewaytyp":"Sharrow","facityp":"Advisory/Shared","grouping":"one-way, one side","faccode":"Advisory/Shared","hqbn":"No"}},{"type":"Feature","id":3750,"geometry":{"type":"LineString","coordinates":[[-75.083790373387,40.0085123321263],[-75.0821443041087,40.0091969937574]]},"properties":{"objectid":3750,"st_name":"TORRESDALE","st_type":"AVE","bikewaytyp":"Painted Bike Lane","facityp":"Painted","grouping":"one-way, both sides","faccode":"Painted","hqbn":"No"}},{"type":"Feature","id":3755,"geometry":{"type":"LineString","coordinates":[[-75.0882115655278,40.0066274696938],[-75.0868583356614,40.0072372293889]]},"properties":{"objectid":3755,"st_name":"TORRESDALE","st_type":"AVE","bikewaytyp":"Painted Bike Lane","facityp":"Painted","grouping":"one-way, both sides","faccode":"Painted","hqbn":"No"}},{"type":"Feature","id":3757,"geometry":{"type":"LineString","coordinates":[[-75.0897040141657,40.0063340447735],[-75.088679636329,40.0065217106279]]},"properties":{"objectid":3757,"st_name":"TORRESDALE","st_type":"AVE","bikewaytyp":"Painted Bike Lane","facityp":"Painted","grouping":"one-way, both sides","faccode":"Painted","hqbn":"No"}},{"type":"Feature","id":3762,"geometry":{"type":"LineString","coordinates":[[-75.0817028076087,40.0127455739853],[-75.0808597023756,40.0119130372463]]},"properties":{"objectid":3762,"st_name":"ORTHODOX","st_type":"ST","bikewaytyp":"Painted Bike Lane","facityp":"Painted","grouping":"one-way, one side","faccode":"Painted","hqbn":"No"}},{"type":"Feature","id":3768,"geometry":{"type":"LineString","coordinates":[[-75.0891993885465,40.0101877021599],[-75.088733250273,40.0109328273022]]},"properties":{"objectid":3768,"st_name":"FRANKFORD","st_type":"AVE","bikewaytyp":"Sharrow","facityp":"Advisory/Shared","grouping":"one-way, both sides","faccode":"Advisory/Shared","hqbn":"No"}},{"type":"Feature","id":3771,"geometry":{"type":"LineString","coordinates":[[-75.0867691144604,40.0060634079889],[-75.0864955959073,40.0057813447771],[-75.0855887566924,40.0049928286946]]},"properties":{"objectid":3771,"st_name":"ADAMS","st_type":"AVE","bikewaytyp":"Shared Use Sidepath","facityp":"Separated","grouping":"two-way, one side","faccode":"TWSBL","hqbn":"Yes"}},{"type":"Feature","id":3782,"geometry":{"type":"LineString","coordinates":[[-75.0858678823065,39.9992713769168],[-75.0866984014325,40.0004315069812],[-75.0869101459881,40.0011099952369],[-75.0868022410065,40.0018344723352],[-75.0853967399295,40.0040696440269],[-75.0853002192527,40.0044967567993],[-75.0856114278832,40.0049336727592],[-75.0855887566924,40.0049928286946]]},"properties":{"objectid":3782,"st_name":"ASHLAND","st_type":"ST","bikewaytyp":"Shared Use Sidepath","facityp":"Separated","grouping":"two-way, one side","faccode":"TWSBL","hqbn":"Yes"}},{"type":"Feature","id":3783,"geometry":{"type":"LineString","coordinates":[[-75.079784623723,40.0023470747582],[-75.079260077315,40.0027364447168],[-75.0787074526837,40.0031705291682]]},"properties":{"objectid":3783,"st_name":"ARAMINGO","st_type":"AVE","bikewaytyp":"On-Street Separated Bike Lane","facityp":"Separated","grouping":"one-way, both sides","faccode":"OWSBL Pair","hqbn":"No"}},{"type":"Feature","id":3789,"geometry":{"type":"LineString","coordinates":[[-75.0802238880079,39.9938314086693],[-75.0797075772574,39.99410225321],[-75.0792800158427,39.994317341621],[-75.0790737492158,39.994400390044]]},"properties":{"objectid":3789,"st_name":"RICHMOND","st_type":"ST","bikewaytyp":"On-Street Separated Bike Lane","facityp":"Separated","grouping":"one-way, both sides","faccode":"OWSBL Pair","hqbn":"Yes"}},{"type":"Feature","id":3792,"geometry":{"type":"LineString","coordinates":[[-75.0836409383425,40.0003342638807],[-75.0858678823065,39.9992713769168]]},"properties":{"objectid":3792,"st_name":"ARAMINGO","st_type":"AVE","bikewaytyp":"Shared Use Sidepath","facityp":"Separated","grouping":"two-way, one side","faccode":"TWSBL","hqbn":"Yes"}},{"type":"Feature","id":3793,"geometry":{"type":"LineString","coordinates":[[-75.2141135001632,40.0401333091315],[-75.2157598198275,40.0412538461064],[-75.2161830885636,40.041573353167],[-75.2164595445517,40.0417983944984],[-75.2166966979265,40.0420164857101],[-75.2169250403017,40.0422587099394],[-75.2171585688026,40.0425740279473],[-75.2173383413219,40.0428455889793],[-75.2174718109064,40.0430857192949],[-75.2175813353479,40.0433314041766],[-75.2176669144804,40.0435826418922],[-75.2177296830394,40.0438090506501],[-75.2178480986669,40.0443528091001]]},"properties":{"objectid":3793,"st_name":"HENRY","st_type":"AVE","bikewaytyp":"Painted Bike Lane","facityp":"Painted","grouping":"one-way, both sides","faccode":"Painted","hqbn":"No"}},{"type":"Feature","id":3794,"geometry":{"type":"LineString","coordinates":[[-75.2363889161865,40.0574075419465],[-75.2373093745861,40.0586006066329],[-75.2381843804033,40.0597804286649]]},"properties":{"objectid":3794,"st_name":"RIDGE","st_type":"AVE","bikewaytyp":"Sharrow","facityp":"Advisory/Shared","grouping":"one-way, both sides","faccode":"Advisory/Shared","hqbn":"No"}},{"type":"Feature","id":3795,"geometry":{"type":"LineString","coordinates":[[-75.217828893974,40.0471096712311],[-75.2179033402673,40.0474254349986],[-75.2180124209536,40.0476832720079],[-75.2181393559569,40.0478867677136],[-75.2182965592398,40.048127419805],[-75.2185100207757,40.0483449844627],[-75.2187092553279,40.0485196640005],[-75.2189487074139,40.0486769831691],[-75.2197723345884,40.049107740722]]},"properties":{"objectid":3795,"st_name":"HENRY","st_type":"AVE","bikewaytyp":"Painted Bike Lane","facityp":"Painted","grouping":"one-way, both sides","faccode":"Painted","hqbn":"No"}},{"type":"Feature","id":3796,"geometry":{"type":"LineString","coordinates":[[-75.2329372250468,40.0459391791474],[-75.2343728156428,40.0471791767064],[-75.2348005117528,40.0475960164832],[-75.2349491906698,40.0478547038725],[-75.2354227804115,40.0487849131022]]},"properties":{"objectid":3796,"st_name":"RIDGE","st_type":"AVE","bikewaytyp":"Sharrow","facityp":"Advisory/Shared","grouping":"one-way, both sides","faccode":"Advisory/Shared","hqbn":"No"}},{"type":"Feature","id":3800,"geometry":{"type":"LineString","coordinates":[[-75.2360439333777,40.0567203734056],[-75.2361279211586,40.0569698855629],[-75.2362879398841,40.0572368464794],[-75.2363889161865,40.0574075419465]]},"properties":{"objectid":3800,"st_name":"RIDGE","st_type":"AVE","bikewaytyp":"Sharrow","facityp":"Advisory/Shared","grouping":"one-way, both sides","faccode":"Advisory/Shared","hqbn":"No"}},{"type":"Feature","id":3802,"geometry":{"type":"LineString","coordinates":[[-75.2359196800079,40.0550880841082],[-75.2359307415146,40.0558640899119],[-75.2359665428561,40.0562086178437]]},"properties":{"objectid":3802,"st_name":"RIDGE","st_type":"AVE","bikewaytyp":"Sharrow","facityp":"Advisory/Shared","grouping":"one-way, both sides","faccode":"Advisory/Shared","hqbn":"No"}},{"type":"Feature","id":3809,"geometry":{"type":"LineString","coordinates":[[-75.2357900324001,40.0496321585941],[-75.2360411410416,40.0503477490523]]},"properties":{"objectid":3809,"st_name":"RIDGE","st_type":"AVE","bikewaytyp":"Sharrow","facityp":"Advisory/Shared","grouping":"one-way, both sides","faccode":"Advisory/Shared","hqbn":"No"}},{"type":"Feature","id":3818,"geometry":{"type":"LineString","coordinates":[[-75.2223025847377,40.0451607115313],[-75.2230183596562,40.0454337846817],[-75.2235446065736,40.0457178254057]]},"properties":{"objectid":3818,"st_name":"VALLEY","st_type":"AVE","bikewaytyp":"Painted Bike Lane","facityp":"Painted","grouping":"one-way, both sides","faccode":"Painted","hqbn":"No"}},{"type":"Feature","id":3819,"geometry":{"type":"LineString","coordinates":[[-75.2320434089628,40.0453373033557],[-75.2324533332359,40.0455801298366],[-75.2329372250468,40.0459391791474]]},"properties":{"objectid":3819,"st_name":"RIDGE","st_type":"AVE","bikewaytyp":"Sharrow","facityp":"Advisory/Shared","grouping":"one-way, both sides","faccode":"Advisory/Shared","hqbn":"No"}},{"type":"Feature","id":3820,"geometry":{"type":"LineString","coordinates":[[-75.2207328222461,40.0447800686237],[-75.2223025847377,40.0451607115313]]},"properties":{"objectid":3820,"st_name":"VALLEY","st_type":"AVE","bikewaytyp":"Painted Bike Lane","facityp":"Painted","grouping":"one-way, both sides","faccode":"Painted","hqbn":"No"}},{"type":"Feature","id":3822,"geometry":{"type":"LineString","coordinates":[[-75.2178480986669,40.0443528091001],[-75.2178457351616,40.0460893475743]]},"properties":{"objectid":3822,"st_name":"HENRY","st_type":"AVE","bikewaytyp":"Painted Bike Lane","facityp":"Painted","grouping":"one-way, both sides","faccode":"Painted","hqbn":"No"}},{"type":"Feature","id":3823,"geometry":{"type":"LineString","coordinates":[[-75.2285334644244,40.0438698411264],[-75.2287527311668,40.0440150279086],[-75.2291105619334,40.0441810065396],[-75.2296409859798,40.0443872602924],[-75.2311696748231,40.0449323961151]]},"properties":{"objectid":3823,"st_name":"RIDGE","st_type":"AVE","bikewaytyp":"Sharrow","facityp":"Advisory/Shared","grouping":"one-way, both sides","faccode":"Advisory/Shared","hqbn":"No"}},{"type":"Feature","id":3824,"geometry":{"type":"LineString","coordinates":[[-75.2274475074884,40.0432066286911],[-75.2285334644244,40.0438698411264]]},"properties":{"objectid":3824,"st_name":"RIDGE","st_type":"AVE","bikewaytyp":"Sharrow","facityp":"Advisory/Shared","grouping":"one-way, both sides","faccode":"Advisory/Shared","hqbn":"No"}},{"type":"Feature","id":3827,"geometry":{"type":"LineString","coordinates":[[-75.2130297317958,40.0394215223432],[-75.2141135001632,40.0401333091315]]},"properties":{"objectid":3827,"st_name":"HENRY","st_type":"AVE","bikewaytyp":"Painted Bike Lane","facityp":"Painted","grouping":"one-way, both sides","faccode":"Painted","hqbn":"No"}},{"type":"Feature","id":3829,"geometry":{"type":"LineString","coordinates":[[-75.2115396909266,40.0384148092606],[-75.2130297317958,40.0394215223432]]},"properties":{"objectid":3829,"st_name":"HENRY","st_type":"AVE","bikewaytyp":"Painted Bike Lane","facityp":"Painted","grouping":"one-way, both sides","faccode":"Painted","hqbn":"No"}},{"type":"Feature","id":3830,"geometry":{"type":"LineString","coordinates":[[-75.2104009263842,40.0375190987174],[-75.2115396909266,40.0384148092606]]},"properties":{"objectid":3830,"st_name":"HENRY","st_type":"AVE","bikewaytyp":"Painted Bike Lane","facityp":"Painted","grouping":"one-way, both sides","faccode":"Painted","hqbn":"No"}},{"type":"Feature","id":3832,"geometry":{"type":"LineString","coordinates":[[-75.2396703464652,40.0640262561613],[-75.2397712354036,40.0643651332049],[-75.2398472440473,40.0651473213658]]},"properties":{"objectid":3832,"st_name":"RIDGE","st_type":"AVE","bikewaytyp":"Painted Bike Lane","facityp":"Painted","grouping":"one-way, both sides","faccode":"Painted","hqbn":"No"}},{"type":"Feature","id":3834,"geometry":{"type":"LineString","coordinates":[[-75.2345725950652,40.0590636614089],[-75.2350538696891,40.0596440948618]]},"properties":{"objectid":3834,"st_name":"HENRY","st_type":"AVE","bikewaytyp":"Painted Bike Lane","facityp":"Painted","grouping":"one-way, both sides","faccode":"Painted","hqbn":"No"}},{"type":"Feature","id":3836,"geometry":{"type":"LineString","coordinates":[[-75.2336524972854,40.0578965952636],[-75.2341331170552,40.0584942554999]]},"properties":{"objectid":3836,"st_name":"HENRY","st_type":"AVE","bikewaytyp":"Painted Bike Lane","facityp":"Painted","grouping":"one-way, both sides","faccode":"Painted","hqbn":"No"}},{"type":"Feature","id":3837,"geometry":{"type":"LineString","coordinates":[[-75.2331921556726,40.0572511676156],[-75.2332473705487,40.0573683411334],[-75.2336524972854,40.0578965952636]]},"properties":{"objectid":3837,"st_name":"HENRY","st_type":"AVE","bikewaytyp":"Painted Bike Lane","facityp":"Painted","grouping":"one-way, both sides","faccode":"Painted","hqbn":"No"}},{"type":"Feature","id":3839,"geometry":{"type":"LineString","coordinates":[[-75.2385984435736,40.0632495333403],[-75.239009808315,40.0635517941308],[-75.2394916489345,40.0640062864925],[-75.2396703464652,40.0640262561613]]},"properties":{"objectid":3839,"st_name":"HENRY","st_type":"AVE","bikewaytyp":"Painted Bike Lane","facityp":"Painted","grouping":"one-way, one side","faccode":"Painted","hqbn":"No"}},{"type":"Feature","id":3841,"geometry":{"type":"LineString","coordinates":[[-75.2391247895219,40.0625112292555],[-75.2391827913314,40.0625743100469],[-75.2393954313051,40.0629702960994],[-75.2396703464652,40.0640262561613]]},"properties":{"objectid":3841,"st_name":"HENRY AVE","st_type":"RAMP","bikewaytyp":"Painted Bike Lane","facityp":"Painted","grouping":"one-way, one side","faccode":"Painted","hqbn":"No"}},{"type":"Feature","id":3843,"geometry":{"type":"LineString","coordinates":[[-75.2381843804033,40.0597804286649],[-75.2382744608211,40.0598749449607],[-75.2384712309431,40.0601515436666],[-75.2386093007537,40.0604025962078],[-75.2387477704961,40.0606428724406],[-75.2388535345492,40.0608247955365]]},"properties":{"objectid":3843,"st_name":"RIDGE","st_type":"AVE","bikewaytyp":"Sharrow","facityp":"Advisory/Shared","grouping":"one-way, one side","faccode":"Advisory/Shared","hqbn":"No"}},{"type":"Feature","id":3844,"geometry":{"type":"LineString","coordinates":[[-75.2393730737414,40.0625437806249],[-75.2396703464652,40.0640262561613]]},"properties":{"objectid":3844,"st_name":"RIDGE","st_type":"AVE","bikewaytyp":"Painted Bike Lane","facityp":"Painted","grouping":"one-way, one side","faccode":"Painted","hqbn":"No"}},{"type":"Feature","id":3845,"geometry":{"type":"LineString","coordinates":[[-75.2388535345492,40.0608247955365],[-75.2388927717767,40.0609401878792],[-75.2390006031974,40.0612344653681],[-75.2391000770805,40.0615407243693],[-75.2393730737414,40.0625437806249]]},"properties":{"objectid":3845,"st_name":"RIDGE","st_type":"AVE","bikewaytyp":"Painted Bike Lane","facityp":"Painted","grouping":"one-way, one side","faccode":"Painted","hqbn":"No"}},{"type":"Feature","id":3851,"geometry":{"type":"LineString","coordinates":[[-75.2362221237835,40.0610954447619],[-75.2362592828254,40.0613083231372],[-75.2365555601007,40.0616432158276],[-75.2371006400053,40.0620991022314],[-75.2372720262719,40.062260463343]]},"properties":{"objectid":3851,"st_name":"HENRY","st_type":"AVE","bikewaytyp":"Painted Bike Lane","facityp":"Painted","grouping":"one-way, one side","faccode":"Painted","hqbn":"No"}},{"type":"Feature","id":3854,"geometry":{"type":"LineString","coordinates":[[-75.2327612943788,40.0562116950072],[-75.2328028557827,40.0563368749881],[-75.232967604844,40.0568026944257],[-75.2330476043436,40.05699297966],[-75.2331921556726,40.0572511676156]]},"properties":{"objectid":3854,"st_name":"HENRY","st_type":"AVE","bikewaytyp":"Painted Bike Lane","facityp":"Painted","grouping":"one-way, both sides","faccode":"Painted","hqbn":"No"}},{"type":"Feature","id":3857,"geometry":{"type":"LineString","coordinates":[[-75.2197723345884,40.049107740722],[-75.2232853865457,40.0507152198773],[-75.2252897956889,40.0516597197526]]},"properties":{"objectid":3857,"st_name":"HENRY","st_type":"AVE","bikewaytyp":"Painted Bike Lane","facityp":"Painted","grouping":"one-way, both sides","faccode":"Painted","hqbn":"No"}},{"type":"Feature","id":3858,"geometry":{"type":"LineString","coordinates":[[-75.2252897956889,40.0516597197526],[-75.2271646285335,40.0525431058782]]},"properties":{"objectid":3858,"st_name":"HENRY","st_type":"AVE","bikewaytyp":"Painted Bike Lane","facityp":"Painted","grouping":"one-way, both sides","faccode":"Painted","hqbn":"No"}},{"type":"Feature","id":3859,"geometry":{"type":"LineString","coordinates":[[-75.1955068559602,40.0579019871948],[-75.196328535989,40.0583858724947],[-75.1968727294246,40.0586473199634],[-75.1972488309191,40.0587488125572],[-75.1976154032584,40.0587932317268],[-75.1979194874481,40.0588043743571],[-75.1981736931259,40.0587796116768],[-75.1984281260001,40.0587487717169],[-75.2001450917794,40.058386440148]]},"properties":{"objectid":3859,"st_name":"CRESHEIM","st_type":"RD","bikewaytyp":"Sharrow","facityp":"Advisory/Shared","grouping":"one-way, both sides","faccode":"Advisory/Shared","hqbn":"No"}},{"type":"Feature","id":3869,"geometry":{"type":"LineString","coordinates":[[-75.1555110352338,40.0361133286619],[-75.1558599242032,40.036425523792],[-75.156126314314,40.0365601700856],[-75.1563848166809,40.0366533782969],[-75.1566452657596,40.0366956638979],[-75.1570231801981,40.0367211848215],[-75.1583759101348,40.0366941478575]]},"properties":{"objectid":3869,"st_name":"BELFIELD","st_type":"AVE","bikewaytyp":"Painted Bike Lane","facityp":"Painted","grouping":"one-way, both sides","faccode":"Painted","hqbn":"No"}},{"type":"Feature","id":3871,"geometry":{"type":"LineString","coordinates":[[-75.1523724734548,40.0313963108707],[-75.1512752502265,40.0325884357571],[-75.1511348234932,40.0327893243354],[-75.1509924438979,40.0330411841945],[-75.1508681891204,40.033329465951],[-75.1508097128589,40.0335172410123]]},"properties":{"objectid":3871,"st_name":"OGONTZ","st_type":"AVE","bikewaytyp":"Painted Bike Lane","facityp":"Painted","grouping":"one-way, both sides","faccode":"Painted","hqbn":"No"}},{"type":"Feature","id":3884,"geometry":{"type":"LineString","coordinates":[[-75.1501443545468,40.0515871650307],[-75.1500260935247,40.0524825748831]]},"properties":{"objectid":3884,"st_name":"OGONTZ","st_type":"AVE","bikewaytyp":"Painted Bike Lane","facityp":"Painted","grouping":"one-way, both sides","faccode":"Painted","hqbn":"No"}},{"type":"Feature","id":3889,"geometry":{"type":"LineString","coordinates":[[-75.1917666063805,40.0392295083831],[-75.1918962946086,40.0392512358613],[-75.1926633370202,40.0392487940017]]},"properties":{"objectid":3889,"st_name":"WAYNE","st_type":"AVE","bikewaytyp":"Painted Bike Lane","facityp":"Painted","grouping":"one-way, both sides","faccode":"Painted","hqbn":"No"}},{"type":"Feature","id":3941,"geometry":{"type":"LineString","coordinates":[[-75.1672097613024,40.0431584479418],[-75.1660876998972,40.0442525468341]]},"properties":{"objectid":3941,"st_name":"CHELTEN","st_type":"AVE","bikewaytyp":"Painted Bike Lane","facityp":"Painted","grouping":"one-way, both sides","faccode":"Painted","hqbn":"No"}},{"type":"Feature","id":3943,"geometry":{"type":"LineString","coordinates":[[-75.1605771014956,40.0368446220889],[-75.1626906510774,40.0369894711677],[-75.1640531894152,40.036825974733]]},"properties":{"objectid":3943,"st_name":"BELFIELD","st_type":"AVE","bikewaytyp":"Painted Bike Lane","facityp":"Painted","grouping":"one-way, both sides","faccode":"Painted","hqbn":"No"}},{"type":"Feature","id":3983,"geometry":{"type":"LineString","coordinates":[[-75.1472672858634,40.0499743116371],[-75.148709896477,40.0507874345907]]},"properties":{"objectid":3983,"st_name":"STENTON","st_type":"AVE","bikewaytyp":"Painted Bike Lane","facityp":"Painted","grouping":"one-way, both sides","faccode":"Painted","hqbn":"No"}},{"type":"Feature","id":3987,"geometry":{"type":"LineString","coordinates":[[-75.1508234497217,40.0485276312049],[-75.1506314668395,40.0494254424858]]},"properties":{"objectid":3987,"st_name":"OGONTZ","st_type":"AVE","bikewaytyp":"Painted Bike Lane","facityp":"Painted","grouping":"one-way, both sides","faccode":"Painted","hqbn":"No"}},{"type":"Feature","id":3988,"geometry":{"type":"LineString","coordinates":[[-75.1509159441474,40.0481182735366],[-75.1508234497217,40.0485276312049]]},"properties":{"objectid":3988,"st_name":"OGONTZ","st_type":"AVE","bikewaytyp":"Painted Bike Lane","facityp":"Painted","grouping":"one-way, both sides","faccode":"Painted","hqbn":"No"}},{"type":"Feature","id":3991,"geometry":{"type":"LineString","coordinates":[[-75.1506827866965,40.0463614097465],[-75.150830927473,40.0465466680957],[-75.1509698600347,40.0467769192282],[-75.1510346090225,40.0469600697616],[-75.1510849702775,40.0471295254515]]},"properties":{"objectid":3991,"st_name":"OGONTZ","st_type":"AVE","bikewaytyp":"Painted Bike Lane","facityp":"Painted","grouping":"one-way, both sides","faccode":"Painted","hqbn":"No"}},{"type":"Feature","id":3992,"geometry":{"type":"LineString","coordinates":[[-75.1512516103027,40.0411838623792],[-75.151165355983,40.0413206720783],[-75.1510189714133,40.0414902364316],[-75.1508565461315,40.0416488957464],[-75.1506814663569,40.0417798613373],[-75.150566519659,40.0418447238216],[-75.1504844608746,40.041910330481],[-75.1503396861896,40.0420377646425],[-75.1502086872072,40.0421913119622]]},"properties":{"objectid":3992,"st_name":"OGONTZ","st_type":"AVE","bikewaytyp":"Painted Bike Lane","facityp":"Painted","grouping":"one-way, both sides","faccode":"Painted","hqbn":"No"}},{"type":"Feature","id":3998,"geometry":{"type":"LineString","coordinates":[[-75.1499903990222,40.0389804743],[-75.1515073118228,40.04062170895]]},"properties":{"objectid":3998,"st_name":"OGONTZ","st_type":"AVE","bikewaytyp":"Painted Bike Lane","facityp":"Painted","grouping":"one-way, both sides","faccode":"Painted","hqbn":"No"}},{"type":"Feature","id":4006,"geometry":{"type":"LineString","coordinates":[[-75.1451466420786,40.0457954703171],[-75.1452177703858,40.0459881938299],[-75.1452832482204,40.046193593545]]},"properties":{"objectid":4006,"st_name":"OLD YORK","st_type":"RD","bikewaytyp":"Painted Bike Lane","facityp":"Painted","grouping":"one-way, both sides","faccode":"Painted","hqbn":"No"}},{"type":"Feature","id":4022,"geometry":{"type":"LineString","coordinates":[[-75.1499626540259,40.0429310785446],[-75.1498628045075,40.0433855037271],[-75.1497994014053,40.0436823684612]]},"properties":{"objectid":4022,"st_name":"OGONTZ","st_type":"AVE","bikewaytyp":"Painted Bike Lane","facityp":"Painted","grouping":"one-way, both sides","faccode":"Painted","hqbn":"No"}},{"type":"Feature","id":4023,"geometry":{"type":"LineString","coordinates":[[-75.1497994014053,40.0436823684612],[-75.149723617151,40.044006390691],[-75.1497020279934,40.0440884586284],[-75.1496412330837,40.0443689585861]]},"properties":{"objectid":4023,"st_name":"OGONTZ","st_type":"AVE","bikewaytyp":"Painted Bike Lane","facityp":"Painted","grouping":"one-way, both sides","faccode":"Painted","hqbn":"No"}},{"type":"Feature","id":4032,"geometry":{"type":"LineString","coordinates":[[-75.1730813394037,40.0374429858619],[-75.1721752894185,40.0383327345529],[-75.17162107374,40.0388569264814]]},"properties":{"objectid":4032,"st_name":"CHELTEN","st_type":"AVE","bikewaytyp":"Painted Bike Lane","facityp":"Painted","grouping":"one-way, both sides","faccode":"Painted","hqbn":"No"}},{"type":"Feature","id":4040,"geometry":{"type":"LineString","coordinates":[[-75.1498621830691,40.0358368206781],[-75.1494627167252,40.0362712281395],[-75.1493038244519,40.03654163548],[-75.1491871206978,40.0368738869496],[-75.1491345765476,40.0372113979811],[-75.1491340241847,40.0372397873683]]},"properties":{"objectid":4040,"st_name":"OGONTZ","st_type":"AVE","bikewaytyp":"Painted Bike Lane","facityp":"Painted","grouping":"one-way, both sides","faccode":"Painted","hqbn":"No"}},{"type":"Feature","id":4046,"geometry":{"type":"LineString","coordinates":[[-75.14935806535,40.0511438662831],[-75.1497761804535,40.0513795949987]]},"properties":{"objectid":4046,"st_name":"STENTON","st_type":"AVE","bikewaytyp":"Painted Bike Lane","facityp":"Painted","grouping":"one-way, both sides","faccode":"Painted","hqbn":"No"}},{"type":"Feature","id":4051,"geometry":{"type":"LineString","coordinates":[[-75.1417186111849,40.0473549734686],[-75.141847862194,40.0473655181002],[-75.1428999976488,40.0475030296797]]},"properties":{"objectid":4051,"st_name":"GODFREY","st_type":"AVE","bikewaytyp":"Painted Bike Lane","facityp":"Painted","grouping":"one-way, both sides","faccode":"Painted","hqbn":"No"}},{"type":"Feature","id":4052,"geometry":{"type":"LineString","coordinates":[[-75.1329430591087,40.0460686263017],[-75.1356623888387,40.0461832301027],[-75.1360215264432,40.0462382624112]]},"properties":{"objectid":4052,"st_name":"GODFREY","st_type":"AVE","bikewaytyp":"Painted Bike Lane","facityp":"Painted","grouping":"one-way, both sides","faccode":"Painted","hqbn":"No"}},{"type":"Feature","id":4054,"geometry":{"type":"LineString","coordinates":[[-75.1194563558284,40.0444896933151],[-75.1175128143839,40.0442360480339],[-75.1169386725868,40.0441542035105],[-75.1159437969863,40.0439755850273],[-75.1153111281883,40.0438137511459],[-75.1148128095488,40.0437181345671],[-75.1141216161555,40.0436531670982],[-75.1139505201567,40.043593117567],[-75.1138357761048,40.0434922676857],[-75.1137978028256,40.0432949629664],[-75.1138333309217,40.0430853142675],[-75.1137744866816,40.0429115564739],[-75.1135471676964,40.0427204290656]]},"properties":{"objectid":4054,"st_name":"GODFREY","st_type":"AVE","bikewaytyp":"Painted Bike Lane","facityp":"Painted","grouping":"one-way, both sides","faccode":"Painted","hqbn":"No"}},{"type":"Feature","id":4056,"geometry":{"type":"LineString","coordinates":[[-75.1427248126687,40.0427598979624],[-75.1428221736048,40.0427768656366],[-75.1438715126903,40.0429101978028]]},"properties":{"objectid":4056,"st_name":"NEDRO","st_type":"AVE","bikewaytyp":"Painted Bike Lane","facityp":"Painted","grouping":"one-way, one side","faccode":"Painted","hqbn":"No"}},{"type":"Feature","id":4057,"geometry":{"type":"LineString","coordinates":[[-75.0887109136849,40.037959780533],[-75.0887332375974,40.0382457542552],[-75.0885685341983,40.0391055778668]]},"properties":{"objectid":4057,"st_name":"OXFORD","st_type":"AVE","bikewaytyp":"Painted Bike Lane","facityp":"Painted","grouping":"one-way, both sides","faccode":"Painted","hqbn":"No"}},{"type":"Feature","id":4061,"geometry":{"type":"LineString","coordinates":[[-75.0962385915345,40.027605273762],[-75.0953139426984,40.028556215191],[-75.0932070045292,40.0307136691776]]},"properties":{"objectid":4061,"st_name":"SUMMERDALE","st_type":"AVE","bikewaytyp":"Painted Bike Lane","facityp":"Painted","grouping":"one-way, both sides","faccode":"Painted","hqbn":"No"}},{"type":"Feature","id":4064,"geometry":{"type":"LineString","coordinates":[[-75.0921510572787,40.0241830634667],[-75.091666077807,40.0246559084462]]},"properties":{"objectid":4064,"st_name":"CASTOR","st_type":"AVE","bikewaytyp":"Painted Bike Lane","facityp":"Painted","grouping":"one-way, both sides","faccode":"Painted","hqbn":"No"}},{"type":"Feature","id":4108,"geometry":{"type":"LineString","coordinates":[[-75.1256330790582,40.0452682973877],[-75.1266426098773,40.0454012043714]]},"properties":{"objectid":4108,"st_name":"GODFREY","st_type":"AVE","bikewaytyp":"Painted Bike Lane","facityp":"Painted","grouping":"one-way, both sides","faccode":"Painted","hqbn":"No"}},{"type":"Feature","id":4112,"geometry":{"type":"LineString","coordinates":[[-75.1221416293745,40.0448197880737],[-75.1228100256721,40.0449015824652]]},"properties":{"objectid":4112,"st_name":"GODFREY","st_type":"AVE","bikewaytyp":"Painted Bike Lane","facityp":"Painted","grouping":"one-way, both sides","faccode":"Painted","hqbn":"No"}},{"type":"Feature","id":4200,"geometry":{"type":"LineString","coordinates":[[-75.1453985474039,40.0336610029088],[-75.1447961756476,40.03515859575]]},"properties":{"objectid":4200,"st_name":"OLD YORK","st_type":"RD","bikewaytyp":"Painted Bike Lane","facityp":"Painted","grouping":"one-way, both sides","faccode":"Painted","hqbn":"No"}},{"type":"Feature","id":4210,"geometry":{"type":"LineString","coordinates":[[-75.1461535154247,40.029053003735],[-75.1460285019088,40.029839923601],[-75.1460035396453,40.0299375065588]]},"properties":{"objectid":4210,"st_name":"OLD YORK","st_type":"RD","bikewaytyp":"Painted Bike Lane","facityp":"Painted","grouping":"one-way, both sides","faccode":"Painted","hqbn":"No"}},{"type":"Feature","id":4212,"geometry":{"type":"LineString","coordinates":[[-75.1226282201805,40.0252385880403],[-75.1224068947295,40.0255038663578]]},"properties":{"objectid":4212,"st_name":"RISING SUN","st_type":"AVE","bikewaytyp":"Painted Bike Lane","facityp":"Painted","grouping":"one-way, both sides","faccode":"Painted","hqbn":"No"}},{"type":"Feature","id":4213,"geometry":{"type":"LineString","coordinates":[[-75.0870004089474,40.0294522285107],[-75.0857504129803,40.0306899398711]]},"properties":{"objectid":4213,"st_name":"CASTOR","st_type":"AVE","bikewaytyp":"Painted Bike Lane","facityp":"Painted","grouping":"one-way, both sides","faccode":"Painted","hqbn":"No"}},{"type":"Feature","id":4224,"geometry":{"type":"LineString","coordinates":[[-75.0941545526826,40.0219198386868],[-75.0940393425383,40.0220614207878],[-75.0939438425834,40.0222781635417],[-75.0937722435619,40.0225173027336]]},"properties":{"objectid":4224,"st_name":"CASTOR","st_type":"AVE","bikewaytyp":"Painted Bike Lane","facityp":"Painted","grouping":"one-way, both sides","faccode":"Painted","hqbn":"No"}},{"type":"Feature","id":4228,"geometry":{"type":"LineString","coordinates":[[-75.1444229959059,40.0429853708719],[-75.1444316545642,40.0437634812269]]},"properties":{"objectid":4228,"st_name":"OLD YORK","st_type":"RD","bikewaytyp":"Painted Bike Lane","facityp":"Painted","grouping":"one-way, both sides","faccode":"Painted","hqbn":"No"}},{"type":"Feature","id":4231,"geometry":{"type":"LineString","coordinates":[[-75.1455560079719,40.0352711858152],[-75.1464400491305,40.0353871261711]]},"properties":{"objectid":4231,"st_name":"SOMERVILLE","st_type":"AVE","bikewaytyp":"Painted Bike Lane","facityp":"Painted","grouping":"one-way, both sides","faccode":"Painted","hqbn":"No"}},{"type":"Feature","id":4232,"geometry":{"type":"LineString","coordinates":[[-75.0876024635231,40.0288274448475],[-75.0870004089474,40.0294522285107]]},"properties":{"objectid":4232,"st_name":"CASTOR","st_type":"AVE","bikewaytyp":"Painted Bike Lane","facityp":"Painted","grouping":"one-way, both sides","faccode":"Painted","hqbn":"No"}},{"type":"Feature","id":4262,"geometry":{"type":"LineString","coordinates":[[-75.1148997145252,40.0344561132123],[-75.1146150406066,40.0348046561898],[-75.1140331622446,40.035480686619]]},"properties":{"objectid":4262,"st_name":"RISING SUN","st_type":"AVE","bikewaytyp":"Painted Bike Lane","facityp":"Painted","grouping":"one-way, both sides","faccode":"Painted","hqbn":"No"}},{"type":"Feature","id":4303,"geometry":{"type":"LineString","coordinates":[[-75.1446555955689,40.0368975093588],[-75.1446186009872,40.0382396875387]]},"properties":{"objectid":4303,"st_name":"OLD YORK","st_type":"RD","bikewaytyp":"Painted Bike Lane","facityp":"Painted","grouping":"one-way, both sides","faccode":"Painted","hqbn":"No"}},{"type":"Feature","id":4304,"geometry":{"type":"LineString","coordinates":[[-75.1121155287766,40.0377714072756],[-75.1120447596374,40.0378565150248],[-75.1100132450003,40.0391584323119]]},"properties":{"objectid":4304,"st_name":"RISING SUN","st_type":"AVE","bikewaytyp":"Painted Bike Lane","facityp":"Painted","grouping":"one-way, both sides","faccode":"Painted","hqbn":"No"}},{"type":"Feature","id":4307,"geometry":{"type":"LineString","coordinates":[[-75.1411077743259,40.0546177848857],[-75.1407670290091,40.0551675779363]]},"properties":{"objectid":4307,"st_name":"OLD YORK","st_type":"RD","bikewaytyp":"Painted Bike Lane","facityp":"Painted","grouping":"one-way, both sides","faccode":"Painted","hqbn":"No"}},{"type":"Feature","id":4308,"geometry":{"type":"LineString","coordinates":[[-75.144456362529,40.0415517643787],[-75.1444350484923,40.0420347949342]]},"properties":{"objectid":4308,"st_name":"OLD YORK","st_type":"RD","bikewaytyp":"Painted Bike Lane","facityp":"Painted","grouping":"one-way, both sides","faccode":"Painted","hqbn":"No"}},{"type":"Feature","id":4310,"geometry":{"type":"LineString","coordinates":[[-75.1133533544662,40.0362850335154],[-75.1131517139053,40.0365252356717],[-75.1121155287766,40.0377714072756]]},"properties":{"objectid":4310,"st_name":"RISING SUN","st_type":"AVE","bikewaytyp":"Painted Bike Lane","facityp":"Painted","grouping":"one-way, both sides","faccode":"Painted","hqbn":"No"}},{"type":"Feature","id":4321,"geometry":{"type":"LineString","coordinates":[[-75.0291491067443,40.0332408203325],[-75.0285360335538,40.0335602166078]]},"properties":{"objectid":4321,"st_name":"TORRESDALE","st_type":"AVE","bikewaytyp":"Painted Bike Lane","facityp":"Painted","grouping":"one-way, both sides","faccode":"Painted","hqbn":"No"}},{"type":"Feature","id":4331,"geometry":{"type":"LineString","coordinates":[[-75.0366738624377,40.0293541066082],[-75.0351722442424,40.03012553813]]},"properties":{"objectid":4331,"st_name":"TORRESDALE","st_type":"AVE","bikewaytyp":"Painted Bike Lane","facityp":"Painted","grouping":"one-way, both sides","faccode":"Painted","hqbn":"No"}},{"type":"Feature","id":4343,"geometry":{"type":"LineString","coordinates":[[-75.0556888287697,40.019513603707],[-75.0537277828489,40.0205222607314]]},"properties":{"objectid":4343,"st_name":"TORRESDALE","st_type":"AVE","bikewaytyp":"Painted Bike Lane","facityp":"Painted","grouping":"one-way, both sides","faccode":"Painted","hqbn":"No"}},{"type":"Feature","id":4444,"geometry":{"type":"LineString","coordinates":[[-75.2423125863251,40.0723007501171],[-75.2428569697156,40.0729592828772]]},"properties":{"objectid":4444,"st_name":"RIDGE","st_type":"AVE","bikewaytyp":"Painted Bike Lane","facityp":"Painted","grouping":"one-way, both sides","faccode":"Painted","hqbn":"No"}},{"type":"Feature","id":4446,"geometry":{"type":"LineString","coordinates":[[-75.0754907404936,40.0270808318214],[-75.0753689416556,40.0270471804547],[-75.0751440440429,40.0268577514726],[-75.0749468531477,40.0267005453164]]},"properties":{"objectid":4446,"st_name":"CHELTENHAM","st_type":"AVE","bikewaytyp":"Sharrow","facityp":"Advisory/Shared","grouping":"one-way, both sides","faccode":"Advisory/Shared","hqbn":"No"}},{"type":"Feature","id":4447,"geometry":{"type":"LineString","coordinates":[[-75.0842004946802,40.0314477728384],[-75.084107665119,40.0314050776459],[-75.0836849278206,40.0311632628626],[-75.083362557158,40.0309788574188]]},"properties":{"objectid":4447,"st_name":"CHELTENHAM","st_type":"AVE","bikewaytyp":"Painted Bike Lane","facityp":"Painted","grouping":"one-way, both sides","faccode":"Painted","hqbn":"No"}},{"type":"Feature","id":4464,"geometry":{"type":"LineString","coordinates":[[-75.0748044689657,40.044662103545],[-75.0745084939469,40.0449687263343],[-75.0742223367017,40.0452867482164]]},"properties":{"objectid":4464,"st_name":"LORETTO","st_type":"AVE","bikewaytyp":"Painted Bike Lane","facityp":"Painted","grouping":"one-way, both sides","faccode":"Painted","hqbn":"No"}},{"type":"Feature","id":4473,"geometry":{"type":"LineString","coordinates":[[-75.0584202517853,40.0402472805237],[-75.0580674764576,40.0400523093435],[-75.0562680316775,40.0390097833912]]},"properties":{"objectid":4473,"st_name":"TYSON","st_type":"AVE","bikewaytyp":"Painted Bike Lane","facityp":"Painted","grouping":"one-way, both sides","faccode":"Painted","hqbn":"No"}},{"type":"Feature","id":4496,"geometry":{"type":"LineString","coordinates":[[-75.2223036768561,40.0835557665994],[-75.2231668353982,40.0838909152463],[-75.2240149606587,40.0842277729959],[-75.224655166915,40.0843701142859],[-75.2251382360312,40.0844201947689],[-75.2252229592503,40.0844189266799]]},"properties":{"objectid":4496,"st_name":"GERMANTOWN","st_type":"AVE","bikewaytyp":"Painted Bike Lane","facityp":"Painted","grouping":"one-way, both sides","faccode":"Painted","hqbn":"No"}},{"type":"Feature","id":4497,"geometry":{"type":"LineString","coordinates":[[-75.2412247622166,40.0706720021024],[-75.2420499420344,40.0719585415477],[-75.2423125863251,40.0723007501171]]},"properties":{"objectid":4497,"st_name":"RIDGE","st_type":"AVE","bikewaytyp":"Painted Bike Lane","facityp":"Painted","grouping":"one-way, both sides","faccode":"Painted","hqbn":"No"}},{"type":"Feature","id":4498,"geometry":{"type":"LineString","coordinates":[[-75.2187497051405,40.0830248739197],[-75.2186513668796,40.0831205896192],[-75.2184554228806,40.0832938836626],[-75.2183217343458,40.0834340126182],[-75.2181383390652,40.083657555367],[-75.2179572383773,40.0839070087666],[-75.2178598566476,40.0840208026596],[-75.2176110946945,40.0842324007659],[-75.217342248616,40.0844657563533],[-75.2171835288003,40.0845880649401],[-75.21710137449,40.0846380573101],[-75.217003359025,40.0846827662333],[-75.2168860903541,40.0847270516671],[-75.2167304996114,40.0847655576263],[-75.2158978996049,40.0849593491777],[-75.2154431294649,40.0850973294977],[-75.2153443764135,40.0851617552979],[-75.2152585491605,40.0852240000372],[-75.2151812445778,40.0853160330948],[-75.2150195547557,40.085603549362],[-75.2149060122462,40.0858057893777],[-75.2147977986525,40.0859514110955],[-75.2145542391249,40.0861951850342],[-75.2135845048665,40.087162611475]]},"properties":{"objectid":4498,"st_name":"BELLS MILL","st_type":"RD","bikewaytyp":"Painted Bike Lane","facityp":"Painted","grouping":"one-way, one side","faccode":"Painted","hqbn":"No"}},{"type":"Feature","id":4500,"geometry":{"type":"LineString","coordinates":[[-75.2408415015136,40.0698290793893],[-75.2410776253496,40.0704041620381]]},"properties":{"objectid":4500,"st_name":"RIDGE","st_type":"AVE","bikewaytyp":"Painted Bike Lane","facityp":"Painted","grouping":"one-way, both sides","faccode":"Painted","hqbn":"No"}},{"type":"Feature","id":4501,"geometry":{"type":"LineString","coordinates":[[-75.2403244974759,40.0683925085167],[-75.2408415015136,40.0698290793893]]},"properties":{"objectid":4501,"st_name":"RIDGE","st_type":"AVE","bikewaytyp":"Painted Bike Lane","facityp":"Painted","grouping":"one-way, both sides","faccode":"Painted","hqbn":"No"}},{"type":"Feature","id":4502,"geometry":{"type":"LineString","coordinates":[[-75.2400950346697,40.0673531650338],[-75.2403244974759,40.0683925085167]]},"properties":{"objectid":4502,"st_name":"RIDGE","st_type":"AVE","bikewaytyp":"Painted Bike Lane","facityp":"Painted","grouping":"one-way, both sides","faccode":"Painted","hqbn":"No"}},{"type":"Feature","id":4504,"geometry":{"type":"LineString","coordinates":[[-75.2428569697156,40.0729592828772],[-75.242911482857,40.0730252252954],[-75.2432843279777,40.073494331388]]},"properties":{"objectid":4504,"st_name":"RIDGE","st_type":"AVE","bikewaytyp":"Painted Bike Lane","facityp":"Painted","grouping":"one-way, both sides","faccode":"Painted","hqbn":"No"}},{"type":"Feature","id":4505,"geometry":{"type":"LineString","coordinates":[[-75.2288588882658,40.0850385842828],[-75.2305028023565,40.0860318448235]]},"properties":{"objectid":4505,"st_name":"GERMANTOWN","st_type":"AVE","bikewaytyp":"Sharrow","facityp":"Advisory/Shared","grouping":"one-way, both sides","faccode":"Advisory/Shared","hqbn":"No"}},{"type":"Feature","id":4509,"geometry":{"type":"LineString","coordinates":[[-75.158128032678,40.0732325103454],[-75.1583854455501,40.0741899464742]]},"properties":{"objectid":4509,"st_name":"OGONTZ","st_type":"AVE","bikewaytyp":"Painted Bike Lane","facityp":"Painted","grouping":"one-way, both sides","faccode":"Painted","hqbn":"No"}},{"type":"Feature","id":4520,"geometry":{"type":"LineString","coordinates":[[-75.1707893862716,40.0626093832229],[-75.1698318488748,40.063549137653]]},"properties":{"objectid":4520,"st_name":"UPSAL","st_type":"ST","bikewaytyp":"Painted Bike Lane","facityp":"Painted","grouping":"one-way, both sides","faccode":"Painted","hqbn":"No"}},{"type":"Feature","id":4521,"geometry":{"type":"LineString","coordinates":[[-75.1720686019121,40.0613105090512],[-75.1707893862716,40.0626093832229]]},"properties":{"objectid":4521,"st_name":"UPSAL","st_type":"ST","bikewaytyp":"Painted Bike Lane","facityp":"Painted","grouping":"one-way, both sides","faccode":"Painted","hqbn":"No"}},{"type":"Feature","id":4528,"geometry":{"type":"LineString","coordinates":[[-75.1621251770448,40.057648047749],[-75.1621438200953,40.0577767341225],[-75.1621100688889,40.0579648605388],[-75.1621046207846,40.0581076799843],[-75.162102880873,40.0582403717692],[-75.1621143197515,40.0583759138653],[-75.1621402347876,40.0585230248604],[-75.1621702788921,40.058663979419],[-75.1622091991887,40.0587966427363],[-75.1622992575292,40.0590172677115],[-75.1623892450784,40.0591824003072],[-75.1624874910948,40.0593215678003]]},"properties":{"objectid":4528,"st_name":"MANSFIELD","st_type":"AVE","bikewaytyp":"Painted Bike Lane","facityp":"Painted","grouping":"one-way, both sides","faccode":"Painted","hqbn":"No"}},{"type":"Feature","id":4536,"geometry":{"type":"LineString","coordinates":[[-75.1562885026621,40.0670157172423],[-75.1567778970912,40.0686844581043]]},"properties":{"objectid":4536,"st_name":"OGONTZ","st_type":"AVE","bikewaytyp":"Painted Bike Lane","facityp":"Painted","grouping":"one-way, both sides","faccode":"Painted","hqbn":"No"}},{"type":"Feature","id":4547,"geometry":{"type":"LineString","coordinates":[[-75.1501221073408,40.0598349913199],[-75.1506341744275,40.0605871399317]]},"properties":{"objectid":4547,"st_name":"OGONTZ","st_type":"AVE","bikewaytyp":"Painted Bike Lane","facityp":"Painted","grouping":"one-way, both sides","faccode":"Painted","hqbn":"No"}},{"type":"Feature","id":4555,"geometry":{"type":"LineString","coordinates":[[-75.1467415199263,40.0672195944867],[-75.1466675228997,40.0675295935276]]},"properties":{"objectid":4555,"st_name":"19TH","st_type":"ST","bikewaytyp":"Painted Bike Lane","facityp":"Painted","grouping":"one-way, both sides","faccode":"Painted","hqbn":"No"}},{"type":"Feature","id":4589,"geometry":{"type":"LineString","coordinates":[[-75.1703652131899,40.0641030376878],[-75.1706958752874,40.0644677419453],[-75.1709137235171,40.0646773413946]]},"properties":{"objectid":4589,"st_name":"MANSFIELD","st_type":"AVE","bikewaytyp":"Painted Bike Lane","facityp":"Painted","grouping":"one-way, both sides","faccode":"Painted","hqbn":"No"}},{"type":"Feature","id":4591,"geometry":{"type":"LineString","coordinates":[[-75.1685598180849,40.0626062506329],[-75.1689693792516,40.0628252265005],[-75.1692153512599,40.0629925018601]]},"properties":{"objectid":4591,"st_name":"MANSFIELD","st_type":"AVE","bikewaytyp":"Painted Bike Lane","facityp":"Painted","grouping":"one-way, both sides","faccode":"Painted","hqbn":"No"}},{"type":"Feature","id":4592,"geometry":{"type":"LineString","coordinates":[[-75.1677438052017,40.062302330198],[-75.1682289283535,40.06247541552],[-75.1685598180849,40.0626062506329]]},"properties":{"objectid":4592,"st_name":"MANSFIELD","st_type":"AVE","bikewaytyp":"Painted Bike Lane","facityp":"Painted","grouping":"one-way, both sides","faccode":"Painted","hqbn":"No"}},{"type":"Feature","id":4613,"geometry":{"type":"LineString","coordinates":[[-75.0856879765816,40.0571005373305],[-75.0856635381041,40.057552376549],[-75.0855083251595,40.0579093619682],[-75.08531389086,40.0583133033259],[-75.0849831662593,40.0589026908433]]},"properties":{"objectid":4613,"st_name":"OXFORD","st_type":"AVE","bikewaytyp":"Painted Bike Lane","facityp":"Painted","grouping":"one-way, both sides","faccode":"Painted","hqbn":"No"}},{"type":"Feature","id":4614,"geometry":{"type":"LineString","coordinates":[[-75.1266206861328,40.0542272414514],[-75.1263490098042,40.0554254934019]]},"properties":{"objectid":4614,"st_name":"5TH","st_type":"ST","bikewaytyp":"Painted Bike Lane","facityp":"Painted","grouping":"one-way, both sides","faccode":"Painted","hqbn":"No"}},{"type":"Feature","id":4646,"geometry":{"type":"LineString","coordinates":[[-75.0869772907192,40.0485764604122],[-75.0865895318226,40.0493090258098]]},"properties":{"objectid":4646,"st_name":"OXFORD","st_type":"AVE","bikewaytyp":"Painted Bike Lane","facityp":"Painted","grouping":"one-way, both sides","faccode":"Painted","hqbn":"No"}},{"type":"Feature","id":4654,"geometry":{"type":"LineString","coordinates":[[-75.0839954804543,40.06673968194],[-75.0837284682159,40.0681824300626]]},"properties":{"objectid":4654,"st_name":"ROCKWELL","st_type":"AVE","bikewaytyp":"Painted Bike Lane","facityp":"Painted","grouping":"one-way, both sides","faccode":"Painted","hqbn":"No"}},{"type":"Feature","id":4658,"geometry":{"type":"LineString","coordinates":[[-75.0835205203491,40.0655439527882],[-75.0833506742058,40.0656198331606],[-75.0832590001554,40.0656916609046],[-75.0830973969658,40.0658471973712],[-75.0826935427734,40.0662502514377]]},"properties":{"objectid":4658,"st_name":"VERREE","st_type":"RD","bikewaytyp":"Painted Bike Lane","facityp":"Painted","grouping":"one-way, both sides","faccode":"Painted","hqbn":"No"}},{"type":"Feature","id":4663,"geometry":{"type":"LineString","coordinates":[[-75.0796636667196,40.0692126940641],[-75.0790398411373,40.0698122810025]]},"properties":{"objectid":4663,"st_name":"VERREE","st_type":"RD","bikewaytyp":"Painted Bike Lane","facityp":"Painted","grouping":"one-way, both sides","faccode":"Painted","hqbn":"No"}},{"type":"Feature","id":4673,"geometry":{"type":"LineString","coordinates":[[-75.0778449733694,40.0710032344683],[-75.0772046591064,40.0716368339743]]},"properties":{"objectid":4673,"st_name":"VERREE","st_type":"RD","bikewaytyp":"Painted Bike Lane","facityp":"Painted","grouping":"one-way, both sides","faccode":"Painted","hqbn":"No"}},{"type":"Feature","id":4674,"geometry":{"type":"LineString","coordinates":[[-75.1369376438311,40.0615986577131],[-75.1368783936577,40.0617591903047]]},"properties":{"objectid":4674,"st_name":"OLD YORK","st_type":"RD","bikewaytyp":"Painted Bike Lane","facityp":"Painted","grouping":"one-way, both sides","faccode":"Painted","hqbn":"No"}},{"type":"Feature","id":4681,"geometry":{"type":"LineString","coordinates":[[-75.1407670290091,40.0551675779363],[-75.1407265921423,40.0552328232587],[-75.140669693264,40.0554053404347],[-75.1399833596063,40.0565284470664],[-75.1399645331736,40.0565830644942]]},"properties":{"objectid":4681,"st_name":"OLD YORK","st_type":"RD","bikewaytyp":"Painted Bike Lane","facityp":"Painted","grouping":"one-way, both sides","faccode":"Painted","hqbn":"No"}},{"type":"Feature","id":4693,"geometry":{"type":"LineString","coordinates":[[-75.0402495814277,40.0531675892682],[-75.0391903837378,40.0525823993414],[-75.0360393881403,40.0508902522549]]},"properties":{"objectid":4693,"st_name":"RHAWN","st_type":"ST","bikewaytyp":"Painted Bike Lane","facityp":"Painted","grouping":"one-way, both sides","faccode":"Painted","hqbn":"No"}},{"type":"Feature","id":4741,"geometry":{"type":"LineString","coordinates":[[-75.0618844414759,40.0583570415763],[-75.061306079221,40.0589842640475]]},"properties":{"objectid":4741,"st_name":"LORETTO","st_type":"AVE","bikewaytyp":"Painted Bike Lane","facityp":"Painted","grouping":"one-way, both sides","faccode":"Painted","hqbn":"No"}},{"type":"Feature","id":4777,"geometry":{"type":"LineString","coordinates":[[-75.0724865436088,40.0471122018877],[-75.0719062473069,40.0477383174904]]},"properties":{"objectid":4777,"st_name":"LORETTO","st_type":"AVE","bikewaytyp":"Painted Bike Lane","facityp":"Painted","grouping":"one-way, both sides","faccode":"Painted","hqbn":"No"}},{"type":"Feature","id":4782,"geometry":{"type":"LineString","coordinates":[[-75.0617390575171,40.0559013163317],[-75.0614077945322,40.0562885427098]]},"properties":{"objectid":4782,"st_name":"CASTOR","st_type":"AVE","bikewaytyp":"Sharrow","facityp":"Advisory/Shared","grouping":"one-way, both sides","faccode":"Advisory/Shared","hqbn":"No"}},{"type":"Feature","id":4786,"geometry":{"type":"LineString","coordinates":[[-75.0617390575171,40.0559013163317],[-75.0591333140696,40.0556709156696],[-75.0589345499517,40.0557057907205]]},"properties":{"objectid":4786,"st_name":"GLENDALE","st_type":"AVE","bikewaytyp":"Painted Bike Lane","facityp":"Painted","grouping":"one-way, both sides","faccode":"Painted","hqbn":"No"}},{"type":"Feature","id":4787,"geometry":{"type":"LineString","coordinates":[[-75.0556508133462,40.055185879979],[-75.0539709332644,40.0549395101127]]},"properties":{"objectid":4787,"st_name":"GLENDALE","st_type":"AVE","bikewaytyp":"Painted Bike Lane","facityp":"Painted","grouping":"one-way, both sides","faccode":"Painted","hqbn":"No"}},{"type":"Feature","id":4833,"geometry":{"type":"LineString","coordinates":[[-75.0488837918286,40.0540008112264],[-75.0482996111796,40.0536808939489],[-75.0480329988136,40.0534955322678],[-75.0478141590168,40.0533270943983]]},"properties":{"objectid":4833,"st_name":"RYAN","st_type":"AVE","bikewaytyp":"Painted Bike Lane","facityp":"Painted","grouping":"one-way, both sides","faccode":"Painted","hqbn":"No"}},{"type":"Feature","id":4838,"geometry":{"type":"LineString","coordinates":[[-75.0360393881403,40.0508902522549],[-75.0321396021438,40.0487699932892],[-75.0319886648186,40.0486603113284],[-75.0318610740861,40.0485423395432],[-75.0317413539874,40.0483714980005],[-75.0316724756521,40.0482239667832],[-75.0316370974516,40.0481067603059],[-75.0316265050983,40.0479354959429],[-75.0316142073389,40.0478633053372]]},"properties":{"objectid":4838,"st_name":"RHAWN","st_type":"ST","bikewaytyp":"Painted Bike Lane","facityp":"Painted","grouping":"one-way, both sides","faccode":"Painted","hqbn":"No"}},{"type":"Feature","id":4839,"geometry":{"type":"LineString","coordinates":[[-75.0258737248048,40.0659212149845],[-75.0242347793868,40.064945478667]]},"properties":{"objectid":4839,"st_name":"WILLITS","st_type":"RD","bikewaytyp":"Sharrow","facityp":"Advisory/Shared","grouping":"one-way, both sides","faccode":"Advisory/Shared","hqbn":"No"}},{"type":"Feature","id":4851,"geometry":{"type":"LineString","coordinates":[[-75.009408528018,40.0635037616082],[-75.0093854452378,40.0649219634045]]},"properties":{"objectid":4851,"st_name":"ACADEMY","st_type":"RD","bikewaytyp":"Painted Bike Lane","facityp":"Painted","grouping":"one-way, both sides","faccode":"Painted","hqbn":"No"}},{"type":"Feature","id":4853,"geometry":{"type":"LineString","coordinates":[[-75.0094069481854,40.0625614385314],[-75.009408528018,40.0635037616082]]},"properties":{"objectid":4853,"st_name":"ACADEMY","st_type":"RD","bikewaytyp":"Painted Bike Lane","facityp":"Painted","grouping":"one-way, both sides","faccode":"Painted","hqbn":"No"}},{"type":"Feature","id":4858,"geometry":{"type":"LineString","coordinates":[[-75.0091529088148,40.0598289172847],[-75.0093413840382,40.0605300095023],[-75.0093991590498,40.0609333496996],[-75.0094229808255,40.0613750085059],[-75.0094172474627,40.0620898656853],[-75.0094069481854,40.0625614385314]]},"properties":{"objectid":4858,"st_name":"ACADEMY","st_type":"RD","bikewaytyp":"Painted Bike Lane","facityp":"Painted","grouping":"one-way, both sides","faccode":"Painted","hqbn":"No"}},{"type":"Feature","id":4879,"geometry":{"type":"LineString","coordinates":[[-75.0047974112229,40.054756788022],[-75.0041632832901,40.0542193229236]]},"properties":{"objectid":4879,"st_name":"LINDEN","st_type":"AVE","bikewaytyp":"Sharrow","facityp":"Advisory/Shared","grouping":"one-way, both sides","faccode":"Advisory/Shared","hqbn":"No"}},{"type":"Feature","id":4903,"geometry":{"type":"LineString","coordinates":[[-75.0154197636154,40.040334559461],[-75.014411087301,40.0408601255658]]},"properties":{"objectid":4903,"st_name":"TORRESDALE","st_type":"AVE","bikewaytyp":"Painted Bike Lane","facityp":"Painted","grouping":"one-way, both sides","faccode":"Painted","hqbn":"No"}},{"type":"Feature","id":5004,"geometry":{"type":"LineString","coordinates":[[-75.0131294168509,40.0720807729518],[-75.007271779681,40.0691709368757]]},"properties":{"objectid":5004,"st_name":"GRANT","st_type":"AVE","bikewaytyp":"Painted Bike Lane","facityp":"Painted","grouping":"one-way, both sides","faccode":"Painted","hqbn":"No"}},{"type":"Feature","id":5005,"geometry":{"type":"LineString","coordinates":[[-75.0087913404427,40.0673597381703],[-75.0086872854032,40.0676975068719],[-75.008559994095,40.067992847966],[-75.0084155236545,40.068237557575],[-75.0082735551877,40.0684202869265],[-75.0081311832029,40.0685948464891]]},"properties":{"objectid":5005,"st_name":"ACADEMY","st_type":"RD","bikewaytyp":"Painted Bike Lane","facityp":"Painted","grouping":"one-way, both sides","faccode":"Painted","hqbn":"No"}},{"type":"Feature","id":5188,"geometry":{"type":"LineString","coordinates":[[-75.1899634600409,39.9754126171629],[-75.1895788186165,39.9755348295813],[-75.1894843037315,39.9755922485284],[-75.189387781811,39.9756697862819],[-75.189322397384,39.9757489783487],[-75.189270458025,39.975835671264],[-75.1892382706153,39.9759280866357],[-75.1892174841506,39.976049079612],[-75.1892169770012,39.97612875888],[-75.1892665779151,39.976277811288]]},"properties":{"objectid":5188,"st_name":"33RD","st_type":"ST","bikewaytyp":"Painted Bike Lane","facityp":"Painted","grouping":"one-way, both sides","faccode":"Painted","hqbn":"No"}},{"type":"Feature","id":5189,"geometry":{"type":"LineString","coordinates":[[-75.1882161427773,39.975184400605],[-75.1885237394088,39.9754167101817],[-75.188768961305,39.9756319726288],[-75.1889475020361,39.9758284641324],[-75.189126873598,39.976069140405],[-75.1892665779151,39.976277811288]]},"properties":{"objectid":5189,"st_name":"33RD","st_type":"ST","bikewaytyp":"Painted Bike Lane","facityp":"Painted","grouping":"one-way, both sides","faccode":"Painted","hqbn":"No"}},{"type":"Feature","id":5208,"geometry":{"type":"LineString","coordinates":[[-75.1566186775913,39.9742075710188],[-75.1586439324699,39.9744658125855],[-75.15878506671,39.974491808881]]},"properties":{"objectid":5208,"st_name":"MASTER","st_type":"ST","bikewaytyp":"Painted Bike Lane","facityp":"Painted","grouping":"one-way, one side","faccode":"Painted","hqbn":"No"}},{"type":"Feature","id":5249,"geometry":{"type":"LineString","coordinates":[[-75.242051362817,39.9460840039297],[-75.2421101899112,39.9458390152452],[-75.2417736609568,39.9453068615223]]},"properties":{"objectid":5249,"st_name":"59TH","st_type":"ST","bikewaytyp":"Painted Bike Lane","facityp":"Painted","grouping":"one-way, one side","faccode":"Painted","hqbn":"No"}},{"type":"Feature","id":5256,"geometry":{"type":"LineString","coordinates":[[-75.2392604630405,39.9594478400719],[-75.2394213815794,39.9586853931395]]},"properties":{"objectid":5256,"st_name":"59TH","st_type":"ST","bikewaytyp":"Painted Bike Lane","facityp":"Painted","grouping":"one-way, one side","faccode":"Painted","hqbn":"No"}},{"type":"Feature","id":5272,"geometry":{"type":"LineString","coordinates":[[-75.1863705277067,39.9100482954534],[-75.1871214237136,39.9094987804887],[-75.1875427209701,39.9092156931473],[-75.1894828742951,39.9079129370508],[-75.1900765727968,39.907529668016]]},"properties":{"objectid":5272,"st_name":"PENROSE","st_type":"AVE","bikewaytyp":"Painted Bike Lane","facityp":"Painted","grouping":"one-way, both sides","faccode":"Painted","hqbn":"No"}},{"type":"Feature","id":5274,"geometry":{"type":"LineString","coordinates":[[-75.1639047125918,39.9534627409049],[-75.1650662425021,39.9536180362776]]},"properties":{"objectid":5274,"st_name":"JOHN F KENNEDY","st_type":"BLVD","bikewaytyp":"Painted Bike Lane","facityp":"Painted","grouping":"one-way, one side","faccode":"Painted","hqbn":"No"}},{"type":"Feature","id":5282,"geometry":{"type":"LineString","coordinates":[[-75.1794284232666,39.9140260467639],[-75.1804890559351,39.9135904160122],[-75.1811126106442,39.9133915252634],[-75.1819493190652,39.9131930008362]]},"properties":{"objectid":5282,"st_name":"MOYAMENSING","st_type":"AVE","bikewaytyp":"On-Street Separated Bike Lane","facityp":"Separated","grouping":"one-way, one side","faccode":"OWSBL","hqbn":"Yes"}},{"type":"Feature","id":5283,"geometry":{"type":"LineString","coordinates":[[-75.1795742830055,39.9142196252083],[-75.1803269479155,39.9139091207462],[-75.1804663325836,39.9138562080666],[-75.1813721624156,39.9134771594414],[-75.1819493190652,39.9131930008362]]},"properties":{"objectid":5283,"st_name":"MOYAMENSING","st_type":"AVE","bikewaytyp":"On-Street Separated Bike Lane","facityp":"Separated","grouping":"one-way, one side","faccode":"OWSBL","hqbn":"Yes"}}]}