{"type":"FeatureCollection","features":[{"type":"Feature","id":9,"geometry":{"type":"LineString","coordinates":[[-75.1677337318277,39.9743288776658],[-75.1680568072339,39.9748790618876],[-75.1681470997589,39.9750430931657]]},"properties":{"objectid":9,"stname":"RIDGE AVE","class1":"Minor Arterial","recfacil":"Marked Shared Lane","bikenetwor":"YES","combined_s":"Urban Arterial","street_typ":"Urban Arterial","sidewlk_wd":"Greater than or equal to 12 feet","wlk_zn":"Greater than or equal to 6 feet","phase2_sid":"Yes"}},{"type":"Feature","id":14,"geometry":{"type":"LineString","coordinates":[[-75.1594437960071,39.9714763290062],[-75.1592394142454,39.9723933383062]]},"properties":{"objectid":14,"stname":"N BROAD ST","class1":"Major Arterial","recfacil":null,"bikenetwor":null,"combined_s":"Civic/Ceremonial Street","street_typ":"Civic/Ceremonial Street","sidewlk_wd":"Greater than or equal to  20 feet","wlk_zn":"Greater than or equal to 10 feet","phase2_sid":"Yes"}},{"type":"Feature","id":16,"geometry":{"type":"LineString","coordinates":[[-75.1590594756006,39.9732141993551],[-75.15878506671,39.974491808881]]},"properties":{"objectid":16,"stname":"N BROAD ST","class1":"Major Arterial","recfacil":null,"bikenetwor":null,"combined_s":"Civic/Ceremonial Street","street_typ":"Civic/Ceremonial Street","sidewlk_wd":"Greater than or equal to  20 feet","wlk_zn":"Greater than or equal to 10 feet","phase2_sid":"Yes"}},{"type":"Feature","id":17,"geometry":{"type":"LineString","coordinates":[[-75.1835714566613,39.9741467731772],[-75.1834696357244,39.9745749345651]]},"properties":{"objectid":17,"stname":"N 29TH ST","class1":"Minor Arterial","recfacil":"Marked Shared Lane","bikenetwor":"YES","combined_s":"Urban Arterial","street_typ":"Urban Arterial","sidewlk_wd":"Greater than or equal to 12 feet","wlk_zn":"Greater than or equal to 6 feet","phase2_sid":"Yes"}},{"type":"Feature","id":23,"geometry":{"type":"LineString","coordinates":[[-75.1837724529384,39.9732298125266],[-75.1836352048892,39.9738713347126]]},"properties":{"objectid":23,"stname":"N 29TH ST","class1":"Minor Arterial","recfacil":"Marked Shared Lane","bikenetwor":"YES","combined_s":"Urban Arterial","street_typ":"Urban Arterial","sidewlk_wd":"Greater than or equal to 12 feet","wlk_zn":"Greater than or equal to 6 feet","phase2_sid":"Yes"}},{"type":"Feature","id":110,"geometry":{"type":"LineString","coordinates":[[-75.1701794364755,39.967259790083],[-75.1707801210919,39.9672688261925]]},"properties":{"objectid":110,"stname":"FAIRMOUNT AVE","class1":"Minor Arterial","recfacil":"Bike Lanes","bikenetwor":"YES","combined_s":"Walkable Commercial Corridors","street_typ":"Walkable Commercial Corridors","sidewlk_wd":"Greater than or equal to 12 feet","wlk_zn":"Greater than or equal to 6 feet","phase2_sid":"Yes"}},{"type":"Feature","id":120,"geometry":{"type":"LineString","coordinates":[[-75.1721958349805,39.9669126654128],[-75.1721107347905,39.967293725726]]},"properties":{"objectid":120,"stname":"N 21ST ST","class1":"Collector Residential","recfacil":"Bike Friendly Street","bikenetwor":"YES","combined_s":"City Neighborhood Street","street_typ":"City Neighborhood Street","sidewlk_wd":"Greater than or equal to 12 feet","wlk_zn":"Greater than or equal to 6 feet","phase2_sid":"Yes"}},{"type":"Feature","id":135,"geometry":{"type":"LineString","coordinates":[[-75.1609606841671,39.9644787569649],[-75.1608076399851,39.9651682134433]]},"properties":{"objectid":135,"stname":"N BROAD ST","class1":"Major Arterial","recfacil":null,"bikenetwor":null,"combined_s":"Civic/Ceremonial Street","street_typ":"Civic/Ceremonial Street","sidewlk_wd":"Greater than or equal to  20 feet","wlk_zn":"Greater than or equal to 10 feet","phase2_sid":"Yes"}},{"type":"Feature","id":138,"geometry":{"type":"LineString","coordinates":[[-75.161055779755,39.9640500238317],[-75.1609606841671,39.9644787569649]]},"properties":{"objectid":138,"stname":"N BROAD ST","class1":"Major Arterial","recfacil":null,"bikenetwor":null,"combined_s":"Civic/Ceremonial Street","street_typ":"Civic/Ceremonial Street","sidewlk_wd":"Greater than or equal to  20 feet","wlk_zn":"Greater than or equal to 10 feet","phase2_sid":"Yes"}},{"type":"Feature","id":149,"geometry":{"type":"LineString","coordinates":[[-75.1728506070706,39.9639324052024],[-75.1727094945858,39.9645854039954]]},"properties":{"objectid":149,"stname":"N 21ST ST","class1":"Collector Residential","recfacil":"Bike Friendly Street","bikenetwor":"YES","combined_s":"City Neighborhood Street","street_typ":"City Neighborhood Street","sidewlk_wd":"Greater than or equal to 12 feet","wlk_zn":"Greater than or equal to 6 feet","phase2_sid":"Yes"}},{"type":"Feature","id":167,"geometry":{"type":"LineString","coordinates":[[-75.1697913409847,39.9542043023071],[-75.1713685431353,39.9543893437425]]},"properties":{"objectid":167,"stname":"JOHN F KENNEDY BLV","class1":"Major Arterial","recfacil":"Cycletrack","bikenetwor":"YES","combined_s":"Urban Arterial","street_typ":"Urban Arterial","sidewlk_wd":"Greater than or equal to 12 feet","wlk_zn":"Greater than or equal to 6 feet","phase2_sid":null}},{"type":"Feature","id":172,"geometry":{"type":"LineString","coordinates":[[-75.1652297103873,39.9525858106677],[-75.1650662425021,39.9536180362776]]},"properties":{"objectid":172,"stname":"N 15TH ST","class1":"Minor Arterial","recfacil":"Marked Shared Lane","bikenetwor":"YES","combined_s":"High Volume Pedestrian","street_typ":"High Volume Pedestrian","sidewlk_wd":"Greater than or equal to 16 feet","wlk_zn":"Greater than or equal to 8 feet","phase2_sid":null}},{"type":"Feature","id":185,"geometry":{"type":"LineString","coordinates":[[-75.1652297103873,39.9525858106677],[-75.1653011034273,39.9522938952894]]},"properties":{"objectid":185,"stname":"S 15TH ST","class1":"Major Arterial","recfacil":"Marked Shared Lane","bikenetwor":"YES","combined_s":"High Volume Pedestrian","street_typ":"High Volume Pedestrian","sidewlk_wd":"Greater than or equal to 16 feet","wlk_zn":"Greater than or equal to 8 feet","phase2_sid":null}},{"type":"Feature","id":187,"geometry":{"type":"LineString","coordinates":[[-75.1652297103873,39.9525858106677],[-75.1668592664006,39.9527881851744]]},"properties":{"objectid":187,"stname":"MARKET ST","class1":"Major Arterial","recfacil":"Cycletrack","bikenetwor":"YES","combined_s":"Civic/Ceremonial Street","street_typ":"Civic/Ceremonial Street","sidewlk_wd":"Greater than or equal to  20 feet","wlk_zn":"Greater than or equal to 10 feet","phase2_sid":null}},{"type":"Feature","id":190,"geometry":{"type":"LineString","coordinates":[[-75.1700105364594,39.9531808249459],[-75.1701513720345,39.9525431060221]]},"properties":{"objectid":190,"stname":"S 18TH ST","class1":"Minor Arterial","recfacil":"Bike Lanes","bikenetwor":"YES","combined_s":"High Volume Pedestrian","street_typ":"High Volume Pedestrian","sidewlk_wd":"Greater than or equal to 16 feet","wlk_zn":"Greater than or equal to 8 feet","phase2_sid":null}},{"type":"Feature","id":197,"geometry":{"type":"LineString","coordinates":[[-75.1702502489034,39.9520863780553],[-75.1703370528745,39.9516686645715]]},"properties":{"objectid":197,"stname":"S 18TH ST","class1":"Minor Arterial","recfacil":"Bike Lanes","bikenetwor":"YES","combined_s":"High Volume Pedestrian","street_typ":"High Volume Pedestrian","sidewlk_wd":"Greater than or equal to 16 feet","wlk_zn":"Greater than or equal to 8 feet","phase2_sid":null}},{"type":"Feature","id":199,"geometry":{"type":"LineString","coordinates":[[-75.1700105364594,39.9531808249459],[-75.1715962409839,39.9533772753244]]},"properties":{"objectid":199,"stname":"MARKET ST","class1":"Major Arterial","recfacil":"Cycletrack","bikenetwor":"YES","combined_s":"Civic/Ceremonial Street","street_typ":"Civic/Ceremonial Street","sidewlk_wd":"Greater than or equal to  20 feet","wlk_zn":"Greater than or equal to 10 feet","phase2_sid":null}},{"type":"Feature","id":217,"geometry":{"type":"LineString","coordinates":[[-75.1783247563782,39.9518792457509],[-75.178341249383,39.9518153435918],[-75.1784822364596,39.9511140577387]]},"properties":{"objectid":217,"stname":"S 23RD ST","class1":"Minor Arterial","recfacil":"Marked Shared Lane","bikenetwor":"YES","combined_s":"City Neighborhood Street","street_typ":"City Neighborhood Street","sidewlk_wd":"Greater than or equal to 12 feet","wlk_zn":"Greater than or equal to 6 feet","phase2_sid":null}},{"type":"Feature","id":367,"geometry":{"type":"LineString","coordinates":[[-75.1875540686511,39.9639404052683],[-75.1886017489319,39.9638372973245]]},"properties":{"objectid":367,"stname":"BRANDYWINE ST","class1":"Local Residential","recfacil":null,"bikenetwor":null,"combined_s":"Local (Catch All)","street_typ":"Local (Catch All)","sidewlk_wd":"Greater than or equal to 10 feet","wlk_zn":"Greater than or equal to 5 feet","phase2_sid":null}},{"type":"Feature","id":402,"geometry":{"type":"LineString","coordinates":[[-75.1681529890222,39.9317105816422],[-75.1684248967425,39.9304747359983]]},"properties":{"objectid":402,"stname":"S BROAD ST","class1":"Major Arterial","recfacil":null,"bikenetwor":"YES","combined_s":"Civic/Ceremonial Street","street_typ":"Civic/Ceremonial Street","sidewlk_wd":"Greater than or equal to  20 feet","wlk_zn":"Greater than or equal to 10 feet","phase2_sid":"Yes"}},{"type":"Feature","id":413,"geometry":{"type":"LineString","coordinates":[[-75.1686909542166,39.9292654327827],[-75.1688224504974,39.928667727138]]},"properties":{"objectid":413,"stname":"S BROAD ST","class1":"Major Arterial","recfacil":null,"bikenetwor":"YES","combined_s":"Civic/Ceremonial Street","street_typ":"Civic/Ceremonial Street","sidewlk_wd":"Greater than or equal to  20 feet","wlk_zn":"Greater than or equal to 10 feet","phase2_sid":"Yes"}},{"type":"Feature","id":432,"geometry":{"type":"LineString","coordinates":[[-75.1624195535332,39.9732014258224],[-75.16232775227,39.973641577257]]},"properties":{"objectid":432,"stname":"N 16TH ST","class1":"Collector Residential","recfacil":null,"bikenetwor":null,"combined_s":"City Neighborhood Street","street_typ":"City Neighborhood Street","sidewlk_wd":"Greater than or equal to 12 feet","wlk_zn":"Greater than or equal to 6 feet","phase2_sid":"Yes"}},{"type":"Feature","id":442,"geometry":{"type":"LineString","coordinates":[[-75.1884887235493,39.9632570876809],[-75.1886017489319,39.9638372973245]]},"properties":{"objectid":442,"stname":"N 32ND ST","class1":"Collector Residential","recfacil":null,"bikenetwor":null,"combined_s":"City Neighborhood Street","street_typ":"City Neighborhood Street","sidewlk_wd":"Greater than or equal to 12 feet","wlk_zn":"Greater than or equal to 6 feet","phase2_sid":"Yes"}},{"type":"Feature","id":453,"geometry":{"type":"LineString","coordinates":[[-75.169885588448,39.961179524068],[-75.1697042227576,39.9620717997244]]},"properties":{"objectid":453,"stname":"N 19TH ST","class1":"Minor Arterial","recfacil":null,"bikenetwor":null,"combined_s":"City Neighborhood Street","street_typ":"City Neighborhood Street","sidewlk_wd":"Greater than or equal to 12 feet","wlk_zn":"Greater than or equal to 6 feet","phase2_sid":"No"}},{"type":"Feature","id":465,"geometry":{"type":"LineString","coordinates":[[-75.1695172055444,39.9331536081613],[-75.1697854751468,39.931924857174]]},"properties":{"objectid":465,"stname":"S 15TH ST","class1":"Collector Residential","recfacil":"Bike Friendly Street","bikenetwor":"YES","combined_s":"City Neighborhood Street","street_typ":"City Neighborhood Street","sidewlk_wd":"Greater than or equal to 12 feet","wlk_zn":"Greater than or equal to 6 feet","phase2_sid":"Yes"}},{"type":"Feature","id":467,"geometry":{"type":"LineString","coordinates":[[-75.1688224504974,39.928667727138],[-75.1689595099841,39.9280447316644]]},"properties":{"objectid":467,"stname":"S BROAD ST","class1":"Major Arterial","recfacil":null,"bikenetwor":"YES","combined_s":"Civic/Ceremonial Street","street_typ":"Civic/Ceremonial Street","sidewlk_wd":"Greater than or equal to  20 feet","wlk_zn":"Greater than or equal to 10 feet","phase2_sid":"Yes"}},{"type":"Feature","id":473,"geometry":{"type":"LineString","coordinates":[[-75.1876581917308,39.9644962106538],[-75.1877367981479,39.9648349119675]]},"properties":{"objectid":473,"stname":"N 31ST ST","class1":"Minor Arterial","recfacil":null,"bikenetwor":null,"combined_s":"City Neighborhood Street","street_typ":"City Neighborhood Street","sidewlk_wd":"Greater than or equal to 12 feet","wlk_zn":"Greater than or equal to 6 feet","phase2_sid":"Yes"}},{"type":"Feature","id":476,"geometry":{"type":"LineString","coordinates":[[-75.1689595099841,39.9280447316644],[-75.1692299670727,39.9268153411634]]},"properties":{"objectid":476,"stname":"S BROAD ST","class1":"Major Arterial","recfacil":null,"bikenetwor":"YES","combined_s":"Civic/Ceremonial Street","street_typ":"Civic/Ceremonial Street","sidewlk_wd":"Greater than or equal to  20 feet","wlk_zn":"Greater than or equal to 10 feet","phase2_sid":"Yes"}},{"type":"Feature","id":494,"geometry":{"type":"LineString","coordinates":[[-75.1912525961642,39.9621841526589],[-75.1913926862976,39.9629311031479]]},"properties":{"objectid":494,"stname":"N 34TH ST","class1":"Major Arterial","recfacil":null,"bikenetwor":"YES","combined_s":"Urban Arterial","street_typ":"Urban Arterial","sidewlk_wd":"Greater than or equal to 12 feet","wlk_zn":"Greater than or equal to 6 feet","phase2_sid":"Yes"}},{"type":"Feature","id":536,"geometry":{"type":"LineString","coordinates":[[-75.1593245213234,39.9948072630885],[-75.1589296173105,39.9966484677719]]},"properties":{"objectid":536,"stname":"N 17TH ST","class1":"Collector Residential","recfacil":"Marked Shared Lane","bikenetwor":"YES","combined_s":"City Neighborhood Street","street_typ":"City Neighborhood Street","sidewlk_wd":"Greater than or equal to 12 feet","wlk_zn":"Greater than or equal to 6 feet","phase2_sid":"Yes"}},{"type":"Feature","id":559,"geometry":{"type":"LineString","coordinates":[[-75.1686834427234,39.9905669127235],[-75.1685633033098,39.9910565357045]]},"properties":{"objectid":559,"stname":"N 22ND ST","class1":"Minor Arterial","recfacil":"Bike Lanes","bikenetwor":"YES","combined_s":"City Neighborhood Street","street_typ":"City Neighborhood Street","sidewlk_wd":"Greater than or equal to 12 feet","wlk_zn":"Greater than or equal to 6 feet","phase2_sid":"Yes"}},{"type":"Feature","id":562,"geometry":{"type":"LineString","coordinates":[[-75.1637380887455,39.9745494120247],[-75.1636168690489,39.9751130658055]]},"properties":{"objectid":562,"stname":"N 17TH ST","class1":"Collector Residential","recfacil":null,"bikenetwor":null,"combined_s":"City Neighborhood Street","street_typ":"City Neighborhood Street","sidewlk_wd":"Greater than or equal to 12 feet","wlk_zn":"Greater than or equal to 6 feet","phase2_sid":"Yes"}},{"type":"Feature","id":564,"geometry":{"type":"LineString","coordinates":[[-75.169747403241,39.9244185024283],[-75.1700264833103,39.9231471128349]]},"properties":{"objectid":564,"stname":"S BROAD ST","class1":"Major Arterial","recfacil":null,"bikenetwor":"YES","combined_s":"Civic/Ceremonial Street","street_typ":"Civic/Ceremonial Street","sidewlk_wd":"Greater than or equal to  20 feet","wlk_zn":"Greater than or equal to 10 feet","phase2_sid":"Yes"}},{"type":"Feature","id":621,"geometry":{"type":"LineString","coordinates":[[-75.1645201135831,39.9857686746914],[-75.1653194493307,39.9858710254624]]},"properties":{"objectid":621,"stname":"DIAMOND ST","class1":"Minor Arterial","recfacil":"Marked Shared Lane","bikenetwor":"YES","combined_s":"Urban Arterial","street_typ":"Urban Arterial","sidewlk_wd":"Greater than or equal to 12 feet","wlk_zn":"Greater than or equal to 6 feet","phase2_sid":"Yes"}},{"type":"Feature","id":652,"geometry":{"type":"LineString","coordinates":[[-75.1589296173105,39.9966484677719],[-75.1587153874931,39.9976602293519]]},"properties":{"objectid":652,"stname":"N 17TH ST","class1":"Collector Residential","recfacil":"Marked Shared Lane","bikenetwor":"YES","combined_s":"City Neighborhood Street","street_typ":"City Neighborhood Street","sidewlk_wd":"Greater than or equal to 12 feet","wlk_zn":"Greater than or equal to 6 feet","phase2_sid":"Yes"}},{"type":"Feature","id":667,"geometry":{"type":"LineString","coordinates":[[-75.1587153874931,39.9976602293519],[-75.1585832314889,39.9982143086671],[-75.1586022962489,39.9983363772202],[-75.158998593887,39.9988361921953]]},"properties":{"objectid":667,"stname":"N 17TH ST","class1":"Collector Residential","recfacil":"Marked Shared Lane","bikenetwor":"YES","combined_s":"City Neighborhood Street","street_typ":"City Neighborhood Street","sidewlk_wd":"Greater than or equal to 12 feet","wlk_zn":"Greater than or equal to 6 feet","phase2_sid":"Yes"}},{"type":"Feature","id":686,"geometry":{"type":"LineString","coordinates":[[-75.1845811915384,39.9227500262206],[-75.1848389119618,39.9226949953412],[-75.185015251968,39.9226502179367],[-75.1852047268343,39.9225835592924]]},"properties":{"objectid":686,"stname":"W PASSYUNK AVE","class1":"Minor Arterial","recfacil":"Bike Lanes","bikenetwor":"YES","combined_s":"Urban Arterial","street_typ":"Urban Arterial","sidewlk_wd":"Greater than or equal to 12 feet","wlk_zn":"Greater than or equal to 6 feet","phase2_sid":"Yes"}},{"type":"Feature","id":688,"geometry":{"type":"LineString","coordinates":[[-75.1903198997038,39.9216860455572],[-75.1903914159082,39.9216752125987],[-75.1904671207172,39.9216637450794],[-75.1910965131103,39.9215358225528],[-75.1912239318797,39.9215082569956],[-75.1918216955629,39.9213969718547]]},"properties":{"objectid":688,"stname":"W PASSYUNK AVE","class1":"Major Arterial","recfacil":"Bike Lanes","bikenetwor":"YES","combined_s":"Auto Oriented Commercial/Industrial","street_typ":"Auto Oriented Commercial/Industrial","sidewlk_wd":"Greater than or equal to 12 feet","wlk_zn":"Greater than or equal to 6 feet","phase2_sid":"Yes"}},{"type":"Feature","id":719,"geometry":{"type":"LineString","coordinates":[[-75.1697854751468,39.931924857174],[-75.1703600698841,39.9320071924219]]},"properties":{"objectid":719,"stname":"DICKINSON ST","class1":"Collector Residential","recfacil":null,"bikenetwor":null,"combined_s":"City Neighborhood Street","street_typ":"City Neighborhood Street","sidewlk_wd":"Greater than or equal to 12 feet","wlk_zn":"Greater than or equal to 6 feet","phase2_sid":"Yes"}},{"type":"Feature","id":722,"geometry":{"type":"LineString","coordinates":[[-75.1937009846832,39.9219203404477],[-75.1938662597373,39.921138249529]]},"properties":{"objectid":722,"stname":"S 28TH ST","class1":"Minor Arterial","recfacil":"Marked Shared Lane","bikenetwor":"YES","combined_s":"Auto Oriented Commercial/Industrial","street_typ":"Auto Oriented Commercial/Industrial","sidewlk_wd":"Greater than or equal to 12 feet","wlk_zn":"Greater than or equal to 6 feet","phase2_sid":"Yes"}},{"type":"Feature","id":733,"geometry":{"type":"LineString","coordinates":[[-75.1552728353837,39.9908623740699],[-75.1549518524561,39.9923621423155]]},"properties":{"objectid":733,"stname":"N BROAD ST","class1":"Major Arterial","recfacil":null,"bikenetwor":null,"combined_s":"Civic/Ceremonial Street","street_typ":"Civic/Ceremonial Street","sidewlk_wd":"Greater than or equal to  20 feet","wlk_zn":"Greater than or equal to 10 feet","phase2_sid":"Yes"}},{"type":"Feature","id":742,"geometry":{"type":"LineString","coordinates":[[-75.1603497305489,39.9790125056538],[-75.161137007042,39.9791158461638]]},"properties":{"objectid":742,"stname":"CECIL B MOORE AVE","class1":"Minor Arterial","recfacil":"Marked Shared Lane","bikenetwor":"YES","combined_s":"Walkable Commercial Corridors","street_typ":"Walkable Commercial Corridors","sidewlk_wd":"Greater than or equal to 12 feet","wlk_zn":"Greater than or equal to 6 feet","phase2_sid":"Yes"}},{"type":"Feature","id":745,"geometry":{"type":"LineString","coordinates":[[-75.1562780740291,39.9862927127706],[-75.1559376681829,39.9878866266397]]},"properties":{"objectid":745,"stname":"N BROAD ST","class1":"Major Arterial","recfacil":null,"bikenetwor":null,"combined_s":"Civic/Ceremonial Street","street_typ":"Civic/Ceremonial Street","sidewlk_wd":"Greater than or equal to  20 feet","wlk_zn":"Greater than or equal to 10 feet","phase2_sid":"Yes"}},{"type":"Feature","id":747,"geometry":{"type":"LineString","coordinates":[[-75.1555617163733,39.9961892120185],[-75.1559536900944,39.9960426469355]]},"properties":{"objectid":747,"stname":"W GLENWOOD AVE","class1":"Collector Residential","recfacil":"Marked Shared Lane","bikenetwor":"YES","combined_s":"Auto Oriented Commercial/Industrial","street_typ":"Auto Oriented Commercial/Industrial","sidewlk_wd":"Greater than or equal to 12 feet","wlk_zn":"Greater than or equal to 6 feet","phase2_sid":"Yes"}},{"type":"Feature","id":766,"geometry":{"type":"LineString","coordinates":[[-75.1674240141839,39.9725021044399],[-75.1672219235905,39.9734067746627]]},"properties":{"objectid":766,"stname":"N 19TH ST","class1":"Collector Residential","recfacil":null,"bikenetwor":null,"combined_s":"City Neighborhood Street","street_typ":"City Neighborhood Street","sidewlk_wd":"Greater than or equal to 12 feet","wlk_zn":"Greater than or equal to 6 feet","phase2_sid":"Yes"}},{"type":"Feature","id":781,"geometry":{"type":"LineString","coordinates":[[-75.1809024871869,39.9179803325538],[-75.1811915478597,39.9167377021719]]},"properties":{"objectid":781,"stname":"S 20TH ST","class1":"Minor Arterial","recfacil":"Marked Shared Lane","bikenetwor":"YES","combined_s":"Auto Oriented Commercial/Industrial","street_typ":"Auto Oriented Commercial/Industrial","sidewlk_wd":"Greater than or equal to 12 feet","wlk_zn":"Greater than or equal to 6 feet","phase2_sid":"Yes"}},{"type":"Feature","id":792,"geometry":{"type":"LineString","coordinates":[[-75.169369059162,39.9561336603731],[-75.170950531919,39.9563308807266]]},"properties":{"objectid":792,"stname":"CHERRY ST","class1":"Collector Residential","recfacil":null,"bikenetwor":null,"combined_s":"City Neighborhood Street","street_typ":"City Neighborhood Street","sidewlk_wd":"Greater than or equal to 12 feet","wlk_zn":"Greater than or equal to 6 feet","phase2_sid":null}},{"type":"Feature","id":793,"geometry":{"type":"LineString","coordinates":[[-75.1846739881711,39.9250419796328],[-75.1849553703129,39.9237922465002]]},"properties":{"objectid":793,"stname":"S 23RD ST","class1":"Minor Arterial","recfacil":null,"bikenetwor":null,"combined_s":"City Neighborhood Street","street_typ":"City Neighborhood Street","sidewlk_wd":"Greater than or equal to 12 feet","wlk_zn":"Greater than or equal to 6 feet","phase2_sid":"Yes"}},{"type":"Feature","id":806,"geometry":{"type":"LineString","coordinates":[[-75.1849553703129,39.9237922465002],[-75.1851149575628,39.9230778495873],[-75.1852047268343,39.9225835592924]]},"properties":{"objectid":806,"stname":"S 23RD ST","class1":"Minor Arterial","recfacil":null,"bikenetwor":null,"combined_s":"City Neighborhood Street","street_typ":"City Neighborhood Street","sidewlk_wd":"Greater than or equal to 12 feet","wlk_zn":"Greater than or equal to 6 feet","phase2_sid":"Yes"}},{"type":"Feature","id":819,"geometry":{"type":"LineString","coordinates":[[-75.1727660222562,39.9118513952558],[-75.1729491964029,39.9111758515862]]},"properties":{"objectid":819,"stname":"S BROAD ST","class1":"Major Arterial","recfacil":"Marked Shared Lane","bikenetwor":"YES","combined_s":"Urban Arterial","street_typ":"Urban Arterial","sidewlk_wd":"Greater than or equal to 12 feet","wlk_zn":"Greater than or equal to 6 feet","phase2_sid":"Yes"}},{"type":"Feature","id":832,"geometry":{"type":"LineString","coordinates":[[-75.1688640354628,39.9584673188655],[-75.1687758484444,39.9589017061669]]},"properties":{"objectid":832,"stname":"N 18TH ST","class1":"Minor Arterial","recfacil":null,"bikenetwor":null,"combined_s":"City Neighborhood Street","street_typ":"City Neighborhood Street","sidewlk_wd":"Greater than or equal to 12 feet","wlk_zn":"Greater than or equal to 6 feet","phase2_sid":"No"}},{"type":"Feature","id":852,"geometry":{"type":"LineString","coordinates":[[-75.1740461533329,39.9246630734531],[-75.1746323619798,39.924552516285]]},"properties":{"objectid":852,"stname":"W PASSYUNK AVE","class1":"Minor Arterial","recfacil":"Bike Lanes","bikenetwor":"YES","combined_s":"Urban Arterial","street_typ":"Urban Arterial","sidewlk_wd":"Greater than or equal to 12 feet","wlk_zn":"Greater than or equal to 6 feet","phase2_sid":"Yes"}},{"type":"Feature","id":855,"geometry":{"type":"LineString","coordinates":[[-75.1578822502889,40.0013900039531],[-75.1578262869117,40.0016943697422]]},"properties":{"objectid":855,"stname":"N 17TH ST","class1":"Collector Residential","recfacil":"Marked Shared Lane","bikenetwor":"YES","combined_s":"City Neighborhood Street","street_typ":"City Neighborhood Street","sidewlk_wd":"Greater than or equal to 12 feet","wlk_zn":"Greater than or equal to 6 feet","phase2_sid":"Yes"}},{"type":"Feature","id":861,"geometry":{"type":"LineString","coordinates":[[-75.1738389069351,39.9067873656736],[-75.1741435790086,39.9054427422153]]},"properties":{"objectid":861,"stname":"S BROAD ST","class1":"Major Arterial","recfacil":"Marked Shared Lane","bikenetwor":"YES","combined_s":"Urban Arterial","street_typ":"Urban Arterial","sidewlk_wd":"Greater than or equal to 12 feet","wlk_zn":"Greater than or equal to 6 feet","phase2_sid":"Yes"}},{"type":"Feature","id":863,"geometry":{"type":"LineString","coordinates":[[-75.1739419060596,39.9324663911122],[-75.1744977762112,39.9325327612476]]},"properties":{"objectid":863,"stname":"DICKINSON ST","class1":"Collector Residential","recfacil":null,"bikenetwor":null,"combined_s":"City Neighborhood Street","street_typ":"City Neighborhood Street","sidewlk_wd":"Greater than or equal to 12 feet","wlk_zn":"Greater than or equal to 6 feet","phase2_sid":"Yes"}},{"type":"Feature","id":870,"geometry":{"type":"LineString","coordinates":[[-75.1713586787135,39.9321349119406],[-75.1718635301714,39.9322032950172]]},"properties":{"objectid":870,"stname":"DICKINSON ST","class1":"Collector Residential","recfacil":null,"bikenetwor":null,"combined_s":"City Neighborhood Street","street_typ":"City Neighborhood Street","sidewlk_wd":"Greater than or equal to 12 feet","wlk_zn":"Greater than or equal to 6 feet","phase2_sid":"Yes"}},{"type":"Feature","id":878,"geometry":{"type":"LineString","coordinates":[[-75.1725151186254,39.9130418757342],[-75.1726439507209,39.9124047355225],[-75.1726638794406,39.9122957102809],[-75.1727660222562,39.9118513952558]]},"properties":{"objectid":878,"stname":"S BROAD ST","class1":"Major Arterial","recfacil":"Marked Shared Lane","bikenetwor":"YES","combined_s":"Urban Arterial","street_typ":"Urban Arterial","sidewlk_wd":"Greater than or equal to 12 feet","wlk_zn":"Greater than or equal to 6 feet","phase2_sid":"Yes"}},{"type":"Feature","id":884,"geometry":{"type":"LineString","coordinates":[[-75.1735800047352,39.9080345841201],[-75.1738389069351,39.9067873656736]]},"properties":{"objectid":884,"stname":"S BROAD ST","class1":"Major Arterial","recfacil":"Marked Shared Lane","bikenetwor":"YES","combined_s":"Urban Arterial","street_typ":"Urban Arterial","sidewlk_wd":"Greater than or equal to 12 feet","wlk_zn":"Greater than or equal to 6 feet","phase2_sid":"Yes"}},{"type":"Feature","id":893,"geometry":{"type":"LineString","coordinates":[[-75.1900765727968,39.907529668016],[-75.1906958487299,39.9072255377687],[-75.1911303992337,39.9070102112284],[-75.1918989950234,39.9066162270747]]},"properties":{"objectid":893,"stname":"PENROSE AVE","class1":"Major Arterial","recfacil":null,"bikenetwor":"YES","combined_s":"Auto Oriented Commercial/Industrial","street_typ":"Auto Oriented Commercial/Industrial","sidewlk_wd":"Greater than or equal to 12 feet","wlk_zn":"Greater than or equal to 6 feet","phase2_sid":"Yes"}},{"type":"Feature","id":895,"geometry":{"type":"LineString","coordinates":[[-75.1746584062006,39.9029826875282],[-75.1753372081341,39.9000638133445]]},"properties":{"objectid":895,"stname":"S BROAD ST","class1":"Major Arterial","recfacil":"Marked Shared Lane","bikenetwor":"YES","combined_s":"Urban Arterial","street_typ":"Urban Arterial","sidewlk_wd":"Greater than or equal to 12 feet","wlk_zn":"Greater than or equal to 6 feet","phase2_sid":"Yes"}},{"type":"Feature","id":907,"geometry":{"type":"LineString","coordinates":[[-75.1672840493747,39.9582683129996],[-75.1671645733462,39.9587012218289]]},"properties":{"objectid":907,"stname":"N 17TH ST","class1":"Minor Arterial","recfacil":null,"bikenetwor":null,"combined_s":"City Neighborhood Street","street_typ":"City Neighborhood Street","sidewlk_wd":"Greater than or equal to 12 feet","wlk_zn":"Greater than or equal to 6 feet","phase2_sid":"No"}},{"type":"Feature","id":986,"geometry":{"type":"LineString","coordinates":[[-75.1609606841671,39.9644787569649],[-75.1611091213384,39.9644984598641],[-75.1626518325066,39.9646973452119]]},"properties":{"objectid":986,"stname":"MOUNT VERNON ST","class1":"Local Residential","recfacil":null,"bikenetwor":null,"combined_s":"Local (Catch All)","street_typ":"Local (Catch All)","sidewlk_wd":"Greater than or equal to 10 feet","wlk_zn":"Greater than or equal to 5 feet","phase2_sid":null}},{"type":"Feature","id":1013,"geometry":{"type":"LineString","coordinates":[[-75.1715962409839,39.9533772753244],[-75.1717249459105,39.9527346536331]]},"properties":{"objectid":1013,"stname":"S 19TH ST","class1":"Minor Arterial","recfacil":"Bike Lanes","bikenetwor":"YES","combined_s":"High Volume Pedestrian","street_typ":"High Volume Pedestrian","sidewlk_wd":"Greater than or equal to 16 feet","wlk_zn":"Greater than or equal to 8 feet","phase2_sid":null}},{"type":"Feature","id":1027,"geometry":{"type":"LineString","coordinates":[[-75.1677332379378,39.970036844507],[-75.1679666771868,39.9699766921222]]},"properties":{"objectid":1027,"stname":"VINEYARD ST","class1":"Local Residential","recfacil":null,"bikenetwor":null,"combined_s":"Local (Catch All)","street_typ":"Local (Catch All)","sidewlk_wd":"Greater than or equal to 10 feet","wlk_zn":"Greater than or equal to 5 feet","phase2_sid":null}},{"type":"Feature","id":1032,"geometry":{"type":"LineString","coordinates":[[-75.1695725160716,39.9552148581484],[-75.1711362557179,39.9554032710749]]},"properties":{"objectid":1032,"stname":"ARCH ST","class1":"Minor Arterial","recfacil":"Bike Lanes","bikenetwor":"YES","combined_s":"City Neighborhood Street","street_typ":"City Neighborhood Street","sidewlk_wd":"Greater than or equal to 12 feet","wlk_zn":"Greater than or equal to 6 feet","phase2_sid":null}},{"type":"Feature","id":1040,"geometry":{"type":"LineString","coordinates":[[-75.1639047125918,39.9534627409049],[-75.1650662425021,39.9536180362776]]},"properties":{"objectid":1040,"stname":"JOHN F KENNEDY BLV","class1":"Major Arterial","recfacil":"Marked Shared Lane","bikenetwor":"YES","combined_s":"Urban Arterial","street_typ":"Urban Arterial","sidewlk_wd":"Greater than or equal to 12 feet","wlk_zn":"Greater than or equal to 6 feet","phase2_sid":null}},{"type":"Feature","id":1049,"geometry":{"type":"LineString","coordinates":[[-75.168446013546,39.9529850129251],[-75.1685771321728,39.9523405184495]]},"properties":{"objectid":1049,"stname":"S 17TH ST","class1":"Minor Arterial","recfacil":null,"bikenetwor":null,"combined_s":"High Volume Pedestrian","street_typ":"High Volume Pedestrian","sidewlk_wd":"Greater than or equal to 16 feet","wlk_zn":"Greater than or equal to 8 feet","phase2_sid":null}},{"type":"Feature","id":1128,"geometry":{"type":"LineString","coordinates":[[-75.1886825055712,39.9604531557082],[-75.1894425064596,39.9603731761195]]},"properties":{"objectid":1128,"stname":"POWELTON AVE","class1":"Minor Arterial","recfacil":"Marked Shared Lane","bikenetwor":null,"combined_s":"City Neighborhood Street","street_typ":"City Neighborhood Street","sidewlk_wd":"Greater than or equal to 12 feet","wlk_zn":"Greater than or equal to 6 feet","phase2_sid":"Yes"}},{"type":"Feature","id":1160,"geometry":{"type":"LineString","coordinates":[[-75.1751539674771,39.9609368023461],[-75.1750905378556,39.9611854486219]]},"properties":{"objectid":1160,"stname":"N 22ND ST","class1":"Minor Arterial","recfacil":null,"bikenetwor":"YES","combined_s":"Urban Arterial","street_typ":"Urban Arterial","sidewlk_wd":"Greater than or equal to 12 feet","wlk_zn":"Greater than or equal to 6 feet","phase2_sid":"No"}},{"type":"Feature","id":1241,"geometry":{"type":"LineString","coordinates":[[-75.1691051718774,39.9647909308954],[-75.1706832913784,39.9649845808144]]},"properties":{"objectid":1241,"stname":"GREEN ST","class1":"Collector Residential","recfacil":null,"bikenetwor":null,"combined_s":"City Neighborhood Street","street_typ":"City Neighborhood Street","sidewlk_wd":"Greater than or equal to 12 feet","wlk_zn":"Greater than or equal to 6 feet","phase2_sid":"Yes"}},{"type":"Feature","id":1266,"geometry":{"type":"LineString","coordinates":[[-75.1700043267062,39.960607065938],[-75.1715858665419,39.9608048388738]]},"properties":{"objectid":1266,"stname":"CALLOWHILL ST","class1":"Minor Arterial","recfacil":"Marked Shared Lane","bikenetwor":"YES","combined_s":"City Neighborhood Street","street_typ":"City Neighborhood Street","sidewlk_wd":"Greater than or equal to 12 feet","wlk_zn":"Greater than or equal to 6 feet","phase2_sid":"No"}},{"type":"Feature","id":1331,"geometry":{"type":"LineString","coordinates":[[-75.1677244086225,39.9710208117549],[-75.1677057197382,39.9712210120488]]},"properties":{"objectid":1331,"stname":"N 19TH ST","class1":"Collector Residential","recfacil":null,"bikenetwor":null,"combined_s":"City Neighborhood Street","street_typ":"City Neighborhood Street","sidewlk_wd":"Greater than or equal to 12 feet","wlk_zn":"Greater than or equal to 6 feet","phase2_sid":"Yes"}},{"type":"Feature","id":1332,"geometry":{"type":"LineString","coordinates":[[-75.1807315179593,39.9728503335034],[-75.1806623557401,39.9731703161004]]},"properties":{"objectid":1332,"stname":"N 27TH ST","class1":"Collector Residential","recfacil":null,"bikenetwor":null,"combined_s":"City Neighborhood Street","street_typ":"City Neighborhood Street","sidewlk_wd":"Greater than or equal to 12 feet","wlk_zn":"Greater than or equal to 6 feet","phase2_sid":"Yes"}},{"type":"Feature","id":1363,"geometry":{"type":"LineString","coordinates":[[-75.1799417788476,39.9727511330051],[-75.1796438549653,39.9740776043667]]},"properties":{"objectid":1363,"stname":"N TANEY ST","class1":"Local Residential","recfacil":null,"bikenetwor":null,"combined_s":"Local (Catch All)","street_typ":"Local (Catch All)","sidewlk_wd":"Greater than or equal to 10 feet","wlk_zn":"Greater than or equal to 5 feet","phase2_sid":null}},{"type":"Feature","id":1376,"geometry":{"type":"LineString","coordinates":[[-75.1851025969752,39.9747835318234],[-75.1866872095073,39.9749892443494]]},"properties":{"objectid":1376,"stname":"W GIRARD AVE","class1":"Major Arterial","recfacil":null,"bikenetwor":null,"combined_s":"Urban Arterial","street_typ":"Urban Arterial","sidewlk_wd":"Greater than or equal to 12 feet","wlk_zn":"Greater than or equal to 6 feet","phase2_sid":"Yes"}},{"type":"Feature","id":1394,"geometry":{"type":"LineString","coordinates":[[-75.1858276775477,39.9717633721606],[-75.1869918677707,39.9736238502999]]},"properties":{"objectid":1394,"stname":"POPLAR DR","class1":"Minor Arterial","recfacil":null,"bikenetwor":"YES","combined_s":"City Neighborhood Street","street_typ":"City Neighborhood Street","sidewlk_wd":"Greater than or equal to 12 feet","wlk_zn":"Greater than or equal to 6 feet","phase2_sid":"Yes"}},{"type":"Feature","id":1456,"geometry":{"type":"LineString","coordinates":[[-75.1866872095073,39.9749892443494],[-75.1882161427773,39.975184400605]]},"properties":{"objectid":1456,"stname":"W GIRARD AVE","class1":"Major Arterial","recfacil":null,"bikenetwor":null,"combined_s":"Urban Arterial","street_typ":"Urban Arterial","sidewlk_wd":"Greater than or equal to 12 feet","wlk_zn":"Greater than or equal to 6 feet","phase2_sid":"Yes"}},{"type":"Feature","id":1459,"geometry":{"type":"LineString","coordinates":[[-75.1620936249904,39.9596162861637],[-75.1616519900597,39.9616887104099]]},"properties":{"objectid":1459,"stname":"N BROAD ST","class1":"Major Arterial","recfacil":null,"bikenetwor":null,"combined_s":"Civic/Ceremonial Street","street_typ":"Civic/Ceremonial Street","sidewlk_wd":"Greater than or equal to  20 feet","wlk_zn":"Greater than or equal to 10 feet","phase2_sid":"No"}},{"type":"Feature","id":1478,"geometry":{"type":"LineString","coordinates":[[-75.169010480517,39.9355431080206],[-75.1690952269043,39.9351358876119]]},"properties":{"objectid":1478,"stname":"S 15TH ST","class1":"Collector Residential","recfacil":"Bike Friendly Street","bikenetwor":"YES","combined_s":"City Neighborhood Street","street_typ":"City Neighborhood Street","sidewlk_wd":"Greater than or equal to 12 feet","wlk_zn":"Greater than or equal to 6 feet","phase2_sid":"Yes"}},{"type":"Feature","id":1480,"geometry":{"type":"LineString","coordinates":[[-75.1642809103434,39.9720902375624],[-75.1641443111968,39.9726550985345]]},"properties":{"objectid":1480,"stname":"N 17TH ST","class1":"Collector Residential","recfacil":null,"bikenetwor":null,"combined_s":"City Neighborhood Street","street_typ":"City Neighborhood Street","sidewlk_wd":"Greater than or equal to 12 feet","wlk_zn":"Greater than or equal to 6 feet","phase2_sid":"Yes"}},{"type":"Feature","id":1550,"geometry":{"type":"LineString","coordinates":[[-75.1599790654814,39.969004364451],[-75.1600678705721,39.9690178073744],[-75.1608200989384,39.9691047478905]]},"properties":{"objectid":1550,"stname":"PARRISH ST","class1":"Collector Residential","recfacil":null,"bikenetwor":null,"combined_s":"City Neighborhood Street","street_typ":"City Neighborhood Street","sidewlk_wd":"Greater than or equal to 12 feet","wlk_zn":"Greater than or equal to 6 feet","phase2_sid":"Yes"}},{"type":"Feature","id":1553,"geometry":{"type":"LineString","coordinates":[[-75.1737477119103,39.9599196068864],[-75.1736905914539,39.9601608409678]]},"properties":{"objectid":1553,"stname":"N 21ST ST","class1":"Minor Arterial","recfacil":"Marked Shared Lane","bikenetwor":"YES","combined_s":"City Neighborhood Street","street_typ":"City Neighborhood Street","sidewlk_wd":"Greater than or equal to 12 feet","wlk_zn":"Greater than or equal to 6 feet","phase2_sid":"No"}},{"type":"Feature","id":1593,"geometry":{"type":"LineString","coordinates":[[-75.1894913219023,39.9556022720661],[-75.1896053695904,39.9548284714226]]},"properties":{"objectid":1593,"stname":"S 33RD ST","class1":"Minor Arterial","recfacil":null,"bikenetwor":"YES","combined_s":"Urban Arterial","street_typ":"Urban Arterial","sidewlk_wd":"Greater than or equal to 12 feet","wlk_zn":"Greater than or equal to 6 feet","phase2_sid":"Yes"}},{"type":"Feature","id":1595,"geometry":{"type":"LineString","coordinates":[[-75.1900370810119,39.9525636924461],[-75.1920997564121,39.9528235879216]]},"properties":{"objectid":1595,"stname":"WALNUT ST","class1":"Major Arterial","recfacil":null,"bikenetwor":"YES","combined_s":"Urban Arterial","street_typ":"Urban Arterial","sidewlk_wd":"Greater than or equal to 12 feet","wlk_zn":"Greater than or equal to 6 feet","phase2_sid":"Yes"}},{"type":"Feature","id":1607,"geometry":{"type":"LineString","coordinates":[[-75.1667337510814,39.9496648200343],[-75.1675194661068,39.9497537233322]]},"properties":{"objectid":1607,"stname":"WALNUT ST","class1":"Major Arterial","recfacil":null,"bikenetwor":null,"combined_s":"High Volume Pedestrian","street_typ":"High Volume Pedestrian","sidewlk_wd":"Greater than or equal to 16 feet","wlk_zn":"Greater than or equal to 8 feet","phase2_sid":null}},{"type":"Feature","id":1614,"geometry":{"type":"LineString","coordinates":[[-75.1892124315858,39.9588203998812],[-75.1898914518699,39.9588019879968],[-75.1908547513113,39.9587767599153]]},"properties":{"objectid":1614,"stname":"RACE ST","class1":"Local Residential","recfacil":null,"bikenetwor":null,"combined_s":"Local (Catch All)","street_typ":"Local (Catch All)","sidewlk_wd":"Greater than or equal to 10 feet","wlk_zn":"Greater than or equal to 5 feet","phase2_sid":null}},{"type":"Feature","id":1640,"geometry":{"type":"LineString","coordinates":[[-75.1678050412418,39.9559449002151],[-75.169369059162,39.9561336603731]]},"properties":{"objectid":1640,"stname":"CHERRY ST","class1":"Collector Residential","recfacil":null,"bikenetwor":null,"combined_s":"City Neighborhood Street","street_typ":"City Neighborhood Street","sidewlk_wd":"Greater than or equal to 12 feet","wlk_zn":"Greater than or equal to 6 feet","phase2_sid":null}},{"type":"Feature","id":1653,"geometry":{"type":"LineString","coordinates":[[-75.1827944254386,39.9516575261144],[-75.1840637751906,39.9518128613325]]},"properties":{"objectid":1653,"stname":"WALNUT ST","class1":"Major Arterial","recfacil":null,"bikenetwor":"YES","combined_s":"Urban Arterial","street_typ":"Urban Arterial","sidewlk_wd":"Greater than or equal to 12 feet","wlk_zn":"Greater than or equal to 6 feet","phase2_sid":"Yes"}},{"type":"Feature","id":1659,"geometry":{"type":"LineString","coordinates":[[-75.1891403221346,39.9582978909964],[-75.1909392375858,39.9583860328285]]},"properties":{"objectid":1659,"stname":"CHERRY ST","class1":"Local Residential","recfacil":null,"bikenetwor":null,"combined_s":"Local (Catch All)","street_typ":"Local (Catch All)","sidewlk_wd":"Greater than or equal to 10 feet","wlk_zn":"Greater than or equal to 5 feet","phase2_sid":null}},{"type":"Feature","id":1661,"geometry":{"type":"LineString","coordinates":[[-75.1671212823915,39.9584171761134],[-75.1672246801284,39.9584387135724],[-75.1688297286311,39.9586362964044],[-75.1696116368729,39.9587306493672],[-75.170402290481,39.9588250458259],[-75.1719848164906,39.9590139667717],[-75.1719948928244,39.9590151698958],[-75.1721938089086,39.9590389149419],[-75.1726697945612,39.9591114959909],[-75.1738972748695,39.959254620637],[-75.1742983852334,39.9593061994455],[-75.1754873682707,39.9594575428599]]},"properties":{"objectid":1661,"stname":"VINE STREET EXP","class1":"Expressway","recfacil":null,"bikenetwor":null,"combined_s":"No Classification","street_typ":"N/A Interstate","sidewlk_wd":null,"wlk_zn":null,"phase2_sid":null}},{"type":"Feature","id":1686,"geometry":{"type":"LineString","coordinates":[[-75.1913185797763,39.9565947389422],[-75.1911730412497,39.9573053310671]]},"properties":{"objectid":1686,"stname":"N 34TH ST","class1":"Major Arterial","recfacil":null,"bikenetwor":"YES","combined_s":"Urban Arterial","street_typ":"Urban Arterial","sidewlk_wd":"Greater than or equal to 12 feet","wlk_zn":"Greater than or equal to 6 feet","phase2_sid":"Yes"}},{"type":"Feature","id":1689,"geometry":{"type":"LineString","coordinates":[[-75.1920126400555,39.9532794376901],[-75.1920997564121,39.9528235879216]]},"properties":{"objectid":1689,"stname":"S 34TH ST","class1":"Major Arterial","recfacil":null,"bikenetwor":null,"combined_s":"High Volume Pedestrian","street_typ":"High Volume Pedestrian","sidewlk_wd":"Greater than or equal to 16 feet","wlk_zn":"Greater than or equal to 8 feet","phase2_sid":"Yes"}},{"type":"Feature","id":1692,"geometry":{"type":"LineString","coordinates":[[-75.1679916997491,39.9550180167313],[-75.1678050412418,39.9559449002151]]},"properties":{"objectid":1692,"stname":"N 17TH ST","class1":"Minor Arterial","recfacil":null,"bikenetwor":null,"combined_s":"City Neighborhood Street","street_typ":"City Neighborhood Street","sidewlk_wd":"Greater than or equal to 12 feet","wlk_zn":"Greater than or equal to 6 feet","phase2_sid":null}},{"type":"Feature","id":1698,"geometry":{"type":"LineString","coordinates":[[-75.1911730412497,39.9573053310671],[-75.1910437148662,39.9578527733044]]},"properties":{"objectid":1698,"stname":"N 34TH ST","class1":"Major Arterial","recfacil":null,"bikenetwor":"YES","combined_s":"Urban Arterial","street_typ":"Urban Arterial","sidewlk_wd":"Greater than or equal to 12 feet","wlk_zn":"Greater than or equal to 6 feet","phase2_sid":"Yes"}},{"type":"Feature","id":1724,"geometry":{"type":"LineString","coordinates":[[-75.1723929007991,39.9574378338992],[-75.1720835475794,39.9588011331312]]},"properties":{"objectid":1724,"stname":"N 20TH ST","class1":"Minor Arterial","recfacil":"Bike Lanes","bikenetwor":"YES","combined_s":"City Neighborhood Street","street_typ":"City Neighborhood Street","sidewlk_wd":"Greater than or equal to 12 feet","wlk_zn":"Greater than or equal to 6 feet","phase2_sid":null}},{"type":"Feature","id":1728,"geometry":{"type":"LineString","coordinates":[[-75.167832619274,39.9632023930816],[-75.1678093854579,39.9633152764403]]},"properties":{"objectid":1728,"stname":"N 18TH ST","class1":"Minor Arterial","recfacil":null,"bikenetwor":null,"combined_s":"City Neighborhood Street","street_typ":"City Neighborhood Street","sidewlk_wd":"Greater than or equal to 12 feet","wlk_zn":"Greater than or equal to 6 feet","phase2_sid":"Yes"}},{"type":"Feature","id":1736,"geometry":{"type":"LineString","coordinates":[[-75.1894913219023,39.9556022720661],[-75.1892171095716,39.956934331583]]},"properties":{"objectid":1736,"stname":"N 33RD ST","class1":"Minor Arterial","recfacil":"Bike Lane","bikenetwor":"YES","combined_s":"City Neighborhood Street","street_typ":"City Neighborhood Street","sidewlk_wd":"Greater than or equal to 12 feet","wlk_zn":"Greater than or equal to 6 feet","phase2_sid":"Yes"}},{"type":"Feature","id":1754,"geometry":{"type":"LineString","coordinates":[[-75.1730064685223,39.9545623356172],[-75.1729926577499,39.9546388358923],[-75.1729917788027,39.9546437050482]]},"properties":{"objectid":1754,"stname":"N 20TH ST","class1":"Minor Arterial","recfacil":"Bike Lanes","bikenetwor":"YES","combined_s":"City Neighborhood Street","street_typ":"City Neighborhood Street","sidewlk_wd":"Greater than or equal to 12 feet","wlk_zn":"Greater than or equal to 6 feet","phase2_sid":null}},{"type":"Feature","id":1757,"geometry":{"type":"LineString","coordinates":[[-75.1843145944087,39.9641139869632],[-75.1844510546552,39.9640540253395],[-75.1845873708459,39.9640023370162],[-75.1847334451502,39.9639584991654]]},"properties":{"objectid":1757,"stname":"SPRING GARDEN ST","class1":"Minor Arterial","recfacil":null,"bikenetwor":"YES","combined_s":"Urban Arterial","street_typ":"Urban Arterial","sidewlk_wd":"Greater than or equal to 12 feet","wlk_zn":"Greater than or equal to 6 feet","phase2_sid":"Yes"}},{"type":"Feature","id":1766,"geometry":{"type":"LineString","coordinates":[[-75.1847334451502,39.9639584991654],[-75.1852127538092,39.9637669640633],[-75.1856515302405,39.9636360204372],[-75.1864403726293,39.9634903081842],[-75.1874180602965,39.9633763569547]]},"properties":{"objectid":1766,"stname":"SPRING GARDEN ST","class1":"Minor Arterial","recfacil":null,"bikenetwor":"YES","combined_s":"Urban Arterial","street_typ":"Urban Arterial","sidewlk_wd":"Greater than or equal to 12 feet","wlk_zn":"Greater than or equal to 6 feet","phase2_sid":"Yes"}},{"type":"Feature","id":1770,"geometry":{"type":"LineString","coordinates":[[-75.1914669378808,39.9558521580075],[-75.1913185797763,39.9565947389422]]},"properties":{"objectid":1770,"stname":"N 34TH ST","class1":"Major Arterial","recfacil":null,"bikenetwor":"YES","combined_s":"Urban Arterial","street_typ":"Urban Arterial","sidewlk_wd":"Greater than or equal to 12 feet","wlk_zn":"Greater than or equal to 6 feet","phase2_sid":"Yes"}},{"type":"Feature","id":1791,"geometry":{"type":"LineString","coordinates":[[-75.1819363242055,39.9531238793244],[-75.1820946398247,39.9527876322218],[-75.1822972296488,39.9524455021297],[-75.1825648189296,39.9520561719081],[-75.1827944254386,39.9516575261144]]},"properties":{"objectid":1791,"stname":"S SCHUYLKILL AVE W","class1":"Minor Arterial","recfacil":null,"bikenetwor":null,"combined_s":"Urban Arterial","street_typ":"Urban Arterial","sidewlk_wd":"Greater than or equal to 12 feet","wlk_zn":"Greater than or equal to 6 feet","phase2_sid":"Yes"}},{"type":"Feature","id":1795,"geometry":{"type":"LineString","coordinates":[[-75.1694056012665,39.9633915588254],[-75.1693816381722,39.9635077715086]]},"properties":{"objectid":1795,"stname":"N 19TH ST","class1":"Minor Arterial","recfacil":null,"bikenetwor":null,"combined_s":"City Neighborhood Street","street_typ":"City Neighborhood Street","sidewlk_wd":"Greater than or equal to 12 feet","wlk_zn":"Greater than or equal to 6 feet","phase2_sid":"Yes"}},{"type":"Feature","id":1804,"geometry":{"type":"LineString","coordinates":[[-75.1899406193211,39.9630924758412],[-75.1900528947269,39.9636710326242]]},"properties":{"objectid":1804,"stname":"N 33RD ST","class1":"Minor Arterial","recfacil":"Marked Shared Lane","bikenetwor":null,"combined_s":"City Neighborhood Street","street_typ":"City Neighborhood Street","sidewlk_wd":"Greater than or equal to 12 feet","wlk_zn":"Greater than or equal to 6 feet","phase2_sid":"Yes"}},{"type":"Feature","id":1814,"geometry":{"type":"LineString","coordinates":[[-75.178491081003,39.9602419222645],[-75.1785699217214,39.9605226165176],[-75.1785649396181,39.9608630873486],[-75.1782792795193,39.9621742369772]]},"properties":{"objectid":1814,"stname":"N 24TH ST","class1":"Minor Arterial","recfacil":null,"bikenetwor":null,"combined_s":"City Neighborhood Street","street_typ":"City Neighborhood Street","sidewlk_wd":"Greater than or equal to 12 feet","wlk_zn":"Greater than or equal to 6 feet","phase2_sid":"No"}},{"type":"Feature","id":1829,"geometry":{"type":"LineString","coordinates":[[-75.1662542230409,39.9629997639415],[-75.1662303561266,39.9631219294594]]},"properties":{"objectid":1829,"stname":"N 17TH ST","class1":"Minor Arterial","recfacil":null,"bikenetwor":null,"combined_s":"City Neighborhood Street","street_typ":"City Neighborhood Street","sidewlk_wd":"Greater than or equal to 12 feet","wlk_zn":"Greater than or equal to 6 feet","phase2_sid":"Yes"}},{"type":"Feature","id":1857,"geometry":{"type":"LineString","coordinates":[[-75.1731861041876,39.962507454473],[-75.1739357685146,39.9626002552493],[-75.1741888819819,39.9626358246868]]},"properties":{"objectid":1857,"stname":"HAMILTON ST","class1":"Local Residential","recfacil":null,"bikenetwor":null,"combined_s":"Local (Catch All)","street_typ":"Local (Catch All)","sidewlk_wd":"Greater than or equal to 10 feet","wlk_zn":"Greater than or equal to 5 feet","phase2_sid":null}},{"type":"Feature","id":1903,"geometry":{"type":"LineString","coordinates":[[-75.1897218228929,39.9540831314014],[-75.1900370810119,39.9525636924461]]},"properties":{"objectid":1903,"stname":"S 33RD ST","class1":"Minor Arterial","recfacil":null,"bikenetwor":"YES","combined_s":"Urban Arterial","street_typ":"Urban Arterial","sidewlk_wd":"Greater than or equal to 12 feet","wlk_zn":"Greater than or equal to 6 feet","phase2_sid":"Yes"}},{"type":"Feature","id":1917,"geometry":{"type":"LineString","coordinates":[[-75.1653202346099,39.9579487853459],[-75.165445962416,39.9579751244642],[-75.1655702885018,39.958004980967],[-75.1656907614135,39.9580431191697],[-75.1658053482032,39.9580908736472],[-75.1659256303962,39.9581293235574],[-75.1660459912925,39.9581676778014],[-75.1661714443275,39.9581947631697],[-75.1662949028797,39.9582267915034],[-75.1664181119716,39.9582594096551],[-75.166542162524,39.9582900391579],[-75.1666670958464,39.95831848632],[-75.1667924904948,39.9583457039339],[-75.1669180448036,39.9583724817038],[-75.1671212823915,39.9584171761134]]},"properties":{"objectid":1917,"stname":"VINE STREET EXP RMP 8059A","class1":"Low-Speed Ramp","recfacil":null,"bikenetwor":null,"combined_s":"No Classification","street_typ":"N/A Interstate","sidewlk_wd":null,"wlk_zn":null,"phase2_sid":null}},{"type":"Feature","id":1973,"geometry":{"type":"LineString","coordinates":[[-75.1901675290332,39.9642250425442],[-75.190268291651,39.9648232184013]]},"properties":{"objectid":1973,"stname":"N 33RD ST","class1":"Minor Arterial","recfacil":"Marked Shared Lane","bikenetwor":null,"combined_s":"City Neighborhood Street","street_typ":"City Neighborhood Street","sidewlk_wd":"Greater than or equal to 12 feet","wlk_zn":"Greater than or equal to 6 feet","phase2_sid":"Yes"}},{"type":"Feature","id":1975,"geometry":{"type":"LineString","coordinates":[[-75.1789184250486,39.949127649132],[-75.1799444266361,39.949252339242]]},"properties":{"objectid":1975,"stname":"MANNING ST","class1":"Local Residential","recfacil":null,"bikenetwor":null,"combined_s":"Shared Narrow","street_typ":"Shared Narrow","sidewlk_wd":null,"wlk_zn":"Greater than or equal to 5 feet","phase2_sid":null}},{"type":"Feature","id":2057,"geometry":{"type":"LineString","coordinates":[[-75.1852698355545,39.9535223234529],[-75.185601073826,39.9518667190283]]},"properties":{"objectid":2057,"stname":"31ST LOWER LEVEL ST","class1":"Local Residential","recfacil":null,"bikenetwor":null,"combined_s":"Local (Catch All)","street_typ":"Local (Catch All)","sidewlk_wd":"Greater than or equal to 10 feet","wlk_zn":"Greater than or equal to 5 feet","phase2_sid":null}},{"type":"Feature","id":2058,"geometry":{"type":"LineString","coordinates":[[-75.1722461879078,39.950347139453],[-75.1727543015948,39.9504074860159]]},"properties":{"objectid":2058,"stname":"WALNUT ST","class1":"Major Arterial","recfacil":"Bike Lanes","bikenetwor":"YES","combined_s":"High Volume Pedestrian","street_typ":"High Volume Pedestrian","sidewlk_wd":"Greater than or equal to 16 feet","wlk_zn":"Greater than or equal to 8 feet","phase2_sid":null}},{"type":"Feature","id":2082,"geometry":{"type":"LineString","coordinates":[[-75.1916254495785,39.955091626438],[-75.1917813649147,39.9543387638622]]},"properties":{"objectid":2082,"stname":"S 34TH ST","class1":"Major Arterial","recfacil":null,"bikenetwor":null,"combined_s":"High Volume Pedestrian","street_typ":"High Volume Pedestrian","sidewlk_wd":"Greater than or equal to 16 feet","wlk_zn":"Greater than or equal to 8 feet","phase2_sid":"Yes"}},{"type":"Feature","id":2084,"geometry":{"type":"LineString","coordinates":[[-75.1778647228384,39.9724891000768],[-75.1778656535616,39.9738415234323]]},"properties":{"objectid":2084,"stname":"W COLLEGE AVE","class1":"Major Arterial","recfacil":"Marked Shared Lane","bikenetwor":"YES","combined_s":"Urban Arterial","street_typ":"Urban Arterial","sidewlk_wd":"Greater than or equal to 12 feet","wlk_zn":"Greater than or equal to 6 feet","phase2_sid":"Yes"}},{"type":"Feature","id":2102,"geometry":{"type":"LineString","coordinates":[[-75.1816807676225,39.9530908853993],[-75.1819363242055,39.9531238793244]]},"properties":{"objectid":2102,"stname":"CHESTNUT ST","class1":"Major Arterial","recfacil":null,"bikenetwor":"YES","combined_s":"Urban Arterial","street_typ":"Urban Arterial","sidewlk_wd":"Greater than or equal to 12 feet","wlk_zn":"Greater than or equal to 6 feet","phase2_sid":"Yes"}},{"type":"Feature","id":2122,"geometry":{"type":"LineString","coordinates":[[-75.1766678623651,39.9502411935076],[-75.1767711373028,39.949741394807]]},"properties":{"objectid":2122,"stname":"S VAN PELT ST","class1":"Local Residential","recfacil":null,"bikenetwor":null,"combined_s":"Shared Narrow","street_typ":"Shared Narrow","sidewlk_wd":null,"wlk_zn":"Greater than or equal to 5 feet","phase2_sid":null}},{"type":"Feature","id":2123,"geometry":{"type":"LineString","coordinates":[[-75.187389576779,39.9537961932791],[-75.1897218228929,39.9540831314014]]},"properties":{"objectid":2123,"stname":"CHESTNUT ST","class1":"Major Arterial","recfacil":null,"bikenetwor":"YES","combined_s":"Urban Arterial","street_typ":"Urban Arterial","sidewlk_wd":"Greater than or equal to 12 feet","wlk_zn":"Greater than or equal to 6 feet","phase2_sid":"Yes"}},{"type":"Feature","id":2335,"geometry":{"type":"LineString","coordinates":[[-75.1894981473417,39.9112413836042],[-75.19252238051,39.9120904838184]]},"properties":{"objectid":2335,"stname":"HARTRANFT ST","class1":"Collector Residential","recfacil":null,"bikenetwor":null,"combined_s":"City Neighborhood Street","street_typ":"City Neighborhood Street","sidewlk_wd":"Greater than or equal to 12 feet","wlk_zn":"Greater than or equal to 6 feet","phase2_sid":"Yes"}},{"type":"Feature","id":2379,"geometry":{"type":"LineString","coordinates":[[-75.1921263799406,40.0476882167917],[-75.1921814056709,40.0478511642573],[-75.1922964624947,40.0481578160455],[-75.1924987259265,40.0484603273958],[-75.1927337654818,40.048733158156],[-75.1931035037542,40.0490494343873]]},"properties":{"objectid":2379,"stname":"LINCOLN DR","class1":"Major Arterial","recfacil":null,"bikenetwor":"YES","combined_s":"Urban Arterial","street_typ":"Urban Arterial","sidewlk_wd":"Greater than or equal to 12 feet","wlk_zn":"Greater than or equal to 6 feet","phase2_sid":"Yes"}},{"type":"Feature","id":2389,"geometry":{"type":"LineString","coordinates":[[-75.1701070649507,39.9452766409575],[-75.1716963850027,39.9454657826234]]},"properties":{"objectid":2389,"stname":"LOMBARD ST","class1":"Minor Arterial","recfacil":null,"bikenetwor":null,"combined_s":"Urban Arterial","street_typ":"Urban Arterial","sidewlk_wd":"Greater than or equal to 12 feet","wlk_zn":"Greater than or equal to 6 feet","phase2_sid":null}},{"type":"Feature","id":2494,"geometry":{"type":"LineString","coordinates":[[-75.1703436464225,39.9345076690025],[-75.1706084307519,39.9332971618743]]},"properties":{"objectid":2494,"stname":"S MOLE ST","class1":"Local Residential","recfacil":null,"bikenetwor":null,"combined_s":"Local (Catch All)","street_typ":"Local (Catch All)","sidewlk_wd":"Greater than or equal to 10 feet","wlk_zn":"Greater than or equal to 5 feet","phase2_sid":null}},{"type":"Feature","id":2622,"geometry":{"type":"LineString","coordinates":[[-75.1699218082345,39.9372310876828],[-75.1702511385914,39.9372786081801]]},"properties":{"objectid":2622,"stname":"ELLSWORTH ST","class1":"Collector Residential","recfacil":null,"bikenetwor":null,"combined_s":"City Neighborhood Street","street_typ":"City Neighborhood Street","sidewlk_wd":"Greater than or equal to 12 feet","wlk_zn":"Greater than or equal to 6 feet","phase2_sid":"Yes"}},{"type":"Feature","id":2675,"geometry":{"type":"LineString","coordinates":[[-75.1767074504492,39.9298609169338],[-75.1782767890782,39.9300642835823]]},"properties":{"objectid":2675,"stname":"WATKINS ST","class1":"Local Residential","recfacil":null,"bikenetwor":null,"combined_s":"Local (Catch All)","street_typ":"Local (Catch All)","sidewlk_wd":"Greater than or equal to 10 feet","wlk_zn":"Greater than or equal to 5 feet","phase2_sid":null}},{"type":"Feature","id":2734,"geometry":{"type":"LineString","coordinates":[[-75.1826304932328,39.9612658204788],[-75.1828561380382,39.9615004723383],[-75.1831045545033,39.9618667734729],[-75.1833495549161,39.9622555048273],[-75.1838727251248,39.9630436728127],[-75.1840240441812,39.9633376950811]]},"properties":{"objectid":2734,"stname":"SCHUYLKILL EXP RMP B","class1":"High-Speed Ramp","recfacil":null,"bikenetwor":null,"combined_s":null,"street_typ":"N/A Interstate","sidewlk_wd":null,"wlk_zn":null,"phase2_sid":null}},{"type":"Feature","id":2783,"geometry":{"type":"LineString","coordinates":[[-75.1793961489624,39.9600611277972],[-75.180233622428,39.9601831126701],[-75.1804770397199,39.9602250556002],[-75.1806575149847,39.9602595066135],[-75.1808299150462,39.9603238955107],[-75.1809850910809,39.9604003522377],[-75.1811862701823,39.9605143297284],[-75.1813008147296,39.9606202862781],[-75.1814523161036,39.9607939692646],[-75.1816012153839,39.9610960599273],[-75.1817161544913,39.9613411589672],[-75.1818425898074,39.9615507721036],[-75.1819679760833,39.9617353441338],[-75.1820396381184,39.961774128339],[-75.1821174581144,39.9618062792273],[-75.182203634391,39.9618264534374],[-75.1822983965801,39.9618285742681],[-75.182370158386,39.9618119348178],[-75.1824500454889,39.961789395336],[-75.1825152871048,39.961736118949],[-75.1825888847384,39.9616708658714],[-75.1826666156822,39.9614962324462],[-75.182661704142,39.961417058855],[-75.1826304932328,39.9612658204788]]},"properties":{"objectid":2783,"stname":"SCHUYLKILL EXP RMP C","class1":"High-Speed Ramp","recfacil":null,"bikenetwor":null,"combined_s":"No Classification","street_typ":"N/A Interstate","sidewlk_wd":null,"wlk_zn":null,"phase2_sid":null}},{"type":"Feature","id":2928,"geometry":{"type":"LineString","coordinates":[[-75.1827459401616,39.9260677284884],[-75.1833324408576,39.9261439707069]]},"properties":{"objectid":2928,"stname":"SNYDER AVE","class1":"Major Arterial","recfacil":null,"bikenetwor":"YES","combined_s":"Walkable Commercial Corridors","street_typ":"Walkable Commercial Corridors","sidewlk_wd":"Greater than or equal to 12 feet","wlk_zn":"Greater than or equal to 6 feet","phase2_sid":"Yes"}},{"type":"Feature","id":3168,"geometry":{"type":"LineString","coordinates":[[-75.1706430250266,39.9353866768399],[-75.1707319326015,39.9350339892431]]},"properties":{"objectid":3168,"stname":"S 16TH ST","class1":"Collector Residential","recfacil":null,"bikenetwor":null,"combined_s":"City Neighborhood Street","street_typ":"City Neighborhood Street","sidewlk_wd":"Greater than or equal to 12 feet","wlk_zn":"Greater than or equal to 6 feet","phase2_sid":"Yes"}},{"type":"Feature","id":3193,"geometry":{"type":"LineString","coordinates":[[-75.1902643247136,39.9456136638949],[-75.1915871522384,39.9445380825342],[-75.192575830332,39.9435514844494]]},"properties":{"objectid":3193,"stname":"EB SCHUYLKILL EXP","class1":"Expressway","recfacil":null,"bikenetwor":null,"combined_s":null,"street_typ":"N/A Interstate","sidewlk_wd":null,"wlk_zn":null,"phase2_sid":null}},{"type":"Feature","id":3231,"geometry":{"type":"LineString","coordinates":[[-75.1786902076936,39.9255366329123],[-75.1789589857156,39.9243134669097]]},"properties":{"objectid":3231,"stname":"S OPAL ST","class1":"Local Residential","recfacil":null,"bikenetwor":null,"combined_s":"Local (Catch All)","street_typ":"Local (Catch All)","sidewlk_wd":"Greater than or equal to 10 feet","wlk_zn":"Greater than or equal to 5 feet","phase2_sid":null}},{"type":"Feature","id":3253,"geometry":{"type":"LineString","coordinates":[[-75.1622563444962,39.9588526731556],[-75.1638936548313,39.9590582267085]]},"properties":{"objectid":3253,"stname":"WOOD ST","class1":"Local Residential","recfacil":null,"bikenetwor":null,"combined_s":"Local (Catch All)","street_typ":"Local (Catch All)","sidewlk_wd":"Greater than or equal to 10 feet","wlk_zn":"Greater than or equal to 5 feet","phase2_sid":null}},{"type":"Feature","id":3255,"geometry":{"type":"LineString","coordinates":[[-75.1916921799281,39.9503297699873],[-75.1925889677225,39.9504554422581]]},"properties":{"objectid":3255,"stname":"SPRUCE ST","class1":"Minor Arterial","recfacil":null,"bikenetwor":"YES","combined_s":"Urban Arterial","street_typ":"Urban Arterial","sidewlk_wd":"Greater than or equal to 12 feet","wlk_zn":"Greater than or equal to 6 feet","phase2_sid":"Yes"}},{"type":"Feature","id":3278,"geometry":{"type":"LineString","coordinates":[[-75.1844288808343,39.9495378798057],[-75.1850098691125,39.9491594475251],[-75.1858537139722,39.9486965604409],[-75.1861903661058,39.9485742434568]]},"properties":{"objectid":3278,"stname":"EB SCHUYLKILL EXP","class1":"Expressway","recfacil":null,"bikenetwor":null,"combined_s":null,"street_typ":"N/A Interstate","sidewlk_wd":null,"wlk_zn":null,"phase2_sid":null}},{"type":"Feature","id":3279,"geometry":{"type":"LineString","coordinates":[[-75.1827944254386,39.9516575261144],[-75.1829442037563,39.9513179577307],[-75.1832753038177,39.9507704449254],[-75.1835798485528,39.9503894962584],[-75.1839092104464,39.9500380370708],[-75.1841383153327,39.9498302972911],[-75.1844147914047,39.9496236174852],[-75.1847634727601,39.9493881417821],[-75.1860551064729,39.9486712909142],[-75.1861903661058,39.9485742434568]]},"properties":{"objectid":3279,"stname":"SCHUYLKILL EXP RMP B","class1":"Low-Speed Ramp","recfacil":null,"bikenetwor":null,"combined_s":null,"street_typ":"N/A Interstate","sidewlk_wd":null,"wlk_zn":null,"phase2_sid":null}},{"type":"Feature","id":3282,"geometry":{"type":"LineString","coordinates":[[-75.1842838455555,39.949508230899],[-75.1848398226552,39.9491036342278],[-75.1870288807181,39.9476321089425],[-75.1877582401664,39.9471496934841],[-75.1906124112416,39.945234182262]]},"properties":{"objectid":3282,"stname":"WB SCHUYLKILL EXP","class1":"Expressway","recfacil":null,"bikenetwor":null,"combined_s":null,"street_typ":"N/A Interstate","sidewlk_wd":null,"wlk_zn":null,"phase2_sid":null}},{"type":"Feature","id":3297,"geometry":{"type":"LineString","coordinates":[[-75.1719773129688,39.9246646062658],[-75.1724316092816,39.9247289168654]]},"properties":{"objectid":3297,"stname":"SNYDER AVE","class1":"Major Arterial","recfacil":null,"bikenetwor":"YES","combined_s":"Urban Arterial","street_typ":"Urban Arterial","sidewlk_wd":"Greater than or equal to 12 feet","wlk_zn":"Greater than or equal to 6 feet","phase2_sid":"Yes"}},{"type":"Feature","id":3312,"geometry":{"type":"LineString","coordinates":[[-75.1890131321095,39.9394332556806],[-75.1904969442629,39.9403376318901]]},"properties":{"objectid":3312,"stname":"ELLSWORTH ST","class1":"Local Residential","recfacil":null,"bikenetwor":null,"combined_s":"Local (Catch All)","street_typ":"Local (Catch All)","sidewlk_wd":"Greater than or equal to 10 feet","wlk_zn":"Greater than or equal to 5 feet","phase2_sid":null}},{"type":"Feature","id":3313,"geometry":{"type":"LineString","coordinates":[[-75.1707835118024,39.9396024871528],[-75.1710608787677,39.9383977597712]]},"properties":{"objectid":3313,"stname":"S CHADWICK ST","class1":"Local Residential","recfacil":null,"bikenetwor":null,"combined_s":"Shared Narrow","street_typ":"Shared Narrow","sidewlk_wd":null,"wlk_zn":"Greater than or equal to 5 feet","phase2_sid":null}},{"type":"Feature","id":3383,"geometry":{"type":"LineString","coordinates":[[-75.1768288728216,39.9265527638581],[-75.1771244396623,39.925342366141]]},"properties":{"objectid":3383,"stname":"DORRANCE ST","class1":"Local Residential","recfacil":null,"bikenetwor":null,"combined_s":"Local (Catch All)","street_typ":"Local (Catch All)","sidewlk_wd":"Greater than or equal to 10 feet","wlk_zn":"Greater than or equal to 5 feet","phase2_sid":null}},{"type":"Feature","id":3386,"geometry":{"type":"LineString","coordinates":[[-75.1771244396623,39.925342366141],[-75.1776726961201,39.925399747509]]},"properties":{"objectid":3386,"stname":"SNYDER AVE","class1":"Major Arterial","recfacil":null,"bikenetwor":"YES","combined_s":"Walkable Commercial Corridors","street_typ":"Walkable Commercial Corridors","sidewlk_wd":"Greater than or equal to 12 feet","wlk_zn":"Greater than or equal to 6 feet","phase2_sid":"Yes"}},{"type":"Feature","id":3416,"geometry":{"type":"LineString","coordinates":[[-75.1710608787677,39.9383977597712],[-75.1716057243012,39.9384569184334]]},"properties":{"objectid":3416,"stname":"WASHINGTON AVE","class1":"Major Arterial","recfacil":null,"bikenetwor":"YES","combined_s":"Auto Oriented Commercial/Industrial","street_typ":"Auto Oriented Commercial/Industrial","sidewlk_wd":"Greater than or equal to 12 feet","wlk_zn":"Greater than or equal to 6 feet","phase2_sid":"Yes"}},{"type":"Feature","id":3426,"geometry":{"type":"LineString","coordinates":[[-75.1876669731713,39.9474893373966],[-75.1877265248802,39.9473842827612],[-75.1881493988601,39.9470603166601],[-75.1891813485054,39.946289521941],[-75.1899439500068,39.9457100705114],[-75.1906124112416,39.945234182262]]},"properties":{"objectid":3426,"stname":"SCHUYLKILL EXP RMP D","class1":"Low-Speed Ramp","recfacil":null,"bikenetwor":null,"combined_s":null,"street_typ":"N/A Interstate","sidewlk_wd":null,"wlk_zn":null,"phase2_sid":null}},{"type":"Feature","id":3441,"geometry":{"type":"LineString","coordinates":[[-75.1681300890552,39.9766388335254],[-75.1680400976282,39.9770935709494]]},"properties":{"objectid":3441,"stname":"N 20TH ST","class1":"Collector Residential","recfacil":null,"bikenetwor":null,"combined_s":"City Neighborhood Street","street_typ":"City Neighborhood Street","sidewlk_wd":"Greater than or equal to 12 feet","wlk_zn":"Greater than or equal to 6 feet","phase2_sid":"Yes"}},{"type":"Feature","id":3468,"geometry":{"type":"LineString","coordinates":[[-75.1821744470977,39.9259978993342],[-75.1827459401616,39.9260677284884]]},"properties":{"objectid":3468,"stname":"SNYDER AVE","class1":"Major Arterial","recfacil":null,"bikenetwor":"YES","combined_s":"Walkable Commercial Corridors","street_typ":"Walkable Commercial Corridors","sidewlk_wd":"Greater than or equal to 12 feet","wlk_zn":"Greater than or equal to 6 feet","phase2_sid":"Yes"}},{"type":"Feature","id":3473,"geometry":{"type":"LineString","coordinates":[[-75.1680400976282,39.9770935709494],[-75.1685310757485,39.9771552257056]]},"properties":{"objectid":3473,"stname":"JEFFERSON ST","class1":"Collector Residential","recfacil":null,"bikenetwor":null,"combined_s":"City Neighborhood Street","street_typ":"City Neighborhood Street","sidewlk_wd":"Greater than or equal to 12 feet","wlk_zn":"Greater than or equal to 6 feet","phase2_sid":"Yes"}},{"type":"Feature","id":3482,"geometry":{"type":"LineString","coordinates":[[-75.184695341508,39.9275720322183],[-75.1849447096185,39.926348208508]]},"properties":{"objectid":3482,"stname":"S BONSALL ST","class1":"Local Residential","recfacil":null,"bikenetwor":null,"combined_s":"Local (Catch All)","street_typ":"Local (Catch All)","sidewlk_wd":"Greater than or equal to 10 feet","wlk_zn":"Greater than or equal to 5 feet","phase2_sid":null}},{"type":"Feature","id":3552,"geometry":{"type":"LineString","coordinates":[[-75.172946832565,39.9248457599246],[-75.1735233158921,39.9248767454174]]},"properties":{"objectid":3552,"stname":"SNYDER AVE","class1":"Major Arterial","recfacil":null,"bikenetwor":"YES","combined_s":"Walkable Commercial Corridors","street_typ":"Walkable Commercial Corridors","sidewlk_wd":"Greater than or equal to 12 feet","wlk_zn":"Greater than or equal to 6 feet","phase2_sid":"Yes"}},{"type":"Feature","id":3553,"geometry":{"type":"LineString","coordinates":[[-75.1932819307574,39.924865338322],[-75.1926464190243,39.9240023611418],[-75.1925462145272,39.9238203237735],[-75.1925222742125,39.9237768315455],[-75.1921456085432,39.9232330966628],[-75.1921281432434,39.9232074941425],[-75.1918986768974,39.9228707688808],[-75.1916279115943,39.9224734361476],[-75.1915841707504,39.9224092481392],[-75.1915223755321,39.922342149765],[-75.1914228310759,39.9222340636952],[-75.1912057942021,39.9220040657264],[-75.1903399408951,39.9210846296938],[-75.1900753867752,39.9207685512362],[-75.1899285295633,39.9204733445512],[-75.1898031791533,39.9200265725524],[-75.1897616159211,39.9196054146837]]},"properties":{"objectid":3553,"stname":"EB SCHUYLKILL EXP","class1":"Expressway","recfacil":null,"bikenetwor":null,"combined_s":"No Classification","street_typ":"N/A Interstate","sidewlk_wd":null,"wlk_zn":null,"phase2_sid":null}},{"type":"Feature","id":3575,"geometry":{"type":"LineString","coordinates":[[-75.1898902673292,39.9221902075457],[-75.1903589170723,39.9226113293192],[-75.1908642165731,39.92290346226],[-75.1910614454295,39.9230310065706],[-75.1912821439705,39.9231684960909],[-75.1912946645916,39.9231805480622],[-75.1915409865156,39.9234176468035],[-75.1916506110957,39.9235070409491],[-75.1920336418317,39.9238191548745]]},"properties":{"objectid":3575,"stname":"WB SCHUYLKILL EXP","class1":"Expressway","recfacil":null,"bikenetwor":null,"combined_s":"No Classification","street_typ":"N/A Interstate","sidewlk_wd":null,"wlk_zn":null,"phase2_sid":null}},{"type":"Feature","id":3610,"geometry":{"type":"LineString","coordinates":[[-75.1711242784906,39.9232870666553],[-75.1716484288129,39.923361967154]]},"properties":{"objectid":3610,"stname":"JACKSON ST","class1":"Collector Residential","recfacil":null,"bikenetwor":null,"combined_s":"City Neighborhood Street","street_typ":"City Neighborhood Street","sidewlk_wd":"Greater than or equal to 12 feet","wlk_zn":"Greater than or equal to 6 feet","phase2_sid":"Yes"}},{"type":"Feature","id":3632,"geometry":{"type":"LineString","coordinates":[[-75.1750808875918,39.9250710886067],[-75.1755371630221,39.9251244073212]]},"properties":{"objectid":3632,"stname":"SNYDER AVE","class1":"Major Arterial","recfacil":null,"bikenetwor":"YES","combined_s":"Walkable Commercial Corridors","street_typ":"Walkable Commercial Corridors","sidewlk_wd":"Greater than or equal to 12 feet","wlk_zn":"Greater than or equal to 6 feet","phase2_sid":"Yes"}},{"type":"Feature","id":3726,"geometry":{"type":"LineString","coordinates":[[-75.1732466575365,39.926096788336],[-75.1735233158921,39.9248767454174]]},"properties":{"objectid":3726,"stname":"S BANCROFT ST","class1":"Local Residential","recfacil":null,"bikenetwor":null,"combined_s":"Local (Catch All)","street_typ":"Local (Catch All)","sidewlk_wd":"Greater than or equal to 10 feet","wlk_zn":"Greater than or equal to 5 feet","phase2_sid":null}},{"type":"Feature","id":3740,"geometry":{"type":"LineString","coordinates":[[-75.1891425941831,39.9331642914454],[-75.1896903544095,39.9332367008575]]},"properties":{"objectid":3740,"stname":"TASKER ST","class1":"Minor Arterial","recfacil":null,"bikenetwor":null,"combined_s":"City Neighborhood Street","street_typ":"City Neighborhood Street","sidewlk_wd":"Greater than or equal to 12 feet","wlk_zn":"Greater than or equal to 6 feet","phase2_sid":"Yes"}},{"type":"Feature","id":3848,"geometry":{"type":"LineString","coordinates":[[-75.162418802702,40.0028320898058],[-75.1631707143813,40.0029331460149],[-75.163852851895,40.0030181091928],[-75.1642883122668,40.0030812131536]]},"properties":{"objectid":3848,"stname":"W ALLEGHENY AVE","class1":"Minor Arterial","recfacil":null,"bikenetwor":"YES","combined_s":"Urban Arterial","street_typ":"Urban Arterial","sidewlk_wd":"Greater than or equal to 12 feet","wlk_zn":"Greater than or equal to 6 feet","phase2_sid":"Yes"}},{"type":"Feature","id":3880,"geometry":{"type":"LineString","coordinates":[[-75.1793156849243,39.9177880200003],[-75.1795937594023,39.9165263632842]]},"properties":{"objectid":3880,"stname":"S 19TH ST","class1":"Collector Residential","recfacil":null,"bikenetwor":null,"combined_s":"City Neighborhood Street","street_typ":"City Neighborhood Street","sidewlk_wd":"Greater than or equal to 12 feet","wlk_zn":"Greater than or equal to 6 feet","phase2_sid":"Yes"}},{"type":"Feature","id":3973,"geometry":{"type":"LineString","coordinates":[[-75.1735502613825,39.917172501213],[-75.1735760841427,39.9170508742339]]},"properties":{"objectid":3973,"stname":"S HICKS ST","class1":"Local Residential","recfacil":null,"bikenetwor":null,"combined_s":"Local (Catch All)","street_typ":"Local (Catch All)","sidewlk_wd":"Greater than or equal to 10 feet","wlk_zn":"Greater than or equal to 5 feet","phase2_sid":null}},{"type":"Feature","id":3986,"geometry":{"type":"LineString","coordinates":[[-75.1869395163228,39.9223279633278],[-75.1871135073014,39.9216024973606],[-75.1873927794285,39.920270736661],[-75.1882563715247,39.9197627506699]]},"properties":{"objectid":3986,"stname":"S 24TH ST","class1":"Collector Residential","recfacil":null,"bikenetwor":null,"combined_s":"City Neighborhood Street","street_typ":"City Neighborhood Street","sidewlk_wd":"Greater than or equal to 12 feet","wlk_zn":"Greater than or equal to 6 feet","phase2_sid":"Yes"}},{"type":"Feature","id":3997,"geometry":{"type":"LineString","coordinates":[[-75.1910661300512,39.9193265411028],[-75.1910328067516,39.9190728391535]]},"properties":{"objectid":3997,"stname":"S 26TH ST","class1":"Major Arterial","recfacil":null,"bikenetwor":null,"combined_s":"Auto Oriented Commercial/Industrial","street_typ":"Auto Oriented Commercial/Industrial","sidewlk_wd":"Greater than or equal to 12 feet","wlk_zn":"Greater than or equal to 6 feet","phase2_sid":"Yes"}},{"type":"Feature","id":4117,"geometry":{"type":"LineString","coordinates":[[-75.1910661300512,39.9193265411028],[-75.1908445360453,39.9208855262019],[-75.1908861684732,39.9210385006461],[-75.1910062674431,39.921205389899],[-75.1911370029274,39.9212995346656],[-75.1913940147409,39.9213964979893],[-75.1915753061257,39.9214066250101],[-75.1918216955629,39.9213969718547]]},"properties":{"objectid":4117,"stname":"S 26TH ST","class1":"Major Arterial","recfacil":null,"bikenetwor":null,"combined_s":"Auto Oriented Commercial/Industrial","street_typ":"Auto Oriented Commercial/Industrial","sidewlk_wd":"Greater than or equal to 12 feet","wlk_zn":"Greater than or equal to 6 feet","phase2_sid":"Yes"}},{"type":"Feature","id":4139,"geometry":{"type":"LineString","coordinates":[[-75.1597344292239,39.9855391229561],[-75.1596833518399,39.9857875329318]]},"properties":{"objectid":4139,"stname":"N 16TH ST","class1":"Collector Residential","recfacil":null,"bikenetwor":null,"combined_s":"City Neighborhood Street","street_typ":"City Neighborhood Street","sidewlk_wd":"Greater than or equal to 12 feet","wlk_zn":"Greater than or equal to 6 feet","phase2_sid":"Yes"}},{"type":"Feature","id":4145,"geometry":{"type":"LineString","coordinates":[[-75.1905371989358,39.9213501904592],[-75.1908587664302,39.9198920102354],[-75.1910328067516,39.9190728391535]]},"properties":{"objectid":4145,"stname":"S 26TH ST","class1":"Major Arterial","recfacil":null,"bikenetwor":null,"combined_s":"Auto Oriented Commercial/Industrial","street_typ":"Auto Oriented Commercial/Industrial","sidewlk_wd":"Greater than or equal to 12 feet","wlk_zn":"Greater than or equal to 6 feet","phase2_sid":"Yes"}},{"type":"Feature","id":4163,"geometry":{"type":"LineString","coordinates":[[-75.1594831743892,39.9914164119011],[-75.160047728748,39.9914829535909]]},"properties":{"objectid":4163,"stname":"W CUMBERLAND ST","class1":"Collector Residential","recfacil":null,"bikenetwor":null,"combined_s":"City Neighborhood Street","street_typ":"City Neighborhood Street","sidewlk_wd":"Greater than or equal to 12 feet","wlk_zn":"Greater than or equal to 6 feet","phase2_sid":"Yes"}},{"type":"Feature","id":4179,"geometry":{"type":"LineString","coordinates":[[-75.1907113934708,39.9220846617422],[-75.1906293169711,39.9217904992166],[-75.1906151340688,39.9217476099695],[-75.1906090721871,39.9216988201779],[-75.1906034678979,39.9216378769783],[-75.1905974060344,39.921589087186],[-75.1906010667059,39.9214918599244],[-75.1906510518822,39.9212132114425],[-75.1906985200571,39.921001406683],[-75.1910661300512,39.9193265411028]]},"properties":{"objectid":4179,"stname":"S 26TH ST","class1":"Major Arterial","recfacil":null,"bikenetwor":null,"combined_s":"Auto Oriented Commercial/Industrial","street_typ":"Auto Oriented Commercial/Industrial","sidewlk_wd":"Greater than or equal to 12 feet","wlk_zn":"Greater than or equal to 6 feet","phase2_sid":"Yes"}},{"type":"Feature","id":4302,"geometry":{"type":"LineString","coordinates":[[-75.1753381927727,39.9174037205614],[-75.1753635613099,39.9172868674322]]},"properties":{"objectid":4302,"stname":"S SMEDLEY ST","class1":"Local Residential","recfacil":null,"bikenetwor":null,"combined_s":"Local (Catch All)","street_typ":"Local (Catch All)","sidewlk_wd":"Greater than or equal to 10 feet","wlk_zn":"Greater than or equal to 5 feet","phase2_sid":null}},{"type":"Feature","id":4341,"geometry":{"type":"LineString","coordinates":[[-75.1808704629667,39.9181189799088],[-75.1809024871869,39.9179803325538]]},"properties":{"objectid":4341,"stname":"S 20TH ST","class1":"Minor Arterial","recfacil":null,"bikenetwor":null,"combined_s":"City Neighborhood Street","street_typ":"City Neighborhood Street","sidewlk_wd":"Greater than or equal to 12 feet","wlk_zn":"Greater than or equal to 6 feet","phase2_sid":"Yes"}},{"type":"Feature","id":4342,"geometry":{"type":"LineString","coordinates":[[-75.1828232853887,39.9182416460736],[-75.1844051480313,39.9184518589696]]},"properties":{"objectid":4342,"stname":"OREGON AVE","class1":"Major Arterial","recfacil":null,"bikenetwor":"YES","combined_s":"Urban Arterial","street_typ":"Urban Arterial","sidewlk_wd":"Greater than or equal to 12 feet","wlk_zn":"Greater than or equal to 6 feet","phase2_sid":"Yes"}},{"type":"Feature","id":4388,"geometry":{"type":"LineString","coordinates":[[-75.1593695578936,39.9945344587566],[-75.1599207274975,39.994600837154]]},"properties":{"objectid":4388,"stname":"W LEHIGH AVE","class1":"Major Arterial","recfacil":null,"bikenetwor":"YES","combined_s":"Urban Arterial","street_typ":"Urban Arterial","sidewlk_wd":"Greater than or equal to 12 feet","wlk_zn":"Greater than or equal to 6 feet","phase2_sid":"Yes"}},{"type":"Feature","id":4393,"geometry":{"type":"LineString","coordinates":[[-75.1777354062226,39.9175847879293],[-75.1783488133842,39.9176559621311]]},"properties":{"objectid":4393,"stname":"OREGON AVE","class1":"Major Arterial","recfacil":null,"bikenetwor":"YES","combined_s":"Urban Arterial","street_typ":"Urban Arterial","sidewlk_wd":"Greater than or equal to 12 feet","wlk_zn":"Greater than or equal to 6 feet","phase2_sid":"Yes"}},{"type":"Feature","id":4474,"geometry":{"type":"LineString","coordinates":[[-75.1803507543571,40.0041345407369],[-75.1806144456943,40.0040116018443]]},"properties":{"objectid":4474,"stname":"W HUNTING PARK AVE","class1":"Major Arterial","recfacil":"Further Study Required","bikenetwor":"YES","combined_s":"Urban Arterial","street_typ":"Urban Arterial","sidewlk_wd":"Greater than or equal to 12 feet","wlk_zn":"Greater than or equal to 6 feet","phase2_sid":"Yes"}},{"type":"Feature","id":4505,"geometry":{"type":"LineString","coordinates":[[-75.192575830332,39.9435514844494],[-75.1927322771704,39.9434468543009],[-75.1932835060539,39.943193302154],[-75.1937301829106,39.9430816218712],[-75.1942210257017,39.9430560692305],[-75.1948954015635,39.9431927299117],[-75.1958532322821,39.9437261971788]]},"properties":{"objectid":4505,"stname":"SCHUYLKILL EXP RMP 8018C","class1":"Low-Speed Ramp","recfacil":null,"bikenetwor":null,"combined_s":null,"street_typ":"N/A Interstate","sidewlk_wd":null,"wlk_zn":null,"phase2_sid":null}},{"type":"Feature","id":4520,"geometry":{"type":"LineString","coordinates":[[-75.1903198997038,39.9216860455572],[-75.190338336462,39.9215468124336],[-75.1900133882656,39.9211564039164],[-75.1898349620406,39.920860492301],[-75.1897215037478,39.9205173765578],[-75.1896830772683,39.9202793278341],[-75.1897616159211,39.9196054146837]]},"properties":{"objectid":4520,"stname":"SCHUYLKILL EXP RMP P","class1":"Low-Speed Ramp","recfacil":null,"bikenetwor":null,"combined_s":"No Classification","street_typ":"N/A Interstate","sidewlk_wd":null,"wlk_zn":null,"phase2_sid":null}},{"type":"Feature","id":4542,"geometry":{"type":"LineString","coordinates":[[-75.1633276890034,39.976480949508],[-75.1641088679253,39.9765822172]]},"properties":{"objectid":4542,"stname":"JEFFERSON ST","class1":"Collector Residential","recfacil":null,"bikenetwor":null,"combined_s":"City Neighborhood Street","street_typ":"City Neighborhood Street","sidewlk_wd":"Greater than or equal to 12 feet","wlk_zn":"Greater than or equal to 6 feet","phase2_sid":"Yes"}},{"type":"Feature","id":4614,"geometry":{"type":"LineString","coordinates":[[-75.1958893577097,39.9961846395584],[-75.1953825548682,39.9959724141496],[-75.1946393665928,39.9956577220615],[-75.1924066196433,39.9946835613861],[-75.191798972767,39.9944351101197]]},"properties":{"objectid":4614,"stname":"STRAWBERRY MANSION BRG","class1":"Minor Arterial","recfacil":null,"bikenetwor":"YES","combined_s":"Park Road","street_typ":"Park Road","sidewlk_wd":"Greater than or equal to 8 feet","wlk_zn":"Greater than or equal to 5 feet","phase2_sid":"Yes"}},{"type":"Feature","id":4628,"geometry":{"type":"LineString","coordinates":[[-75.1633276890034,39.976480949508],[-75.163009636147,39.9779081741671]]},"properties":{"objectid":4628,"stname":"N 17TH ST","class1":"Collector Residential","recfacil":null,"bikenetwor":null,"combined_s":"City Neighborhood Street","street_typ":"City Neighborhood Street","sidewlk_wd":"Greater than or equal to 12 feet","wlk_zn":"Greater than or equal to 6 feet","phase2_sid":"Yes"}},{"type":"Feature","id":4939,"geometry":{"type":"LineString","coordinates":[[-75.183914548343,40.0701537184267],[-75.1846562895441,40.0705742255418]]},"properties":{"objectid":4939,"stname":"STENTON AVE","class1":"Major Arterial","recfacil":"Marked Shared Lane","bikenetwor":"YES","combined_s":"Urban Arterial","street_typ":"Urban Arterial","sidewlk_wd":"Greater than or equal to 12 feet","wlk_zn":"Greater than or equal to 6 feet","phase2_sid":"Yes"}},{"type":"Feature","id":4942,"geometry":{"type":"LineString","coordinates":[[-75.1682214393415,39.9762233396797],[-75.1681300890552,39.9766388335254]]},"properties":{"objectid":4942,"stname":"N 20TH ST","class1":"Collector Residential","recfacil":null,"bikenetwor":null,"combined_s":"City Neighborhood Street","street_typ":"City Neighborhood Street","sidewlk_wd":"Greater than or equal to 12 feet","wlk_zn":"Greater than or equal to 6 feet","phase2_sid":"Yes"}},{"type":"Feature","id":5004,"geometry":{"type":"LineString","coordinates":[[-75.1661631162051,39.9783177248156],[-75.1660521878632,39.9787917461627]]},"properties":{"objectid":5004,"stname":"N 19TH ST","class1":"Collector Residential","recfacil":null,"bikenetwor":null,"combined_s":"City Neighborhood Street","street_typ":"City Neighborhood Street","sidewlk_wd":"Greater than or equal to 12 feet","wlk_zn":"Greater than or equal to 6 feet","phase2_sid":"Yes"}},{"type":"Feature","id":5024,"geometry":{"type":"LineString","coordinates":[[-75.2187497051405,40.0830248739197],[-75.2186513668796,40.0831205896192],[-75.2184554228806,40.0832938836626],[-75.2183217343458,40.0834340126182],[-75.2181383390652,40.083657555367],[-75.2179572383773,40.0839070087666],[-75.2178598566476,40.0840208026596],[-75.2176110946945,40.0842324007659],[-75.217342248616,40.0844657563533],[-75.2171835288003,40.0845880649401],[-75.21710137449,40.0846380573101],[-75.217003359025,40.0846827662333],[-75.2168860903541,40.0847270516671],[-75.2167304996114,40.0847655576263],[-75.2158978996049,40.0849593491777],[-75.2154431294649,40.0850973294977],[-75.2153443764135,40.0851617552979],[-75.2152585491605,40.0852240000372],[-75.2151812445778,40.0853160330948],[-75.2150195547557,40.085603549362],[-75.2149060122462,40.0858057893777],[-75.2147977986525,40.0859514110955],[-75.2145542391249,40.0861951850342],[-75.2135845048665,40.087162611475]]},"properties":{"objectid":5024,"stname":"E BELLS MILL RD","class1":"Major Arterial","recfacil":"Bike Lanes","bikenetwor":"YES","combined_s":"Scenic Drive","street_typ":"Scenic Drive","sidewlk_wd":"Greater than or equal to 9 feet","wlk_zn":"Greater than or equal to 6 feet","phase2_sid":"Yes"}},{"type":"Feature","id":5082,"geometry":{"type":"LineString","coordinates":[[-75.2243586884383,40.0446084930584],[-75.2240250320996,40.044750443523],[-75.2233091241761,40.0450631128516],[-75.2228957146424,40.0451148362044],[-75.2225706357015,40.0451320112135],[-75.2223025847377,40.0451607115313]]},"properties":{"objectid":5082,"stname":"LIVEZEY ST","class1":"Collector Residential","recfacil":"Marked Shared Lane","bikenetwor":"YES","combined_s":"Lower Density Residential","street_typ":"Lower Density Residential","sidewlk_wd":"Greater than or equal to 10 feet","wlk_zn":"Greater than or equal to 5 feet","phase2_sid":"Yes"}},{"type":"Feature","id":5085,"geometry":{"type":"LineString","coordinates":[[-75.2285334644244,40.0438698411264],[-75.2287527311668,40.0440150279086],[-75.2291105619334,40.0441810065396],[-75.2296409859798,40.0443872602924],[-75.2311696748231,40.0449323961151]]},"properties":{"objectid":5085,"stname":"RIDGE AVE","class1":"Minor Arterial","recfacil":"Marked Shared Lane","bikenetwor":"YES","combined_s":"Urban Arterial","street_typ":"Urban Arterial","sidewlk_wd":"Greater than or equal to 12 feet","wlk_zn":"Greater than or equal to 6 feet","phase2_sid":"Yes"}},{"type":"Feature","id":5106,"geometry":{"type":"LineString","coordinates":[[-75.2329372250468,40.0459391791474],[-75.2343728156428,40.0471791767064],[-75.2348005117528,40.0475960164832],[-75.2349491906698,40.0478547038725],[-75.2354227804115,40.0487849131022]]},"properties":{"objectid":5106,"stname":"RIDGE AVE","class1":"Minor Arterial","recfacil":"Marked Shared Lane","bikenetwor":"YES","combined_s":"Urban Arterial","street_typ":"Urban Arterial","sidewlk_wd":"Greater than or equal to 12 feet","wlk_zn":"Greater than or equal to 6 feet","phase2_sid":"Yes"}},{"type":"Feature","id":5189,"geometry":{"type":"LineString","coordinates":[[-75.1911322508703,40.0388498825777],[-75.1917666063805,40.0392295083831]]},"properties":{"objectid":5189,"stname":"WAYNE AVE","class1":"Minor Arterial","recfacil":"Bike Lanes","bikenetwor":"YES","combined_s":"Urban Arterial","street_typ":"Urban Arterial","sidewlk_wd":"Greater than or equal to 12 feet","wlk_zn":"Greater than or equal to 6 feet","phase2_sid":"Yes"}},{"type":"Feature","id":5254,"geometry":{"type":"LineString","coordinates":[[-75.2207328222461,40.0447800686237],[-75.2223025847377,40.0451607115313]]},"properties":{"objectid":5254,"stname":"VALLEY AVE","class1":"Collector Residential","recfacil":"Bike Lanes","bikenetwor":"YES","combined_s":"Lower Density Residential","street_typ":"Lower Density Residential","sidewlk_wd":"Greater than or equal to 10 feet","wlk_zn":"Greater than or equal to 5 feet","phase2_sid":"Yes"}},{"type":"Feature","id":5331,"geometry":{"type":"LineString","coordinates":[[-75.1813201983398,40.0037396764756],[-75.1820345498921,40.0038896423887]]},"properties":{"objectid":5331,"stname":"W CLEARFIELD ST","class1":"Collector Residential","recfacil":null,"bikenetwor":null,"combined_s":"City Neighborhood Street","street_typ":"City Neighborhood Street","sidewlk_wd":"Greater than or equal to 12 feet","wlk_zn":"Greater than or equal to 6 feet","phase2_sid":"Yes"}},{"type":"Feature","id":5416,"geometry":{"type":"LineString","coordinates":[[-75.1973102877011,39.9940194164413],[-75.1970601312289,39.9942581777863],[-75.1957214889739,39.9958434803113],[-75.1955867893503,39.9960079663876],[-75.1939821607466,39.9978621990844],[-75.1938326199911,39.9980534875219],[-75.1936929381849,39.9984220151507]]},"properties":{"objectid":5416,"stname":"MARTIN LUTHER KING DR","class1":"Major Arterial","recfacil":null,"bikenetwor":null,"combined_s":"Scenic Drive","street_typ":"Scenic Drive","sidewlk_wd":"Greater than or equal to 9 feet","wlk_zn":"Greater than or equal to 6 feet","phase2_sid":"Yes"}},{"type":"Feature","id":5444,"geometry":{"type":"LineString","coordinates":[[-75.2365209997868,40.0433689660904],[-75.2338443902349,40.0445707129775],[-75.2320434089628,40.0453373033557]]},"properties":{"objectid":5444,"stname":"DOMINO LN","class1":"Collector Residential","recfacil":"Shared Roadway","bikenetwor":"YES","combined_s":"Urban Arterial","street_typ":"Urban Arterial","sidewlk_wd":"Greater than or equal to 12 feet","wlk_zn":"Greater than or equal to 6 feet","phase2_sid":"Yes"}},{"type":"Feature","id":5537,"geometry":{"type":"LineString","coordinates":[[-75.1992577101915,40.0064235603606],[-75.1986661099086,40.0060260886505],[-75.1983612073123,40.0058754751249],[-75.1981906670507,40.0058119786521],[-75.1980197194185,40.00575932817],[-75.1978305302166,40.005722555775],[-75.1974403486195,40.0056813135332],[-75.1969342124978,40.0056266369926],[-75.1965190437605,40.0055929783104],[-75.1961709744324,40.0055580969228],[-75.1957419063885,40.0055186985675],[-75.1953295506923,40.0055040958472],[-75.1951102143287,40.0055182117341],[-75.1948832146295,40.0055484414274],[-75.194627188825,40.0055997352466],[-75.1944128626864,40.0056682397287],[-75.1941191245219,40.0057838275712],[-75.1938667802959,40.0059247616918],[-75.1936635968477,40.006072216689],[-75.1934527476849,40.0062357854291],[-75.1932594269728,40.0064024570918],[-75.1931360426033,40.0064742783475]]},"properties":{"objectid":5537,"stname":"SCHUYLKILL EXP RMP B","class1":"High-Speed Ramp","recfacil":null,"bikenetwor":null,"combined_s":null,"street_typ":"N/A Interstate","sidewlk_wd":null,"wlk_zn":null,"phase2_sid":null}},{"type":"Feature","id":5538,"geometry":{"type":"LineString","coordinates":[[-75.2095565793378,40.0071494940059],[-75.2095259763233,40.0072667651222],[-75.2091851752562,40.0072852281234],[-75.2085603170818,40.0072903954159],[-75.2083151780086,40.0073338192035],[-75.2080857403339,40.007429154445],[-75.2078826847925,40.0075739230198],[-75.2077550012382,40.0076850806206],[-75.2075857118276,40.0077763182235],[-75.207372002377,40.0078285774957],[-75.207135131709,40.0078396152181],[-75.2067817923994,40.0078507863666],[-75.2065534683271,40.0079162894906],[-75.2063492904695,40.0080908844033],[-75.2062659927972,40.0083360045304],[-75.2061949754348,40.0085977805235]]},"properties":{"objectid":5538,"stname":"WINDING DR","class1":"Local Residential","recfacil":null,"bikenetwor":null,"combined_s":"Local (Catch All)","street_typ":"Local (Catch All)","sidewlk_wd":"Greater than or equal to 10 feet","wlk_zn":"Greater than or equal to 5 feet","phase2_sid":null}},{"type":"Feature","id":5544,"geometry":{"type":"LineString","coordinates":[[-75.2452817552,40.0678332233851],[-75.2451559387333,40.0679000714697],[-75.2447356463976,40.0681220857811],[-75.2443067747348,40.0683991934987],[-75.242629113056,40.0695669437343],[-75.2416856039656,40.0702065008239],[-75.2412247622166,40.0706720021024]]},"properties":{"objectid":5544,"stname":"SPRING LN","class1":"Collector Residential","recfacil":"Marked Shared Lane","bikenetwor":"YES","combined_s":"City Neighborhood Street","street_typ":"City Neighborhood Street","sidewlk_wd":"Greater than or equal to 12 feet","wlk_zn":"Greater than or equal to 6 feet","phase2_sid":"Yes"}},{"type":"Feature","id":5551,"geometry":{"type":"LineString","coordinates":[[-75.1931360426033,40.0064742783475],[-75.1931895158268,40.0063846171709],[-75.1934242794602,40.006148305303],[-75.1936514799772,40.0059253955386],[-75.1938839394597,40.0056564646276],[-75.1940323357366,40.0054643664527],[-75.1942470045343,40.005105479692],[-75.1943641181696,40.0048068417505],[-75.1944316617822,40.0045125279356],[-75.1944444074416,40.0040997328648],[-75.1943979293872,40.0032838455439],[-75.1944261151218,40.0030140567568]]},"properties":{"objectid":5551,"stname":"SCHUYLKILL EXP RMP C","class1":"High-Speed Ramp","recfacil":null,"bikenetwor":null,"combined_s":null,"street_typ":"N/A Interstate","sidewlk_wd":null,"wlk_zn":null,"phase2_sid":null}},{"type":"Feature","id":5583,"geometry":{"type":"LineString","coordinates":[[-75.2382328117315,39.9850421540702],[-75.2396588472981,39.9851681914433],[-75.2401556774921,39.9852229428046]]},"properties":{"objectid":5583,"stname":"UPLAND WAY","class1":"Collector Residential","recfacil":null,"bikenetwor":"YES","combined_s":"Lower Density Residential","street_typ":"Lower Density Residential","sidewlk_wd":"Greater than or equal to 10 feet","wlk_zn":"Greater than or equal to 5 feet","phase2_sid":"Yes"}},{"type":"Feature","id":5643,"geometry":{"type":"LineString","coordinates":[[-75.2357900324001,40.0496321585941],[-75.2360411410416,40.0503477490523]]},"properties":{"objectid":5643,"stname":"RIDGE AVE","class1":"Minor Arterial","recfacil":"Marked Shared Lane","bikenetwor":"YES","combined_s":"Urban Arterial","street_typ":"Urban Arterial","sidewlk_wd":"Greater than or equal to 12 feet","wlk_zn":"Greater than or equal to 6 feet","phase2_sid":"Yes"}},{"type":"Feature","id":5689,"geometry":{"type":"LineString","coordinates":[[-75.2405036189479,39.9879121135801],[-75.241135409211,39.9876208627348]]},"properties":{"objectid":5689,"stname":"WOODCREST AVE","class1":"Local Residential","recfacil":null,"bikenetwor":null,"combined_s":"Local (Catch All)","street_typ":"Local (Catch All)","sidewlk_wd":"Greater than or equal to 10 feet","wlk_zn":"Greater than or equal to 5 feet","phase2_sid":null}},{"type":"Feature","id":5700,"geometry":{"type":"LineString","coordinates":[[-75.1572572446343,39.9817028914217],[-75.1569175489095,39.9832290425712]]},"properties":{"objectid":5700,"stname":"N BROAD ST","class1":"Major Arterial","recfacil":null,"bikenetwor":null,"combined_s":"Civic/Ceremonial Street","street_typ":"Civic/Ceremonial Street","sidewlk_wd":"Greater than or equal to  20 feet","wlk_zn":"Greater than or equal to 10 feet","phase2_sid":"Yes"}},{"type":"Feature","id":5701,"geometry":{"type":"LineString","coordinates":[[-75.2363889161865,40.0574075419465],[-75.2373093745861,40.0586006066329],[-75.2381843804033,40.0597804286649]]},"properties":{"objectid":5701,"stname":"RIDGE AVE","class1":"Minor Arterial","recfacil":"Marked Shared Lane","bikenetwor":"YES","combined_s":"Urban Arterial","street_typ":"Urban Arterial","sidewlk_wd":"Greater than or equal to 12 feet","wlk_zn":"Greater than or equal to 6 feet","phase2_sid":"Yes"}},{"type":"Feature","id":5718,"geometry":{"type":"LineString","coordinates":[[-75.1946000952584,40.0016563032164],[-75.1944261151218,40.0030140567568]]},"properties":{"objectid":5718,"stname":"SCHUYLKILL EXP RMP","class1":"High-Speed Ramp","recfacil":null,"bikenetwor":null,"combined_s":null,"street_typ":"N/A Interstate","sidewlk_wd":null,"wlk_zn":null,"phase2_sid":null}},{"type":"Feature","id":5791,"geometry":{"type":"LineString","coordinates":[[-75.2381843804033,40.0597804286649],[-75.2382744608211,40.0598749449607],[-75.2384712309431,40.0601515436666],[-75.2386093007537,40.0604025962078],[-75.2387477704961,40.0606428724406],[-75.2388535345492,40.0608247955365]]},"properties":{"objectid":5791,"stname":"RIDGE AVE","class1":"Minor Arterial","recfacil":"Bike Lanes","bikenetwor":"YES","combined_s":"Auto Oriented Commercial/Industrial","street_typ":"Auto Oriented Commercial/Industrial","sidewlk_wd":"Greater than or equal to 12 feet","wlk_zn":"Greater than or equal to 6 feet","phase2_sid":"Yes"}},{"type":"Feature","id":5810,"geometry":{"type":"LineString","coordinates":[[-75.2220080023052,39.9908557469166],[-75.2229260733667,39.9899723883251],[-75.2230493252716,39.9898473853899],[-75.2230838656274,39.9897690832382],[-75.2230324082551,39.989664560849],[-75.2224717055564,39.9890854007551]]},"properties":{"objectid":5810,"stname":"MONUMENT RD","class1":"Local Residential","recfacil":null,"bikenetwor":null,"combined_s":"Lower Density Residential","street_typ":"Lower Density Residential","sidewlk_wd":"Greater than or equal to 10 feet","wlk_zn":"Greater than or equal to 5 feet","phase2_sid":null}},{"type":"Feature","id":5855,"geometry":{"type":"LineString","coordinates":[[-75.2203203477458,39.9902951737911],[-75.2220080023052,39.9908557469166]]},"properties":{"objectid":5855,"stname":"WYNNEFIELD AVE","class1":"Minor Arterial","recfacil":"Marked Shared Lane","bikenetwor":null,"combined_s":"Urban Arterial","street_typ":"Urban Arterial","sidewlk_wd":"Greater than or equal to 12 feet","wlk_zn":"Greater than or equal to 6 feet","phase2_sid":"Yes"}},{"type":"Feature","id":5876,"geometry":{"type":"LineString","coordinates":[[-75.2424106022115,39.9880786833285],[-75.2454813004545,39.9866285016963]]},"properties":{"objectid":5876,"stname":"WOODBINE AVE","class1":"Minor Arterial","recfacil":"Marked Shared Lane","bikenetwor":null,"combined_s":"City Neighborhood Street","street_typ":"City Neighborhood Street","sidewlk_wd":"Greater than or equal to 12 feet","wlk_zn":"Greater than or equal to 6 feet","phase2_sid":"Yes"}},{"type":"Feature","id":5932,"geometry":{"type":"LineString","coordinates":[[-75.2400192673387,39.992047581917],[-75.2401799443425,39.9919921307488],[-75.2414990439834,39.9913745643011]]},"properties":{"objectid":5932,"stname":"OVERBROOK AVE","class1":"Minor Arterial","recfacil":"Marked Shared Lane","bikenetwor":null,"combined_s":"City Neighborhood Street","street_typ":"City Neighborhood Street","sidewlk_wd":"Greater than or equal to 12 feet","wlk_zn":"Greater than or equal to 6 feet","phase2_sid":"Yes"}},{"type":"Feature","id":5936,"geometry":{"type":"LineString","coordinates":[[-75.2464195601258,39.9882759440125],[-75.2461899414523,39.9895257296309]]},"properties":{"objectid":5936,"stname":"UPLAND WAY","class1":"Collector Residential","recfacil":"Marked Shared Lane","bikenetwor":null,"combined_s":"Lower Density Residential","street_typ":"Lower Density Residential","sidewlk_wd":"Greater than or equal to 10 feet","wlk_zn":"Greater than or equal to 5 feet","phase2_sid":"Yes"}},{"type":"Feature","id":5940,"geometry":{"type":"LineString","coordinates":[[-75.1980036208036,39.9806304616625],[-75.1976712165255,39.9813661883891],[-75.1976128599922,39.9816568163997],[-75.1976654553522,39.9821506118809],[-75.1977836647022,39.9827918302889],[-75.1977812879825,39.9830654587983],[-75.1977276327768,39.9834413364551],[-75.197578726849,39.9838272602676],[-75.1973926045601,39.9841515383048],[-75.1970971973431,39.9847500967246]]},"properties":{"objectid":5940,"stname":"FOUNTAIN GREEN DR","class1":"Collector Residential","recfacil":"Bike Lanes","bikenetwor":null,"combined_s":"Park Road","street_typ":"Park Road","sidewlk_wd":"Greater than or equal to 8 feet","wlk_zn":"Greater than or equal to 5 feet","phase2_sid":"Yes"}},{"type":"Feature","id":5957,"geometry":{"type":"LineString","coordinates":[[-75.2374912309785,39.988005655111],[-75.2385037452935,39.9876108423281]]},"properties":{"objectid":5957,"stname":"MALVERN AVE","class1":"Collector Residential","recfacil":null,"bikenetwor":null,"combined_s":"Lower Density Residential","street_typ":"Lower Density Residential","sidewlk_wd":"Greater than or equal to 10 feet","wlk_zn":"Greater than or equal to 5 feet","phase2_sid":"Yes"}},{"type":"Feature","id":5962,"geometry":{"type":"LineString","coordinates":[[-75.1232481860442,40.0253624895317],[-75.1224068947295,40.0255038663578]]},"properties":{"objectid":5962,"stname":"E ROOSEVELT BLV","class1":"Major Arterial","recfacil":null,"bikenetwor":null,"combined_s":"Urban Arterial","street_typ":"Urban Arterial","sidewlk_wd":"Greater than or equal to 12 feet","wlk_zn":"Greater than or equal to 6 feet","phase2_sid":"Yes"}},{"type":"Feature","id":5999,"geometry":{"type":"LineString","coordinates":[[-75.1226282201805,40.0252385880403],[-75.1224068947295,40.0255038663578]]},"properties":{"objectid":5999,"stname":"RISING SUN AVE","class1":"Minor Arterial","recfacil":null,"bikenetwor":"YES","combined_s":"Urban Arterial","street_typ":"Urban Arterial","sidewlk_wd":"Greater than or equal to 12 feet","wlk_zn":"Greater than or equal to 6 feet","phase2_sid":"Yes"}},{"type":"Feature","id":6008,"geometry":{"type":"LineString","coordinates":[[-75.2280679053863,39.9899607469961],[-75.2280901809873,39.9916109142054]]},"properties":{"objectid":6008,"stname":"N 51ST ST","class1":"Local Residential","recfacil":null,"bikenetwor":null,"combined_s":"Local (Catch All)","street_typ":"Local (Catch All)","sidewlk_wd":"Greater than or equal to 10 feet","wlk_zn":"Greater than or equal to 5 feet","phase2_sid":null}},{"type":"Feature","id":6051,"geometry":{"type":"LineString","coordinates":[[-75.1915929079597,39.9955867564431],[-75.1914255181196,39.9958286553985],[-75.1912605185021,39.9962202953382],[-75.1911169297455,39.9966732303517],[-75.1909391002323,39.9974051646329],[-75.1908995947496,39.9978239289417],[-75.1906434335862,39.9989555162112],[-75.1905216580423,39.9996508772543]]},"properties":{"objectid":6051,"stname":"KELLY DR","class1":"Major Arterial","recfacil":null,"bikenetwor":null,"combined_s":"Scenic Drive","street_typ":"Scenic Drive","sidewlk_wd":"Greater than or equal to 9 feet","wlk_zn":"Greater than or equal to 6 feet","phase2_sid":"Yes"}},{"type":"Feature","id":6094,"geometry":{"type":"LineString","coordinates":[[-75.2424106022115,39.9880786833285],[-75.2432227045471,39.9891277363255]]},"properties":{"objectid":6094,"stname":"N 59TH ST","class1":"Collector Residential","recfacil":null,"bikenetwor":null,"combined_s":"Lower Density Residential","street_typ":"Lower Density Residential","sidewlk_wd":"Greater than or equal to 10 feet","wlk_zn":"Greater than or equal to 5 feet","phase2_sid":"Yes"}},{"type":"Feature","id":6210,"geometry":{"type":"LineString","coordinates":[[-75.1278403373508,40.0244098632235],[-75.1278185081958,40.0246924056021]]},"properties":{"objectid":6210,"stname":"N 02ND ST","class1":"Collector Residential","recfacil":null,"bikenetwor":null,"combined_s":"City Neighborhood Street","street_typ":"City Neighborhood Street","sidewlk_wd":"Greater than or equal to 12 feet","wlk_zn":"Greater than or equal to 6 feet","phase2_sid":"Yes"}},{"type":"Feature","id":6213,"geometry":{"type":"LineString","coordinates":[[-75.130437297956,40.0242839154983],[-75.1303698581309,40.0241558011778]]},"properties":{"objectid":6213,"stname":"N 04TH ST","class1":"Collector Residential","recfacil":null,"bikenetwor":null,"combined_s":"City Neighborhood Street","street_typ":"City Neighborhood Street","sidewlk_wd":"Greater than or equal to 12 feet","wlk_zn":"Greater than or equal to 6 feet","phase2_sid":"Yes"}},{"type":"Feature","id":6257,"geometry":{"type":"LineString","coordinates":[[-75.2351865908504,39.9884910598328],[-75.2374912309785,39.988005655111]]},"properties":{"objectid":6257,"stname":"GAINOR RD","class1":"Local Residential","recfacil":null,"bikenetwor":null,"combined_s":"Local (Catch All)","street_typ":"Local (Catch All)","sidewlk_wd":"Greater than or equal to 10 feet","wlk_zn":"Greater than or equal to 5 feet","phase2_sid":null}},{"type":"Feature","id":6283,"geometry":{"type":"LineString","coordinates":[[-75.2454813004545,39.9866285016963],[-75.2463328938404,39.9880943346429],[-75.2464195601258,39.9882759440125]]},"properties":{"objectid":6283,"stname":"UPLAND WAY","class1":"Collector Residential","recfacil":"Marked Shared Lane","bikenetwor":null,"combined_s":"Lower Density Residential","street_typ":"Lower Density Residential","sidewlk_wd":"Greater than or equal to 10 feet","wlk_zn":"Greater than or equal to 5 feet","phase2_sid":"Yes"}},{"type":"Feature","id":6289,"geometry":{"type":"LineString","coordinates":[[-75.2432227045471,39.9891277363255],[-75.2446028836946,39.9884823039457],[-75.2448667255597,39.988402919123],[-75.2450743707686,39.9883466340508],[-75.2452576418194,39.9883080617864],[-75.2454962144308,39.9882706959549],[-75.2458763148748,39.988254662538],[-75.2464195601258,39.9882759440125]]},"properties":{"objectid":6289,"stname":"DREXEL RD","class1":"Collector Residential","recfacil":null,"bikenetwor":null,"combined_s":"Lower Density Residential","street_typ":"Lower Density Residential","sidewlk_wd":"Greater than or equal to 10 feet","wlk_zn":"Greater than or equal to 5 feet","phase2_sid":"Yes"}},{"type":"Feature","id":6504,"geometry":{"type":"LineString","coordinates":[[-75.2448201561726,39.9858042623287],[-75.2449906777438,39.985899961051],[-75.2451055887507,39.9859997761092],[-75.2451798316274,39.9861035976991],[-75.2454813004545,39.9866285016963]]},"properties":{"objectid":6504,"stname":"UPLAND WAY","class1":"Collector Residential","recfacil":null,"bikenetwor":"YES","combined_s":"City Neighborhood Street","street_typ":"City Neighborhood Street","sidewlk_wd":"Greater than or equal to 12 feet","wlk_zn":"Greater than or equal to 6 feet","phase2_sid":"Yes"}},{"type":"Feature","id":6569,"geometry":{"type":"LineString","coordinates":[[-75.2156826023918,39.9857960789647],[-75.2162241172705,39.9877377015052]]},"properties":{"objectid":6569,"stname":"BELMONT AVE","class1":"Major Arterial","recfacil":null,"bikenetwor":null,"combined_s":"Scenic Drive","street_typ":"Scenic Drive","sidewlk_wd":"Greater than or equal to 9 feet","wlk_zn":"Greater than or equal to 6 feet","phase2_sid":"Yes"}},{"type":"Feature","id":6609,"geometry":{"type":"LineString","coordinates":[[-75.2154194810647,39.9848679947238],[-75.2156826023918,39.9857960789647]]},"properties":{"objectid":6609,"stname":"BELMONT AVE","class1":"Major Arterial","recfacil":null,"bikenetwor":null,"combined_s":"Scenic Drive","street_typ":"Scenic Drive","sidewlk_wd":"Greater than or equal to 9 feet","wlk_zn":"Greater than or equal to 6 feet","phase2_sid":"Yes"}},{"type":"Feature","id":6651,"geometry":{"type":"LineString","coordinates":[[-75.0729328717029,39.997604290502],[-75.0723350079742,39.996915220307]]},"properties":{"objectid":6651,"stname":"PLUM ST","class1":"Local Residential","recfacil":null,"bikenetwor":null,"combined_s":"Local (Catch All)","street_typ":"Local (Catch All)","sidewlk_wd":"Greater than or equal to 10 feet","wlk_zn":"Greater than or equal to 5 feet","phase2_sid":null}},{"type":"Feature","id":6700,"geometry":{"type":"LineString","coordinates":[[-75.13515325462,40.0231330553628],[-75.1356851079748,40.022961963434]]},"properties":{"objectid":6700,"stname":"W ROOSEVELT BLV","class1":"Major Arterial","recfacil":null,"bikenetwor":null,"combined_s":"Urban Arterial","street_typ":"Urban Arterial","sidewlk_wd":"Greater than or equal to 12 feet","wlk_zn":"Greater than or equal to 6 feet","phase2_sid":"Yes"}},{"type":"Feature","id":6704,"geometry":{"type":"LineString","coordinates":[[-75.1000143617552,39.9990002419181],[-75.0996080431958,39.9992819648669]]},"properties":{"objectid":6704,"stname":"FRANKFORD AVE","class1":"Minor Arterial","recfacil":"Marked Shared Lane","bikenetwor":null,"combined_s":"City Neighborhood Street","street_typ":"City Neighborhood Street","sidewlk_wd":"Greater than or equal to 12 feet","wlk_zn":"Greater than or equal to 6 feet","phase2_sid":"Yes"}},{"type":"Feature","id":6730,"geometry":{"type":"LineString","coordinates":[[-75.0968693484576,40.0055704332769],[-75.0963497691285,40.0058609912769]]},"properties":{"objectid":6730,"stname":"KENSINGTON AVE","class1":"Minor Arterial","recfacil":null,"bikenetwor":"YES","combined_s":"Urban Arterial","street_typ":"Urban Arterial","sidewlk_wd":"Greater than or equal to 12 feet","wlk_zn":"Greater than or equal to 6 feet","phase2_sid":"Yes"}},{"type":"Feature","id":6735,"geometry":{"type":"LineString","coordinates":[[-75.208333003765,39.9840597977634],[-75.2083983938962,39.9842225289116],[-75.2084295096226,39.9843860993953],[-75.2084558188875,39.9847394253678],[-75.2084680874574,39.985080409318],[-75.208455261925,39.9856863810044],[-75.2084289727566,39.986301847536],[-75.2083873307681,39.9866610767845]]},"properties":{"objectid":6735,"stname":"SCHUYLKILL EXP RMP B","class1":"Low-Speed Ramp","recfacil":null,"bikenetwor":null,"combined_s":null,"street_typ":"N/A Interstate","sidewlk_wd":null,"wlk_zn":null,"phase2_sid":null}},{"type":"Feature","id":6903,"geometry":{"type":"LineString","coordinates":[[-75.1846671666415,40.0025513641073],[-75.1855604358567,40.0026782605867]]},"properties":{"objectid":6903,"stname":"W INDIANA AVE","class1":"Local Residential","recfacil":null,"bikenetwor":null,"combined_s":"Local (Catch All)","street_typ":"Local (Catch All)","sidewlk_wd":"Greater than or equal to 10 feet","wlk_zn":"Greater than or equal to 5 feet","phase2_sid":null}},{"type":"Feature","id":6908,"geometry":{"type":"LineString","coordinates":[[-75.1064364782187,40.0097169909614],[-75.1061032694019,40.0112902198574]]},"properties":{"objectid":6908,"stname":"J ST","class1":"Collector Residential","recfacil":null,"bikenetwor":null,"combined_s":"Lower Density Residential","street_typ":"Lower Density Residential","sidewlk_wd":"Greater than or equal to 10 feet","wlk_zn":"Greater than or equal to 5 feet","phase2_sid":"Yes"}},{"type":"Feature","id":6926,"geometry":{"type":"LineString","coordinates":[[-75.0968693484576,40.0055704332769],[-75.0970372014219,40.0058427144543]]},"properties":{"objectid":6926,"stname":"O ST","class1":"Local Residential","recfacil":null,"bikenetwor":null,"combined_s":"Local (Catch All)","street_typ":"Local (Catch All)","sidewlk_wd":"Greater than or equal to 10 feet","wlk_zn":"Greater than or equal to 5 feet","phase2_sid":null}},{"type":"Feature","id":6978,"geometry":{"type":"LineString","coordinates":[[-75.1042007094391,40.0015349882564],[-75.1031826667816,40.0021054246468]]},"properties":{"objectid":6978,"stname":"KENSINGTON AVE","class1":"Minor Arterial","recfacil":null,"bikenetwor":"YES","combined_s":"Walkable Commercial Corridors","street_typ":"Walkable Commercial Corridors","sidewlk_wd":"Greater than or equal to 12 feet","wlk_zn":"Greater than or equal to 6 feet","phase2_sid":"Yes"}},{"type":"Feature","id":7002,"geometry":{"type":"LineString","coordinates":[[-75.105102187655,40.012793098255],[-75.1044752481871,40.0127180022127]]},"properties":{"objectid":7002,"stname":"E BRISTOL ST","class1":"Collector Residential","recfacil":null,"bikenetwor":null,"combined_s":"Lower Density Residential","street_typ":"Lower Density Residential","sidewlk_wd":"Greater than or equal to 10 feet","wlk_zn":"Greater than or equal to 5 feet","phase2_sid":"Yes"}},{"type":"Feature","id":7166,"geometry":{"type":"LineString","coordinates":[[-75.0813780410604,40.011589874179],[-75.0808597023756,40.0119130372463]]},"properties":{"objectid":7166,"stname":"TACKAWANNA ST","class1":"Collector Residential","recfacil":null,"bikenetwor":null,"combined_s":"City Neighborhood Street","street_typ":"City Neighborhood Street","sidewlk_wd":"Greater than or equal to 12 feet","wlk_zn":"Greater than or equal to 6 feet","phase2_sid":"Yes"}},{"type":"Feature","id":7182,"geometry":{"type":"LineString","coordinates":[[-75.0822431103645,40.0124046713649],[-75.0817028076087,40.0127455739853]]},"properties":{"objectid":7182,"stname":"MULBERRY ST","class1":"Local Residential","recfacil":null,"bikenetwor":null,"combined_s":"Local (Catch All)","street_typ":"Local (Catch All)","sidewlk_wd":"Greater than or equal to 10 feet","wlk_zn":"Greater than or equal to 5 feet","phase2_sid":null}},{"type":"Feature","id":7205,"geometry":{"type":"LineString","coordinates":[[-75.0920298222519,40.0082413862088],[-75.0915181429599,40.0085209621439]]},"properties":{"objectid":7205,"stname":"KENSINGTON AVE","class1":"Minor Arterial","recfacil":null,"bikenetwor":"YES","combined_s":"Urban Arterial","street_typ":"Urban Arterial","sidewlk_wd":"Greater than or equal to 12 feet","wlk_zn":"Greater than or equal to 6 feet","phase2_sid":"Yes"}},{"type":"Feature","id":7365,"geometry":{"type":"LineString","coordinates":[[-75.1434394733641,40.0193541625696],[-75.1437392485948,40.0192332455411],[-75.1442097496284,40.0191344496482],[-75.1445442599399,40.0190751385853],[-75.1449408308187,40.019047644865],[-75.1454301317269,40.0190284377729],[-75.1469189506198,40.0189783331735],[-75.1470538297602,40.0189791841489],[-75.1471462486004,40.0190195282773]]},"properties":{"objectid":7365,"stname":"W ROOSEVELT BLV RMP F","class1":"Low-Speed Ramp","recfacil":null,"bikenetwor":null,"combined_s":"No Classification","street_typ":"Urban Arterial","sidewlk_wd":null,"wlk_zn":null,"phase2_sid":null}},{"type":"Feature","id":7439,"geometry":{"type":"LineString","coordinates":[[-75.1018098540568,39.9978263767249],[-75.1012374480687,39.9981976484749]]},"properties":{"objectid":7439,"stname":"FRANKFORD AVE","class1":"Minor Arterial","recfacil":"Marked Shared Lane","bikenetwor":null,"combined_s":"City Neighborhood Street","street_typ":"City Neighborhood Street","sidewlk_wd":"Greater than or equal to 12 feet","wlk_zn":"Greater than or equal to 6 feet","phase2_sid":"Yes"}},{"type":"Feature","id":7473,"geometry":{"type":"LineString","coordinates":[[-75.106765900692,40.0113922634178],[-75.1064184618375,40.012974766936]]},"properties":{"objectid":7473,"stname":"ELSINORE ST","class1":"Local Residential","recfacil":null,"bikenetwor":null,"combined_s":"Local (Catch All)","street_typ":"Local (Catch All)","sidewlk_wd":"Greater than or equal to 10 feet","wlk_zn":"Greater than or equal to 5 feet","phase2_sid":null}},{"type":"Feature","id":7520,"geometry":{"type":"LineString","coordinates":[[-75.107595651113,39.9996716549477],[-75.1064455290116,40.00033175885]]},"properties":{"objectid":7520,"stname":"KENSINGTON AVE","class1":"Minor Arterial","recfacil":null,"bikenetwor":"YES","combined_s":"Walkable Commercial Corridors","street_typ":"Walkable Commercial Corridors","sidewlk_wd":"Greater than or equal to 12 feet","wlk_zn":"Greater than or equal to 6 feet","phase2_sid":"Yes"}},{"type":"Feature","id":7535,"geometry":{"type":"LineString","coordinates":[[-75.1194422371735,40.0130351335809],[-75.1141433168644,40.0123359762861],[-75.1121641775773,40.0120945266398]]},"properties":{"objectid":7535,"stname":"E HUNTING PARK AVE","class1":"Minor Arterial","recfacil":null,"bikenetwor":null,"combined_s":"Urban Arterial","street_typ":"Urban Arterial","sidewlk_wd":"Greater than or equal to 12 feet","wlk_zn":"Greater than or equal to 6 feet","phase2_sid":"Yes"}},{"type":"Feature","id":7585,"geometry":{"type":"LineString","coordinates":[[-75.0699931059322,40.0120416878785],[-75.0697888807615,40.0115524115565]]},"properties":{"objectid":7585,"stname":"BRIDGE ST","class1":"Minor Arterial","recfacil":"Marked Shared Lane","bikenetwor":null,"combined_s":"City Neighborhood Street","street_typ":"City Neighborhood Street","sidewlk_wd":"Greater than or equal to 12 feet","wlk_zn":"Greater than or equal to 6 feet","phase2_sid":"Yes"}},{"type":"Feature","id":7648,"geometry":{"type":"LineString","coordinates":[[-75.0997224284347,40.0026075509668],[-75.0993651751384,40.0042124168199]]},"properties":{"objectid":7648,"stname":"CASTOR AVE","class1":"Major Arterial","recfacil":null,"bikenetwor":"YES","combined_s":"Urban Arterial","street_typ":"Urban Arterial","sidewlk_wd":"Greater than or equal to 12 feet","wlk_zn":"Greater than or equal to 6 feet","phase2_sid":"Yes"}},{"type":"Feature","id":7768,"geometry":{"type":"LineString","coordinates":[[-75.0882115655278,40.0066274696938],[-75.0868583356614,40.0072372293889]]},"properties":{"objectid":7768,"stname":"TORRESDALE AVE","class1":"Minor Arterial","recfacil":null,"bikenetwor":"YES","combined_s":"Auto Oriented Commercial/Industrial","street_typ":"Auto Oriented Commercial/Industrial","sidewlk_wd":"Greater than or equal to 12 feet","wlk_zn":"Greater than or equal to 6 feet","phase2_sid":"Yes"}},{"type":"Feature","id":7783,"geometry":{"type":"LineString","coordinates":[[-75.083790373387,40.0085123321263],[-75.0821443041087,40.0091969937574]]},"properties":{"objectid":7783,"stname":"TORRESDALE AVE","class1":"Minor Arterial","recfacil":null,"bikenetwor":"YES","combined_s":"Urban Arterial","street_typ":"Urban Arterial","sidewlk_wd":"Greater than or equal to 12 feet","wlk_zn":"Greater than or equal to 6 feet","phase2_sid":"Yes"}},{"type":"Feature","id":7825,"geometry":{"type":"LineString","coordinates":[[-75.1115335462471,39.9978997152559],[-75.1109855278767,39.9978104904103]]},"properties":{"objectid":7825,"stname":"E WESTMORELAND ST","class1":"Collector Residential","recfacil":null,"bikenetwor":null,"combined_s":"City Neighborhood Street","street_typ":"City Neighborhood Street","sidewlk_wd":"Greater than or equal to 12 feet","wlk_zn":"Greater than or equal to 6 feet","phase2_sid":"Yes"}},{"type":"Feature","id":7951,"geometry":{"type":"LineString","coordinates":[[-75.0891993885465,40.0101877021599],[-75.088733250273,40.0109328273022]]},"properties":{"objectid":7951,"stname":"FRANKFORD AVE","class1":"Minor Arterial","recfacil":"Marked Shared Lane","bikenetwor":"YES","combined_s":"Walkable Commercial Corridors","street_typ":"Walkable Commercial Corridors","sidewlk_wd":"Greater than or equal to 12 feet","wlk_zn":"Greater than or equal to 6 feet","phase2_sid":"Yes"}},{"type":"Feature","id":8069,"geometry":{"type":"LineString","coordinates":[[-75.1092970287659,39.9987541887358],[-75.1080698372456,39.9973561142229]]},"properties":{"objectid":8069,"stname":"E THAYER ST","class1":"Local Residential","recfacil":null,"bikenetwor":null,"combined_s":"Local (Catch All)","street_typ":"Local (Catch All)","sidewlk_wd":"Greater than or equal to 10 feet","wlk_zn":"Greater than or equal to 5 feet","phase2_sid":null}},{"type":"Feature","id":8181,"geometry":{"type":"LineString","coordinates":[[-75.0869738300919,40.0027722044797],[-75.0856114278832,40.0049336727592],[-75.0855887566924,40.0049928286946]]},"properties":{"objectid":8181,"stname":"ASHLAND ST","class1":"Local Residential","recfacil":null,"bikenetwor":null,"combined_s":"Local (Catch All)","street_typ":"Local (Catch All)","sidewlk_wd":"Greater than or equal to 10 feet","wlk_zn":"Greater than or equal to 5 feet","phase2_sid":null}},{"type":"Feature","id":8217,"geometry":{"type":"LineString","coordinates":[[-75.0867691144604,40.0060634079889],[-75.0864955959073,40.0057813447771],[-75.0855887566924,40.0049928286946]]},"properties":{"objectid":8217,"stname":"ADAMS AVE","class1":"Local Residential","recfacil":null,"bikenetwor":null,"combined_s":"Local (Catch All)","street_typ":"Local (Catch All)","sidewlk_wd":"Greater than or equal to 10 feet","wlk_zn":"Greater than or equal to 5 feet","phase2_sid":null}},{"type":"Feature","id":8241,"geometry":{"type":"LineString","coordinates":[[-75.0876256686717,40.0096085054634],[-75.087176648309,40.0103327435482]]},"properties":{"objectid":8241,"stname":"PAUL ST","class1":"Collector Residential","recfacil":null,"bikenetwor":null,"combined_s":"City Neighborhood Street","street_typ":"City Neighborhood Street","sidewlk_wd":"Greater than or equal to 12 feet","wlk_zn":"Greater than or equal to 6 feet","phase2_sid":"Yes"}},{"type":"Feature","id":8246,"geometry":{"type":"LineString","coordinates":[[-75.0839930690826,40.0139781619819],[-75.0832510157403,40.0135720480908]]},"properties":{"objectid":8246,"stname":"ORTHODOX ST","class1":"Collector Residential","recfacil":"Bike Friendly Street","bikenetwor":null,"combined_s":"City Neighborhood Street","street_typ":"City Neighborhood Street","sidewlk_wd":"Greater than or equal to 12 feet","wlk_zn":"Greater than or equal to 6 feet","phase2_sid":"Yes"}},{"type":"Feature","id":8257,"geometry":{"type":"LineString","coordinates":[[-75.0832690492513,40.0126477961984],[-75.0826923055227,40.0132795594856]]},"properties":{"objectid":8257,"stname":"WORRELL CT","class1":"Local Residential","recfacil":null,"bikenetwor":null,"combined_s":"Local (Catch All)","street_typ":"Local (Catch All)","sidewlk_wd":"Greater than or equal to 10 feet","wlk_zn":"Greater than or equal to 5 feet","phase2_sid":null}},{"type":"Feature","id":8271,"geometry":{"type":"LineString","coordinates":[[-75.1762286951908,40.0766723097612],[-75.1778185804826,40.0775976196448]]},"properties":{"objectid":8271,"stname":"FORREST AVE","class1":"Local Residential","recfacil":null,"bikenetwor":null,"combined_s":"Local (Catch All)","street_typ":"Local (Catch All)","sidewlk_wd":"Greater than or equal to 10 feet","wlk_zn":"Greater than or equal to 5 feet","phase2_sid":null}},{"type":"Feature","id":8302,"geometry":{"type":"LineString","coordinates":[[-75.0699164502807,39.9991547167645],[-75.0690520114098,39.9995751785925]]},"properties":{"objectid":8302,"stname":"RICHMOND ST","class1":"Minor Arterial","recfacil":"Marked Shared Lane","bikenetwor":"YES","combined_s":"City Neighborhood Street","street_typ":"City Neighborhood Street","sidewlk_wd":"Greater than or equal to 12 feet","wlk_zn":"Greater than or equal to 6 feet","phase2_sid":"Yes"}},{"type":"Feature","id":8309,"geometry":{"type":"LineString","coordinates":[[-75.0777511869738,40.0053922535011],[-75.0775948783672,40.0047074152247]]},"properties":{"objectid":8309,"stname":"ORTHODOX ST","class1":"Collector Residential","recfacil":null,"bikenetwor":"YES","combined_s":"City Neighborhood Street","street_typ":"City Neighborhood Street","sidewlk_wd":"Greater than or equal to 12 feet","wlk_zn":"Greater than or equal to 6 feet","phase2_sid":"Yes"}},{"type":"Feature","id":8316,"geometry":{"type":"LineString","coordinates":[[-75.0775948783672,40.0047074152247],[-75.076619618456,40.0048366627768]]},"properties":{"objectid":8316,"stname":"BERMUDA ST","class1":"Local Residential","recfacil":null,"bikenetwor":null,"combined_s":"Local (Catch All)","street_typ":"Local (Catch All)","sidewlk_wd":"Greater than or equal to 10 feet","wlk_zn":"Greater than or equal to 5 feet","phase2_sid":null}},{"type":"Feature","id":8318,"geometry":{"type":"LineString","coordinates":[[-75.0915181429599,40.0085209621439],[-75.090184486917,40.0092646940684]]},"properties":{"objectid":8318,"stname":"KENSINGTON AVE","class1":"Minor Arterial","recfacil":null,"bikenetwor":"YES","combined_s":"Urban Arterial","street_typ":"Urban Arterial","sidewlk_wd":"Greater than or equal to 12 feet","wlk_zn":"Greater than or equal to 6 feet","phase2_sid":"Yes"}},{"type":"Feature","id":8372,"geometry":{"type":"LineString","coordinates":[[-75.0858215662771,40.014457280928],[-75.085521474547,40.0147969468386]]},"properties":{"objectid":8372,"stname":"FRANKFORD AVE","class1":"Minor Arterial","recfacil":"Marked Shared Lane","bikenetwor":"YES","combined_s":"Walkable Commercial Corridors","street_typ":"Walkable Commercial Corridors","sidewlk_wd":"Greater than or equal to 12 feet","wlk_zn":"Greater than or equal to 6 feet","phase2_sid":"Yes"}},{"type":"Feature","id":8418,"geometry":{"type":"LineString","coordinates":[[-75.0726261608868,40.0107416132669],[-75.0723750065917,40.0101000822512],[-75.0719903003661,40.0088815702776]]},"properties":{"objectid":8418,"stname":"WAKELING ST","class1":"Collector Residential","recfacil":null,"bikenetwor":null,"combined_s":"City Neighborhood Street","street_typ":"City Neighborhood Street","sidewlk_wd":"Greater than or equal to 12 feet","wlk_zn":"Greater than or equal to 6 feet","phase2_sid":"Yes"}},{"type":"Feature","id":8434,"geometry":{"type":"LineString","coordinates":[[-75.0868795833978,40.0093380901817],[-75.0864309606168,40.0100646080439]]},"properties":{"objectid":8434,"stname":"ORCHARD ST","class1":"Local Residential","recfacil":null,"bikenetwor":null,"combined_s":"Local (Catch All)","street_typ":"Local (Catch All)","sidewlk_wd":"Greater than or equal to 10 feet","wlk_zn":"Greater than or equal to 5 feet","phase2_sid":null}},{"type":"Feature","id":8454,"geometry":{"type":"LineString","coordinates":[[-75.0853129138031,40.009210912429],[-75.08480536392,40.0094856840814]]},"properties":{"objectid":8454,"stname":"TACKAWANNA ST","class1":"Collector Residential","recfacil":null,"bikenetwor":null,"combined_s":"City Neighborhood Street","street_typ":"City Neighborhood Street","sidewlk_wd":"Greater than or equal to 12 feet","wlk_zn":"Greater than or equal to 6 feet","phase2_sid":"Yes"}},{"type":"Feature","id":8476,"geometry":{"type":"LineString","coordinates":[[-75.2385984435736,40.0632495333403],[-75.239009808315,40.0635517941308],[-75.2394916489345,40.0640062864925],[-75.2396703464652,40.0640262561613]]},"properties":{"objectid":8476,"stname":"HENRY AVE","class1":"Major Arterial","recfacil":null,"bikenetwor":"YES","combined_s":"Auto Oriented Commercial/Industrial","street_typ":"Auto Oriented Commercial/Industrial","sidewlk_wd":"Greater than or equal to 12 feet","wlk_zn":"Greater than or equal to 6 feet","phase2_sid":"Yes"}},{"type":"Feature","id":8501,"geometry":{"type":"LineString","coordinates":[[-75.1720686019121,40.0613105090512],[-75.1707893862716,40.0626093832229]]},"properties":{"objectid":8501,"stname":"E UPSAL ST","class1":"Minor Arterial","recfacil":null,"bikenetwor":"YES","combined_s":"Urban Arterial","street_typ":"Urban Arterial","sidewlk_wd":"Greater than or equal to 12 feet","wlk_zn":"Greater than or equal to 6 feet","phase2_sid":"Yes"}},{"type":"Feature","id":8579,"geometry":{"type":"LineString","coordinates":[[-75.2320434089628,40.0453373033557],[-75.2317304910804,40.0454788502147],[-75.230754308022,40.0459442756003],[-75.2305429848689,40.0459674736175]]},"properties":{"objectid":8579,"stname":"DOMINO LN","class1":"Collector Residential","recfacil":"Shared Roadway","bikenetwor":"YES","combined_s":"City Neighborhood Street","street_typ":"City Neighborhood Street","sidewlk_wd":"Greater than or equal to 12 feet","wlk_zn":"Greater than or equal to 6 feet","phase2_sid":"Yes"}},{"type":"Feature","id":8618,"geometry":{"type":"LineString","coordinates":[[-75.1748482644659,40.0758838168136],[-75.1762286951908,40.0766723097612]]},"properties":{"objectid":8618,"stname":"FORREST AVE","class1":"Local Residential","recfacil":null,"bikenetwor":null,"combined_s":"Local (Catch All)","street_typ":"Local (Catch All)","sidewlk_wd":"Greater than or equal to 10 feet","wlk_zn":"Greater than or equal to 5 feet","phase2_sid":null}},{"type":"Feature","id":8629,"geometry":{"type":"LineString","coordinates":[[-75.2345343306392,39.9530095245429],[-75.236546366843,39.9532578668635]]},"properties":{"objectid":8629,"stname":"LARCHWOOD AVE","class1":"Collector Residential","recfacil":null,"bikenetwor":null,"combined_s":"City Neighborhood Street","street_typ":"City Neighborhood Street","sidewlk_wd":"Greater than or equal to 12 feet","wlk_zn":"Greater than or equal to 6 feet","phase2_sid":"Yes"}},{"type":"Feature","id":8630,"geometry":{"type":"LineString","coordinates":[[-75.2344228120698,39.9535353698508],[-75.2345343306392,39.9530095245429]]},"properties":{"objectid":8630,"stname":"S 56TH ST","class1":"Collector Residential","recfacil":"Marked Shared Lane","bikenetwor":null,"combined_s":"City Neighborhood Street","street_typ":"City Neighborhood Street","sidewlk_wd":"Greater than or equal to 12 feet","wlk_zn":"Greater than or equal to 6 feet","phase2_sid":"Yes"}},{"type":"Feature","id":8675,"geometry":{"type":"LineString","coordinates":[[-75.2292247383534,39.9291813125631],[-75.2306571808175,39.928167154785]]},"properties":{"objectid":8675,"stname":"WOODLAND AVE","class1":"Minor Arterial","recfacil":null,"bikenetwor":"YES","combined_s":"Walkable Commercial Corridors","street_typ":"Walkable Commercial Corridors","sidewlk_wd":"Greater than or equal to 12 feet","wlk_zn":"Greater than or equal to 6 feet","phase2_sid":"Yes"}},{"type":"Feature","id":8736,"geometry":{"type":"LineString","coordinates":[[-75.2393730737414,40.0625437806249],[-75.2396703464652,40.0640262561613]]},"properties":{"objectid":8736,"stname":"RIDGE AVE","class1":"Minor Arterial","recfacil":null,"bikenetwor":"YES","combined_s":"Auto Oriented Commercial/Industrial","street_typ":"Auto Oriented Commercial/Industrial","sidewlk_wd":"Greater than or equal to 12 feet","wlk_zn":"Greater than or equal to 6 feet","phase2_sid":"Yes"}},{"type":"Feature","id":8769,"geometry":{"type":"LineString","coordinates":[[-75.1987903264285,40.0686835707929],[-75.1978121734973,40.0696564243345]]},"properties":{"objectid":8769,"stname":"E MORELAND AVE","class1":"Local Residential","recfacil":null,"bikenetwor":null,"combined_s":"Lower Density Residential","street_typ":"Lower Density Residential","sidewlk_wd":"Greater than or equal to 10 feet","wlk_zn":"Greater than or equal to 5 feet","phase2_sid":null}},{"type":"Feature","id":8786,"geometry":{"type":"LineString","coordinates":[[-75.185859666772,40.0712557852671],[-75.1844376574869,40.0726532976171]]},"properties":{"objectid":8786,"stname":"MC PHERSON ST","class1":"Local Residential","recfacil":null,"bikenetwor":null,"combined_s":"Lower Density Residential","street_typ":"Lower Density Residential","sidewlk_wd":"Greater than or equal to 10 feet","wlk_zn":"Greater than or equal to 5 feet","phase2_sid":null}},{"type":"Feature","id":8809,"geometry":{"type":"LineString","coordinates":[[-75.073910479922,40.0079717512646],[-75.0724888016898,40.0081325613183]]},"properties":{"objectid":8809,"stname":"TACONY ST","class1":"Minor Arterial","recfacil":"Marked Shared Lane","bikenetwor":null,"combined_s":"City Neighborhood Street","street_typ":"City Neighborhood Street","sidewlk_wd":"Greater than or equal to 12 feet","wlk_zn":"Greater than or equal to 6 feet","phase2_sid":"Yes"}},{"type":"Feature","id":8836,"geometry":{"type":"LineString","coordinates":[[-75.0734035450709,40.0073475861865],[-75.0742714607979,40.0070611155053]]},"properties":{"objectid":8836,"stname":"DELAWARE EXP RMP D","class1":"High-Speed Ramp","recfacil":null,"bikenetwor":null,"combined_s":null,"street_typ":"N/A Interstate","sidewlk_wd":null,"wlk_zn":null,"phase2_sid":null}},{"type":"Feature","id":8861,"geometry":{"type":"LineString","coordinates":[[-75.1923478070199,40.0463181585441],[-75.1934696316564,40.0471316569011]]},"properties":{"objectid":8861,"stname":"MC CALLUM ST","class1":"Minor Arterial","recfacil":null,"bikenetwor":null,"combined_s":"Lower Density Residential","street_typ":"Lower Density Residential","sidewlk_wd":"Greater than or equal to 10 feet","wlk_zn":"Greater than or equal to 5 feet","phase2_sid":"Yes"}},{"type":"Feature","id":8862,"geometry":{"type":"LineString","coordinates":[[-75.2391247895219,40.0625112292555],[-75.2391827913314,40.0625743100469],[-75.2393954313051,40.0629702960994],[-75.2396703464652,40.0640262561613]]},"properties":{"objectid":8862,"stname":"HENRY AVE RMP","class1":"Low-Speed Ramp","recfacil":null,"bikenetwor":"YES","combined_s":"No Classification","street_typ":"Auto Oriented Commercial/Industrial","sidewlk_wd":null,"wlk_zn":null,"phase2_sid":null}},{"type":"Feature","id":8932,"geometry":{"type":"LineString","coordinates":[[-75.2178480986669,40.0443528091001],[-75.2178457351616,40.0460893475743]]},"properties":{"objectid":8932,"stname":"HENRY AVE","class1":"Major Arterial","recfacil":null,"bikenetwor":"YES","combined_s":"Urban Arterial","street_typ":"Urban Arterial","sidewlk_wd":"Greater than or equal to 12 feet","wlk_zn":"Greater than or equal to 6 feet","phase2_sid":"Yes"}},{"type":"Feature","id":8980,"geometry":{"type":"LineString","coordinates":[[-75.2141135001632,40.0401333091315],[-75.2157598198275,40.0412538461064],[-75.2161830885636,40.041573353167],[-75.2164595445517,40.0417983944984],[-75.2166966979265,40.0420164857101],[-75.2169250403017,40.0422587099394],[-75.2171585688026,40.0425740279473],[-75.2173383413219,40.0428455889793],[-75.2174718109064,40.0430857192949],[-75.2175813353479,40.0433314041766],[-75.2176669144804,40.0435826418922],[-75.2177296830394,40.0438090506501],[-75.2178480986669,40.0443528091001]]},"properties":{"objectid":8980,"stname":"HENRY AVE","class1":"Major Arterial","recfacil":null,"bikenetwor":"YES","combined_s":"Urban Arterial","street_typ":"Urban Arterial","sidewlk_wd":"Greater than or equal to 12 feet","wlk_zn":"Greater than or equal to 6 feet","phase2_sid":"Yes"}},{"type":"Feature","id":9146,"geometry":{"type":"LineString","coordinates":[[-75.2396703464652,40.0640262561613],[-75.2394141717249,40.0641748808715],[-75.2386845966494,40.0646393921195],[-75.2383201422655,40.0648625312877],[-75.2380548703061,40.0649722846297],[-75.2379025740167,40.0650236904246],[-75.2377107312841,40.0650742314041],[-75.2372146368904,40.065119682362]]},"properties":{"objectid":9146,"stname":"CATHEDRAL RD","class1":"Collector Residential","recfacil":null,"bikenetwor":null,"combined_s":"City Neighborhood Street","street_typ":"City Neighborhood Street","sidewlk_wd":"Greater than or equal to 12 feet","wlk_zn":"Greater than or equal to 6 feet","phase2_sid":"Yes"}},{"type":"Feature","id":9177,"geometry":{"type":"LineString","coordinates":[[-75.1727074787462,40.0617049729617],[-75.1714533040476,40.0629980179848]]},"properties":{"objectid":9177,"stname":"E SHARPNACK ST","class1":"Local Residential","recfacil":null,"bikenetwor":null,"combined_s":"Lower Density Residential","street_typ":"Lower Density Residential","sidewlk_wd":"Greater than or equal to 10 feet","wlk_zn":"Greater than or equal to 5 feet","phase2_sid":null}},{"type":"Feature","id":9232,"geometry":{"type":"LineString","coordinates":[[-75.2317330010925,39.9233863639908],[-75.2329739639096,39.9225196472623]]},"properties":{"objectid":9232,"stname":"GRAYS AVE","class1":"Local Residential","recfacil":null,"bikenetwor":null,"combined_s":"Lower Density Residential","street_typ":"Lower Density Residential","sidewlk_wd":"Greater than or equal to 10 feet","wlk_zn":"Greater than or equal to 5 feet","phase2_sid":null}},{"type":"Feature","id":9254,"geometry":{"type":"LineString","coordinates":[[-75.2216149175948,39.9445934446135],[-75.2221866782593,39.9442073965581]]},"properties":{"objectid":9254,"stname":"WARRINGTON AVE","class1":"Collector Residential","recfacil":null,"bikenetwor":null,"combined_s":"City Neighborhood Street","street_typ":"City Neighborhood Street","sidewlk_wd":"Greater than or equal to 12 feet","wlk_zn":"Greater than or equal to 6 feet","phase2_sid":"Yes"}},{"type":"Feature","id":9272,"geometry":{"type":"LineString","coordinates":[[-75.2367431804998,40.0551069211996],[-75.2359196800079,40.0550880841082]]},"properties":{"objectid":9272,"stname":"EVERGREEN AVE","class1":"Local Residential","recfacil":null,"bikenetwor":null,"combined_s":"Lower Density Residential","street_typ":"Lower Density Residential","sidewlk_wd":"Greater than or equal to 10 feet","wlk_zn":"Greater than or equal to 5 feet","phase2_sid":null}},{"type":"Feature","id":9308,"geometry":{"type":"LineString","coordinates":[[-75.2115396909266,40.0384148092606],[-75.2130297317958,40.0394215223432]]},"properties":{"objectid":9308,"stname":"HENRY AVE","class1":"Major Arterial","recfacil":null,"bikenetwor":"YES","combined_s":"Urban Arterial","street_typ":"Urban Arterial","sidewlk_wd":"Greater than or equal to 12 feet","wlk_zn":"Greater than or equal to 6 feet","phase2_sid":"Yes"}},{"type":"Feature","id":9351,"geometry":{"type":"LineString","coordinates":[[-75.2350538696891,40.0596440948618],[-75.2336640538167,40.0602912954177]]},"properties":{"objectid":9351,"stname":"SEFFERT ST","class1":"Local Residential","recfacil":null,"bikenetwor":null,"combined_s":"Lower Density Residential","street_typ":"Lower Density Residential","sidewlk_wd":"Greater than or equal to 10 feet","wlk_zn":"Greater than or equal to 5 feet","phase2_sid":null}},{"type":"Feature","id":9463,"geometry":{"type":"LineString","coordinates":[[-75.0785190199534,40.0022933743431],[-75.0783218426227,40.0028282415945],[-75.0782143700069,40.0029933132698],[-75.0776098984581,40.0037680608434],[-75.077310470566,40.0040839747085],[-75.0768678385971,40.0045273414071],[-75.0765313957505,40.0048383034707],[-75.0764752741617,40.0049706353917],[-75.0764463050942,40.0051037654243],[-75.076375433687,40.005296740804],[-75.0761965812015,40.0058217129747],[-75.0761278634139,40.0059599992076],[-75.076052440227,40.0060677199713],[-75.0759142817265,40.0061618144686],[-75.0756473003293,40.0063137282711],[-75.074968708935,40.0066750054595],[-75.0742714607979,40.0070611155053]]},"properties":{"objectid":9463,"stname":"DELAWARE EXP RMP D","class1":"High-Speed Ramp","recfacil":null,"bikenetwor":null,"combined_s":null,"street_typ":"N/A Interstate","sidewlk_wd":null,"wlk_zn":null,"phase2_sid":null}},{"type":"Feature","id":9468,"geometry":{"type":"LineString","coordinates":[[-75.2087034915526,39.9183078074312],[-75.2158257489533,39.9169656125349]]},"properties":{"objectid":9468,"stname":"W PASSYUNK AVE","class1":"Minor Arterial","recfacil":"Bike Lanes","bikenetwor":"YES","combined_s":"Auto Oriented Commercial/Industrial","street_typ":"Auto Oriented Commercial/Industrial","sidewlk_wd":"Greater than or equal to 12 feet","wlk_zn":"Greater than or equal to 6 feet","phase2_sid":"Yes"}},{"type":"Feature","id":9503,"geometry":{"type":"LineString","coordinates":[[-75.217828893974,40.0471096712311],[-75.2182009143938,40.0470853340827],[-75.2184609351469,40.0471153913838],[-75.2188224637687,40.0472160740271]]},"properties":{"objectid":9503,"stname":"CREASE LN","class1":"Local Residential","recfacil":null,"bikenetwor":null,"combined_s":"Lower Density Residential","street_typ":"Lower Density Residential","sidewlk_wd":"Greater than or equal to 10 feet","wlk_zn":"Greater than or equal to 5 feet","phase2_sid":null}},{"type":"Feature","id":9523,"geometry":{"type":"LineString","coordinates":[[-75.1317822932674,40.0114919027392],[-75.134395376419,40.0118006739933]]},"properties":{"objectid":9523,"stname":"W LUZERNE ST","class1":"Collector Residential","recfacil":"Marked Shared Lane","bikenetwor":"YES","combined_s":"City Neighborhood Street","street_typ":"City Neighborhood Street","sidewlk_wd":"Greater than or equal to 12 feet","wlk_zn":"Greater than or equal to 6 feet","phase2_sid":"Yes"}},{"type":"Feature","id":9554,"geometry":{"type":"LineString","coordinates":[[-75.1404750308945,40.0078876197196],[-75.1411316511794,40.007947656608]]},"properties":{"objectid":9554,"stname":"W ERIE AVE","class1":"Minor Arterial","recfacil":"Marked Shared Lane","bikenetwor":"YES","combined_s":"Urban Arterial","street_typ":"Urban Arterial","sidewlk_wd":"Greater than or equal to 12 feet","wlk_zn":"Greater than or equal to 6 feet","phase2_sid":"Yes"}},{"type":"Feature","id":9555,"geometry":{"type":"LineString","coordinates":[[-75.1480337764303,40.0007157590604],[-75.1481504806964,40.0009965454433]]},"properties":{"objectid":9555,"stname":"GERMANTOWN AVE","class1":"Minor Arterial","recfacil":"Marked Shared Lane","bikenetwor":"YES","combined_s":"Urban Arterial","street_typ":"Urban Arterial","sidewlk_wd":"Greater than or equal to 12 feet","wlk_zn":"Greater than or equal to 6 feet","phase2_sid":"Yes"}},{"type":"Feature","id":9595,"geometry":{"type":"LineString","coordinates":[[-75.2427947734122,40.0720152402782],[-75.2426041122541,40.0717252173965],[-75.2425547006155,40.0715671536725],[-75.2425383845984,40.0713661023765],[-75.2425618420058,40.0711598363339],[-75.2426155902392,40.0709907221588],[-75.2427319068202,40.0708338543376]]},"properties":{"objectid":9595,"stname":"AYRDALE CRESCENT","class1":"Local Residential","recfacil":null,"bikenetwor":null,"combined_s":"Local (Catch All)","street_typ":"Local (Catch All)","sidewlk_wd":"Greater than or equal to 10 feet","wlk_zn":"Greater than or equal to 5 feet","phase2_sid":null}},{"type":"Feature","id":9600,"geometry":{"type":"LineString","coordinates":[[-75.2341331170552,40.0584942554999],[-75.2327403587053,40.0591432163953]]},"properties":{"objectid":9600,"stname":"CRESTVIEW RD","class1":"Local Residential","recfacil":null,"bikenetwor":null,"combined_s":"Lower Density Residential","street_typ":"Lower Density Residential","sidewlk_wd":"Greater than or equal to 10 feet","wlk_zn":"Greater than or equal to 5 feet","phase2_sid":null}},{"type":"Feature","id":9616,"geometry":{"type":"LineString","coordinates":[[-75.217828893974,40.0471096712311],[-75.2179033402673,40.0474254349986],[-75.2180124209536,40.0476832720079],[-75.2181393559569,40.0478867677136],[-75.2182965592398,40.048127419805],[-75.2185100207757,40.0483449844627],[-75.2187092553279,40.0485196640005],[-75.2189487074139,40.0486769831691],[-75.2197723345884,40.049107740722]]},"properties":{"objectid":9616,"stname":"HENRY AVE","class1":"Major Arterial","recfacil":null,"bikenetwor":"YES","combined_s":"Urban Arterial","street_typ":"Urban Arterial","sidewlk_wd":"Greater than or equal to 12 feet","wlk_zn":"Greater than or equal to 6 feet","phase2_sid":"Yes"}},{"type":"Feature","id":9659,"geometry":{"type":"LineString","coordinates":[[-75.2398472440473,40.0651473213658],[-75.2396868636691,40.0651478280645],[-75.2394396598979,40.0651971624608],[-75.2392297516811,40.0653081289991],[-75.2390028988253,40.0654491324138],[-75.2387360509111,40.0656014247073],[-75.2374569534641,40.066059900397]]},"properties":{"objectid":9659,"stname":"GRAKYN LN","class1":"Local Residential","recfacil":null,"bikenetwor":null,"combined_s":"Lower Density Residential","street_typ":"Lower Density Residential","sidewlk_wd":"Greater than or equal to 10 feet","wlk_zn":"Greater than or equal to 5 feet","phase2_sid":null}},{"type":"Feature","id":9686,"geometry":{"type":"LineString","coordinates":[[-75.2331921556726,40.0572511676156],[-75.2332473705487,40.0573683411334],[-75.2336524972854,40.0578965952636]]},"properties":{"objectid":9686,"stname":"HENRY AVE","class1":"Major Arterial","recfacil":null,"bikenetwor":"YES","combined_s":"Urban Arterial","street_typ":"Urban Arterial","sidewlk_wd":"Greater than or equal to 12 feet","wlk_zn":"Greater than or equal to 6 feet","phase2_sid":"Yes"}},{"type":"Feature","id":9696,"geometry":{"type":"LineString","coordinates":[[-75.1266370129172,40.0108258908312],[-75.1305883539121,40.0113342916592]]},"properties":{"objectid":9696,"stname":"W LUZERNE ST","class1":"Collector Residential","recfacil":"Marked Shared Lane","bikenetwor":"YES","combined_s":"Auto Oriented Commercial/Industrial","street_typ":"Auto Oriented Commercial/Industrial","sidewlk_wd":"Greater than or equal to 12 feet","wlk_zn":"Greater than or equal to 6 feet","phase2_sid":"Yes"}},{"type":"Feature","id":9735,"geometry":{"type":"LineString","coordinates":[[-75.2423125863251,40.0723007501171],[-75.242517539457,40.0721441038014],[-75.2427947734122,40.0720152402782]]},"properties":{"objectid":9735,"stname":"AYRDALE CRESCENT","class1":"Local Residential","recfacil":null,"bikenetwor":null,"combined_s":"Local (Catch All)","street_typ":"Local (Catch All)","sidewlk_wd":"Greater than or equal to 10 feet","wlk_zn":"Greater than or equal to 5 feet","phase2_sid":null}},{"type":"Feature","id":9755,"geometry":{"type":"LineString","coordinates":[[-75.2345725950652,40.0590636614089],[-75.2332149167528,40.0597308078629]]},"properties":{"objectid":9755,"stname":"KEELY ST","class1":"Local Residential","recfacil":null,"bikenetwor":null,"combined_s":"Lower Density Residential","street_typ":"Lower Density Residential","sidewlk_wd":"Greater than or equal to 10 feet","wlk_zn":"Greater than or equal to 5 feet","phase2_sid":null}},{"type":"Feature","id":9769,"geometry":{"type":"LineString","coordinates":[[-75.2388535345492,40.0608247955365],[-75.2388927717767,40.0609401878792],[-75.2390006031974,40.0612344653681],[-75.2391000770805,40.0615407243693],[-75.2393730737414,40.0625437806249]]},"properties":{"objectid":9769,"stname":"RIDGE AVE","class1":"Minor Arterial","recfacil":null,"bikenetwor":"YES","combined_s":"Auto Oriented Commercial/Industrial","street_typ":"Auto Oriented Commercial/Industrial","sidewlk_wd":"Greater than or equal to 12 feet","wlk_zn":"Greater than or equal to 6 feet","phase2_sid":"Yes"}},{"type":"Feature","id":9799,"geometry":{"type":"LineString","coordinates":[[-75.2366245313344,39.9446785275106],[-75.2378235488921,39.9438386172314]]},"properties":{"objectid":9799,"stname":"HOFFMAN AVE","class1":"Collector Residential","recfacil":null,"bikenetwor":null,"combined_s":"Lower Density Residential","street_typ":"Lower Density Residential","sidewlk_wd":"Greater than or equal to 10 feet","wlk_zn":"Greater than or equal to 5 feet","phase2_sid":"Yes"}},{"type":"Feature","id":9851,"geometry":{"type":"LineString","coordinates":[[-75.2388535345492,40.0608247955365],[-75.2385011087052,40.0608482949479]]},"properties":{"objectid":9851,"stname":"IVINS RD","class1":"Local Residential","recfacil":null,"bikenetwor":null,"combined_s":"Lower Density Residential","street_typ":"Lower Density Residential","sidewlk_wd":"Greater than or equal to 10 feet","wlk_zn":"Greater than or equal to 5 feet","phase2_sid":null}},{"type":"Feature","id":9892,"geometry":{"type":"LineString","coordinates":[[-75.2407796242433,40.0672697232511],[-75.2406638385333,40.0673324292416],[-75.2405145495618,40.06744180544],[-75.2404398548155,40.0674415527188],[-75.2402804173889,40.0673515476972],[-75.2400950346697,40.0673531650338]]},"properties":{"objectid":9892,"stname":"CALEDONIA ST","class1":"Local Residential","recfacil":null,"bikenetwor":null,"combined_s":"Lower Density Residential","street_typ":"Lower Density Residential","sidewlk_wd":"Greater than or equal to 10 feet","wlk_zn":"Greater than or equal to 5 feet","phase2_sid":null}},{"type":"Feature","id":9912,"geometry":{"type":"LineString","coordinates":[[-75.2171644041191,39.9447277097775],[-75.2166924265082,39.9443111506619]]},"properties":{"objectid":9912,"stname":"S 49TH ST","class1":"Minor Arterial","recfacil":null,"bikenetwor":null,"combined_s":"Urban Arterial","street_typ":"Urban Arterial","sidewlk_wd":"Greater than or equal to 12 feet","wlk_zn":"Greater than or equal to 6 feet","phase2_sid":"Yes"}},{"type":"Feature","id":9943,"geometry":{"type":"LineString","coordinates":[[-75.1305883539121,40.0113342916592],[-75.1317822932674,40.0114919027392]]},"properties":{"objectid":9943,"stname":"W LUZERNE ST","class1":"Collector Residential","recfacil":"Marked Shared Lane","bikenetwor":"YES","combined_s":"City Neighborhood Street","street_typ":"City Neighborhood Street","sidewlk_wd":"Greater than or equal to 12 feet","wlk_zn":"Greater than or equal to 6 feet","phase2_sid":"Yes"}},{"type":"Feature","id":9946,"geometry":{"type":"LineString","coordinates":[[-75.1282843585452,40.0031258020344],[-75.127653399391,40.0030423137445]]},"properties":{"objectid":9946,"stname":"E TIOGA ST","class1":"Collector Residential","recfacil":"Marked Shared Lane","bikenetwor":"YES","combined_s":"City Neighborhood Street","street_typ":"City Neighborhood Street","sidewlk_wd":"Greater than or equal to 12 feet","wlk_zn":"Greater than or equal to 6 feet","phase2_sid":"Yes"}},{"type":"Feature","id":9956,"geometry":{"type":"LineString","coordinates":[[-75.2408415015136,40.0698290793893],[-75.2410776253496,40.0704041620381]]},"properties":{"objectid":9956,"stname":"RIDGE AVE","class1":"Major Arterial","recfacil":null,"bikenetwor":"YES","combined_s":"Auto Oriented Commercial/Industrial","street_typ":"Auto Oriented Commercial/Industrial","sidewlk_wd":"Greater than or equal to 12 feet","wlk_zn":"Greater than or equal to 6 feet","phase2_sid":"Yes"}},{"type":"Feature","id":9960,"geometry":{"type":"LineString","coordinates":[[-75.2403244974759,40.0683925085167],[-75.2408415015136,40.0698290793893]]},"properties":{"objectid":9960,"stname":"RIDGE AVE","class1":"Major Arterial","recfacil":null,"bikenetwor":"YES","combined_s":"Auto Oriented Commercial/Industrial","street_typ":"Auto Oriented Commercial/Industrial","sidewlk_wd":"Greater than or equal to 12 feet","wlk_zn":"Greater than or equal to 6 feet","phase2_sid":"Yes"}},{"type":"Feature","id":10007,"geometry":{"type":"LineString","coordinates":[[-75.1388311927892,40.007657330107],[-75.1385803391886,40.0087988585552]]},"properties":{"objectid":10007,"stname":"N 06TH ST","class1":"Collector Residential","recfacil":null,"bikenetwor":null,"combined_s":"City Neighborhood Street","street_typ":"City Neighborhood Street","sidewlk_wd":"Greater than or equal to 12 feet","wlk_zn":"Greater than or equal to 6 feet","phase2_sid":"Yes"}},{"type":"Feature","id":10019,"geometry":{"type":"LineString","coordinates":[[-75.2264388854997,39.9525416091591],[-75.2265421309453,39.952009912904]]},"properties":{"objectid":10019,"stname":"S 52ND ST","class1":"Minor Arterial","recfacil":"Marked Shared Lane","bikenetwor":null,"combined_s":"Urban Arterial","street_typ":"Urban Arterial","sidewlk_wd":"Greater than or equal to 12 feet","wlk_zn":"Greater than or equal to 6 feet","phase2_sid":"Yes"}},{"type":"Feature","id":10032,"geometry":{"type":"LineString","coordinates":[[-75.2160449454408,39.9487402420052],[-75.2145159804304,39.9474437797206]]},"properties":{"objectid":10032,"stname":"FARRAGUT TER","class1":"Local Residential","recfacil":null,"bikenetwor":null,"combined_s":"Local (Catch All)","street_typ":"Local (Catch All)","sidewlk_wd":"Greater than or equal to 10 feet","wlk_zn":"Greater than or equal to 5 feet","phase2_sid":null}},{"type":"Feature","id":10060,"geometry":{"type":"LineString","coordinates":[[-75.2288977739357,39.9468644570559],[-75.2282047793556,39.9462798736266]]},"properties":{"objectid":10060,"stname":"S 53RD ST","class1":"Local Residential","recfacil":null,"bikenetwor":null,"combined_s":"Local (Catch All)","street_typ":"Local (Catch All)","sidewlk_wd":"Greater than or equal to 10 feet","wlk_zn":"Greater than or equal to 5 feet","phase2_sid":null}},{"type":"Feature","id":10083,"geometry":{"type":"LineString","coordinates":[[-75.210241546521,39.9440057167405],[-75.2105106657316,39.9437584656176]]},"properties":{"objectid":10083,"stname":"WOODLAND AVE","class1":"Minor Arterial","recfacil":null,"bikenetwor":"YES","combined_s":"Urban Arterial","street_typ":"Urban Arterial","sidewlk_wd":"Greater than or equal to 12 feet","wlk_zn":"Greater than or equal to 6 feet","phase2_sid":"Yes"}},{"type":"Feature","id":10109,"geometry":{"type":"LineString","coordinates":[[-75.2184094734526,39.9447111823199],[-75.2190050155184,39.9442926979612]]},"properties":{"objectid":10109,"stname":"SPRINGFIELD AVE","class1":"Minor Arterial","recfacil":null,"bikenetwor":"YES","combined_s":"Urban Arterial","street_typ":"Urban Arterial","sidewlk_wd":"Greater than or equal to 12 feet","wlk_zn":"Greater than or equal to 6 feet","phase2_sid":"Yes"}},{"type":"Feature","id":10111,"geometry":{"type":"LineString","coordinates":[[-75.2319851431942,40.0422877511653],[-75.2299261904278,40.043218423108]]},"properties":{"objectid":10111,"stname":"PAOLI AVE","class1":"Collector Residential","recfacil":null,"bikenetwor":null,"combined_s":"Lower Density Residential","street_typ":"Lower Density Residential","sidewlk_wd":"Greater than or equal to 10 feet","wlk_zn":"Greater than or equal to 5 feet","phase2_sid":"Yes"}},{"type":"Feature","id":10165,"geometry":{"type":"LineString","coordinates":[[-75.2423514433179,39.9260403368353],[-75.2416942739245,39.9255025513632]]},"properties":{"objectid":10165,"stname":"S 68TH ST","class1":"Collector Residential","recfacil":null,"bikenetwor":null,"combined_s":"Lower Density Residential","street_typ":"Lower Density Residential","sidewlk_wd":"Greater than or equal to 10 feet","wlk_zn":"Greater than or equal to 5 feet","phase2_sid":"Yes"}},{"type":"Feature","id":10227,"geometry":{"type":"LineString","coordinates":[[-75.241413044049,39.9447340343083],[-75.2410878920236,39.9442418015036]]},"properties":{"objectid":10227,"stname":"S 59TH ST","class1":"Local Residential","recfacil":null,"bikenetwor":null,"combined_s":"Local (Catch All)","street_typ":"Local (Catch All)","sidewlk_wd":"Greater than or equal to 10 feet","wlk_zn":"Greater than or equal to 5 feet","phase2_sid":null}},{"type":"Feature","id":10247,"geometry":{"type":"LineString","coordinates":[[-75.2140030802118,39.9439929024918],[-75.2152494667786,39.9430964081229]]},"properties":{"objectid":10247,"stname":"KINGSESSING AVE","class1":"Collector Residential","recfacil":"Bike Lane","bikenetwor":null,"combined_s":"Lower Density Residential","street_typ":"Lower Density Residential","sidewlk_wd":"Greater than or equal to 10 feet","wlk_zn":"Greater than or equal to 5 feet","phase2_sid":"Yes"}},{"type":"Feature","id":10249,"geometry":{"type":"LineString","coordinates":[[-75.2325900748895,39.9424443877466],[-75.23217369781,39.9420984595308]]},"properties":{"objectid":10249,"stname":"S FRAZIER ST","class1":"Local Residential","recfacil":null,"bikenetwor":null,"combined_s":"Local (Catch All)","street_typ":"Local (Catch All)","sidewlk_wd":"Greater than or equal to 10 feet","wlk_zn":"Greater than or equal to 5 feet","phase2_sid":null}},{"type":"Feature","id":10276,"geometry":{"type":"LineString","coordinates":[[-75.1486475369637,40.0042118296585],[-75.1485703066346,40.0044252845684],[-75.1484075164584,40.0051561536943]]},"properties":{"objectid":10276,"stname":"OLD YORK RD","class1":"Collector Residential","recfacil":"Marked Shared Lane","bikenetwor":"YES","combined_s":"City Neighborhood Street","street_typ":"City Neighborhood Street","sidewlk_wd":"Greater than or equal to 12 feet","wlk_zn":"Greater than or equal to 6 feet","phase2_sid":"Yes"}},{"type":"Feature","id":10296,"geometry":{"type":"LineString","coordinates":[[-75.203305472723,39.9506931822746],[-75.2040647620682,39.9507859784981]]},"properties":{"objectid":10296,"stname":"PINE ST","class1":"Collector Residential","recfacil":"Bike Friendly Street","bikenetwor":null,"combined_s":"City Neighborhood Street","street_typ":"City Neighborhood Street","sidewlk_wd":"Greater than or equal to 12 feet","wlk_zn":"Greater than or equal to 6 feet","phase2_sid":"Yes"}},{"type":"Feature","id":10306,"geometry":{"type":"LineString","coordinates":[[-75.2463567155963,39.9042967483209],[-75.246648959386,39.9044616025655],[-75.2458783305209,39.9053379392981]]},"properties":{"objectid":10306,"stname":"CENTAUR PL","class1":"Local Residential","recfacil":null,"bikenetwor":null,"combined_s":"Local (Catch All)","street_typ":"Local (Catch All)","sidewlk_wd":"Greater than or equal to 10 feet","wlk_zn":"Greater than or equal to 5 feet","phase2_sid":null}},{"type":"Feature","id":10351,"geometry":{"type":"LineString","coordinates":[[-75.2113919215339,39.9478052435932],[-75.2126844745179,39.9468888608776]]},"properties":{"objectid":10351,"stname":"CHESTER AVE","class1":"Collector Residential","recfacil":"Bike Lane","bikenetwor":null,"combined_s":"Lower Density Residential","street_typ":"Lower Density Residential","sidewlk_wd":"Greater than or equal to 10 feet","wlk_zn":"Greater than or equal to 5 feet","phase2_sid":"Yes"}},{"type":"Feature","id":10436,"geometry":{"type":"LineString","coordinates":[[-75.2280778706427,39.9072653264654],[-75.2262259205975,39.9040378758241]]},"properties":{"objectid":10436,"stname":"S 70TH ST","class1":"Minor Arterial","recfacil":null,"bikenetwor":null,"combined_s":"Auto Oriented Commercial/Industrial","street_typ":"Auto Oriented Commercial/Industrial","sidewlk_wd":"Greater than or equal to 12 feet","wlk_zn":"Greater than or equal to 6 feet","phase2_sid":"Yes"}},{"type":"Feature","id":10453,"geometry":{"type":"LineString","coordinates":[[-75.2249848336335,39.9341068338593],[-75.2253864244565,39.9338254029112]]},"properties":{"objectid":10453,"stname":"GREENWAY AVE","class1":"Collector Residential","recfacil":null,"bikenetwor":"YES","combined_s":"Lower Density Residential","street_typ":"Lower Density Residential","sidewlk_wd":"Greater than or equal to 10 feet","wlk_zn":"Greater than or equal to 5 feet","phase2_sid":"Yes"}},{"type":"Feature","id":10473,"geometry":{"type":"LineString","coordinates":[[-75.2133309980461,39.941474401685],[-75.2126041836141,39.9408593874161]]},"properties":{"objectid":10473,"stname":"S 49TH ST","class1":"Minor Arterial","recfacil":null,"bikenetwor":null,"combined_s":"Urban Arterial","street_typ":"Urban Arterial","sidewlk_wd":"Greater than or equal to 12 feet","wlk_zn":"Greater than or equal to 6 feet","phase2_sid":"Yes"}},{"type":"Feature","id":10599,"geometry":{"type":"LineString","coordinates":[[-75.2226450851796,39.9480020803018],[-75.2233179836443,39.9479349988354]]},"properties":{"objectid":10599,"stname":"BALTIMORE AVE","class1":"Major Arterial","recfacil":null,"bikenetwor":"YES","combined_s":"Walkable Commercial Corridors","street_typ":"Walkable Commercial Corridors","sidewlk_wd":"Greater than or equal to 12 feet","wlk_zn":"Greater than or equal to 6 feet","phase2_sid":"Yes"}},{"type":"Feature","id":10643,"geometry":{"type":"LineString","coordinates":[[-75.2306142030473,39.9176913852259],[-75.2310944695402,39.9173529764448]]},"properties":{"objectid":10643,"stname":"DICKS AVE","class1":"Collector Residential","recfacil":null,"bikenetwor":null,"combined_s":"Lower Density Residential","street_typ":"Lower Density Residential","sidewlk_wd":"Greater than or equal to 10 feet","wlk_zn":"Greater than or equal to 5 feet","phase2_sid":"Yes"}},{"type":"Feature","id":10677,"geometry":{"type":"LineString","coordinates":[[-75.2395966962289,39.913545043759],[-75.2398127405648,39.9133773119752]]},"properties":{"objectid":10677,"stname":"BUIST AVE","class1":"Collector Residential","recfacil":null,"bikenetwor":"YES","combined_s":"Lower Density Residential","street_typ":"Lower Density Residential","sidewlk_wd":"Greater than or equal to 10 feet","wlk_zn":"Greater than or equal to 5 feet","phase2_sid":"Yes"}},{"type":"Feature","id":10714,"geometry":{"type":"LineString","coordinates":[[-75.2112624936839,39.9492558024889],[-75.2120944183006,39.9491667064513]]},"properties":{"objectid":10714,"stname":"BALTIMORE AVE","class1":"Major Arterial","recfacil":null,"bikenetwor":"YES","combined_s":"Urban Arterial","street_typ":"Urban Arterial","sidewlk_wd":"Greater than or equal to 12 feet","wlk_zn":"Greater than or equal to 6 feet","phase2_sid":"Yes"}},{"type":"Feature","id":10724,"geometry":{"type":"LineString","coordinates":[[-75.2379223744354,39.9176332733816],[-75.239490811352,39.9165306328509]]},"properties":{"objectid":10724,"stname":"REEDLAND ST","class1":"Local Residential","recfacil":null,"bikenetwor":null,"combined_s":"Local (Catch All)","street_typ":"Local (Catch All)","sidewlk_wd":"Greater than or equal to 10 feet","wlk_zn":"Greater than or equal to 5 feet","phase2_sid":null}},{"type":"Feature","id":10748,"geometry":{"type":"LineString","coordinates":[[-75.2425024516055,39.91018165783],[-75.2430829626249,39.9095689238329]]},"properties":{"objectid":10748,"stname":"CHELWYNDE AVE","class1":"Collector Residential","recfacil":null,"bikenetwor":null,"combined_s":"Lower Density Residential","street_typ":"Lower Density Residential","sidewlk_wd":"Greater than or equal to 10 feet","wlk_zn":"Greater than or equal to 5 feet","phase2_sid":"Yes"}},{"type":"Feature","id":10749,"geometry":{"type":"LineString","coordinates":[[-75.24283549541,39.9112813902883],[-75.2425024516055,39.91018165783]]},"properties":{"objectid":10749,"stname":"ISLAND AVE","class1":"Major Arterial","recfacil":null,"bikenetwor":"YES","combined_s":"Urban Arterial","street_typ":"Urban Arterial","sidewlk_wd":"Greater than or equal to 12 feet","wlk_zn":"Greater than or equal to 6 feet","phase2_sid":"Yes"}},{"type":"Feature","id":10773,"geometry":{"type":"LineString","coordinates":[[-75.2227745478304,39.919927670681],[-75.2164068930185,39.9173230473222],[-75.216042320865,39.9171447014351],[-75.2158257489533,39.9169656125349]]},"properties":{"objectid":10773,"stname":"S 63RD ST","class1":"Minor Arterial","recfacil":null,"bikenetwor":null,"combined_s":"Auto Oriented Commercial/Industrial","street_typ":"Auto Oriented Commercial/Industrial","sidewlk_wd":"Greater than or equal to 12 feet","wlk_zn":"Greater than or equal to 6 feet","phase2_sid":"Yes"}},{"type":"Feature","id":10811,"geometry":{"type":"LineString","coordinates":[[-75.2346333571284,39.914857474819],[-75.2336908626886,39.9140872150583]]},"properties":{"objectid":10811,"stname":"S 70TH ST","class1":"Minor Arterial","recfacil":"Marked Shared Lane","bikenetwor":null,"combined_s":"Urban Arterial","street_typ":"Urban Arterial","sidewlk_wd":"Greater than or equal to 12 feet","wlk_zn":"Greater than or equal to 6 feet","phase2_sid":"Yes"}},{"type":"Feature","id":10861,"geometry":{"type":"LineString","coordinates":[[-75.2262259205975,39.9040378758241],[-75.2267881211303,39.9038684869906],[-75.2274652446345,39.9035210319062],[-75.2277204262208,39.9032254369013]]},"properties":{"objectid":10861,"stname":"HOLSTEIN AVE","class1":"Collector Residential","recfacil":null,"bikenetwor":null,"combined_s":"Auto Oriented Commercial/Industrial","street_typ":"Auto Oriented Commercial/Industrial","sidewlk_wd":"Greater than or equal to 12 feet","wlk_zn":"Greater than or equal to 6 feet","phase2_sid":"Yes"}},{"type":"Feature","id":10862,"geometry":{"type":"LineString","coordinates":[[-75.236000335308,39.9558406537079],[-75.2367147388312,39.9559346545589]]},"properties":{"objectid":10862,"stname":"SPRUCE ST","class1":"Minor Arterial","recfacil":null,"bikenetwor":"YES","combined_s":"Urban Arterial","street_typ":"Urban Arterial","sidewlk_wd":"Greater than or equal to 12 feet","wlk_zn":"Greater than or equal to 6 feet","phase2_sid":"Yes"}},{"type":"Feature","id":10863,"geometry":{"type":"LineString","coordinates":[[-75.2267495247839,39.9510297021716],[-75.2268713644721,39.9504698737969]]},"properties":{"objectid":10863,"stname":"S 52ND ST","class1":"Minor Arterial","recfacil":"Marked Shared Lane","bikenetwor":null,"combined_s":"Urban Arterial","street_typ":"Urban Arterial","sidewlk_wd":"Greater than or equal to 12 feet","wlk_zn":"Greater than or equal to 6 feet","phase2_sid":"Yes"}},{"type":"Feature","id":10871,"geometry":{"type":"LineString","coordinates":[[-75.2262259197842,39.9535371859742],[-75.2267273647821,39.9535947206446],[-75.2282057099426,39.9537839004769]]},"properties":{"objectid":10871,"stname":"PINE ST","class1":"Collector Residential","recfacil":"Bike Friendly Street","bikenetwor":null,"combined_s":"City Neighborhood Street","street_typ":"City Neighborhood Street","sidewlk_wd":"Greater than or equal to 12 feet","wlk_zn":"Greater than or equal to 6 feet","phase2_sid":"Yes"}},{"type":"Feature","id":10924,"geometry":{"type":"LineString","coordinates":[[-75.204599231499,39.9498845838603],[-75.204527896458,39.9487372818783]]},"properties":{"objectid":10924,"stname":"WOODLAND TER","class1":"Collector Residential","recfacil":null,"bikenetwor":null,"combined_s":"Lower Density Residential","street_typ":"Lower Density Residential","sidewlk_wd":"Greater than or equal to 10 feet","wlk_zn":"Greater than or equal to 5 feet","phase2_sid":"Yes"}},{"type":"Feature","id":10933,"geometry":{"type":"LineString","coordinates":[[-75.224894915474,39.9502233742555],[-75.2268713644721,39.9504698737969]]},"properties":{"objectid":10933,"stname":"CEDAR AVE","class1":"Collector Residential","recfacil":"Marked Shared Lane","bikenetwor":null,"combined_s":"Lower Density Residential","street_typ":"Lower Density Residential","sidewlk_wd":"Greater than or equal to 10 feet","wlk_zn":"Greater than or equal to 5 feet","phase2_sid":"Yes"}},{"type":"Feature","id":10959,"geometry":{"type":"LineString","coordinates":[[-75.2101639847044,39.9440677786116],[-75.208798489195,39.9429143328701]]},"properties":{"objectid":10959,"stname":"S MARKOE ST","class1":"Local Residential","recfacil":null,"bikenetwor":null,"combined_s":"Local (Catch All)","street_typ":"Local (Catch All)","sidewlk_wd":"Greater than or equal to 10 feet","wlk_zn":"Greater than or equal to 5 feet","phase2_sid":null}},{"type":"Feature","id":10975,"geometry":{"type":"LineString","coordinates":[[-75.2313656544021,39.8921165596898],[-75.2315186936033,39.8921805470891],[-75.2317810010633,39.8922760201639],[-75.2320384142111,39.8923491241656],[-75.232248709817,39.8924008354307],[-75.2325026152006,39.8924414479492],[-75.232728951851,39.89247067489],[-75.2328931592738,39.8924769761027],[-75.2331099061442,39.892481735947],[-75.233295488592,39.892477726439],[-75.2335552808404,39.892453784222],[-75.2338719061293,39.8924068342521],[-75.2344439067853,39.8922865181075],[-75.2355742977726,39.8919945581037]]},"properties":{"objectid":10975,"stname":"DELAWARE EXP RMP E","class1":"High-Speed Ramp","recfacil":null,"bikenetwor":null,"combined_s":null,"street_typ":"N/A Interstate","sidewlk_wd":null,"wlk_zn":null,"phase2_sid":null}},{"type":"Feature","id":10998,"geometry":{"type":"LineString","coordinates":[[-75.2260049788162,39.9546009872112],[-75.2261155225928,39.9540583749254]]},"properties":{"objectid":10998,"stname":"S 52ND ST","class1":"Minor Arterial","recfacil":"Marked Shared Lane","bikenetwor":null,"combined_s":"Walkable Commercial Corridors","street_typ":"Walkable Commercial Corridors","sidewlk_wd":"Greater than or equal to 12 feet","wlk_zn":"Greater than or equal to 6 feet","phase2_sid":"Yes"}},{"type":"Feature","id":11036,"geometry":{"type":"LineString","coordinates":[[-75.238951860947,39.9139681556234],[-75.2395966962289,39.913545043759]]},"properties":{"objectid":11036,"stname":"BUIST AVE","class1":"Collector Residential","recfacil":null,"bikenetwor":"YES","combined_s":"Lower Density Residential","street_typ":"Lower Density Residential","sidewlk_wd":"Greater than or equal to 10 feet","wlk_zn":"Greater than or equal to 5 feet","phase2_sid":"Yes"}},{"type":"Feature","id":11062,"geometry":{"type":"LineString","coordinates":[[-75.2418068112284,39.9184744234451],[-75.2426664048733,39.9178601947314]]},"properties":{"objectid":11062,"stname":"PASCHALL AVE","class1":"Collector Residential","recfacil":null,"bikenetwor":null,"combined_s":"Lower Density Residential","street_typ":"Lower Density Residential","sidewlk_wd":"Greater than or equal to 10 feet","wlk_zn":"Greater than or equal to 5 feet","phase2_sid":"Yes"}},{"type":"Feature","id":11113,"geometry":{"type":"LineString","coordinates":[[-75.2244975425145,39.8920252141844],[-75.2249028606515,39.8918592948608],[-75.2251698356872,39.8917537290739],[-75.2255141480162,39.8916236578838],[-75.2257047902545,39.8915633335799],[-75.2259124659399,39.8915194299768],[-75.2261714653119,39.891479933112],[-75.2263676442705,39.8914641642018],[-75.2266676833477,39.891460725923],[-75.2272355910798,39.8914802670742],[-75.2275463372202,39.8914886228785],[-75.2277410807449,39.8914929086916],[-75.2279066550052,39.8914874531207],[-75.2280766126388,39.8914699618207],[-75.2282432531688,39.8914357162068],[-75.2283905612793,39.8913919449426],[-75.2285523118941,39.891330293765],[-75.2287931716786,39.8911961214405],[-75.2290637978447,39.8910187625951],[-75.2305059458127,39.890025670299],[-75.2307169628795,39.8898854086712],[-75.2309339473553,39.8897674820136],[-75.231049533387,39.8897178276791],[-75.2311497882433,39.8896919073373]]},"properties":{"objectid":11113,"stname":"PENROSE AVE","class1":"Major Arterial","recfacil":null,"bikenetwor":null,"combined_s":"Urban Arterial","street_typ":"Urban Arterial","sidewlk_wd":"Greater than or equal to 12 feet","wlk_zn":"Greater than or equal to 6 feet","phase2_sid":"Yes"}},{"type":"Feature","id":11133,"geometry":{"type":"LineString","coordinates":[[-75.2221866782593,39.9442073965581],[-75.2207935584032,39.9430334520154]]},"properties":{"objectid":11133,"stname":"S PAXON ST","class1":"Local Residential","recfacil":null,"bikenetwor":null,"combined_s":"Local (Catch All)","street_typ":"Local (Catch All)","sidewlk_wd":"Greater than or equal to 10 feet","wlk_zn":"Greater than or equal to 5 feet","phase2_sid":null}},{"type":"Feature","id":11159,"geometry":{"type":"LineString","coordinates":[[-75.2355742977726,39.8919945581037],[-75.2359000104011,39.8918705532794],[-75.236497235026,39.8916191097393],[-75.2371679093043,39.8913152552567],[-75.2378235742954,39.8909637143829],[-75.2384992585383,39.8905540357943],[-75.239141507821,39.8901125068676],[-75.2398619582638,39.8895549912164],[-75.240496334215,39.8889696370876]]},"properties":{"objectid":11159,"stname":"DELAWARE EXP RMP","class1":"High-Speed Ramp","recfacil":null,"bikenetwor":null,"combined_s":null,"street_typ":"N/A Interstate","sidewlk_wd":null,"wlk_zn":null,"phase2_sid":null}},{"type":"Feature","id":11245,"geometry":{"type":"LineString","coordinates":[[-75.1975109727408,39.9385487730155],[-75.1977001515746,39.9380221748021]]},"properties":{"objectid":11245,"stname":"S 33RD ST","class1":"Collector Residential","recfacil":null,"bikenetwor":null,"combined_s":"City Neighborhood Street","street_typ":"City Neighborhood Street","sidewlk_wd":"Greater than or equal to 12 feet","wlk_zn":"Greater than or equal to 6 feet","phase2_sid":"Yes"}},{"type":"Feature","id":11274,"geometry":{"type":"LineString","coordinates":[[-75.2237317116976,39.9349820914155],[-75.2239612895977,39.9348289562177]]},"properties":{"objectid":11274,"stname":"GREENWAY AVE","class1":"Collector Residential","recfacil":null,"bikenetwor":"YES","combined_s":"Lower Density Residential","street_typ":"Lower Density Residential","sidewlk_wd":"Greater than or equal to 10 feet","wlk_zn":"Greater than or equal to 5 feet","phase2_sid":"Yes"}},{"type":"Feature","id":11354,"geometry":{"type":"LineString","coordinates":[[-75.1532966989103,39.9937830580187],[-75.1545330260843,39.9939390159832],[-75.1545904553173,39.9939476362078]]},"properties":{"objectid":11354,"stname":"W LEHIGH AVE","class1":"Major Arterial","recfacil":null,"bikenetwor":"YES","combined_s":"Urban Arterial","street_typ":"Urban Arterial","sidewlk_wd":"Greater than or equal to 12 feet","wlk_zn":"Greater than or equal to 6 feet","phase2_sid":"Yes"}},{"type":"Feature","id":11435,"geometry":{"type":"LineString","coordinates":[[-75.2105077444932,39.8859890450736],[-75.2110305419222,39.8860766758493],[-75.211345803571,39.8861340006526],[-75.211545572463,39.886183886669],[-75.2117449151689,39.8862493367286],[-75.2119488494416,39.886324424334],[-75.2122035273448,39.8864330605325],[-75.2124418414153,39.8865489635153],[-75.2127834465071,39.8867167430556],[-75.2128955385373,39.8867650009205],[-75.2130028960421,39.8868074315974],[-75.2131032582704,39.8868382627888],[-75.2131793794785,39.8868552071566],[-75.2132580458248,39.8868702994851],[-75.2133727265014,39.8868823749459],[-75.2134914718309,39.8868850031407],[-75.2137864315231,39.8868762715846],[-75.2148390220161,39.8868369976322],[-75.216378875295,39.8867858350784],[-75.2165300126472,39.8867778389206],[-75.2167106386921,39.8867531086734],[-75.2169296883433,39.8867100892381],[-75.2171179546234,39.8866595522545],[-75.2173158513164,39.8865887164965],[-75.2178784683915,39.8863406303215],[-75.2180883445356,39.8861991347394]]},"properties":{"objectid":11435,"stname":"DELAWARE EXP RMP B","class1":"High-Speed Ramp","recfacil":null,"bikenetwor":null,"combined_s":null,"street_typ":"N/A Interstate","sidewlk_wd":null,"wlk_zn":null,"phase2_sid":null}},{"type":"Feature","id":11437,"geometry":{"type":"LineString","coordinates":[[-75.2399546599436,39.890523749227],[-75.2406456178668,39.8899556150951],[-75.2412944233651,39.8893357743404],[-75.2418638645533,39.8887293814318],[-75.2423242557001,39.8881395829533],[-75.2426833503815,39.8876234998064],[-75.2433276831671,39.8866711487382]]},"properties":{"objectid":11437,"stname":"DELAWARE EXP RMP","class1":"High-Speed Ramp","recfacil":null,"bikenetwor":null,"combined_s":null,"street_typ":"N/A Interstate","sidewlk_wd":null,"wlk_zn":null,"phase2_sid":null}},{"type":"Feature","id":11486,"geometry":{"type":"LineString","coordinates":[[-75.2536245110823,39.8813381396384],[-75.2534172199249,39.8813513805648],[-75.2533183998312,39.881351861251],[-75.2532362491733,39.8813352744643],[-75.2531817131227,39.8812988178671],[-75.2531295497494,39.8812444318621]]},"properties":{"objectid":11486,"stname":"DELAWARE EXP RMP TP","class1":"High-Speed Ramp","recfacil":null,"bikenetwor":null,"combined_s":null,"street_typ":"N/A Interstate","sidewlk_wd":null,"wlk_zn":null,"phase2_sid":null}},{"type":"Feature","id":11487,"geometry":{"type":"LineString","coordinates":[[-75.243963907607,39.881634719367],[-75.2441323828739,39.8812652236612],[-75.2443359072,39.8808931108757],[-75.2445624648587,39.8805397798188],[-75.2448422523467,39.8801583648874],[-75.2450999764191,39.8798605540647],[-75.2454183024964,39.8795365491191],[-75.2457395034996,39.8792457068679],[-75.246047115571,39.8789908146983],[-75.2465909491655,39.8786005717927],[-75.2471752413192,39.8782567237613],[-75.2477212970167,39.8779847101908],[-75.2484665931519,39.8776596820531],[-75.2488694198187,39.8774964243352]]},"properties":{"objectid":11487,"stname":"INDUSTRIAL HWY","class1":"Non Travel","recfacil":null,"bikenetwor":null,"combined_s":null,"street_typ":"N/A Interstate","sidewlk_wd":null,"wlk_zn":null,"phase2_sid":null}},{"type":"Feature","id":11527,"geometry":{"type":"LineString","coordinates":[[-75.242051362817,39.9460840039297],[-75.2421101899112,39.9458390152452],[-75.2417736609568,39.9453068615223]]},"properties":{"objectid":11527,"stname":"S 59TH ST","class1":"Collector Residential","recfacil":null,"bikenetwor":null,"combined_s":"City Neighborhood Street","street_typ":"City Neighborhood Street","sidewlk_wd":"Greater than or equal to 12 feet","wlk_zn":"Greater than or equal to 6 feet","phase2_sid":"Yes"}},{"type":"Feature","id":11533,"geometry":{"type":"LineString","coordinates":[[-75.2433276831671,39.8866711487382],[-75.2434306278278,39.8864552931415],[-75.2437213455879,39.8859660208183],[-75.2439477168792,39.8854884700767],[-75.244207872985,39.8849033411216],[-75.2444206200115,39.8844484679348],[-75.244711726308,39.8839038935544],[-75.2448242825774,39.8836872198788],[-75.2448738149213,39.8834913148622]]},"properties":{"objectid":11533,"stname":"DELAWARE EXP RMP","class1":"High-Speed Ramp","recfacil":null,"bikenetwor":null,"combined_s":null,"street_typ":"N/A Interstate","sidewlk_wd":null,"wlk_zn":null,"phase2_sid":null}},{"type":"Feature","id":11534,"geometry":{"type":"LineString","coordinates":[[-75.2424985598878,39.8841835818915],[-75.2426992110792,39.8842204447176],[-75.2429793388265,39.8842495493626],[-75.2432515568134,39.884262068701],[-75.2435116076524,39.8842579096791],[-75.2437478595815,39.8842356908638],[-75.2439610288588,39.8842020918173],[-75.2441887135765,39.8841512710252],[-75.2444509386231,39.884088075676],[-75.2449429270533,39.8839298947748],[-75.2468346936906,39.8832291598724],[-75.2472095068974,39.883066087264],[-75.2474162993478,39.8829382673001],[-75.2476351905939,39.8827562200375],[-75.2477773561251,39.8825997422475],[-75.2479006157643,39.8824078227285],[-75.2480316421793,39.8821421191999],[-75.2483086504025,39.8814787022834],[-75.2485825469786,39.8808604449048],[-75.2487678460795,39.8804499492589],[-75.248874366972,39.8802407734861],[-75.2490188383208,39.880038250801],[-75.2493010526536,39.8796827397178],[-75.2494500049818,39.8795173153681],[-75.2496993977778,39.8792895758578],[-75.2501371886296,39.8789583530764],[-75.2506447917215,39.8786575858458],[-75.2512558759504,39.8783342353424],[-75.2518368851552,39.8780679372576],[-75.2523324998814,39.8778712570116],[-75.2527168593651,39.8776739314108]]},"properties":{"objectid":11534,"stname":"DELAWARE EXP RMP G","class1":"High-Speed Ramp","recfacil":null,"bikenetwor":null,"combined_s":null,"street_typ":"N/A Interstate","sidewlk_wd":null,"wlk_zn":null,"phase2_sid":null}},{"type":"Feature","id":11537,"geometry":{"type":"LineString","coordinates":[[-75.2390840189407,39.9473370536319],[-75.2393422133614,39.946084577351]]},"properties":{"objectid":11537,"stname":"S CECIL ST","class1":"Local Residential","recfacil":null,"bikenetwor":null,"combined_s":"Local (Catch All)","street_typ":"Local (Catch All)","sidewlk_wd":"Greater than or equal to 10 feet","wlk_zn":"Greater than or equal to 5 feet","phase2_sid":null}},{"type":"Feature","id":11543,"geometry":{"type":"LineString","coordinates":[[-75.2303462844862,39.9111086105849],[-75.2311815579574,39.910511285477],[-75.2316310755515,39.9101581769059],[-75.2319671303903,39.9098832382117],[-75.2323239405367,39.9095191277317],[-75.2326320776093,39.9092122050118],[-75.2329467659167,39.9088820246739]]},"properties":{"objectid":11543,"stname":"LINDBERGH BLV","class1":"Major Arterial","recfacil":"Buffered Bike Lane","bikenetwor":"YES","combined_s":"Auto Oriented Commercial/Industrial","street_typ":"Auto Oriented Commercial/Industrial","sidewlk_wd":"Greater than or equal to 12 feet","wlk_zn":"Greater than or equal to 6 feet","phase2_sid":"Yes"}},{"type":"Feature","id":11586,"geometry":{"type":"LineString","coordinates":[[-75.1289771782438,39.9906498322102],[-75.1270332823095,39.9903952353988]]},"properties":{"objectid":11586,"stname":"E LEHIGH AVE","class1":"Major Arterial","recfacil":null,"bikenetwor":"YES","combined_s":"Urban Arterial","street_typ":"Urban Arterial","sidewlk_wd":"Greater than or equal to 12 feet","wlk_zn":"Greater than or equal to 6 feet","phase2_sid":"Yes"}},{"type":"Feature","id":11611,"geometry":{"type":"LineString","coordinates":[[-75.2349795842482,39.8995696581911],[-75.2349070425658,39.8994615534762],[-75.2323472458185,39.8980831487727]]},"properties":{"objectid":11611,"stname":"S 78TH ST","class1":"Local Residential","recfacil":null,"bikenetwor":null,"combined_s":"Local (Catch All)","street_typ":"Local (Catch All)","sidewlk_wd":"Greater than or equal to 10 feet","wlk_zn":"Greater than or equal to 5 feet","phase2_sid":null}},{"type":"Feature","id":11669,"geometry":{"type":"LineString","coordinates":[[-75.2105106657316,39.9437584656176],[-75.2094712770114,39.9428664376363]]},"properties":{"objectid":11669,"stname":"S MAY ST","class1":"Local Residential","recfacil":null,"bikenetwor":null,"combined_s":"Local (Catch All)","street_typ":"Local (Catch All)","sidewlk_wd":"Greater than or equal to 10 feet","wlk_zn":"Greater than or equal to 5 feet","phase2_sid":null}},{"type":"Feature","id":11694,"geometry":{"type":"LineString","coordinates":[[-75.2351657942659,39.9064622777816],[-75.2357375236975,39.9059961471734],[-75.2366127276963,39.9054086039405],[-75.2377770507464,39.9047828256519],[-75.2385780274442,39.9044862639181]]},"properties":{"objectid":11694,"stname":"LINDBERGH BLV","class1":"Major Arterial","recfacil":"Buffered Bike Lane","bikenetwor":"YES","combined_s":"Auto Oriented Commercial/Industrial","street_typ":"Auto Oriented Commercial/Industrial","sidewlk_wd":"Greater than or equal to 12 feet","wlk_zn":"Greater than or equal to 6 feet","phase2_sid":"Yes"}},{"type":"Feature","id":11701,"geometry":{"type":"LineString","coordinates":[[-75.2262259205975,39.9040378758241],[-75.2250099564235,39.9019805723428]]},"properties":{"objectid":11701,"stname":"S 70TH ST","class1":"Minor Arterial","recfacil":null,"bikenetwor":null,"combined_s":"Auto Oriented Commercial/Industrial","street_typ":"Auto Oriented Commercial/Industrial","sidewlk_wd":"Greater than or equal to 12 feet","wlk_zn":"Greater than or equal to 6 feet","phase2_sid":"Yes"}},{"type":"Feature","id":11773,"geometry":{"type":"LineString","coordinates":[[-75.2389022062053,39.9134195623132],[-75.2379017831,39.9125691075604]]},"properties":{"objectid":11773,"stname":"S 72ND ST","class1":"Local Residential","recfacil":null,"bikenetwor":null,"combined_s":"Lower Density Residential","street_typ":"Lower Density Residential","sidewlk_wd":"Greater than or equal to 10 feet","wlk_zn":"Greater than or equal to 5 feet","phase2_sid":null}},{"type":"Feature","id":11797,"geometry":{"type":"LineString","coordinates":[[-75.2439829731526,39.9248775976333],[-75.2433628434779,39.9243382273683]]},"properties":{"objectid":11797,"stname":"S 69TH ST","class1":"Local Residential","recfacil":null,"bikenetwor":null,"combined_s":"Lower Density Residential","street_typ":"Lower Density Residential","sidewlk_wd":"Greater than or equal to 10 feet","wlk_zn":"Greater than or equal to 5 feet","phase2_sid":null}},{"type":"Feature","id":11804,"geometry":{"type":"LineString","coordinates":[[-75.2350928298396,39.91394367831],[-75.2350413803078,39.9136106246007],[-75.2344712672345,39.913122953539]]},"properties":{"objectid":11804,"stname":"MUHFELD ST","class1":"Local Residential","recfacil":null,"bikenetwor":null,"combined_s":"Local (Catch All)","street_typ":"Local (Catch All)","sidewlk_wd":"Greater than or equal to 10 feet","wlk_zn":"Greater than or equal to 5 feet","phase2_sid":null}},{"type":"Feature","id":11806,"geometry":{"type":"LineString","coordinates":[[-75.2297285390586,39.9367521545083],[-75.2310986334154,39.9357822813147]]},"properties":{"objectid":11806,"stname":"SPRINGFIELD AVE","class1":"Minor Arterial","recfacil":null,"bikenetwor":"YES","combined_s":"Urban Arterial","street_typ":"Urban Arterial","sidewlk_wd":"Greater than or equal to 12 feet","wlk_zn":"Greater than or equal to 6 feet","phase2_sid":"Yes"}},{"type":"Feature","id":11837,"geometry":{"type":"LineString","coordinates":[[-75.2372729853381,39.9464722085886],[-75.2379830258795,39.9463410053855]]},"properties":{"objectid":11837,"stname":"BALTIMORE AVE","class1":"Major Arterial","recfacil":null,"bikenetwor":"YES","combined_s":"Urban Arterial","street_typ":"Urban Arterial","sidewlk_wd":"Greater than or equal to 12 feet","wlk_zn":"Greater than or equal to 6 feet","phase2_sid":"Yes"}},{"type":"Feature","id":11838,"geometry":{"type":"LineString","coordinates":[[-75.230171154483,39.9201549078469],[-75.2308305809249,39.9196955748782]]},"properties":{"objectid":11838,"stname":"BUIST AVE","class1":"Collector Residential","recfacil":null,"bikenetwor":"YES","combined_s":"Lower Density Residential","street_typ":"Lower Density Residential","sidewlk_wd":"Greater than or equal to 10 feet","wlk_zn":"Greater than or equal to 5 feet","phase2_sid":"Yes"}},{"type":"Feature","id":11847,"geometry":{"type":"LineString","coordinates":[[-75.2250099564235,39.9019805723428],[-75.2259276304605,39.8987525347745],[-75.2261386095714,39.8983309106429],[-75.2263605038393,39.8980537070087],[-75.2282929902196,39.8959187546437],[-75.2295403095457,39.8945547739617]]},"properties":{"objectid":11847,"stname":"ESSINGTON AVE","class1":"Minor Arterial","recfacil":null,"bikenetwor":"YES","combined_s":"Auto Oriented Commercial/Industrial","street_typ":"Auto Oriented Commercial/Industrial","sidewlk_wd":"Greater than or equal to 12 feet","wlk_zn":"Greater than or equal to 6 feet","phase2_sid":"Yes"}},{"type":"Feature","id":11850,"geometry":{"type":"LineString","coordinates":[[-75.2402693876564,39.9458751841508],[-75.242051362817,39.9460840039297]]},"properties":{"objectid":11850,"stname":"COBBS CREEK PKY","class1":"Major Arterial","recfacil":"Bike Lanes","bikenetwor":null,"combined_s":"Urban Arterial","street_typ":"Urban Arterial","sidewlk_wd":"Greater than or equal to 12 feet","wlk_zn":"Greater than or equal to 6 feet","phase2_sid":"Yes"}},{"type":"Feature","id":11857,"geometry":{"type":"LineString","coordinates":[[-75.2440279557136,39.9463252677368],[-75.246001963222,39.9465691842693]]},"properties":{"objectid":11857,"stname":"COBBS CREEK PKY","class1":"Major Arterial","recfacil":"Bike Lanes","bikenetwor":null,"combined_s":"Urban Arterial","street_typ":"Urban Arterial","sidewlk_wd":"Greater than or equal to 12 feet","wlk_zn":"Greater than or equal to 6 feet","phase2_sid":"Yes"}},{"type":"Feature","id":11907,"geometry":{"type":"LineString","coordinates":[[-75.2327334148543,39.9133145302509],[-75.2315469854521,39.9123221924482]]},"properties":{"objectid":11907,"stname":"S 70TH ST","class1":"Minor Arterial","recfacil":"Marked Shared Lane","bikenetwor":null,"combined_s":"Urban Arterial","street_typ":"Urban Arterial","sidewlk_wd":"Greater than or equal to 12 feet","wlk_zn":"Greater than or equal to 6 feet","phase2_sid":"Yes"}},{"type":"Feature","id":11922,"geometry":{"type":"LineString","coordinates":[[-75.2192375602753,39.948377273167],[-75.2191081555905,39.9482864750938],[-75.2185365478767,39.9478095341434]]},"properties":{"objectid":11922,"stname":"S 48TH ST","class1":"Collector Residential","recfacil":null,"bikenetwor":"YES","combined_s":"Lower Density Residential","street_typ":"Lower Density Residential","sidewlk_wd":"Greater than or equal to 10 feet","wlk_zn":"Greater than or equal to 5 feet","phase2_sid":"Yes"}},{"type":"Feature","id":11925,"geometry":{"type":"LineString","coordinates":[[-75.2391887929058,39.9449467104969],[-75.2384775786028,39.9443567705362]]},"properties":{"objectid":11925,"stname":"COBBS CREEK PKY","class1":"Major Arterial","recfacil":null,"bikenetwor":"YES","combined_s":"Urban Arterial","street_typ":"Urban Arterial","sidewlk_wd":"Greater than or equal to 12 feet","wlk_zn":"Greater than or equal to 6 feet","phase2_sid":"Yes"}},{"type":"Feature","id":11965,"geometry":{"type":"LineString","coordinates":[[-75.2343300567925,39.9255822516287],[-75.2347746227851,39.9252736106346]]},"properties":{"objectid":11965,"stname":"WOODLAND AVE","class1":"Minor Arterial","recfacil":null,"bikenetwor":"YES","combined_s":"Walkable Commercial Corridors","street_typ":"Walkable Commercial Corridors","sidewlk_wd":"Greater than or equal to 12 feet","wlk_zn":"Greater than or equal to 6 feet","phase2_sid":"Yes"}},{"type":"Feature","id":11985,"geometry":{"type":"LineString","coordinates":[[-75.2063649504847,39.9485073924579],[-75.2070683843703,39.9484791611501]]},"properties":{"objectid":11985,"stname":"CHESTER AVE","class1":"Collector Residential","recfacil":null,"bikenetwor":"YES","combined_s":"Lower Density Residential","street_typ":"Lower Density Residential","sidewlk_wd":"Greater than or equal to 10 feet","wlk_zn":"Greater than or equal to 5 feet","phase2_sid":"Yes"}},{"type":"Feature","id":11996,"geometry":{"type":"LineString","coordinates":[[-75.2378069755177,39.9471738252937],[-75.2379830258795,39.9463410053855]]},"properties":{"objectid":11996,"stname":"S 57TH ST","class1":"Minor Arterial","recfacil":null,"bikenetwor":"YES","combined_s":"Urban Arterial","street_typ":"Urban Arterial","sidewlk_wd":"Greater than or equal to 12 feet","wlk_zn":"Greater than or equal to 6 feet","phase2_sid":"Yes"}},{"type":"Feature","id":11998,"geometry":{"type":"LineString","coordinates":[[-75.2409577734793,39.9248669720302],[-75.240364538747,39.9243724006155]]},"properties":{"objectid":11998,"stname":"S 68TH ST","class1":"Collector Residential","recfacil":null,"bikenetwor":null,"combined_s":"Lower Density Residential","street_typ":"Lower Density Residential","sidewlk_wd":"Greater than or equal to 10 feet","wlk_zn":"Greater than or equal to 5 feet","phase2_sid":"Yes"}},{"type":"Feature","id":12009,"geometry":{"type":"LineString","coordinates":[[-75.204527896458,39.9487372818783],[-75.2050350155808,39.9485424238715],[-75.2051705133967,39.9485315382897]]},"properties":{"objectid":12009,"stname":"WOODLAND AVE","class1":"Minor Arterial","recfacil":null,"bikenetwor":"YES","combined_s":"Urban Arterial","street_typ":"Urban Arterial","sidewlk_wd":"Greater than or equal to 12 feet","wlk_zn":"Greater than or equal to 6 feet","phase2_sid":"Yes"}},{"type":"Feature","id":12010,"geometry":{"type":"LineString","coordinates":[[-75.2502314881868,39.9000382942482],[-75.2500765625953,39.8999583078672]]},"properties":{"objectid":12010,"stname":"S 82ND ST","class1":"Collector Residential","recfacil":null,"bikenetwor":null,"combined_s":"Lower Density Residential","street_typ":"Lower Density Residential","sidewlk_wd":"Greater than or equal to 10 feet","wlk_zn":"Greater than or equal to 5 feet","phase2_sid":"Yes"}},{"type":"Feature","id":12027,"geometry":{"type":"LineString","coordinates":[[-75.1501951282657,40.0036937889599],[-75.1500404384077,40.0044287835805]]},"properties":{"objectid":12027,"stname":"N 13TH ST","class1":"Local Residential","recfacil":null,"bikenetwor":null,"combined_s":"Local (Catch All)","street_typ":"Local (Catch All)","sidewlk_wd":"Greater than or equal to 10 feet","wlk_zn":"Greater than or equal to 5 feet","phase2_sid":null}},{"type":"Feature","id":12061,"geometry":{"type":"LineString","coordinates":[[-75.2056851477611,39.9485211824469],[-75.2056586108003,39.9480621755466]]},"properties":{"objectid":12061,"stname":"S 41ST ST","class1":"Collector Residential","recfacil":"Marked Shared Lane","bikenetwor":null,"combined_s":"City Neighborhood Street","street_typ":"City Neighborhood Street","sidewlk_wd":"Greater than or equal to 12 feet","wlk_zn":"Greater than or equal to 6 feet","phase2_sid":"Yes"}},{"type":"Feature","id":12071,"geometry":{"type":"LineString","coordinates":[[-75.250998050468,39.8991904512877],[-75.2523259633082,39.8976659262564],[-75.2523511672063,39.8976272246686]]},"properties":{"objectid":12071,"stname":"LINDBERGH BLV","class1":"Major Arterial","recfacil":"Buffered Bike Lane","bikenetwor":null,"combined_s":"Urban Arterial","street_typ":"Urban Arterial","sidewlk_wd":"Greater than or equal to 12 feet","wlk_zn":"Greater than or equal to 6 feet","phase2_sid":"Yes"}},{"type":"Feature","id":12072,"geometry":{"type":"LineString","coordinates":[[-75.2502314881868,39.9000382942482],[-75.250998050468,39.8991904512877]]},"properties":{"objectid":12072,"stname":"LINDBERGH BLV","class1":"Major Arterial","recfacil":"Buffered Bike Lane","bikenetwor":null,"combined_s":"Urban Arterial","street_typ":"Urban Arterial","sidewlk_wd":"Greater than or equal to 12 feet","wlk_zn":"Greater than or equal to 6 feet","phase2_sid":"Yes"}},{"type":"Feature","id":12084,"geometry":{"type":"LineString","coordinates":[[-75.2455154733552,39.9241055875438],[-75.2453299463068,39.9238995768307]]},"properties":{"objectid":12084,"stname":"S 70TH ST","class1":"Minor Arterial","recfacil":"Marked Shared Lane","bikenetwor":null,"combined_s":"Urban Arterial","street_typ":"Urban Arterial","sidewlk_wd":"Greater than or equal to 12 feet","wlk_zn":"Greater than or equal to 6 feet","phase2_sid":"Yes"}},{"type":"Feature","id":12118,"geometry":{"type":"LineString","coordinates":[[-75.2453299463068,39.9238995768307],[-75.2456876506654,39.9236567485934]]},"properties":{"objectid":12118,"stname":"CHESTER AVE","class1":"Collector Residential","recfacil":null,"bikenetwor":null,"combined_s":"City Neighborhood Street","street_typ":"City Neighborhood Street","sidewlk_wd":"Greater than or equal to 12 feet","wlk_zn":"Greater than or equal to 6 feet","phase2_sid":"Yes"}},{"type":"Feature","id":12164,"geometry":{"type":"LineString","coordinates":[[-75.2242123712626,39.9178413862878],[-75.2250675122354,39.9166020921404]]},"properties":{"objectid":12164,"stname":"EASTWICK AVE","class1":"Collector Residential","recfacil":"Bike Lanes","bikenetwor":null,"combined_s":"Lower Density Residential","street_typ":"Lower Density Residential","sidewlk_wd":"Greater than or equal to 10 feet","wlk_zn":"Greater than or equal to 5 feet","phase2_sid":"Yes"}},{"type":"Feature","id":12214,"geometry":{"type":"LineString","coordinates":[[-75.2303462844862,39.9111086105849],[-75.2280778706427,39.9072653264654]]},"properties":{"objectid":12214,"stname":"S 70TH ST","class1":"Minor Arterial","recfacil":null,"bikenetwor":null,"combined_s":"Auto Oriented Commercial/Industrial","street_typ":"Auto Oriented Commercial/Industrial","sidewlk_wd":"Greater than or equal to 12 feet","wlk_zn":"Greater than or equal to 6 feet","phase2_sid":"Yes"}},{"type":"Feature","id":12246,"geometry":{"type":"LineString","coordinates":[[-75.2272129939679,39.9133827780114],[-75.2277222352545,39.9129458104856],[-75.2283948988823,39.9124766116066],[-75.2291782605244,39.9119068652653],[-75.2303462844862,39.9111086105849]]},"properties":{"objectid":12246,"stname":"LINDBERGH BLV","class1":"Major Arterial","recfacil":"Buffered Bike Lane","bikenetwor":"YES","combined_s":"Auto Oriented Commercial/Industrial","street_typ":"Auto Oriented Commercial/Industrial","sidewlk_wd":"Greater than or equal to 12 feet","wlk_zn":"Greater than or equal to 6 feet","phase2_sid":"Yes"}},{"type":"Feature","id":12276,"geometry":{"type":"LineString","coordinates":[[-75.2467680281379,39.8944662067886],[-75.2471346783465,39.8940782670459]]},"properties":{"objectid":12276,"stname":"CRANE ST","class1":"Collector Residential","recfacil":null,"bikenetwor":null,"combined_s":"Lower Density Residential","street_typ":"Lower Density Residential","sidewlk_wd":"Greater than or equal to 10 feet","wlk_zn":"Greater than or equal to 5 feet","phase2_sid":"Yes"}},{"type":"Feature","id":12285,"geometry":{"type":"LineString","coordinates":[[-75.2492818602863,39.8956602846389],[-75.248865657167,39.8955888088689]]},"properties":{"objectid":12285,"stname":"S 84TH ST","class1":"Major Arterial","recfacil":null,"bikenetwor":null,"combined_s":"Urban Arterial","street_typ":"Urban Arterial","sidewlk_wd":"Greater than or equal to 12 feet","wlk_zn":"Greater than or equal to 6 feet","phase2_sid":"Yes"}},{"type":"Feature","id":12290,"geometry":{"type":"LineString","coordinates":[[-75.2356704639067,39.9141364483353],[-75.2361760608932,39.9137821929599],[-75.2362045619307,39.9137664368613]]},"properties":{"objectid":12290,"stname":"DICKS AVE","class1":"Collector Residential","recfacil":null,"bikenetwor":null,"combined_s":"Lower Density Residential","street_typ":"Lower Density Residential","sidewlk_wd":"Greater than or equal to 10 feet","wlk_zn":"Greater than or equal to 5 feet","phase2_sid":"Yes"}},{"type":"Feature","id":12307,"geometry":{"type":"LineString","coordinates":[[-75.2456938622905,39.9176245512829],[-75.2463104720541,39.9171853594541]]},"properties":{"objectid":12307,"stname":"WOODLAND AVE","class1":"Minor Arterial","recfacil":null,"bikenetwor":"YES","combined_s":"Urban Arterial","street_typ":"Urban Arterial","sidewlk_wd":"Greater than or equal to 12 feet","wlk_zn":"Greater than or equal to 6 feet","phase2_sid":"Yes"}},{"type":"Feature","id":12338,"geometry":{"type":"LineString","coordinates":[[-75.1327659478209,39.9894980715895],[-75.1324222934396,39.9910925076237]]},"properties":{"objectid":12338,"stname":"WATERLOO ST","class1":"Local Residential","recfacil":null,"bikenetwor":null,"combined_s":"Local (Catch All)","street_typ":"Local (Catch All)","sidewlk_wd":"Greater than or equal to 10 feet","wlk_zn":"Greater than or equal to 5 feet","phase2_sid":null}},{"type":"Feature","id":12341,"geometry":{"type":"LineString","coordinates":[[-75.2419116478742,39.9103413666641],[-75.2419368829766,39.9103001747693],[-75.2419466072208,39.9102305748778],[-75.2415891727789,39.9091068033004]]},"properties":{"objectid":12341,"stname":"ISLAND AVE","class1":"Minor Arterial","recfacil":null,"bikenetwor":null,"combined_s":"City Neighborhood Street","street_typ":"City Neighborhood Street","sidewlk_wd":"Greater than or equal to 12 feet","wlk_zn":"Greater than or equal to 6 feet","phase2_sid":"Yes"}},{"type":"Feature","id":12400,"geometry":{"type":"LineString","coordinates":[[-75.2310944695402,39.9173529764448],[-75.2316111531732,39.9169840812313]]},"properties":{"objectid":12400,"stname":"DICKS AVE","class1":"Collector Residential","recfacil":null,"bikenetwor":null,"combined_s":"City Neighborhood Street","street_typ":"City Neighborhood Street","sidewlk_wd":"Greater than or equal to 12 feet","wlk_zn":"Greater than or equal to 6 feet","phase2_sid":"Yes"}},{"type":"Feature","id":12410,"geometry":{"type":"LineString","coordinates":[[-75.2315469854521,39.9123221924482],[-75.2309906581416,39.9118653273997]]},"properties":{"objectid":12410,"stname":"S 70TH ST","class1":"Minor Arterial","recfacil":"Marked Shared Lane","bikenetwor":null,"combined_s":"Urban Arterial","street_typ":"Urban Arterial","sidewlk_wd":"Greater than or equal to 12 feet","wlk_zn":"Greater than or equal to 6 feet","phase2_sid":"Yes"}},{"type":"Feature","id":12442,"geometry":{"type":"LineString","coordinates":[[-75.2473101645514,39.9022915155813],[-75.2482026121409,39.901789496543],[-75.2491111925106,39.9011228034126],[-75.2497530151443,39.9005572024711],[-75.2502314881868,39.9000382942482]]},"properties":{"objectid":12442,"stname":"LINDBERGH BLV","class1":"Major Arterial","recfacil":"Buffered Bike Lane","bikenetwor":null,"combined_s":"Urban Arterial","street_typ":"Urban Arterial","sidewlk_wd":"Greater than or equal to 12 feet","wlk_zn":"Greater than or equal to 6 feet","phase2_sid":"Yes"}},{"type":"Feature","id":12600,"geometry":{"type":"LineString","coordinates":[[-75.1986408358885,39.935642585645],[-75.199263301719,39.9357236690468]]},"properties":{"objectid":12600,"stname":"DICKINSON ST","class1":"Collector Residential","recfacil":null,"bikenetwor":null,"combined_s":"City Neighborhood Street","street_typ":"City Neighborhood Street","sidewlk_wd":"Greater than or equal to 12 feet","wlk_zn":"Greater than or equal to 6 feet","phase2_sid":"Yes"}},{"type":"Feature","id":12622,"geometry":{"type":"LineString","coordinates":[[-75.2473101645514,39.9022915155813],[-75.2471392743413,39.9022013982505]]},"properties":{"objectid":12622,"stname":"S 80TH ST","class1":"Collector Residential","recfacil":null,"bikenetwor":null,"combined_s":"Lower Density Residential","street_typ":"Lower Density Residential","sidewlk_wd":"Greater than or equal to 10 feet","wlk_zn":"Greater than or equal to 5 feet","phase2_sid":"Yes"}},{"type":"Feature","id":12678,"geometry":{"type":"LineString","coordinates":[[-75.2423661229376,39.9104776257964],[-75.2418871389125,39.9090512691651]]},"properties":{"objectid":12678,"stname":"ISLAND AVE","class1":"Major Arterial","recfacil":null,"bikenetwor":"YES","combined_s":"Urban Arterial","street_typ":"Urban Arterial","sidewlk_wd":"Greater than or equal to 12 feet","wlk_zn":"Greater than or equal to 6 feet","phase2_sid":"Yes"}},{"type":"Feature","id":12680,"geometry":{"type":"LineString","coordinates":[[-75.1206405225686,39.9958045430704],[-75.1202953999423,39.9973980672925]]},"properties":{"objectid":12680,"stname":"RORER ST","class1":"Local Residential","recfacil":null,"bikenetwor":null,"combined_s":"Local (Catch All)","street_typ":"Local (Catch All)","sidewlk_wd":"Greater than or equal to 10 feet","wlk_zn":"Greater than or equal to 5 feet","phase2_sid":null}},{"type":"Feature","id":12698,"geometry":{"type":"LineString","coordinates":[[-75.1217514735181,39.9975823074747],[-75.1212645431715,39.9975177338747]]},"properties":{"objectid":12698,"stname":"E ALLEGHENY AVE","class1":"Minor Arterial","recfacil":null,"bikenetwor":"YES","combined_s":"Urban Arterial","street_typ":"Urban Arterial","sidewlk_wd":"Greater than or equal to 12 feet","wlk_zn":"Greater than or equal to 6 feet","phase2_sid":"Yes"}},{"type":"Feature","id":12715,"geometry":{"type":"LineString","coordinates":[[-75.2401491154247,39.9041604807416],[-75.2403342477535,39.9041220898677]]},"properties":{"objectid":12715,"stname":"LINDBERGH BLV","class1":"Major Arterial","recfacil":"Buffered Bike Lane","bikenetwor":null,"combined_s":"Auto Oriented Commercial/Industrial","street_typ":"Auto Oriented Commercial/Industrial","sidewlk_wd":"Greater than or equal to 12 feet","wlk_zn":"Greater than or equal to 6 feet","phase2_sid":"Yes"}},{"type":"Feature","id":12716,"geometry":{"type":"LineString","coordinates":[[-75.2400049226508,39.9041903820576],[-75.2401491154247,39.9041604807416]]},"properties":{"objectid":12716,"stname":"LINDBERGH BLV","class1":"Major Arterial","recfacil":"Buffered Bike Lane","bikenetwor":null,"combined_s":"Auto Oriented Commercial/Industrial","street_typ":"Auto Oriented Commercial/Industrial","sidewlk_wd":"Greater than or equal to 12 feet","wlk_zn":"Greater than or equal to 6 feet","phase2_sid":"Yes"}},{"type":"Feature","id":12717,"geometry":{"type":"LineString","coordinates":[[-75.2400049226508,39.9041903820576],[-75.2399528703983,39.9040307753888]]},"properties":{"objectid":12717,"stname":"ISLAND AVE","class1":"Major Arterial","recfacil":null,"bikenetwor":null,"combined_s":"Urban Arterial","street_typ":"Urban Arterial","sidewlk_wd":"Greater than or equal to 12 feet","wlk_zn":"Greater than or equal to 6 feet","phase2_sid":"Yes"}},{"type":"Feature","id":12754,"geometry":{"type":"LineString","coordinates":[[-75.1266370129172,40.0108258908312],[-75.1262033548466,40.0129890661854],[-75.1259900086283,40.0138720734242]]},"properties":{"objectid":12754,"stname":"N FRONT ST","class1":"Minor Arterial","recfacil":null,"bikenetwor":"YES","combined_s":"Auto Oriented Commercial/Industrial","street_typ":"Auto Oriented Commercial/Industrial","sidewlk_wd":"Greater than or equal to 12 feet","wlk_zn":"Greater than or equal to 6 feet","phase2_sid":"Yes"}},{"type":"Feature","id":12763,"geometry":{"type":"LineString","coordinates":[[-75.1519703534888,39.9998411061433],[-75.1522227588159,39.9998719495012],[-75.1532735545214,40.0000140375318]]},"properties":{"objectid":12763,"stname":"W CLEARFIELD ST","class1":"Collector Residential","recfacil":null,"bikenetwor":null,"combined_s":"City Neighborhood Street","street_typ":"City Neighborhood Street","sidewlk_wd":"Greater than or equal to 12 feet","wlk_zn":"Greater than or equal to 6 feet","phase2_sid":"Yes"}},{"type":"Feature","id":12779,"geometry":{"type":"LineString","coordinates":[[-75.24283549541,39.9112813902883],[-75.242662148035,39.9113925300888]]},"properties":{"objectid":12779,"stname":"BUIST AVE","class1":"Collector Residential","recfacil":null,"bikenetwor":"YES","combined_s":"Lower Density Residential","street_typ":"Lower Density Residential","sidewlk_wd":"Greater than or equal to 10 feet","wlk_zn":"Greater than or equal to 5 feet","phase2_sid":"Yes"}},{"type":"Feature","id":12808,"geometry":{"type":"LineString","coordinates":[[-75.2430238190423,39.9125102851511],[-75.242662148035,39.9113925300888]]},"properties":{"objectid":12808,"stname":"ISLAND AVE","class1":"Major Arterial","recfacil":null,"bikenetwor":"YES","combined_s":"Urban Arterial","street_typ":"Urban Arterial","sidewlk_wd":"Greater than or equal to 12 feet","wlk_zn":"Greater than or equal to 6 feet","phase2_sid":"Yes"}},{"type":"Feature","id":12827,"geometry":{"type":"LineString","coordinates":[[-75.2411352448321,39.9072183441043],[-75.240944694779,39.9070490440804],[-75.240902898174,39.9069437193628],[-75.2400049226508,39.9041903820576]]},"properties":{"objectid":12827,"stname":"ISLAND AVE","class1":"Major Arterial","recfacil":null,"bikenetwor":null,"combined_s":"Urban Arterial","street_typ":"Urban Arterial","sidewlk_wd":"Greater than or equal to 12 feet","wlk_zn":"Greater than or equal to 6 feet","phase2_sid":"Yes"}},{"type":"Feature","id":12839,"geometry":{"type":"LineString","coordinates":[[-75.2401491154247,39.9041604807416],[-75.2400977494431,39.904001194608]]},"properties":{"objectid":12839,"stname":"ISLAND AVE","class1":"Major Arterial","recfacil":null,"bikenetwor":"YES","combined_s":"Urban Arterial","street_typ":"Urban Arterial","sidewlk_wd":"Greater than or equal to 12 feet","wlk_zn":"Greater than or equal to 6 feet","phase2_sid":"Yes"}},{"type":"Feature","id":12840,"geometry":{"type":"LineString","coordinates":[[-75.2431990293483,39.903581957223],[-75.2449874735447,39.9031879838677],[-75.2463116644864,39.9027442276539],[-75.2473038631589,39.9022950603638],[-75.2473101645514,39.9022915155813]]},"properties":{"objectid":12840,"stname":"LINDBERGH BLV","class1":"Major Arterial","recfacil":"Buffered Bike Lane","bikenetwor":null,"combined_s":"Urban Arterial","street_typ":"Urban Arterial","sidewlk_wd":"Greater than or equal to 12 feet","wlk_zn":"Greater than or equal to 6 feet","phase2_sid":"Yes"}},{"type":"Feature","id":12852,"geometry":{"type":"LineString","coordinates":[[-75.1886512693827,39.9230041870207],[-75.1902678078321,39.9232014954036]]},"properties":{"objectid":12852,"stname":"RITNER ST","class1":"Collector Residential","recfacil":null,"bikenetwor":"YES","combined_s":"City Neighborhood Street","street_typ":"City Neighborhood Street","sidewlk_wd":"Greater than or equal to 12 feet","wlk_zn":"Greater than or equal to 6 feet","phase2_sid":"Yes"}},{"type":"Feature","id":12855,"geometry":{"type":"LineString","coordinates":[[-75.1362347387855,40.0135570312958],[-75.1368450608412,40.0136336768772]]},"properties":{"objectid":12855,"stname":"W LYCOMING ST","class1":"Collector Residential","recfacil":null,"bikenetwor":null,"combined_s":"City Neighborhood Street","street_typ":"City Neighborhood Street","sidewlk_wd":"Greater than or equal to 12 feet","wlk_zn":"Greater than or equal to 6 feet","phase2_sid":"Yes"}},{"type":"Feature","id":12899,"geometry":{"type":"LineString","coordinates":[[-75.218069476544,39.9370151465741],[-75.2189861965221,39.9363785612478]]},"properties":{"objectid":12899,"stname":"WOODLAND AVE","class1":"Minor Arterial","recfacil":null,"bikenetwor":"YES","combined_s":"Urban Arterial","street_typ":"Urban Arterial","sidewlk_wd":"Greater than or equal to 12 feet","wlk_zn":"Greater than or equal to 6 feet","phase2_sid":"Yes"}},{"type":"Feature","id":12940,"geometry":{"type":"LineString","coordinates":[[-75.1404456010858,40.0141039221362],[-75.1400985484763,40.0156909893751]]},"properties":{"objectid":12940,"stname":"N 08TH ST","class1":"Collector Residential","recfacil":null,"bikenetwor":null,"combined_s":"City Neighborhood Street","street_typ":"City Neighborhood Street","sidewlk_wd":"Greater than or equal to 12 feet","wlk_zn":"Greater than or equal to 6 feet","phase2_sid":"Yes"}},{"type":"Feature","id":12948,"geometry":{"type":"LineString","coordinates":[[-75.2400977494431,39.904001194608],[-75.240283921415,39.9039631833807]]},"properties":{"objectid":12948,"stname":"LINDBERGH BLV","class1":"Major Arterial","recfacil":"Buffered Bike Lane","bikenetwor":null,"combined_s":"Auto Oriented Commercial/Industrial","street_typ":"Auto Oriented Commercial/Industrial","sidewlk_wd":"Greater than or equal to 12 feet","wlk_zn":"Greater than or equal to 6 feet","phase2_sid":"Yes"}},{"type":"Feature","id":12950,"geometry":{"type":"LineString","coordinates":[[-75.2117149463321,39.9420568398659],[-75.2122559443369,39.9412590134399]]},"properties":{"objectid":12950,"stname":"WOODLAND AVE","class1":"Minor Arterial","recfacil":null,"bikenetwor":"YES","combined_s":"Urban Arterial","street_typ":"Urban Arterial","sidewlk_wd":"Greater than or equal to 12 feet","wlk_zn":"Greater than or equal to 6 feet","phase2_sid":"Yes"}},{"type":"Feature","id":12953,"geometry":{"type":"LineString","coordinates":[[-75.2295763162931,39.9453124262404],[-75.2301072066001,39.9449418711989]]},"properties":{"objectid":12953,"stname":"WHITBY AVE","class1":"Minor Arterial","recfacil":null,"bikenetwor":"YES","combined_s":"Urban Arterial","street_typ":"Urban Arterial","sidewlk_wd":"Greater than or equal to 12 feet","wlk_zn":"Greater than or equal to 6 feet","phase2_sid":"Yes"}},{"type":"Feature","id":12995,"geometry":{"type":"LineString","coordinates":[[-75.1358905037068,40.0104391201537],[-75.1361788493746,40.010487589784]]},"properties":{"objectid":12995,"stname":"W PIKE ST","class1":"Local Residential","recfacil":null,"bikenetwor":null,"combined_s":"Local (Catch All)","street_typ":"Local (Catch All)","sidewlk_wd":"Greater than or equal to 10 feet","wlk_zn":"Greater than or equal to 5 feet","phase2_sid":null}},{"type":"Feature","id":13043,"geometry":{"type":"LineString","coordinates":[[-75.2030862870623,39.9517549129314],[-75.2055853251389,39.952065531351]]},"properties":{"objectid":13043,"stname":"SPRUCE ST","class1":"Minor Arterial","recfacil":null,"bikenetwor":"YES","combined_s":"Urban Arterial","street_typ":"Urban Arterial","sidewlk_wd":"Greater than or equal to 12 feet","wlk_zn":"Greater than or equal to 6 feet","phase2_sid":"Yes"}},{"type":"Feature","id":13050,"geometry":{"type":"LineString","coordinates":[[-75.1352691445039,40.0103574438302],[-75.1358905037068,40.0104391201537]]},"properties":{"objectid":13050,"stname":"W PIKE ST","class1":"Local Residential","recfacil":null,"bikenetwor":null,"combined_s":"Local (Catch All)","street_typ":"Local (Catch All)","sidewlk_wd":"Greater than or equal to 10 feet","wlk_zn":"Greater than or equal to 5 feet","phase2_sid":null}},{"type":"Feature","id":13089,"geometry":{"type":"LineString","coordinates":[[-75.1971772841893,39.9394352981756],[-75.1981243824123,39.9396474924145]]},"properties":{"objectid":13089,"stname":"GRAYS FERRY AVE","class1":"Major Arterial","recfacil":null,"bikenetwor":"YES","combined_s":"Urban Arterial","street_typ":"Urban Arterial","sidewlk_wd":"Greater than or equal to 12 feet","wlk_zn":"Greater than or equal to 6 feet","phase2_sid":"Yes"}},{"type":"Feature","id":13111,"geometry":{"type":"LineString","coordinates":[[-75.1174996593082,39.9965253833892],[-75.1173855211182,39.9970159648543]]},"properties":{"objectid":13111,"stname":"F ST","class1":"Collector Residential","recfacil":"Bike Lane","bikenetwor":null,"combined_s":"City Neighborhood Street","street_typ":"City Neighborhood Street","sidewlk_wd":"Greater than or equal to 12 feet","wlk_zn":"Greater than or equal to 6 feet","phase2_sid":"Yes"}},{"type":"Feature","id":13118,"geometry":{"type":"LineString","coordinates":[[-75.1261031619052,39.9981455605068],[-75.1253831133332,39.9980530734476]]},"properties":{"objectid":13118,"stname":"E ALLEGHENY AVE","class1":"Minor Arterial","recfacil":null,"bikenetwor":"YES","combined_s":"Urban Arterial","street_typ":"Urban Arterial","sidewlk_wd":"Greater than or equal to 12 feet","wlk_zn":"Greater than or equal to 6 feet","phase2_sid":"Yes"}},{"type":"Feature","id":13158,"geometry":{"type":"LineString","coordinates":[[-75.1992074655156,39.9512664190976],[-75.2008043422248,39.9514675445856]]},"properties":{"objectid":13158,"stname":"SPRUCE ST","class1":"Minor Arterial","recfacil":null,"bikenetwor":"YES","combined_s":"Urban Arterial","street_typ":"Urban Arterial","sidewlk_wd":"Greater than or equal to 12 feet","wlk_zn":"Greater than or equal to 6 feet","phase2_sid":"Yes"}},{"type":"Feature","id":13159,"geometry":{"type":"LineString","coordinates":[[-75.1358905037068,40.0104391201537],[-75.1362694064705,40.0100855929609]]},"properties":{"objectid":13159,"stname":"RISING SUN AVE","class1":"Minor Arterial","recfacil":null,"bikenetwor":null,"combined_s":"City Neighborhood Street","street_typ":"City Neighborhood Street","sidewlk_wd":"Greater than or equal to 12 feet","wlk_zn":"Greater than or equal to 6 feet","phase2_sid":"Yes"}},{"type":"Feature","id":13212,"geometry":{"type":"LineString","coordinates":[[-75.1167545750055,39.995303421564],[-75.1164160037411,39.9968904152501]]},"properties":{"objectid":13212,"stname":"CUSTER ST","class1":"Local Residential","recfacil":null,"bikenetwor":null,"combined_s":"Local (Catch All)","street_typ":"Local (Catch All)","sidewlk_wd":"Greater than or equal to 10 feet","wlk_zn":"Greater than or equal to 5 feet","phase2_sid":null}},{"type":"Feature","id":13213,"geometry":{"type":"LineString","coordinates":[[-75.1230556741693,39.9961137856456],[-75.1230380235409,39.996165584542],[-75.1227088405108,39.9976970085751]]},"properties":{"objectid":13213,"stname":"ARBOR ST","class1":"Local Residential","recfacil":null,"bikenetwor":null,"combined_s":"Local (Catch All)","street_typ":"Local (Catch All)","sidewlk_wd":"Greater than or equal to 10 feet","wlk_zn":"Greater than or equal to 5 feet","phase2_sid":null}},{"type":"Feature","id":13230,"geometry":{"type":"LineString","coordinates":[[-75.1280243335199,40.0043377783009],[-75.1272888955852,40.007704727293]]},"properties":{"objectid":13230,"stname":"N FRONT ST","class1":"Minor Arterial","recfacil":null,"bikenetwor":"YES","combined_s":"Auto Oriented Commercial/Industrial","street_typ":"Auto Oriented Commercial/Industrial","sidewlk_wd":"Greater than or equal to 12 feet","wlk_zn":"Greater than or equal to 6 feet","phase2_sid":"Yes"}},{"type":"Feature","id":13235,"geometry":{"type":"LineString","coordinates":[[-75.1173855211182,39.9970159648543],[-75.1168770389886,39.9969521089863]]},"properties":{"objectid":13235,"stname":"E ALLEGHENY AVE","class1":"Minor Arterial","recfacil":null,"bikenetwor":"YES","combined_s":"Urban Arterial","street_typ":"Urban Arterial","sidewlk_wd":"Greater than or equal to 12 feet","wlk_zn":"Greater than or equal to 6 feet","phase2_sid":"Yes"}},{"type":"Feature","id":13324,"geometry":{"type":"LineString","coordinates":[[-75.1194314229554,39.9967781537784],[-75.1193308482536,39.9972641091503]]},"properties":{"objectid":13324,"stname":"E ST","class1":"Collector Residential","recfacil":null,"bikenetwor":null,"combined_s":"City Neighborhood Street","street_typ":"City Neighborhood Street","sidewlk_wd":"Greater than or equal to 12 feet","wlk_zn":"Greater than or equal to 6 feet","phase2_sid":"Yes"}},{"type":"Feature","id":13344,"geometry":{"type":"LineString","coordinates":[[-75.1421181799129,40.0064465723973],[-75.1419465331707,40.007241129654]]},"properties":{"objectid":13344,"stname":"N 08TH ST","class1":"Collector Residential","recfacil":null,"bikenetwor":null,"combined_s":"City Neighborhood Street","street_typ":"City Neighborhood Street","sidewlk_wd":"Greater than or equal to 12 feet","wlk_zn":"Greater than or equal to 6 feet","phase2_sid":"Yes"}},{"type":"Feature","id":13373,"geometry":{"type":"LineString","coordinates":[[-75.1215125106254,39.9861749628439],[-75.1212144174523,39.9858300498093]]},"properties":{"objectid":13373,"stname":"E LEHIGH AVE","class1":"Major Arterial","recfacil":null,"bikenetwor":"YES","combined_s":"Urban Arterial","street_typ":"Urban Arterial","sidewlk_wd":"Greater than or equal to 12 feet","wlk_zn":"Greater than or equal to 6 feet","phase2_sid":"Yes"}},{"type":"Feature","id":13417,"geometry":{"type":"LineString","coordinates":[[-75.1242890196903,39.9962710089801],[-75.1239366252296,39.9978591562283]]},"properties":{"objectid":13417,"stname":"ROSEHILL ST","class1":"Local Residential","recfacil":null,"bikenetwor":null,"combined_s":"Local (Catch All)","street_typ":"Local (Catch All)","sidewlk_wd":"Greater than or equal to 10 feet","wlk_zn":"Greater than or equal to 5 feet","phase2_sid":null}},{"type":"Feature","id":13466,"geometry":{"type":"LineString","coordinates":[[-75.1362694064705,40.0100855929609],[-75.1368803292921,40.0095799738798],[-75.1370625711621,40.0094829574475]]},"properties":{"objectid":13466,"stname":"RISING SUN AVE","class1":"Minor Arterial","recfacil":null,"bikenetwor":null,"combined_s":"City Neighborhood Street","street_typ":"City Neighborhood Street","sidewlk_wd":"Greater than or equal to 12 feet","wlk_zn":"Greater than or equal to 6 feet","phase2_sid":"Yes"}},{"type":"Feature","id":13540,"geometry":{"type":"LineString","coordinates":[[-75.1286308518164,39.9984683310563],[-75.1273391931237,39.9983003570562]]},"properties":{"objectid":13540,"stname":"E ALLEGHENY AVE","class1":"Minor Arterial","recfacil":null,"bikenetwor":"YES","combined_s":"Urban Arterial","street_typ":"Urban Arterial","sidewlk_wd":"Greater than or equal to 12 feet","wlk_zn":"Greater than or equal to 6 feet","phase2_sid":"Yes"}},{"type":"Feature","id":13664,"geometry":{"type":"LineString","coordinates":[[-75.1477483696224,39.9914384519902],[-75.1483103274306,39.9915131821543]]},"properties":{"objectid":13664,"stname":"W HUNTINGDON ST","class1":"Collector Residential","recfacil":null,"bikenetwor":null,"combined_s":"City Neighborhood Street","street_typ":"City Neighborhood Street","sidewlk_wd":"Greater than or equal to 12 feet","wlk_zn":"Greater than or equal to 6 feet","phase2_sid":"Yes"}},{"type":"Feature","id":13702,"geometry":{"type":"LineString","coordinates":[[-75.1184729717774,39.9971536508319],[-75.1183468973341,39.9977412219437]]},"properties":{"objectid":13702,"stname":"TAMPA ST","class1":"Local Residential","recfacil":null,"bikenetwor":null,"combined_s":"Local (Catch All)","street_typ":"Local (Catch All)","sidewlk_wd":"Greater than or equal to 10 feet","wlk_zn":"Greater than or equal to 5 feet","phase2_sid":null}},{"type":"Feature","id":13712,"geometry":{"type":"LineString","coordinates":[[-75.1274575347607,39.997776930841],[-75.1273391931237,39.9983003570562]]},"properties":{"objectid":13712,"stname":"A ST","class1":"Collector Residential","recfacil":null,"bikenetwor":null,"combined_s":"City Neighborhood Street","street_typ":"City Neighborhood Street","sidewlk_wd":"Greater than or equal to 12 feet","wlk_zn":"Greater than or equal to 6 feet","phase2_sid":"Yes"}},{"type":"Feature","id":13772,"geometry":{"type":"LineString","coordinates":[[-75.0960179292449,39.9866511121999],[-75.0949184400821,39.9872269302992]]},"properties":{"objectid":13772,"stname":"SALMON ST","class1":"Local Residential","recfacil":null,"bikenetwor":null,"combined_s":"Local (Catch All)","street_typ":"Local (Catch All)","sidewlk_wd":"Greater than or equal to 10 feet","wlk_zn":"Greater than or equal to 5 feet","phase2_sid":null}},{"type":"Feature","id":13811,"geometry":{"type":"LineString","coordinates":[[-75.0831592412572,39.9923823430398],[-75.0817163450343,39.9931117489945]]},"properties":{"objectid":13811,"stname":"RICHMOND ST","class1":"Minor Arterial","recfacil":"Marked Shared Lane","bikenetwor":"YES","combined_s":"City Neighborhood Street","street_typ":"City Neighborhood Street","sidewlk_wd":"Greater than or equal to 12 feet","wlk_zn":"Greater than or equal to 6 feet","phase2_sid":"Yes"}},{"type":"Feature","id":13827,"geometry":{"type":"LineString","coordinates":[[-75.1067508109052,39.9889895224463],[-75.1063281003308,39.9885332717601]]},"properties":{"objectid":13827,"stname":"E ALLEGHENY AVE","class1":"Minor Arterial","recfacil":null,"bikenetwor":"YES","combined_s":"Urban Arterial","street_typ":"Urban Arterial","sidewlk_wd":"Greater than or equal to 12 feet","wlk_zn":"Greater than or equal to 6 feet","phase2_sid":"Yes"}},{"type":"Feature","id":13883,"geometry":{"type":"LineString","coordinates":[[-75.1292623219347,39.9985484937041],[-75.1286308518164,39.9984683310563]]},"properties":{"objectid":13883,"stname":"E ALLEGHENY AVE","class1":"Minor Arterial","recfacil":null,"bikenetwor":"YES","combined_s":"Urban Arterial","street_typ":"Urban Arterial","sidewlk_wd":"Greater than or equal to 12 feet","wlk_zn":"Greater than or equal to 6 feet","phase2_sid":"Yes"}},{"type":"Feature","id":13968,"geometry":{"type":"LineString","coordinates":[[-75.1155260627919,39.9853746355789],[-75.1152270985302,39.9850271597269]]},"properties":{"objectid":13968,"stname":"E AUBURN ST","class1":"Local Residential","recfacil":null,"bikenetwor":null,"combined_s":"Local (Catch All)","street_typ":"Local (Catch All)","sidewlk_wd":"Greater than or equal to 10 feet","wlk_zn":"Greater than or equal to 5 feet","phase2_sid":null}},{"type":"Feature","id":13989,"geometry":{"type":"LineString","coordinates":[[-75.1302682951611,39.9876477921289],[-75.1296442732968,39.9875551532437]]},"properties":{"objectid":13989,"stname":"E CUMBERLAND ST","class1":"Collector Residential","recfacil":null,"bikenetwor":null,"combined_s":"City Neighborhood Street","street_typ":"City Neighborhood Street","sidewlk_wd":"Greater than or equal to 12 feet","wlk_zn":"Greater than or equal to 6 feet","phase2_sid":"Yes"}},{"type":"Feature","id":14040,"geometry":{"type":"LineString","coordinates":[[-75.1046043803737,39.9943972953113],[-75.1023064613643,39.9955940398282]]},"properties":{"objectid":14040,"stname":"COLLINS ST","class1":"Local Residential","recfacil":null,"bikenetwor":null,"combined_s":"Local (Catch All)","street_typ":"Local (Catch All)","sidewlk_wd":"Greater than or equal to 10 feet","wlk_zn":"Greater than or equal to 5 feet","phase2_sid":null}},{"type":"Feature","id":14055,"geometry":{"type":"LineString","coordinates":[[-75.1512043941426,39.9074708620767],[-75.1522261818866,39.9025969217414]]},"properties":{"objectid":14055,"stname":"S FRONT ST","class1":"Minor Arterial","recfacil":null,"bikenetwor":null,"combined_s":"Auto Oriented Commercial/Industrial","street_typ":"Auto Oriented Commercial/Industrial","sidewlk_wd":"Greater than or equal to 12 feet","wlk_zn":"Greater than or equal to 6 feet","phase2_sid":"Yes"}},{"type":"Feature","id":14064,"geometry":{"type":"LineString","coordinates":[[-75.1646451606434,39.9042530128327],[-75.1656625395777,39.8995922665383]]},"properties":{"objectid":14064,"stname":"S DARIEN ST","class1":"Local Residential","recfacil":"Marked Shared Lane","bikenetwor":"YES","combined_s":"Local (Catch All)","street_typ":"Local (Catch All)","sidewlk_wd":"Greater than or equal to 10 feet","wlk_zn":"Greater than or equal to 5 feet","phase2_sid":null}},{"type":"Feature","id":14081,"geometry":{"type":"LineString","coordinates":[[-75.1296442732968,39.9875551532437],[-75.129479244685,39.9882791548466]]},"properties":{"objectid":14081,"stname":"A ST","class1":"Collector Residential","recfacil":null,"bikenetwor":null,"combined_s":"City Neighborhood Street","street_typ":"City Neighborhood Street","sidewlk_wd":"Greater than or equal to 12 feet","wlk_zn":"Greater than or equal to 6 feet","phase2_sid":"Yes"}},{"type":"Feature","id":14105,"geometry":{"type":"LineString","coordinates":[[-75.1015586383853,39.9947603355929],[-75.1012729910126,39.9944315102821]]},"properties":{"objectid":14105,"stname":"E TIOGA ST","class1":"Collector Residential","recfacil":null,"bikenetwor":null,"combined_s":"Lower Density Residential","street_typ":"Lower Density Residential","sidewlk_wd":"Greater than or equal to 10 feet","wlk_zn":"Greater than or equal to 5 feet","phase2_sid":"Yes"}},{"type":"Feature","id":14109,"geometry":{"type":"LineString","coordinates":[[-75.0970090125323,39.9934090067031],[-75.0966026009113,39.9929358133589]]},"properties":{"objectid":14109,"stname":"E VENANGO ST","class1":"Collector Residential","recfacil":null,"bikenetwor":null,"combined_s":"City Neighborhood Street","street_typ":"City Neighborhood Street","sidewlk_wd":"Greater than or equal to 12 feet","wlk_zn":"Greater than or equal to 6 feet","phase2_sid":"Yes"}},{"type":"Feature","id":14120,"geometry":{"type":"LineString","coordinates":[[-75.1003039172415,39.9933316959711],[-75.0993034984177,39.9921949092223]]},"properties":{"objectid":14120,"stname":"E TIOGA ST","class1":"Collector Residential","recfacil":null,"bikenetwor":null,"combined_s":"Lower Density Residential","street_typ":"Lower Density Residential","sidewlk_wd":"Greater than or equal to 10 feet","wlk_zn":"Greater than or equal to 5 feet","phase2_sid":"Yes"}},{"type":"Feature","id":14332,"geometry":{"type":"LineString","coordinates":[[-75.0871592427415,39.9903344532463],[-75.0851674625709,39.9913556318587]]},"properties":{"objectid":14332,"stname":"RICHMOND ST","class1":"Minor Arterial","recfacil":"Marked Shared Lane","bikenetwor":"YES","combined_s":"City Neighborhood Street","street_typ":"City Neighborhood Street","sidewlk_wd":"Greater than or equal to 12 feet","wlk_zn":"Greater than or equal to 6 feet","phase2_sid":"Yes"}},{"type":"Feature","id":14351,"geometry":{"type":"LineString","coordinates":[[-75.1091938160719,39.9877111207592],[-75.1067508109052,39.9889895224463]]},"properties":{"objectid":14351,"stname":"MEMPHIS ST","class1":"Local Residential","recfacil":null,"bikenetwor":null,"combined_s":"Local (Catch All)","street_typ":"Local (Catch All)","sidewlk_wd":"Greater than or equal to 10 feet","wlk_zn":"Greater than or equal to 5 feet","phase2_sid":null}},{"type":"Feature","id":14368,"geometry":{"type":"LineString","coordinates":[[-75.160276964343,39.9206205852626],[-75.1603334684282,39.9203772999273]]},"properties":{"objectid":14368,"stname":"S 08TH ST","class1":"Collector Residential","recfacil":null,"bikenetwor":null,"combined_s":"City Neighborhood Street","street_typ":"City Neighborhood Street","sidewlk_wd":"Greater than or equal to 12 feet","wlk_zn":"Greater than or equal to 6 feet","phase2_sid":"Yes"}},{"type":"Feature","id":14419,"geometry":{"type":"LineString","coordinates":[[-75.1104550676351,39.9891378267977],[-75.1080166047068,39.9904104109339]]},"properties":{"objectid":14419,"stname":"JANNEY ST","class1":"Local Residential","recfacil":null,"bikenetwor":null,"combined_s":"Local (Catch All)","street_typ":"Local (Catch All)","sidewlk_wd":"Greater than or equal to 10 feet","wlk_zn":"Greater than or equal to 5 feet","phase2_sid":null}},{"type":"Feature","id":14430,"geometry":{"type":"LineString","coordinates":[[-75.1087883565131,39.9872449837443],[-75.1083610914503,39.9867628076781]]},"properties":{"objectid":14430,"stname":"E CLEARFIELD ST","class1":"Collector Residential","recfacil":null,"bikenetwor":null,"combined_s":"City Neighborhood Street","street_typ":"City Neighborhood Street","sidewlk_wd":"Greater than or equal to 12 feet","wlk_zn":"Greater than or equal to 6 feet","phase2_sid":"Yes"}},{"type":"Feature","id":14433,"geometry":{"type":"LineString","coordinates":[[-75.1093428405693,39.9919188196958],[-75.1083157780244,39.9907405990824]]},"properties":{"objectid":14433,"stname":"E ALLEGHENY AVE","class1":"Minor Arterial","recfacil":null,"bikenetwor":"YES","combined_s":"Urban Arterial","street_typ":"Urban Arterial","sidewlk_wd":"Greater than or equal to 12 feet","wlk_zn":"Greater than or equal to 6 feet","phase2_sid":"Yes"}},{"type":"Feature","id":14457,"geometry":{"type":"LineString","coordinates":[[-75.1584331164695,39.9034715814007],[-75.1590784752977,39.9005477661482]]},"properties":{"objectid":14457,"stname":"S LAWRENCE ST","class1":"Local Residential","recfacil":null,"bikenetwor":null,"combined_s":"Local (Catch All)","street_typ":"Local (Catch All)","sidewlk_wd":"Greater than or equal to 10 feet","wlk_zn":"Greater than or equal to 5 feet","phase2_sid":null}},{"type":"Feature","id":14484,"geometry":{"type":"LineString","coordinates":[[-75.1039054801663,39.9898056167005],[-75.1034848643726,39.9893204614232]]},"properties":{"objectid":14484,"stname":"E WESTMORELAND ST","class1":"Collector Residential","recfacil":null,"bikenetwor":null,"combined_s":"City Neighborhood Street","street_typ":"City Neighborhood Street","sidewlk_wd":"Greater than or equal to 12 feet","wlk_zn":"Greater than or equal to 6 feet","phase2_sid":"Yes"}},{"type":"Feature","id":14490,"geometry":{"type":"LineString","coordinates":[[-75.0926625632291,39.9875200225516],[-75.0919640794161,39.9867234715996],[-75.0919232586707,39.9866890283384]]},"properties":{"objectid":14490,"stname":"KINGSTON ST","class1":"Local Residential","recfacil":null,"bikenetwor":null,"combined_s":"Local (Catch All)","street_typ":"Local (Catch All)","sidewlk_wd":"Greater than or equal to 10 feet","wlk_zn":"Greater than or equal to 5 feet","phase2_sid":null}},{"type":"Feature","id":14525,"geometry":{"type":"LineString","coordinates":[[-75.1584331164695,39.9034715814007],[-75.1623092932567,39.9039526053435]]},"properties":{"objectid":14525,"stname":"PATTISON AVE","class1":"Major Arterial","recfacil":"Bike Lanes","bikenetwor":"YES","combined_s":"Auto Oriented Commercial/Industrial","street_typ":"Auto Oriented Commercial/Industrial","sidewlk_wd":"Greater than or equal to 12 feet","wlk_zn":"Greater than or equal to 6 feet","phase2_sid":"Yes"}},{"type":"Feature","id":14533,"geometry":{"type":"LineString","coordinates":[[-75.0942299306885,39.9927438698272],[-75.0932948389701,39.9932300437036]]},"properties":{"objectid":14533,"stname":"GAUL ST","class1":"Collector Residential","recfacil":null,"bikenetwor":null,"combined_s":"Lower Density Residential","street_typ":"Lower Density Residential","sidewlk_wd":"Greater than or equal to 10 feet","wlk_zn":"Greater than or equal to 5 feet","phase2_sid":"Yes"}},{"type":"Feature","id":14566,"geometry":{"type":"LineString","coordinates":[[-75.1202528970514,39.983832019379],[-75.1196926119308,39.9841214722637]]},"properties":{"objectid":14566,"stname":"SEPVIVA ST","class1":"Local Residential","recfacil":null,"bikenetwor":null,"combined_s":"Local (Catch All)","street_typ":"Local (Catch All)","sidewlk_wd":"Greater than or equal to 10 feet","wlk_zn":"Greater than or equal to 5 feet","phase2_sid":null}},{"type":"Feature","id":14673,"geometry":{"type":"LineString","coordinates":[[-75.1005968093167,39.9819807557832],[-75.1003648951763,39.9820641229279],[-75.0998034153679,39.9822650252038],[-75.0995303025287,39.9823559072424],[-75.0980193920585,39.9829336088483]]},"properties":{"objectid":14673,"stname":"DELAWARE EXP RMP A","class1":"High-Speed Ramp","recfacil":null,"bikenetwor":null,"combined_s":null,"street_typ":"N/A Interstate","sidewlk_wd":null,"wlk_zn":null,"phase2_sid":null}},{"type":"Feature","id":14682,"geometry":{"type":"LineString","coordinates":[[-75.165423369512,39.9436550229556],[-75.1655771205027,39.9436738524042]]},"properties":{"objectid":14682,"stname":"SOUTH ST","class1":"Collector Residential","recfacil":null,"bikenetwor":null,"combined_s":"City Neighborhood Street","street_typ":"City Neighborhood Street","sidewlk_wd":"Greater than or equal to 12 feet","wlk_zn":"Greater than or equal to 6 feet","phase2_sid":"No"}},{"type":"Feature","id":14802,"geometry":{"type":"LineString","coordinates":[[-75.1499956136429,39.9305861339741],[-75.1516001655494,39.9307914483504]]},"properties":{"objectid":14802,"stname":"REED ST","class1":"Collector Residential","recfacil":null,"bikenetwor":null,"combined_s":"City Neighborhood Street","street_typ":"City Neighborhood Street","sidewlk_wd":"Greater than or equal to 12 feet","wlk_zn":"Greater than or equal to 6 feet","phase2_sid":"Yes"}},{"type":"Feature","id":14854,"geometry":{"type":"LineString","coordinates":[[-75.1652037666121,39.944656404042],[-75.1653431728045,39.944673666191]]},"properties":{"objectid":14854,"stname":"LOMBARD ST","class1":"Minor Arterial","recfacil":null,"bikenetwor":null,"combined_s":"City Neighborhood Street","street_typ":"City Neighborhood Street","sidewlk_wd":"Greater than or equal to 12 feet","wlk_zn":"Greater than or equal to 6 feet","phase2_sid":null}},{"type":"Feature","id":14858,"geometry":{"type":"LineString","coordinates":[[-75.1458232040943,39.928774086238],[-75.1467083224362,39.9288814625346]]},"properties":{"objectid":14858,"stname":"DICKINSON ST","class1":"Collector Residential","recfacil":null,"bikenetwor":null,"combined_s":"City Neighborhood Street","street_typ":"City Neighborhood Street","sidewlk_wd":"Greater than or equal to 12 feet","wlk_zn":"Greater than or equal to 6 feet","phase2_sid":"Yes"}},{"type":"Feature","id":14881,"geometry":{"type":"LineString","coordinates":[[-75.0817163450343,39.9931117489945],[-75.0759353113784,39.9865618380789]]},"properties":{"objectid":14881,"stname":"LEWIS ST","class1":"Collector Residential","recfacil":"Bike Lane","bikenetwor":null,"combined_s":"City Neighborhood Street","street_typ":"City Neighborhood Street","sidewlk_wd":"Greater than or equal to 12 feet","wlk_zn":"Greater than or equal to 6 feet","phase2_sid":"Yes"}},{"type":"Feature","id":14892,"geometry":{"type":"LineString","coordinates":[[-75.0946289920939,39.9852562202141],[-75.0939055118831,39.9844372669385]]},"properties":{"objectid":14892,"stname":"E SCHILLER ST","class1":"Local Residential","recfacil":null,"bikenetwor":null,"combined_s":"Local (Catch All)","street_typ":"Local (Catch All)","sidewlk_wd":"Greater than or equal to 10 feet","wlk_zn":"Greater than or equal to 5 feet","phase2_sid":null}},{"type":"Feature","id":14913,"geometry":{"type":"LineString","coordinates":[[-75.1010135848079,39.982470405589],[-75.1008209091451,39.9822248411728],[-75.1006847260502,39.9820765119249],[-75.1005968093167,39.9819807557832]]},"properties":{"objectid":14913,"stname":"E ALLEGHENY AVE","class1":"Minor Arterial","recfacil":null,"bikenetwor":"YES","combined_s":"Urban Arterial","street_typ":"Urban Arterial","sidewlk_wd":"Greater than or equal to 12 feet","wlk_zn":"Greater than or equal to 6 feet","phase2_sid":"Yes"}},{"type":"Feature","id":14921,"geometry":{"type":"LineString","coordinates":[[-75.0936362520549,39.9857797440591],[-75.0923473891945,39.9843117772698]]},"properties":{"objectid":14921,"stname":"E TIOGA ST","class1":"Collector Residential","recfacil":null,"bikenetwor":null,"combined_s":"City Neighborhood Street","street_typ":"City Neighborhood Street","sidewlk_wd":"Greater than or equal to 12 feet","wlk_zn":"Greater than or equal to 6 feet","phase2_sid":"Yes"}},{"type":"Feature","id":14963,"geometry":{"type":"LineString","coordinates":[[-75.0980193920585,39.9829336088483],[-75.0976048499551,39.9824616191185],[-75.0975539307345,39.9823916535988],[-75.0975283831318,39.9823262056762],[-75.0975229491962,39.9822690841635],[-75.0975244430894,39.9822201573063]]},"properties":{"objectid":14963,"stname":"E WESTMORELAND ST","class1":"Collector Residential","recfacil":null,"bikenetwor":null,"combined_s":"Local (Catch All)","street_typ":"Local (Catch All)","sidewlk_wd":"Greater than or equal to 10 feet","wlk_zn":"Greater than or equal to 5 feet","phase2_sid":"Yes"}},{"type":"Feature","id":14973,"geometry":{"type":"LineString","coordinates":[[-75.1623092932567,39.9039526053435],[-75.1646451606434,39.9042530128327]]},"properties":{"objectid":14973,"stname":"PATTISON AVE","class1":"Major Arterial","recfacil":"Bike Lanes","bikenetwor":"YES","combined_s":"Auto Oriented Commercial/Industrial","street_typ":"Auto Oriented Commercial/Industrial","sidewlk_wd":"Greater than or equal to 12 feet","wlk_zn":"Greater than or equal to 6 feet","phase2_sid":"Yes"}},{"type":"Feature","id":15035,"geometry":{"type":"LineString","coordinates":[[-75.1449569666374,39.9832007605127],[-75.145746353976,39.983307116448]]},"properties":{"objectid":15035,"stname":"DIAMOND ST","class1":"Minor Arterial","recfacil":"Marked Shared Lane","bikenetwor":"YES","combined_s":"Urban Arterial","street_typ":"Urban Arterial","sidewlk_wd":"Greater than or equal to 12 feet","wlk_zn":"Greater than or equal to 6 feet","phase2_sid":"Yes"}},{"type":"Feature","id":15039,"geometry":{"type":"LineString","coordinates":[[-75.1649989562253,39.945564174647],[-75.1651557862845,39.9455663033415]]},"properties":{"objectid":15039,"stname":"PINE ST","class1":"Minor Arterial","recfacil":null,"bikenetwor":"YES","combined_s":"City Neighborhood Street","street_typ":"City Neighborhood Street","sidewlk_wd":"Greater than or equal to 12 feet","wlk_zn":"Greater than or equal to 6 feet","phase2_sid":null}},{"type":"Feature","id":15085,"geometry":{"type":"LineString","coordinates":[[-75.1653321262244,39.9440861916976],[-75.165423369512,39.9436550229556]]},"properties":{"objectid":15085,"stname":"S BROAD ST","class1":"Major Arterial","recfacil":null,"bikenetwor":"YES","combined_s":"Civic/Ceremonial Street","street_typ":"Civic/Ceremonial Street","sidewlk_wd":"Greater than or equal to  20 feet","wlk_zn":"Greater than or equal to 10 feet","phase2_sid":"No"}},{"type":"Feature","id":15133,"geometry":{"type":"LineString","coordinates":[[-75.1628653666841,39.9209507669039],[-75.1634148656241,39.9210247521625]]},"properties":{"objectid":15133,"stname":"WOLF ST","class1":"Collector Residential","recfacil":null,"bikenetwor":null,"combined_s":"City Neighborhood Street","street_typ":"City Neighborhood Street","sidewlk_wd":"Greater than or equal to 12 feet","wlk_zn":"Greater than or equal to 6 feet","phase2_sid":"Yes"}},{"type":"Feature","id":15155,"geometry":{"type":"LineString","coordinates":[[-75.1597429988681,39.9205174228794],[-75.1599948440901,39.9193598642055],[-75.1600036557027,39.9193002743891]]},"properties":{"objectid":15155,"stname":"S FRANKLIN ST","class1":"Local Residential","recfacil":null,"bikenetwor":null,"combined_s":"Local (Catch All)","street_typ":"Local (Catch All)","sidewlk_wd":"Greater than or equal to 10 feet","wlk_zn":"Greater than or equal to 5 feet","phase2_sid":null}},{"type":"Feature","id":15164,"geometry":{"type":"LineString","coordinates":[[-75.161577773773,39.922073327809],[-75.1631443608877,39.9222722889261]]},"properties":{"objectid":15164,"stname":"JACKSON ST","class1":"Collector Residential","recfacil":null,"bikenetwor":null,"combined_s":"City Neighborhood Street","street_typ":"City Neighborhood Street","sidewlk_wd":"Greater than or equal to 12 feet","wlk_zn":"Greater than or equal to 6 feet","phase2_sid":"Yes"}},{"type":"Feature","id":15196,"geometry":{"type":"LineString","coordinates":[[-75.1502361974701,39.9154781944163],[-75.1507408908285,39.9155318663936]]},"properties":{"objectid":15196,"stname":"SHUNK ST","class1":"Collector Residential","recfacil":null,"bikenetwor":null,"combined_s":"City Neighborhood Street","street_typ":"City Neighborhood Street","sidewlk_wd":"Greater than or equal to 12 feet","wlk_zn":"Greater than or equal to 6 feet","phase2_sid":"Yes"}},{"type":"Feature","id":15219,"geometry":{"type":"LineString","coordinates":[[-75.0949184400821,39.9872269302992],[-75.09439484118,39.9866392432184]]},"properties":{"objectid":15219,"stname":"E TIOGA ST","class1":"Collector Residential","recfacil":null,"bikenetwor":null,"combined_s":"City Neighborhood Street","street_typ":"City Neighborhood Street","sidewlk_wd":"Greater than or equal to 12 feet","wlk_zn":"Greater than or equal to 6 feet","phase2_sid":"Yes"}},{"type":"Feature","id":15317,"geometry":{"type":"LineString","coordinates":[[-75.1649989562253,39.945564174647],[-75.1652037666121,39.944656404042]]},"properties":{"objectid":15317,"stname":"S BROAD ST","class1":"Major Arterial","recfacil":null,"bikenetwor":"YES","combined_s":"Civic/Ceremonial Street","street_typ":"Civic/Ceremonial Street","sidewlk_wd":"Greater than or equal to  20 feet","wlk_zn":"Greater than or equal to 10 feet","phase2_sid":null}},{"type":"Feature","id":15329,"geometry":{"type":"LineString","coordinates":[[-75.1671710725584,39.9356853834257],[-75.1675188365408,39.9341469070248]]},"properties":{"objectid":15329,"stname":"S BROAD ST","class1":"Major Arterial","recfacil":null,"bikenetwor":"YES","combined_s":"Civic/Ceremonial Street","street_typ":"Civic/Ceremonial Street","sidewlk_wd":"Greater than or equal to  20 feet","wlk_zn":"Greater than or equal to 10 feet","phase2_sid":"Yes"}},{"type":"Feature","id":15358,"geometry":{"type":"LineString","coordinates":[[-75.1423791107664,39.9415947921912],[-75.1423899471006,39.9406068162355],[-75.14234175133,39.9386009944385]]},"properties":{"objectid":15358,"stname":"S CHRISTOPHER COLUMBUS BLV","class1":"Major Arterial","recfacil":null,"bikenetwor":"YES","combined_s":"Urban Arterial","street_typ":"Urban Arterial","sidewlk_wd":"Greater than or equal to 12 feet","wlk_zn":"Greater than or equal to 6 feet","phase2_sid":"No"}},{"type":"Feature","id":15362,"geometry":{"type":"LineString","coordinates":[[-75.1524425834685,39.9342677403153],[-75.1526250629322,39.9334482156239]]},"properties":{"objectid":15362,"stname":"S 05TH ST","class1":"Collector Residential","recfacil":"Bike Friendly Street","bikenetwor":"YES","combined_s":"City Neighborhood Street","street_typ":"City Neighborhood Street","sidewlk_wd":"Greater than or equal to 12 feet","wlk_zn":"Greater than or equal to 6 feet","phase2_sid":"Yes"}},{"type":"Feature","id":15371,"geometry":{"type":"LineString","coordinates":[[-75.1673803074048,39.9303683404974],[-75.1676457824116,39.9291508215281]]},"properties":{"objectid":15371,"stname":"S JUNIPER ST","class1":"Local Residential","recfacil":null,"bikenetwor":null,"combined_s":"Local (Catch All)","street_typ":"Local (Catch All)","sidewlk_wd":"Greater than or equal to 10 feet","wlk_zn":"Greater than or equal to 5 feet","phase2_sid":null}},{"type":"Feature","id":15372,"geometry":{"type":"LineString","coordinates":[[-75.1675918931322,39.9241149985923],[-75.1684784445044,39.9242358568212]]},"properties":{"objectid":15372,"stname":"SNYDER AVE","class1":"Major Arterial","recfacil":null,"bikenetwor":"YES","combined_s":"Urban Arterial","street_typ":"Urban Arterial","sidewlk_wd":"Greater than or equal to 12 feet","wlk_zn":"Greater than or equal to 6 feet","phase2_sid":"Yes"}},{"type":"Feature","id":15378,"geometry":{"type":"LineString","coordinates":[[-75.1664369531277,39.9390648628871],[-75.1667149349195,39.9378538537583]]},"properties":{"objectid":15378,"stname":"S BROAD ST","class1":"Major Arterial","recfacil":null,"bikenetwor":"YES","combined_s":"Civic/Ceremonial Street","street_typ":"Civic/Ceremonial Street","sidewlk_wd":"Greater than or equal to  20 feet","wlk_zn":"Greater than or equal to 10 feet","phase2_sid":"No"}},{"type":"Feature","id":15399,"geometry":{"type":"LineString","coordinates":[[-75.1662272857319,39.9400427967615],[-75.1663632882808,39.9400396425714]]},"properties":{"objectid":15399,"stname":"CHRISTIAN ST","class1":"Collector Residential","recfacil":"Marked Shared Lane","bikenetwor":"YES","combined_s":"City Neighborhood Street","street_typ":"City Neighborhood Street","sidewlk_wd":"Greater than or equal to 12 feet","wlk_zn":"Greater than or equal to 6 feet","phase2_sid":"No"}},{"type":"Feature","id":15504,"geometry":{"type":"LineString","coordinates":[[-75.1595529147426,39.9166807267016],[-75.1595587845075,39.9166171807539],[-75.1598459676684,39.9152952130274]]},"properties":{"objectid":15504,"stname":"S 07TH ST","class1":"Collector Residential","recfacil":null,"bikenetwor":null,"combined_s":"City Neighborhood Street","street_typ":"City Neighborhood Street","sidewlk_wd":"Greater than or equal to 12 feet","wlk_zn":"Greater than or equal to 6 feet","phase2_sid":"Yes"}},{"type":"Feature","id":15556,"geometry":{"type":"LineString","coordinates":[[-75.1644434832638,39.9237111227714],[-75.1645339384343,39.9232685682792]]},"properties":{"objectid":15556,"stname":"S 11TH ST","class1":"Collector Residential","recfacil":null,"bikenetwor":null,"combined_s":"City Neighborhood Street","street_typ":"City Neighborhood Street","sidewlk_wd":"Greater than or equal to 12 feet","wlk_zn":"Greater than or equal to 6 feet","phase2_sid":"Yes"}},{"type":"Feature","id":15564,"geometry":{"type":"LineString","coordinates":[[-75.1507089836705,39.928165686691],[-75.152133323026,39.9283459620577]]},"properties":{"objectid":15564,"stname":"TASKER ST","class1":"Minor Arterial","recfacil":null,"bikenetwor":null,"combined_s":"City Neighborhood Street","street_typ":"City Neighborhood Street","sidewlk_wd":"Greater than or equal to 12 feet","wlk_zn":"Greater than or equal to 6 feet","phase2_sid":"Yes"}},{"type":"Feature","id":15570,"geometry":{"type":"LineString","coordinates":[[-75.1427722668265,39.9349067041202],[-75.1432893689713,39.9350440675897]]},"properties":{"objectid":15570,"stname":"CHRISTIAN ST","class1":"Collector Residential","recfacil":"Marked Shared Lane","bikenetwor":"YES","combined_s":"City Neighborhood Street","street_typ":"City Neighborhood Street","sidewlk_wd":"Greater than or equal to 12 feet","wlk_zn":"Greater than or equal to 6 feet","phase2_sid":"No"}},{"type":"Feature","id":15615,"geometry":{"type":"LineString","coordinates":[[-75.1712743832773,39.9167877109019],[-75.1714252723623,39.9167667149111]]},"properties":{"objectid":15615,"stname":"OREGON AVE","class1":"Major Arterial","recfacil":null,"bikenetwor":"YES","combined_s":"Urban Arterial","street_typ":"Urban Arterial","sidewlk_wd":"Greater than or equal to 12 feet","wlk_zn":"Greater than or equal to 6 feet","phase2_sid":"Yes"}},{"type":"Feature","id":15616,"geometry":{"type":"LineString","coordinates":[[-75.1476549794736,39.913720328154],[-75.1500167148403,39.914025977365]]},"properties":{"objectid":15616,"stname":"OREGON AVE","class1":"Major Arterial","recfacil":null,"bikenetwor":"YES","combined_s":"Urban Arterial","street_typ":"Urban Arterial","sidewlk_wd":"Greater than or equal to 12 feet","wlk_zn":"Greater than or equal to 6 feet","phase2_sid":"Yes"}},{"type":"Feature","id":15621,"geometry":{"type":"LineString","coordinates":[[-75.1656295808593,39.9427940812575],[-75.1657811677048,39.9427944467472]]},"properties":{"objectid":15621,"stname":"BAINBRIDGE ST","class1":"Collector Residential","recfacil":null,"bikenetwor":null,"combined_s":"City Neighborhood Street","street_typ":"City Neighborhood Street","sidewlk_wd":"Greater than or equal to 12 feet","wlk_zn":"Greater than or equal to 6 feet","phase2_sid":"No"}},{"type":"Feature","id":15652,"geometry":{"type":"LineString","coordinates":[[-75.1626579310571,39.9170813049041],[-75.1632145229896,39.9171435557689]]},"properties":{"objectid":15652,"stname":"SHUNK ST","class1":"Collector Residential","recfacil":null,"bikenetwor":null,"combined_s":"City Neighborhood Street","street_typ":"City Neighborhood Street","sidewlk_wd":"Greater than or equal to 12 feet","wlk_zn":"Greater than or equal to 6 feet","phase2_sid":"Yes"}},{"type":"Feature","id":15772,"geometry":{"type":"LineString","coordinates":[[-75.1647716403805,39.9369210002288],[-75.1668651307017,39.9371892965202]]},"properties":{"objectid":15772,"stname":"ALTER ST","class1":"Local Residential","recfacil":null,"bikenetwor":null,"combined_s":"Local (Catch All)","street_typ":"Local (Catch All)","sidewlk_wd":"Greater than or equal to 10 feet","wlk_zn":"Greater than or equal to 5 feet","phase2_sid":null}},{"type":"Feature","id":15802,"geometry":{"type":"LineString","coordinates":[[-75.1605771014956,40.0368446220889],[-75.1626906510774,40.0369894711677],[-75.1640531894152,40.036825974733]]},"properties":{"objectid":15802,"stname":"BELFIELD AVE","class1":"Minor Arterial","recfacil":"Marked Shared Lane","bikenetwor":"YES","combined_s":"Auto Oriented Commercial/Industrial","street_typ":"Auto Oriented Commercial/Industrial","sidewlk_wd":"Greater than or equal to 12 feet","wlk_zn":"Greater than or equal to 6 feet","phase2_sid":"Yes"}},{"type":"Feature","id":15893,"geometry":{"type":"LineString","coordinates":[[-75.1664369531277,39.9390648628871],[-75.1665722657838,39.9390720456255]]},"properties":{"objectid":15893,"stname":"CARPENTER ST","class1":"Local Residential","recfacil":null,"bikenetwor":null,"combined_s":"Local (Catch All)","street_typ":"Local (Catch All)","sidewlk_wd":"Greater than or equal to 10 feet","wlk_zn":"Greater than or equal to 5 feet","phase2_sid":null}},{"type":"Feature","id":15961,"geometry":{"type":"LineString","coordinates":[[-75.1425701850083,39.9022596140658],[-75.1433658349476,39.9020085568291],[-75.1443685364378,39.9018529510191],[-75.1452010548444,39.9017421237934],[-75.1453910313558,39.9017302222101],[-75.1456012184908,39.9017404040489],[-75.1459229964689,39.9017693390213],[-75.1490811676575,39.9021491913454],[-75.1496611976849,39.9022164119027],[-75.1500805448159,39.9022637667819],[-75.1522261818866,39.9025969217414]]},"properties":{"objectid":15961,"stname":"PATTISON AVE","class1":"Major Arterial","recfacil":"Marked Shared Lane","bikenetwor":"YES","combined_s":"Auto Oriented Commercial/Industrial","street_typ":"Auto Oriented Commercial/Industrial","sidewlk_wd":"Greater than or equal to 12 feet","wlk_zn":"Greater than or equal to 6 feet","phase2_sid":"Yes"}},{"type":"Feature","id":15994,"geometry":{"type":"LineString","coordinates":[[-75.1660159209772,39.9239125983775],[-75.1668483257632,39.924013842284]]},"properties":{"objectid":15994,"stname":"SNYDER AVE","class1":"Major Arterial","recfacil":null,"bikenetwor":"YES","combined_s":"Urban Arterial","street_typ":"Urban Arterial","sidewlk_wd":"Greater than or equal to 12 feet","wlk_zn":"Greater than or equal to 6 feet","phase2_sid":"Yes"}},{"type":"Feature","id":16003,"geometry":{"type":"LineString","coordinates":[[-75.1688302702271,39.9280430814239],[-75.1690978262572,39.9268259860096]]},"properties":{"objectid":16003,"stname":"S BROAD ST","class1":"Major Arterial","recfacil":null,"bikenetwor":"YES","combined_s":"Civic/Ceremonial Street","street_typ":"Civic/Ceremonial Street","sidewlk_wd":"Greater than or equal to  20 feet","wlk_zn":"Greater than or equal to 10 feet","phase2_sid":"Yes"}},{"type":"Feature","id":16019,"geometry":{"type":"LineString","coordinates":[[-75.1561913262527,39.9246805825696],[-75.1577620750837,39.9248898251662]]},"properties":{"objectid":16019,"stname":"HOFFMAN ST","class1":"Local Residential","recfacil":null,"bikenetwor":null,"combined_s":"Local (Catch All)","street_typ":"Local (Catch All)","sidewlk_wd":"Greater than or equal to 10 feet","wlk_zn":"Greater than or equal to 5 feet","phase2_sid":null}},{"type":"Feature","id":16029,"geometry":{"type":"LineString","coordinates":[[-75.1473604524404,39.9150994025729],[-75.1476549794736,39.913720328154]]},"properties":{"objectid":16029,"stname":"S SWANSON ST","class1":"Collector Residential","recfacil":null,"bikenetwor":null,"combined_s":"City Neighborhood Street","street_typ":"City Neighborhood Street","sidewlk_wd":"Greater than or equal to 12 feet","wlk_zn":"Greater than or equal to 6 feet","phase2_sid":"Yes"}},{"type":"Feature","id":16047,"geometry":{"type":"LineString","coordinates":[[-75.1608803307339,39.937023042763],[-75.1611514625595,39.9357669350148]]},"properties":{"objectid":16047,"stname":"S CLIFTON ST","class1":"Local Residential","recfacil":null,"bikenetwor":null,"combined_s":"Local (Catch All)","street_typ":"Local (Catch All)","sidewlk_wd":"Greater than or equal to 10 feet","wlk_zn":"Greater than or equal to 5 feet","phase2_sid":null}},{"type":"Feature","id":16096,"geometry":{"type":"LineString","coordinates":[[-75.1562765396451,39.924323821555],[-75.1563378370714,39.9243275498091],[-75.1578445734772,39.9245320557217]]},"properties":{"objectid":16096,"stname":"DUDLEY ST","class1":"Local Residential","recfacil":null,"bikenetwor":null,"combined_s":"Local (Catch All)","street_typ":"Local (Catch All)","sidewlk_wd":"Greater than or equal to 10 feet","wlk_zn":"Greater than or equal to 5 feet","phase2_sid":null}},{"type":"Feature","id":16160,"geometry":{"type":"LineString","coordinates":[[-75.1679767577288,39.9291908206922],[-75.1685700431986,39.9292616712871]]},"properties":{"objectid":16160,"stname":"MORRIS ST","class1":"Minor Arterial","recfacil":null,"bikenetwor":null,"combined_s":"City Neighborhood Street","street_typ":"City Neighborhood Street","sidewlk_wd":"Greater than or equal to 12 feet","wlk_zn":"Greater than or equal to 6 feet","phase2_sid":"Yes"}},{"type":"Feature","id":16192,"geometry":{"type":"LineString","coordinates":[[-75.1587474688557,39.9275732910875],[-75.1588197160144,39.9276043517901],[-75.1603151305825,39.9278000277508]]},"properties":{"objectid":16192,"stname":"WATKINS ST","class1":"Local Residential","recfacil":null,"bikenetwor":null,"combined_s":"Local (Catch All)","street_typ":"Local (Catch All)","sidewlk_wd":"Greater than or equal to 10 feet","wlk_zn":"Greater than or equal to 5 feet","phase2_sid":null}},{"type":"Feature","id":16220,"geometry":{"type":"LineString","coordinates":[[-75.1487043592254,39.9279054459909],[-75.1489084458833,39.9273812326355]]},"properties":{"objectid":16220,"stname":"S 02ND ST","class1":"Collector Residential","recfacil":null,"bikenetwor":null,"combined_s":"City Neighborhood Street","street_typ":"City Neighborhood Street","sidewlk_wd":"Greater than or equal to 12 feet","wlk_zn":"Greater than or equal to 6 feet","phase2_sid":"Yes"}},{"type":"Feature","id":16256,"geometry":{"type":"LineString","coordinates":[[-75.1603974799546,39.9440634085668],[-75.1607733159386,39.9441139806487]]},"properties":{"objectid":16256,"stname":"LOMBARD ST","class1":"Minor Arterial","recfacil":null,"bikenetwor":null,"combined_s":"Urban Arterial","street_typ":"Urban Arterial","sidewlk_wd":"Greater than or equal to 12 feet","wlk_zn":"Greater than or equal to 6 feet","phase2_sid":null}},{"type":"Feature","id":16364,"geometry":{"type":"LineString","coordinates":[[-75.1623213291068,39.9234385019067],[-75.1628784810961,39.9234981907618]]},"properties":{"objectid":16364,"stname":"SNYDER AVE","class1":"Major Arterial","recfacil":null,"bikenetwor":"YES","combined_s":"Urban Arterial","street_typ":"Urban Arterial","sidewlk_wd":"Greater than or equal to 12 feet","wlk_zn":"Greater than or equal to 6 feet","phase2_sid":"Yes"}},{"type":"Feature","id":16392,"geometry":{"type":"LineString","coordinates":[[-75.1628784810961,39.9234981907618],[-75.1629769929026,39.9230611359519]]},"properties":{"objectid":16392,"stname":"S 10TH ST","class1":"Collector Residential","recfacil":null,"bikenetwor":null,"combined_s":"City Neighborhood Street","street_typ":"City Neighborhood Street","sidewlk_wd":"Greater than or equal to 12 feet","wlk_zn":"Greater than or equal to 6 feet","phase2_sid":"Yes"}},{"type":"Feature","id":16396,"geometry":{"type":"LineString","coordinates":[[-75.1513447695642,39.9244833193669],[-75.1520781129695,39.9245774152018]]},"properties":{"objectid":16396,"stname":"MIFFLIN ST","class1":"Collector Residential","recfacil":null,"bikenetwor":null,"combined_s":"City Neighborhood Street","street_typ":"City Neighborhood Street","sidewlk_wd":"Greater than or equal to 12 feet","wlk_zn":"Greater than or equal to 6 feet","phase2_sid":"Yes"}},{"type":"Feature","id":16454,"geometry":{"type":"LineString","coordinates":[[-75.157486427854,39.9261140427345],[-75.1575691033609,39.9257433604271]]},"properties":{"objectid":16454,"stname":"S 07TH ST","class1":"Collector Residential","recfacil":null,"bikenetwor":null,"combined_s":"City Neighborhood Street","street_typ":"City Neighborhood Street","sidewlk_wd":"Greater than or equal to 12 feet","wlk_zn":"Greater than or equal to 6 feet","phase2_sid":"Yes"}},{"type":"Feature","id":16462,"geometry":{"type":"LineString","coordinates":[[-75.1543440058377,39.940312712345],[-75.1544135750366,39.9399443101219]]},"properties":{"objectid":16462,"stname":"S 07TH ST","class1":"Collector Residential","recfacil":null,"bikenetwor":null,"combined_s":"City Neighborhood Street","street_typ":"City Neighborhood Street","sidewlk_wd":"Greater than or equal to 12 feet","wlk_zn":"Greater than or equal to 6 feet","phase2_sid":"No"}},{"type":"Feature","id":16526,"geometry":{"type":"LineString","coordinates":[[-75.1718788174477,39.9142652854878],[-75.1722888643705,39.9143054327033]]},"properties":{"objectid":16526,"stname":"BIGLER ST","class1":"Collector Residential","recfacil":"Marked Shared Lane","bikenetwor":"YES","combined_s":"City Neighborhood Street","street_typ":"City Neighborhood Street","sidewlk_wd":"Greater than or equal to 12 feet","wlk_zn":"Greater than or equal to 6 feet","phase2_sid":"Yes"}},{"type":"Feature","id":16701,"geometry":{"type":"LineString","coordinates":[[-75.1382662219157,39.9125038005425],[-75.1407022795402,39.9128173887551]]},"properties":{"objectid":16701,"stname":"OREGON AVE","class1":"Major Arterial","recfacil":null,"bikenetwor":"YES","combined_s":"Urban Arterial","street_typ":"Urban Arterial","sidewlk_wd":"Greater than or equal to 12 feet","wlk_zn":"Greater than or equal to 6 feet","phase2_sid":"Yes"}},{"type":"Feature","id":16721,"geometry":{"type":"LineString","coordinates":[[-75.1558900907656,39.9405698269627],[-75.1563912725943,39.9406364136453]]},"properties":{"objectid":16721,"stname":"FITZWATER ST","class1":"Collector Residential","recfacil":null,"bikenetwor":null,"combined_s":"City Neighborhood Street","street_typ":"City Neighborhood Street","sidewlk_wd":"Greater than or equal to 12 feet","wlk_zn":"Greater than or equal to 6 feet","phase2_sid":"No"}},{"type":"Feature","id":16791,"geometry":{"type":"LineString","coordinates":[[-75.1677083384129,39.9304040482339],[-75.168321556626,39.9304897361354]]},"properties":{"objectid":16791,"stname":"TASKER ST","class1":"Minor Arterial","recfacil":null,"bikenetwor":null,"combined_s":"City Neighborhood Street","street_typ":"City Neighborhood Street","sidewlk_wd":"Greater than or equal to 12 feet","wlk_zn":"Greater than or equal to 6 feet","phase2_sid":"Yes"}},{"type":"Feature","id":16811,"geometry":{"type":"LineString","coordinates":[[-75.1377279723053,39.9124203439963],[-75.1382662219157,39.9125038005425]]},"properties":{"objectid":16811,"stname":"OREGON AVE","class1":"Minor Arterial","recfacil":null,"bikenetwor":null,"combined_s":"City Neighborhood Street","street_typ":"City Neighborhood Street","sidewlk_wd":"Greater than or equal to 12 feet","wlk_zn":"Greater than or equal to 6 feet","phase2_sid":"Yes"}},{"type":"Feature","id":16877,"geometry":{"type":"LineString","coordinates":[[-75.1663093717932,39.9251961345646],[-75.1667766269692,39.9252592990399]]},"properties":{"objectid":16877,"stname":"MC KEAN ST","class1":"Collector Residential","recfacil":null,"bikenetwor":null,"combined_s":"City Neighborhood Street","street_typ":"City Neighborhood Street","sidewlk_wd":"Greater than or equal to 12 feet","wlk_zn":"Greater than or equal to 6 feet","phase2_sid":"Yes"}},{"type":"Feature","id":16931,"geometry":{"type":"LineString","coordinates":[[-75.1374505564299,39.9154590932386],[-75.1374496479923,39.9154128535626],[-75.1373800853883,39.9152752785328],[-75.1373431975887,39.9152075368415],[-75.1372773135116,39.9150722332539],[-75.1372413600764,39.9149801851422],[-75.1372379048418,39.9148645499434],[-75.1372265595586,39.9147487340368],[-75.1372381885896,39.9146516883486],[-75.137249114642,39.9145728723964],[-75.1377279723053,39.9124203439963]]},"properties":{"objectid":16931,"stname":"S CHRISTOPHER COLUMBUS BLV","class1":"Local Residential","recfacil":null,"bikenetwor":null,"combined_s":"Local (Catch All)","street_typ":"Local (Catch All)","sidewlk_wd":"Greater than or equal to 10 feet","wlk_zn":"Greater than or equal to 5 feet","phase2_sid":null}},{"type":"Feature","id":16982,"geometry":{"type":"LineString","coordinates":[[-75.0131294168509,40.0720807729518],[-75.0127989266549,40.0723149715604],[-75.0117869274844,40.073376373643],[-75.010172120845,40.0750664660228]]},"properties":{"objectid":16982,"stname":"ASHTON RD","class1":"Local Residential","recfacil":null,"bikenetwor":null,"combined_s":"Local (Catch All)","street_typ":"Local (Catch All)","sidewlk_wd":"Greater than or equal to 10 feet","wlk_zn":"Greater than or equal to 5 feet","phase2_sid":null}},{"type":"Feature","id":17023,"geometry":{"type":"LineString","coordinates":[[-75.0087913404427,40.0673597381703],[-75.0077219085397,40.0671118551461]]},"properties":{"objectid":17023,"stname":"HOLYOKE RD","class1":"Collector Residential","recfacil":null,"bikenetwor":null,"combined_s":"Lower Density Residential","street_typ":"Lower Density Residential","sidewlk_wd":"Greater than or equal to 10 feet","wlk_zn":"Greater than or equal to 5 feet","phase2_sid":"Yes"}},{"type":"Feature","id":17170,"geometry":{"type":"LineString","coordinates":[[-75.1573805162189,39.9082782247353],[-75.1578526577763,39.908342042568],[-75.1581720001489,39.9084357606202],[-75.1587413733631,39.9086000038036],[-75.1595737787158,39.9088620908385],[-75.16113567404,39.9093539661999]]},"properties":{"objectid":17170,"stname":"PACKER AVE","class1":"Minor Arterial","recfacil":null,"bikenetwor":null,"combined_s":"Auto Oriented Commercial/Industrial","street_typ":"Auto Oriented Commercial/Industrial","sidewlk_wd":"Greater than or equal to 12 feet","wlk_zn":"Greater than or equal to 6 feet","phase2_sid":"Yes"}},{"type":"Feature","id":17191,"geometry":{"type":"LineString","coordinates":[[-75.009408528018,40.0635037616082],[-75.0097540748602,40.0634994937093],[-75.0098841954875,40.063511175893],[-75.0100078319734,40.0635316895718],[-75.010128064551,40.0635735905984],[-75.0102200679595,40.0636226251553],[-75.0102943078394,40.0636712360763],[-75.0103677603272,40.0637393451266],[-75.0104306685373,40.0638169611947],[-75.0104667627778,40.0638910878557],[-75.0105254318555,40.0641034680002],[-75.0106021922692,40.0645617073516],[-75.010623661874,40.0650014046838],[-75.0106031626232,40.0655089928318],[-75.0105822367983,40.0657496156804],[-75.0104455940868,40.0663577736818],[-75.0103692006566,40.0665841555341],[-75.0103527921362,40.066712937512],[-75.0103703221904,40.0668339154483],[-75.0104401670389,40.066998431008]]},"properties":{"objectid":17191,"stname":"CAMPUS LN","class1":"Local Residential","recfacil":null,"bikenetwor":null,"combined_s":"Local (Catch All)","street_typ":"Local (Catch All)","sidewlk_wd":"Greater than or equal to 10 feet","wlk_zn":"Greater than or equal to 5 feet","phase2_sid":null}},{"type":"Feature","id":17203,"geometry":{"type":"LineString","coordinates":[[-75.1536776280836,39.907814432167],[-75.1547333511455,39.9029777918815]]},"properties":{"objectid":17203,"stname":"S 03RD ST","class1":"Local Residential","recfacil":null,"bikenetwor":null,"combined_s":"Auto Oriented Commercial/Industrial","street_typ":"Auto Oriented Commercial/Industrial","sidewlk_wd":"Greater than or equal to 12 feet","wlk_zn":"Greater than or equal to 6 feet","phase2_sid":null}},{"type":"Feature","id":17261,"geometry":{"type":"LineString","coordinates":[[-75.0402495814277,40.0531675892682],[-75.0391903837378,40.0525823993414],[-75.0360393881403,40.0508902522549]]},"properties":{"objectid":17261,"stname":"RHAWN ST","class1":"Minor Arterial","recfacil":"Bike Lane","bikenetwor":null,"combined_s":"Scenic Drive","street_typ":"Scenic Drive","sidewlk_wd":"Greater than or equal to 9 feet","wlk_zn":"Greater than or equal to 6 feet","phase2_sid":"Yes"}},{"type":"Feature","id":17389,"geometry":{"type":"LineString","coordinates":[[-75.0047974112229,40.054756788022],[-75.0041632832901,40.0542193229236]]},"properties":{"objectid":17389,"stname":"LINDEN AVE","class1":"Minor Arterial","recfacil":"Marked Shared Lane","bikenetwor":"YES","combined_s":"Urban Arterial","street_typ":"Urban Arterial","sidewlk_wd":"Greater than or equal to 12 feet","wlk_zn":"Greater than or equal to 6 feet","phase2_sid":"Yes"}},{"type":"Feature","id":17390,"geometry":{"type":"LineString","coordinates":[[-75.1459003599522,40.0337371191981],[-75.1455560079719,40.0352711858152]]},"properties":{"objectid":17390,"stname":"N BROAD ST","class1":"Major Arterial","recfacil":null,"bikenetwor":null,"combined_s":"Urban Arterial","street_typ":"Urban Arterial","sidewlk_wd":"Greater than or equal to 12 feet","wlk_zn":"Greater than or equal to 6 feet","phase2_sid":"Yes"}},{"type":"Feature","id":17407,"geometry":{"type":"LineString","coordinates":[[-75.1469132922117,39.9238962360128],[-75.1478447659247,39.9240246932913]]},"properties":{"objectid":17407,"stname":"MIFFLIN ST","class1":"Collector Residential","recfacil":null,"bikenetwor":null,"combined_s":"City Neighborhood Street","street_typ":"City Neighborhood Street","sidewlk_wd":"Greater than or equal to 12 feet","wlk_zn":"Greater than or equal to 6 feet","phase2_sid":"Yes"}},{"type":"Feature","id":17411,"geometry":{"type":"LineString","coordinates":[[-75.1444806500096,39.9298590253181],[-75.1447375240765,39.9286275690575]]},"properties":{"objectid":17411,"stname":"S CHRISTOPHER COLUMBUS BLV","class1":"Major Arterial","recfacil":null,"bikenetwor":"YES","combined_s":"Auto Oriented Commercial/Industrial","street_typ":"Auto Oriented Commercial/Industrial","sidewlk_wd":"Greater than or equal to 12 feet","wlk_zn":"Greater than or equal to 6 feet","phase2_sid":"Yes"}},{"type":"Feature","id":17579,"geometry":{"type":"LineString","coordinates":[[-75.1535980356948,39.9436733047102],[-75.153696720988,39.9432276407805]]},"properties":{"objectid":17579,"stname":"S 07TH ST","class1":"Minor Arterial","recfacil":null,"bikenetwor":null,"combined_s":"City Neighborhood Street","street_typ":"City Neighborhood Street","sidewlk_wd":"Greater than or equal to 12 feet","wlk_zn":"Greater than or equal to 6 feet","phase2_sid":null}},{"type":"Feature","id":17621,"geometry":{"type":"LineString","coordinates":[[-75.1573990451044,39.970717505822],[-75.1573230860064,39.9710729747069],[-75.1572819281247,39.9712002019378]]},"properties":{"objectid":17621,"stname":"N 13TH ST","class1":"Collector Residential","recfacil":"Bike Friendly Street","bikenetwor":"YES","combined_s":"City Neighborhood Street","street_typ":"City Neighborhood Street","sidewlk_wd":"Greater than or equal to 12 feet","wlk_zn":"Greater than or equal to 6 feet","phase2_sid":"Yes"}},{"type":"Feature","id":17647,"geometry":{"type":"LineString","coordinates":[[-75.1447172291822,39.9755401727789],[-75.1455625597589,39.9756480489919]]},"properties":{"objectid":17647,"stname":"W OXFORD ST","class1":"Collector Residential","recfacil":null,"bikenetwor":null,"combined_s":"City Neighborhood Street","street_typ":"City Neighborhood Street","sidewlk_wd":"Greater than or equal to 12 feet","wlk_zn":"Greater than or equal to 6 feet","phase2_sid":"Yes"}},{"type":"Feature","id":17691,"geometry":{"type":"LineString","coordinates":[[-75.1554070364549,39.9428076019522],[-75.1554912787915,39.9424162415448]]},"properties":{"objectid":17691,"stname":"S 08TH ST","class1":"Collector Residential","recfacil":null,"bikenetwor":null,"combined_s":"City Neighborhood Street","street_typ":"City Neighborhood Street","sidewlk_wd":"Greater than or equal to 12 feet","wlk_zn":"Greater than or equal to 6 feet","phase2_sid":"No"}},{"type":"Feature","id":17747,"geometry":{"type":"LineString","coordinates":[[-75.1584269448663,39.9363812354909],[-75.1599521043697,39.9367726209935]]},"properties":{"objectid":17747,"stname":"WASHINGTON AVE","class1":"Major Arterial","recfacil":"Marked Shared Lane","bikenetwor":"YES","combined_s":"Urban Arterial","street_typ":"Urban Arterial","sidewlk_wd":"Greater than or equal to 12 feet","wlk_zn":"Greater than or equal to 6 feet","phase2_sid":"Yes"}},{"type":"Feature","id":17865,"geometry":{"type":"LineString","coordinates":[[-75.1344250328076,39.9676040327185],[-75.1344309396088,39.9688010249315]]},"properties":{"objectid":17865,"stname":"FRANKFORD AVE","class1":"Minor Arterial","recfacil":"Marked Shared Lane","bikenetwor":null,"combined_s":"City Neighborhood Street","street_typ":"City Neighborhood Street","sidewlk_wd":"Greater than or equal to 12 feet","wlk_zn":"Greater than or equal to 6 feet","phase2_sid":"Yes"}},{"type":"Feature","id":17879,"geometry":{"type":"LineString","coordinates":[[-75.1630399241955,39.9374156136019],[-75.1646114747105,39.9376137007383]]},"properties":{"objectid":17879,"stname":"WASHINGTON AVE","class1":"Major Arterial","recfacil":null,"bikenetwor":"YES","combined_s":"Urban Arterial","street_typ":"Urban Arterial","sidewlk_wd":"Greater than or equal to 12 feet","wlk_zn":"Greater than or equal to 6 feet","phase2_sid":"Yes"}},{"type":"Feature","id":17897,"geometry":{"type":"LineString","coordinates":[[-75.1344168307411,39.9653460032634],[-75.1344122235079,39.966103421496]]},"properties":{"objectid":17897,"stname":"FRANKFORD AVE","class1":"Minor Arterial","recfacil":"Marked Shared Lane","bikenetwor":"YES","combined_s":"City Neighborhood Street","street_typ":"City Neighborhood Street","sidewlk_wd":"Greater than or equal to 12 feet","wlk_zn":"Greater than or equal to 6 feet","phase2_sid":"Yes"}},{"type":"Feature","id":17933,"geometry":{"type":"LineString","coordinates":[[-75.1506827866965,40.0463614097465],[-75.1518934628722,40.0463986768155]]},"properties":{"objectid":17933,"stname":"CHURCH LN","class1":"Collector Residential","recfacil":"Marked Shared Lane","bikenetwor":null,"combined_s":"City Neighborhood Street","street_typ":"City Neighborhood Street","sidewlk_wd":"Greater than or equal to 12 feet","wlk_zn":"Greater than or equal to 6 feet","phase2_sid":"Yes"}},{"type":"Feature","id":18009,"geometry":{"type":"LineString","coordinates":[[-75.0094069481854,40.0625614385314],[-75.0090550606554,40.0625686356389],[-75.0087570077975,40.0625667304583],[-75.0085340482271,40.0625509990837],[-75.0083219172996,40.0625291785973]]},"properties":{"objectid":18009,"stname":"CONVENT AVE","class1":"Collector Residential","recfacil":null,"bikenetwor":null,"combined_s":"Lower Density Residential","street_typ":"Lower Density Residential","sidewlk_wd":"Greater than or equal to 10 feet","wlk_zn":"Greater than or equal to 5 feet","phase2_sid":"Yes"}},{"type":"Feature","id":18073,"geometry":{"type":"LineString","coordinates":[[-75.1410715806898,39.9294071042057],[-75.1440684677769,39.9297901271498],[-75.1444806500096,39.9298590253181]]},"properties":{"objectid":18073,"stname":"REED ST","class1":"Local Residential","recfacil":null,"bikenetwor":null,"combined_s":"City Neighborhood Street","street_typ":"City Neighborhood Street","sidewlk_wd":"Greater than or equal to 12 feet","wlk_zn":"Greater than or equal to 6 feet","phase2_sid":null}},{"type":"Feature","id":18114,"geometry":{"type":"LineString","coordinates":[[-75.1441774805135,39.9311646303935],[-75.1444806500096,39.9298590253181]]},"properties":{"objectid":18114,"stname":"S CHRISTOPHER COLUMBUS BLV","class1":"Major Arterial","recfacil":null,"bikenetwor":"YES","combined_s":"Auto Oriented Commercial/Industrial","street_typ":"Auto Oriented Commercial/Industrial","sidewlk_wd":"Greater than or equal to 12 feet","wlk_zn":"Greater than or equal to 6 feet","phase2_sid":"Yes"}},{"type":"Feature","id":18431,"geometry":{"type":"LineString","coordinates":[[-75.1564888876694,39.9378128292943],[-75.1565151891665,39.9376689006189]]},"properties":{"objectid":18431,"stname":"S 08TH ST","class1":"Collector Residential","recfacil":null,"bikenetwor":null,"combined_s":"Walkable Commercial Corridors","street_typ":"Walkable Commercial Corridors","sidewlk_wd":"Greater than or equal to 12 feet","wlk_zn":"Greater than or equal to 6 feet","phase2_sid":"No"}},{"type":"Feature","id":18463,"geometry":{"type":"LineString","coordinates":[[-75.1614009964747,39.9371667605226],[-75.1630399241955,39.9374156136019]]},"properties":{"objectid":18463,"stname":"WASHINGTON AVE","class1":"Major Arterial","recfacil":null,"bikenetwor":"YES","combined_s":"Urban Arterial","street_typ":"Urban Arterial","sidewlk_wd":"Greater than or equal to 12 feet","wlk_zn":"Greater than or equal to 6 feet","phase2_sid":"Yes"}},{"type":"Feature","id":18516,"geometry":{"type":"LineString","coordinates":[[-75.1436963093193,39.9331156946864],[-75.1441774805135,39.9311646303935]]},"properties":{"objectid":18516,"stname":"S CHRISTOPHER COLUMBUS BLV","class1":"Major Arterial","recfacil":null,"bikenetwor":"YES","combined_s":"Auto Oriented Commercial/Industrial","street_typ":"Auto Oriented Commercial/Industrial","sidewlk_wd":"Greater than or equal to 12 feet","wlk_zn":"Greater than or equal to 6 feet","phase2_sid":"Yes"}},{"type":"Feature","id":18518,"geometry":{"type":"LineString","coordinates":[[-75.1474005585569,39.9332598379112],[-75.147513386077,39.9327652317173]]},"properties":{"objectid":18518,"stname":"S 02ND ST","class1":"Collector Residential","recfacil":null,"bikenetwor":null,"combined_s":"City Neighborhood Street","street_typ":"City Neighborhood Street","sidewlk_wd":"Greater than or equal to 12 feet","wlk_zn":"Greater than or equal to 6 feet","phase2_sid":"Yes"}},{"type":"Feature","id":18586,"geometry":{"type":"LineString","coordinates":[[-75.1273046442385,39.9688324757511],[-75.1275506556147,39.9692814012488]]},"properties":{"objectid":18586,"stname":"E PALMER ST","class1":"Collector Residential","recfacil":null,"bikenetwor":null,"combined_s":"City Neighborhood Street","street_typ":"City Neighborhood Street","sidewlk_wd":"Greater than or equal to 12 feet","wlk_zn":"Greater than or equal to 6 feet","phase2_sid":"Yes"}},{"type":"Feature","id":18591,"geometry":{"type":"LineString","coordinates":[[-75.1395813862621,39.9695241008628],[-75.1406684377066,39.9696616244079]]},"properties":{"objectid":18591,"stname":"W GIRARD AVE","class1":"Major Arterial","recfacil":null,"bikenetwor":"YES","combined_s":"Walkable Commercial Corridors","street_typ":"Walkable Commercial Corridors","sidewlk_wd":"Greater than or equal to 12 feet","wlk_zn":"Greater than or equal to 6 feet","phase2_sid":"Yes"}},{"type":"Feature","id":18597,"geometry":{"type":"LineString","coordinates":[[-75.1226085101098,39.9724781046233],[-75.122304991662,39.9725192694481],[-75.1220417801638,39.9725485286524],[-75.1216968583477,39.9726011210871],[-75.1213846662955,39.9726544613654],[-75.1211985219937,39.9726883457321]]},"properties":{"objectid":18597,"stname":"DELAWARE EXP RMP C","class1":"High-Speed Ramp","recfacil":null,"bikenetwor":null,"combined_s":null,"street_typ":"N/A Interstate","sidewlk_wd":null,"wlk_zn":null,"phase2_sid":null}},{"type":"Feature","id":18605,"geometry":{"type":"LineString","coordinates":[[-75.1274037773483,39.9768547537184],[-75.1270707625698,39.9766316565719],[-75.1269626547319,39.9765713846401]]},"properties":{"objectid":18605,"stname":"E NORRIS ST","class1":"Collector Residential","recfacil":null,"bikenetwor":null,"combined_s":"City Neighborhood Street","street_typ":"City Neighborhood Street","sidewlk_wd":"Greater than or equal to 12 feet","wlk_zn":"Greater than or equal to 6 feet","phase2_sid":"Yes"}},{"type":"Feature","id":18628,"geometry":{"type":"LineString","coordinates":[[-75.1192755729537,39.9758300060662],[-75.1190364566128,39.975551046318]]},"properties":{"objectid":18628,"stname":"E CUMBERLAND ST","class1":"Collector Residential","recfacil":"Marked Shared Lane","bikenetwor":null,"combined_s":"City Neighborhood Street","street_typ":"City Neighborhood Street","sidewlk_wd":"Greater than or equal to 12 feet","wlk_zn":"Greater than or equal to 6 feet","phase2_sid":"Yes"}},{"type":"Feature","id":18648,"geometry":{"type":"LineString","coordinates":[[-75.1434593998407,39.979939927469],[-75.1447299567972,39.9801067373353]]},"properties":{"objectid":18648,"stname":"W BERKS ST","class1":"Collector Residential","recfacil":null,"bikenetwor":null,"combined_s":"City Neighborhood Street","street_typ":"City Neighborhood Street","sidewlk_wd":"Greater than or equal to 12 feet","wlk_zn":"Greater than or equal to 6 feet","phase2_sid":"Yes"}},{"type":"Feature","id":18650,"geometry":{"type":"LineString","coordinates":[[-75.140099379851,39.955461203533],[-75.1392200470489,39.9553514522027]]},"properties":{"objectid":18650,"stname":"VINE ST","class1":"Local Residential","recfacil":null,"bikenetwor":null,"combined_s":"Local (Catch All)","street_typ":"Local (Catch All)","sidewlk_wd":"Greater than or equal to 10 feet","wlk_zn":"Greater than or equal to 5 feet","phase2_sid":null}},{"type":"Feature","id":18705,"geometry":{"type":"LineString","coordinates":[[-75.1389361206384,39.9724454439556],[-75.1386724962285,39.9736121775428],[-75.1386688495547,39.9736644160919]]},"properties":{"objectid":18705,"stname":"N 02ND ST","class1":"Minor Arterial","recfacil":"Bike Lanes","bikenetwor":"YES","combined_s":"City Neighborhood Street","street_typ":"City Neighborhood Street","sidewlk_wd":"Greater than or equal to 12 feet","wlk_zn":"Greater than or equal to 6 feet","phase2_sid":"Yes"}},{"type":"Feature","id":18777,"geometry":{"type":"LineString","coordinates":[[-75.1392269782161,39.959277374009],[-75.1385705250583,39.9591489810425],[-75.1376357340258,39.9589463941554]]},"properties":{"objectid":18777,"stname":"NOBLE ST","class1":"Local Residential","recfacil":null,"bikenetwor":null,"combined_s":"Local (Catch All)","street_typ":"Local (Catch All)","sidewlk_wd":"Greater than or equal to 10 feet","wlk_zn":"Greater than or equal to 5 feet","phase2_sid":null}},{"type":"Feature","id":18805,"geometry":{"type":"LineString","coordinates":[[-75.2368964676715,39.895167781572],[-75.2370600854486,39.8956487406509],[-75.2372323467941,39.8962026587371],[-75.2379796996832,39.898584233747],[-75.2380346324384,39.8986627754148],[-75.2381525835901,39.8987017748134],[-75.238266000097,39.898696676423],[-75.2383511616412,39.8986568336172],[-75.238451145411,39.8985548179884],[-75.2385596476772,39.898444111414],[-75.2385722180671,39.8984312854594],[-75.2388277926069,39.8981388806525],[-75.2388706066218,39.8980485928519],[-75.2388823110359,39.897945459181],[-75.2386395389266,39.8971882419953],[-75.2384422301855,39.8968198203995],[-75.2383270147457,39.8966458066768],[-75.2380812042415,39.8963435187034],[-75.2377322491307,39.895969109905],[-75.2374932598999,39.895745334148]]},"properties":{"objectid":18805,"stname":"ISLAND AVE","class1":"Major Arterial","recfacil":null,"bikenetwor":null,"combined_s":"Urban Arterial","street_typ":"Urban Arterial","sidewlk_wd":"Greater than or equal to 12 feet","wlk_zn":"Greater than or equal to 6 feet","phase2_sid":"Yes"}},{"type":"Feature","id":18814,"geometry":{"type":"LineString","coordinates":[[-75.1236423391254,39.9769092125209],[-75.1228336453347,39.9763879366667]]},"properties":{"objectid":18814,"stname":"E YORK ST","class1":"Collector Residential","recfacil":null,"bikenetwor":null,"combined_s":"City Neighborhood Street","street_typ":"City Neighborhood Street","sidewlk_wd":"Greater than or equal to 12 feet","wlk_zn":"Greater than or equal to 6 feet","phase2_sid":"Yes"}},{"type":"Feature","id":18822,"geometry":{"type":"LineString","coordinates":[[-75.1224713253001,39.9747164887772],[-75.1215557441921,39.9755723286713]]},"properties":{"objectid":18822,"stname":"E CABOT ST","class1":"Local Residential","recfacil":null,"bikenetwor":null,"combined_s":"Local (Catch All)","street_typ":"Local (Catch All)","sidewlk_wd":"Greater than or equal to 10 feet","wlk_zn":"Greater than or equal to 5 feet","phase2_sid":null}},{"type":"Feature","id":18891,"geometry":{"type":"LineString","coordinates":[[-75.1169335939432,39.9753296695849],[-75.1166849688831,39.9749931845748]]},"properties":{"objectid":18891,"stname":"E SERGEANT ST","class1":"Local Residential","recfacil":null,"bikenetwor":null,"combined_s":"Local (Catch All)","street_typ":"Local (Catch All)","sidewlk_wd":"Greater than or equal to 10 feet","wlk_zn":"Greater than or equal to 5 feet","phase2_sid":null}},{"type":"Feature","id":18898,"geometry":{"type":"LineString","coordinates":[[-75.1404983854697,39.9497306644791],[-75.1408679617986,39.949778071176],[-75.1423247904998,39.9499644964553],[-75.1425074730992,39.9499773692837],[-75.1435640182133,39.9499534185451],[-75.1437393207579,39.9499430050842]]},"properties":{"objectid":18898,"stname":"MARKET ST","class1":"Minor Arterial","recfacil":null,"bikenetwor":null,"combined_s":"City Neighborhood Street","street_typ":"City Neighborhood Street","sidewlk_wd":"Greater than or equal to 12 feet","wlk_zn":"Greater than or equal to 6 feet","phase2_sid":null}},{"type":"Feature","id":18904,"geometry":{"type":"LineString","coordinates":[[-75.1191376289717,39.9834940729937],[-75.1185251769471,39.9828347460207]]},"properties":{"objectid":18904,"stname":"E LEHIGH AVE","class1":"Major Arterial","recfacil":null,"bikenetwor":"YES","combined_s":"Urban Arterial","street_typ":"Urban Arterial","sidewlk_wd":"Greater than or equal to 12 feet","wlk_zn":"Greater than or equal to 6 feet","phase2_sid":"Yes"}},{"type":"Feature","id":18952,"geometry":{"type":"LineString","coordinates":[[-75.1288983482122,39.9673214874819],[-75.1289921182333,39.967527646278]]},"properties":{"objectid":18952,"stname":"E COLUMBIA AVE","class1":"Local Residential","recfacil":"Bike Friendly Street","bikenetwor":null,"combined_s":"Local (Catch All)","street_typ":"Local (Catch All)","sidewlk_wd":"Greater than or equal to 10 feet","wlk_zn":"Greater than or equal to 5 feet","phase2_sid":null}},{"type":"Feature","id":18972,"geometry":{"type":"LineString","coordinates":[[-75.1329835504213,39.9678419104524],[-75.1337015907489,39.9690723456308]]},"properties":{"objectid":18972,"stname":"SHACKAMAXON ST","class1":"Collector Residential","recfacil":null,"bikenetwor":null,"combined_s":"City Neighborhood Street","street_typ":"City Neighborhood Street","sidewlk_wd":"Greater than or equal to 12 feet","wlk_zn":"Greater than or equal to 6 feet","phase2_sid":"Yes"}},{"type":"Feature","id":18983,"geometry":{"type":"LineString","coordinates":[[-75.1160392599761,39.9829905602705],[-75.1156079850385,39.9835606878516]]},"properties":{"objectid":18983,"stname":"ARAMINGO AVE","class1":"Major Arterial","recfacil":null,"bikenetwor":"YES","combined_s":"Urban Arterial","street_typ":"Urban Arterial","sidewlk_wd":"Greater than or equal to 12 feet","wlk_zn":"Greater than or equal to 6 feet","phase2_sid":"Yes"}},{"type":"Feature","id":19052,"geometry":{"type":"LineString","coordinates":[[-75.1331797040266,39.975838634774],[-75.1337399202491,39.9763084344496],[-75.1340059605496,39.9763405652777]]},"properties":{"objectid":19052,"stname":"W PALMER ST","class1":"Local Residential","recfacil":null,"bikenetwor":null,"combined_s":"Local (Catch All)","street_typ":"Local (Catch All)","sidewlk_wd":"Greater than or equal to 10 feet","wlk_zn":"Greater than or equal to 5 feet","phase2_sid":null}},{"type":"Feature","id":19063,"geometry":{"type":"LineString","coordinates":[[-75.1244635992097,39.9806972970818],[-75.1238779811205,39.9800344693022]]},"properties":{"objectid":19063,"stname":"E LETTERLY ST","class1":"Local Residential","recfacil":null,"bikenetwor":null,"combined_s":"Local (Catch All)","street_typ":"Local (Catch All)","sidewlk_wd":"Greater than or equal to 10 feet","wlk_zn":"Greater than or equal to 5 feet","phase2_sid":null}},{"type":"Feature","id":19067,"geometry":{"type":"LineString","coordinates":[[-75.1234875340267,39.9726928981948],[-75.1233805828185,39.9729346999156],[-75.1232837213179,39.9731053296358],[-75.123183505408,39.9732589062234],[-75.1228848309649,39.973590818331],[-75.1211935720982,39.9753392915546]]},"properties":{"objectid":19067,"stname":"N DELAWARE AVE","class1":"Major Arterial","recfacil":null,"bikenetwor":null,"combined_s":"Urban Arterial","street_typ":"Urban Arterial","sidewlk_wd":"Greater than or equal to 12 feet","wlk_zn":"Greater than or equal to 6 feet","phase2_sid":"Yes"}},{"type":"Feature","id":19074,"geometry":{"type":"LineString","coordinates":[[-75.1304857904347,39.9688208442847],[-75.1311113576399,39.9699669108254]]},"properties":{"objectid":19074,"stname":"E OXFORD ST","class1":"Local Residential","recfacil":null,"bikenetwor":null,"combined_s":"Local (Catch All)","street_typ":"Local (Catch All)","sidewlk_wd":"Greater than or equal to 10 feet","wlk_zn":"Greater than or equal to 5 feet","phase2_sid":null}},{"type":"Feature","id":19101,"geometry":{"type":"LineString","coordinates":[[-75.1439907708867,39.9830793189748],[-75.1441724705734,39.9831019417782]]},"properties":{"objectid":19101,"stname":"DIAMOND ST","class1":"Minor Arterial","recfacil":"Marked Shared Lane","bikenetwor":"YES","combined_s":"City Neighborhood Street","street_typ":"City Neighborhood Street","sidewlk_wd":"Greater than or equal to 12 feet","wlk_zn":"Greater than or equal to 6 feet","phase2_sid":"Yes"}},{"type":"Feature","id":19102,"geometry":{"type":"LineString","coordinates":[[-75.1433657425647,39.982997012837],[-75.1439907708867,39.9830793189748]]},"properties":{"objectid":19102,"stname":"DIAMOND ST","class1":"Minor Arterial","recfacil":"Marked Shared Lane","bikenetwor":"YES","combined_s":"Urban Arterial","street_typ":"Urban Arterial","sidewlk_wd":"Greater than or equal to 12 feet","wlk_zn":"Greater than or equal to 6 feet","phase2_sid":"Yes"}},{"type":"Feature","id":19139,"geometry":{"type":"LineString","coordinates":[[-75.1562597212049,39.9800600602905],[-75.157584568091,39.9802322645845]]},"properties":{"objectid":19139,"stname":"W MONTGOMERY AVE","class1":"Collector Residential","recfacil":null,"bikenetwor":null,"combined_s":"City Neighborhood Street","street_typ":"City Neighborhood Street","sidewlk_wd":"Greater than or equal to 12 feet","wlk_zn":"Greater than or equal to 6 feet","phase2_sid":"Yes"}},{"type":"Feature","id":19184,"geometry":{"type":"LineString","coordinates":[[-75.0091529088148,40.0598289172847],[-75.0093413840382,40.0605300095023],[-75.0093991590498,40.0609333496996],[-75.0094229808255,40.0613750085059],[-75.0094172474627,40.0620898656853],[-75.0094069481854,40.0625614385314]]},"properties":{"objectid":19184,"stname":"ACADEMY RD","class1":"Major Arterial","recfacil":null,"bikenetwor":"YES","combined_s":"Urban Arterial","street_typ":"Urban Arterial","sidewlk_wd":"Greater than or equal to 12 feet","wlk_zn":"Greater than or equal to 6 feet","phase2_sid":"Yes"}},{"type":"Feature","id":19237,"geometry":{"type":"LineString","coordinates":[[-75.1255966260376,39.9791339261132],[-75.1247721413651,39.9782057547151]]},"properties":{"objectid":19237,"stname":"E YORK ST","class1":"Collector Residential","recfacil":null,"bikenetwor":null,"combined_s":"City Neighborhood Street","street_typ":"City Neighborhood Street","sidewlk_wd":"Greater than or equal to 12 feet","wlk_zn":"Greater than or equal to 6 feet","phase2_sid":"Yes"}},{"type":"Feature","id":19322,"geometry":{"type":"LineString","coordinates":[[-75.1185251769471,39.9828347460207],[-75.1177152084111,39.9819013134741]]},"properties":{"objectid":19322,"stname":"E LEHIGH AVE","class1":"Major Arterial","recfacil":null,"bikenetwor":"YES","combined_s":"Urban Arterial","street_typ":"Urban Arterial","sidewlk_wd":"Greater than or equal to 12 feet","wlk_zn":"Greater than or equal to 6 feet","phase2_sid":"Yes"}},{"type":"Feature","id":19337,"geometry":{"type":"LineString","coordinates":[[-75.1074284012246,39.9798544595041],[-75.1069333838496,39.9792854887451]]},"properties":{"objectid":19337,"stname":"E ANN ST","class1":"Local Residential","recfacil":null,"bikenetwor":null,"combined_s":"Local (Catch All)","street_typ":"Local (Catch All)","sidewlk_wd":"Greater than or equal to 10 feet","wlk_zn":"Greater than or equal to 5 feet","phase2_sid":null}},{"type":"Feature","id":19377,"geometry":{"type":"LineString","coordinates":[[-75.1508234497217,40.0485276312049],[-75.1515090047419,40.0486163019667]]},"properties":{"objectid":19377,"stname":"W GODFREY AVE","class1":"Collector Residential","recfacil":null,"bikenetwor":null,"combined_s":"City Neighborhood Street","street_typ":"City Neighborhood Street","sidewlk_wd":"Greater than or equal to 12 feet","wlk_zn":"Greater than or equal to 6 feet","phase2_sid":"Yes"}},{"type":"Feature","id":19378,"geometry":{"type":"LineString","coordinates":[[-75.1506314668395,40.0494254424858],[-75.1528587053561,40.0497096655821]]},"properties":{"objectid":19378,"stname":"W LAVEER ST","class1":"Local Residential","recfacil":null,"bikenetwor":null,"combined_s":"Local (Catch All)","street_typ":"Local (Catch All)","sidewlk_wd":"Greater than or equal to 10 feet","wlk_zn":"Greater than or equal to 5 feet","phase2_sid":null}},{"type":"Feature","id":19393,"geometry":{"type":"LineString","coordinates":[[-75.1713539273407,40.0608657182046],[-75.1700665442433,40.062195280625]]},"properties":{"objectid":19393,"stname":"YERKES ST","class1":"Local Residential","recfacil":null,"bikenetwor":null,"combined_s":"Lower Density Residential","street_typ":"Lower Density Residential","sidewlk_wd":"Greater than or equal to 10 feet","wlk_zn":"Greater than or equal to 5 feet","phase2_sid":null}},{"type":"Feature","id":19495,"geometry":{"type":"LineString","coordinates":[[-75.1241955558469,39.9785096410977],[-75.1233675404079,39.9775694819195],[-75.1233357726167,39.9775240376675]]},"properties":{"objectid":19495,"stname":"E BOSTON ST","class1":"Local Residential","recfacil":null,"bikenetwor":null,"combined_s":"Local (Catch All)","street_typ":"Local (Catch All)","sidewlk_wd":"Greater than or equal to 10 feet","wlk_zn":"Greater than or equal to 5 feet","phase2_sid":null}},{"type":"Feature","id":19540,"geometry":{"type":"LineString","coordinates":[[-75.1447299567972,39.9801067373353],[-75.1444541455885,39.9816062791287]]},"properties":{"objectid":19540,"stname":"N 06TH ST","class1":"Collector Residential","recfacil":"Bike Friendly Street","bikenetwor":"YES","combined_s":"City Neighborhood Street","street_typ":"City Neighborhood Street","sidewlk_wd":"Greater than or equal to 12 feet","wlk_zn":"Greater than or equal to 6 feet","phase2_sid":"Yes"}},{"type":"Feature","id":19550,"geometry":{"type":"LineString","coordinates":[[-75.1400157825256,39.9535180049134],[-75.1397422467407,39.9542349040363]]},"properties":{"objectid":19550,"stname":"N CHRISTOPHER COLUMBUS BLV","class1":"Major Arterial","recfacil":"Bike Lanes","bikenetwor":null,"combined_s":"Urban Arterial","street_typ":"Urban Arterial","sidewlk_wd":"Greater than or equal to 12 feet","wlk_zn":"Greater than or equal to 6 feet","phase2_sid":null}},{"type":"Feature","id":19615,"geometry":{"type":"LineString","coordinates":[[-75.1443860568857,39.923561788009],[-75.145606460497,39.9237028278292]]},"properties":{"objectid":19615,"stname":"MIFFLIN ST","class1":"Local Residential","recfacil":null,"bikenetwor":null,"combined_s":"Local (Catch All)","street_typ":"Local (Catch All)","sidewlk_wd":"Greater than or equal to 10 feet","wlk_zn":"Greater than or equal to 5 feet","phase2_sid":null}},{"type":"Feature","id":19673,"geometry":{"type":"LineString","coordinates":[[-75.1484880389204,39.9132766478853],[-75.1487107790331,39.9127791805573],[-75.1488975702982,39.9122724871319],[-75.1490242244786,39.9120048631267],[-75.1491555169202,39.911723413534],[-75.1493117111851,39.9115024087876],[-75.149437051469,39.9113765113801],[-75.1495970088009,39.9112603804235],[-75.1498563605193,39.9111282632892],[-75.1500318537668,39.9110726398885],[-75.1502351066341,39.9110443159523],[-75.1504223632573,39.9110276044155],[-75.1505777420366,39.9110311275386],[-75.1512121453331,39.9110932713875]]},"properties":{"objectid":19673,"stname":"DELAWARE EXP RMP D-DE","class1":"High-Speed Ramp","recfacil":null,"bikenetwor":null,"combined_s":"No Classification","street_typ":"N/A Interstate","sidewlk_wd":null,"wlk_zn":null,"phase2_sid":null}},{"type":"Feature","id":19701,"geometry":{"type":"LineString","coordinates":[[-75.1421008626648,39.9270253569091],[-75.1450155988908,39.9274057808509]]},"properties":{"objectid":19701,"stname":"TASKER ST","class1":"Local Residential","recfacil":null,"bikenetwor":null,"combined_s":"City Neighborhood Street","street_typ":"City Neighborhood Street","sidewlk_wd":"Greater than or equal to 12 feet","wlk_zn":"Greater than or equal to 6 feet","phase2_sid":null}},{"type":"Feature","id":19704,"geometry":{"type":"LineString","coordinates":[[-75.1523785942699,39.9143234940622],[-75.1526105432112,39.9143583385861]]},"properties":{"objectid":19704,"stname":"OREGON AVE","class1":"Major Arterial","recfacil":null,"bikenetwor":"YES","combined_s":"Urban Arterial","street_typ":"Urban Arterial","sidewlk_wd":"Greater than or equal to 12 feet","wlk_zn":"Greater than or equal to 6 feet","phase2_sid":"Yes"}},{"type":"Feature","id":19742,"geometry":{"type":"LineString","coordinates":[[-75.150015100202,39.9823242722469],[-75.1505680493402,39.9823950190777]]},"properties":{"objectid":19742,"stname":"W NORRIS ST","class1":"Collector Residential","recfacil":null,"bikenetwor":null,"combined_s":"City Neighborhood Street","street_typ":"City Neighborhood Street","sidewlk_wd":"Greater than or equal to 12 feet","wlk_zn":"Greater than or equal to 6 feet","phase2_sid":"Yes"}},{"type":"Feature","id":19778,"geometry":{"type":"LineString","coordinates":[[-75.156777822523,39.9661535017535],[-75.156560808824,39.9671316771303]]},"properties":{"objectid":19778,"stname":"N 12TH ST","class1":"Collector Residential","recfacil":null,"bikenetwor":"YES","combined_s":"City Neighborhood Street","street_typ":"City Neighborhood Street","sidewlk_wd":"Greater than or equal to 12 feet","wlk_zn":"Greater than or equal to 6 feet","phase2_sid":"Yes"}},{"type":"Feature","id":19799,"geometry":{"type":"LineString","coordinates":[[-75.0482067596861,40.0553775260914],[-75.0485838640455,40.0552362215819]]},"properties":{"objectid":19799,"stname":"E ROOSEVELT BLV","class1":"Expressway","recfacil":null,"bikenetwor":null,"combined_s":null,"street_typ":"Urban Arterial","sidewlk_wd":null,"wlk_zn":null,"phase2_sid":null}},{"type":"Feature","id":19843,"geometry":{"type":"LineString","coordinates":[[-75.0131294168509,40.0720807729518],[-75.007271779681,40.0691709368757]]},"properties":{"objectid":19843,"stname":"GRANT AVE","class1":"Major Arterial","recfacil":null,"bikenetwor":"YES","combined_s":"Auto Oriented Commercial/Industrial","street_typ":"Auto Oriented Commercial/Industrial","sidewlk_wd":"Greater than or equal to 12 feet","wlk_zn":"Greater than or equal to 6 feet","phase2_sid":"Yes"}},{"type":"Feature","id":19872,"geometry":{"type":"LineString","coordinates":[[-75.1634009722946,39.9100979732093],[-75.1656594064507,39.9107461466229]]},"properties":{"objectid":19872,"stname":"PACKER AVE","class1":"Minor Arterial","recfacil":null,"bikenetwor":null,"combined_s":"Urban Arterial","street_typ":"Urban Arterial","sidewlk_wd":"Greater than or equal to 12 feet","wlk_zn":"Greater than or equal to 6 feet","phase2_sid":"Yes"}},{"type":"Feature","id":19885,"geometry":{"type":"LineString","coordinates":[[-75.1732370569228,39.9080115292299],[-75.1735800047352,39.9080345841201]]},"properties":{"objectid":19885,"stname":"HARTRANFT ST","class1":"Collector Residential","recfacil":null,"bikenetwor":null,"combined_s":"City Neighborhood Street","street_typ":"City Neighborhood Street","sidewlk_wd":"Greater than or equal to 12 feet","wlk_zn":"Greater than or equal to 6 feet","phase2_sid":"Yes"}},{"type":"Feature","id":19907,"geometry":{"type":"LineString","coordinates":[[-75.1705190439506,39.8988971619554],[-75.1717151230469,39.8989867212897],[-75.1722159278884,39.8990469307384],[-75.1728331365166,39.8991097551971],[-75.1735502614289,39.8991911368508],[-75.1747834490511,39.8993429454023]]},"properties":{"objectid":19907,"stname":"DELAWARE EXP RMP D","class1":"High-Speed Ramp","recfacil":null,"bikenetwor":null,"combined_s":"No Classification","street_typ":"N/A Interstate","sidewlk_wd":null,"wlk_zn":null,"phase2_sid":null}},{"type":"Feature","id":19911,"geometry":{"type":"LineString","coordinates":[[-75.1726891999086,39.910585122474],[-75.1730281720665,39.9106261718066]]},"properties":{"objectid":19911,"stname":"CURTIN ST","class1":"Local Residential","recfacil":null,"bikenetwor":null,"combined_s":"Local (Catch All)","street_typ":"Local (Catch All)","sidewlk_wd":"Greater than or equal to 10 feet","wlk_zn":"Greater than or equal to 5 feet","phase2_sid":null}},{"type":"Feature","id":19912,"geometry":{"type":"LineString","coordinates":[[-75.16113567404,39.9093539661999],[-75.1634009722946,39.9100979732093]]},"properties":{"objectid":19912,"stname":"PACKER AVE","class1":"Minor Arterial","recfacil":null,"bikenetwor":null,"combined_s":"Urban Arterial","street_typ":"Urban Arterial","sidewlk_wd":"Greater than or equal to 12 feet","wlk_zn":"Greater than or equal to 6 feet","phase2_sid":"Yes"}},{"type":"Feature","id":19913,"geometry":{"type":"LineString","coordinates":[[-75.1388327063875,39.9073242021186],[-75.1393926763666,39.9073998784989]]},"properties":{"objectid":19913,"stname":"PACKER AVE","class1":"Minor Arterial","recfacil":null,"bikenetwor":null,"combined_s":"City Neighborhood Street","street_typ":"City Neighborhood Street","sidewlk_wd":"Greater than or equal to 12 feet","wlk_zn":"Greater than or equal to 6 feet","phase2_sid":"Yes"}},{"type":"Feature","id":19914,"geometry":{"type":"LineString","coordinates":[[-75.1508703448672,39.9025039900323],[-75.1506341673973,39.9027526388442],[-75.1501965654973,39.9034027544275],[-75.1499982148545,39.9038932858342],[-75.1498149370947,39.904731164688],[-75.1495099567267,39.9061146982846],[-75.1493914058453,39.9066604237339],[-75.1493908393765,39.9068399808493],[-75.1494207399507,39.9069644162482],[-75.1494760122674,39.9070845742878],[-75.1495236942461,39.9071560284009],[-75.1495807275978,39.9072301201656],[-75.1496413738353,39.9072921615983],[-75.1497423901283,39.9073696773899],[-75.1498037783907,39.9074123230574],[-75.1498841486664,39.9074529709702],[-75.1499896114274,39.9074966161785],[-75.1501265567157,39.9075409743771],[-75.1502765588938,39.9075734953558],[-75.1505492489224,39.9076112246133],[-75.1528444686174,39.9079228461919]]},"properties":{"objectid":19914,"stname":"DELAWARE EXP RMP J","class1":"Low-Speed Ramp","recfacil":null,"bikenetwor":null,"combined_s":"No Classification","street_typ":"N/A Interstate","sidewlk_wd":null,"wlk_zn":null,"phase2_sid":null}},{"type":"Feature","id":19917,"geometry":{"type":"LineString","coordinates":[[-75.0310858254824,40.0568045960633],[-75.0310946850076,40.0565828392938]]},"properties":{"objectid":19917,"stname":"STAMFORD ST","class1":"Local Residential","recfacil":null,"bikenetwor":null,"combined_s":"Lower Density Residential","street_typ":"Lower Density Residential","sidewlk_wd":"Greater than or equal to 10 feet","wlk_zn":"Greater than or equal to 5 feet","phase2_sid":null}},{"type":"Feature","id":19926,"geometry":{"type":"LineString","coordinates":[[-75.17162107374,40.0388569264814],[-75.1721123600941,40.0392103514678]]},"properties":{"objectid":19926,"stname":"BAYNTON ST","class1":"Collector Residential","recfacil":null,"bikenetwor":null,"combined_s":"City Neighborhood Street","street_typ":"City Neighborhood Street","sidewlk_wd":"Greater than or equal to 12 feet","wlk_zn":"Greater than or equal to 6 feet","phase2_sid":"Yes"}},{"type":"Feature","id":19934,"geometry":{"type":"LineString","coordinates":[[-75.1512043941426,39.9074708620767],[-75.1536776280836,39.907814432167]]},"properties":{"objectid":19934,"stname":"PACKER AVE","class1":"Minor Arterial","recfacil":null,"bikenetwor":null,"combined_s":"Auto Oriented Commercial/Industrial","street_typ":"Auto Oriented Commercial/Industrial","sidewlk_wd":"Greater than or equal to 12 feet","wlk_zn":"Greater than or equal to 6 feet","phase2_sid":"Yes"}},{"type":"Feature","id":19972,"geometry":{"type":"LineString","coordinates":[[-75.168053221488,39.9317218489143],[-75.1681529890222,39.9317105816422]]},"properties":{"objectid":19972,"stname":"DICKINSON ST","class1":"Collector Residential","recfacil":null,"bikenetwor":null,"combined_s":"City Neighborhood Street","street_typ":"City Neighborhood Street","sidewlk_wd":"Greater than or equal to 12 feet","wlk_zn":"Greater than or equal to 6 feet","phase2_sid":"Yes"}},{"type":"Feature","id":20005,"geometry":{"type":"LineString","coordinates":[[-75.168321556626,39.9304897361354],[-75.1684248967425,39.9304747359983]]},"properties":{"objectid":20005,"stname":"TASKER ST","class1":"Minor Arterial","recfacil":null,"bikenetwor":null,"combined_s":"City Neighborhood Street","street_typ":"City Neighborhood Street","sidewlk_wd":"Greater than or equal to 12 feet","wlk_zn":"Greater than or equal to 6 feet","phase2_sid":"Yes"}},{"type":"Feature","id":20007,"geometry":{"type":"LineString","coordinates":[[-75.1471916558122,39.9226918103208],[-75.1473595126374,39.9218716269236],[-75.1474331133072,39.9215113633257]]},"properties":{"objectid":20007,"stname":"S WATER ST","class1":"Collector Residential","recfacil":null,"bikenetwor":null,"combined_s":"Auto Oriented Commercial/Industrial","street_typ":"Auto Oriented Commercial/Industrial","sidewlk_wd":"Greater than or equal to 12 feet","wlk_zn":"Greater than or equal to 6 feet","phase2_sid":"Yes"}},{"type":"Feature","id":20027,"geometry":{"type":"LineString","coordinates":[[-75.1605340331642,39.9121135334338],[-75.1607044835328,39.9113523008737]]},"properties":{"objectid":20027,"stname":"S 07TH ST","class1":"Minor Arterial","recfacil":null,"bikenetwor":null,"combined_s":"City Neighborhood Street","street_typ":"City Neighborhood Street","sidewlk_wd":"Greater than or equal to 12 feet","wlk_zn":"Greater than or equal to 6 feet","phase2_sid":"Yes"}},{"type":"Feature","id":20029,"geometry":{"type":"LineString","coordinates":[[-75.1649634780447,39.9113316898892],[-75.1681981703554,39.9117479502028]]},"properties":{"objectid":20029,"stname":"EB SCHUYLKILL EXP","class1":"Expressway","recfacil":null,"bikenetwor":null,"combined_s":"No Classification","street_typ":"N/A Interstate","sidewlk_wd":null,"wlk_zn":null,"phase2_sid":null}},{"type":"Feature","id":20031,"geometry":{"type":"LineString","coordinates":[[-75.1743557643528,39.9015382263784],[-75.1745295842603,39.9012567573242],[-75.1746755317787,39.9009404278166],[-75.1748751420757,39.9005875557312],[-75.1751202647058,39.9002934841109],[-75.1752840419197,39.9001390350266],[-75.1756334214358,39.8998792802074],[-75.1762384846893,39.8995401199051],[-75.1774154142534,39.8989775758014],[-75.1781109988453,39.8987499106506],[-75.1786279547153,39.8986520356286],[-75.1813415229005,39.898434526453]]},"properties":{"objectid":20031,"stname":"DELAWARE EXP RMP A","class1":"High-Speed Ramp","recfacil":null,"bikenetwor":null,"combined_s":"No Classification","street_typ":"N/A Interstate","sidewlk_wd":null,"wlk_zn":null,"phase2_sid":null}},{"type":"Feature","id":20053,"geometry":{"type":"LineString","coordinates":[[-75.1644511245151,39.9211545618097],[-75.1649917618624,39.9212249265635]]},"properties":{"objectid":20053,"stname":"WOLF ST","class1":"Collector Residential","recfacil":null,"bikenetwor":null,"combined_s":"City Neighborhood Street","street_typ":"City Neighborhood Street","sidewlk_wd":"Greater than or equal to 12 feet","wlk_zn":"Greater than or equal to 6 feet","phase2_sid":"Yes"}},{"type":"Feature","id":20105,"geometry":{"type":"LineString","coordinates":[[-75.1438482910596,39.9185092317562],[-75.1453374916511,39.9186873766195]]},"properties":{"objectid":20105,"stname":"WOLF ST","class1":"Collector Residential","recfacil":null,"bikenetwor":null,"combined_s":"City Neighborhood Street","street_typ":"City Neighborhood Street","sidewlk_wd":"Greater than or equal to 12 feet","wlk_zn":"Greater than or equal to 6 feet","phase2_sid":"Yes"}},{"type":"Feature","id":20108,"geometry":{"type":"LineString","coordinates":[[-75.1555928521948,40.0362233807403],[-75.1558599242032,40.036425523792],[-75.156126314314,40.0365601700856],[-75.1563848166809,40.0366533782969],[-75.1566452657596,40.0366956638979],[-75.1570231801981,40.0367211848215],[-75.1583759101348,40.0366941478575]]},"properties":{"objectid":20108,"stname":"BELFIELD AVE","class1":"Minor Arterial","recfacil":null,"bikenetwor":"YES","combined_s":"Scenic Drive","street_typ":"Scenic Drive","sidewlk_wd":"Greater than or equal to 9 feet","wlk_zn":"Greater than or equal to 6 feet","phase2_sid":"Yes"}},{"type":"Feature","id":20167,"geometry":{"type":"LineString","coordinates":[[-75.1450745066784,39.926441686926],[-75.1451376047582,39.9263287192585],[-75.1451815685119,39.9262657381304],[-75.1452271851234,39.9262370703284],[-75.1452904173001,39.9262133717296],[-75.1453616716257,39.9262127052428],[-75.146358773398,39.9263451604279]]},"properties":{"objectid":20167,"stname":"MORRIS ST","class1":"Minor Arterial","recfacil":null,"bikenetwor":null,"combined_s":"City Neighborhood Street","street_typ":"City Neighborhood Street","sidewlk_wd":"Greater than or equal to 12 feet","wlk_zn":"Greater than or equal to 6 feet","phase2_sid":"Yes"}},{"type":"Feature","id":20168,"geometry":{"type":"LineString","coordinates":[[-75.1429659839183,39.9230169269685],[-75.1423703376195,39.9222027576608],[-75.1420103219186,39.9216851842257],[-75.1413791280532,39.920747386652]]},"properties":{"objectid":20168,"stname":"S CHRISTOPHER COLUMBUS BLV","class1":"Major Arterial","recfacil":null,"bikenetwor":"YES","combined_s":"Auto Oriented Commercial/Industrial","street_typ":"Auto Oriented Commercial/Industrial","sidewlk_wd":"Greater than or equal to 12 feet","wlk_zn":"Greater than or equal to 6 feet","phase2_sid":"Yes"}},{"type":"Feature","id":20181,"geometry":{"type":"LineString","coordinates":[[-75.1389451661279,39.9204195750573],[-75.1413791280532,39.920747386652]]},"properties":{"objectid":20181,"stname":"SNYDER AVE","class1":"Local Residential","recfacil":null,"bikenetwor":null,"combined_s":"Local (Catch All)","street_typ":"Local (Catch All)","sidewlk_wd":"Greater than or equal to 10 feet","wlk_zn":"Greater than or equal to 5 feet","phase2_sid":null}},{"type":"Feature","id":20244,"geometry":{"type":"LineString","coordinates":[[-75.1177152084111,39.9819013134741],[-75.1173569007586,39.9814909289308]]},"properties":{"objectid":20244,"stname":"E LEHIGH AVE","class1":"Major Arterial","recfacil":null,"bikenetwor":"YES","combined_s":"Urban Arterial","street_typ":"Urban Arterial","sidewlk_wd":"Greater than or equal to 12 feet","wlk_zn":"Greater than or equal to 6 feet","phase2_sid":"Yes"}},{"type":"Feature","id":20263,"geometry":{"type":"LineString","coordinates":[[-75.1622749540103,39.9483388032357],[-75.1623630546295,39.9479418510006]]},"properties":{"objectid":20263,"stname":"S 13TH ST","class1":"Minor Arterial","recfacil":null,"bikenetwor":"YES","combined_s":"Walkable Commercial Corridors","street_typ":"Walkable Commercial Corridors","sidewlk_wd":"Greater than or equal to 12 feet","wlk_zn":"Greater than or equal to 6 feet","phase2_sid":null}},{"type":"Feature","id":20267,"geometry":{"type":"LineString","coordinates":[[-75.1644420702235,39.9482070643316],[-75.164713194122,39.9469801993295]]},"properties":{"objectid":20267,"stname":"S BROAD ST","class1":"Major Arterial","recfacil":null,"bikenetwor":"YES","combined_s":"Civic/Ceremonial Street","street_typ":"Civic/Ceremonial Street","sidewlk_wd":"Greater than or equal to  20 feet","wlk_zn":"Greater than or equal to 10 feet","phase2_sid":null}},{"type":"Feature","id":20293,"geometry":{"type":"LineString","coordinates":[[-75.1504787230915,40.0500803000517],[-75.1512787941902,40.050183415037]]},"properties":{"objectid":20293,"stname":"MEDARY AVE","class1":"Minor Arterial","recfacil":null,"bikenetwor":null,"combined_s":"City Neighborhood Street","street_typ":"City Neighborhood Street","sidewlk_wd":"Greater than or equal to 12 feet","wlk_zn":"Greater than or equal to 6 feet","phase2_sid":"Yes"}},{"type":"Feature","id":20351,"geometry":{"type":"LineString","coordinates":[[-75.1473391628303,40.0496660727212],[-75.1472672858634,40.0499743116371]]},"properties":{"objectid":20351,"stname":"N 17TH ST","class1":"Collector Residential","recfacil":null,"bikenetwor":null,"combined_s":"Lower Density Residential","street_typ":"Lower Density Residential","sidewlk_wd":"Greater than or equal to 10 feet","wlk_zn":"Greater than or equal to 5 feet","phase2_sid":"Yes"}},{"type":"Feature","id":20355,"geometry":{"type":"LineString","coordinates":[[-75.1693816274465,40.0618069830695],[-75.1693029095248,40.0618355800401],[-75.1685598180849,40.0626062506329]]},"properties":{"objectid":20355,"stname":"CARDEZA ST","class1":"Local Residential","recfacil":null,"bikenetwor":null,"combined_s":"Lower Density Residential","street_typ":"Lower Density Residential","sidewlk_wd":"Greater than or equal to 10 feet","wlk_zn":"Greater than or equal to 5 feet","phase2_sid":null}},{"type":"Feature","id":20371,"geometry":{"type":"LineString","coordinates":[[-75.1196926119308,39.9841214722637],[-75.119192122935,39.9835582149176],[-75.1191376289717,39.9834940729937]]},"properties":{"objectid":20371,"stname":"E LEHIGH AVE","class1":"Major Arterial","recfacil":null,"bikenetwor":"YES","combined_s":"Urban Arterial","street_typ":"Urban Arterial","sidewlk_wd":"Greater than or equal to 12 feet","wlk_zn":"Greater than or equal to 6 feet","phase2_sid":"Yes"}},{"type":"Feature","id":20414,"geometry":{"type":"LineString","coordinates":[[-75.1199032359113,39.9706287147191],[-75.121115713449,39.9713867757187],[-75.121212050893,39.9714976297791]]},"properties":{"objectid":20414,"stname":"SCHIRRA DR","class1":"Local Residential","recfacil":null,"bikenetwor":null,"combined_s":"Local (Catch All)","street_typ":"Local (Catch All)","sidewlk_wd":"Greater than or equal to 10 feet","wlk_zn":"Greater than or equal to 5 feet","phase2_sid":null}},{"type":"Feature","id":20518,"geometry":{"type":"LineString","coordinates":[[-75.235809998177,39.9468450741502],[-75.2358734789434,39.9468153460464],[-75.2361402999874,39.9467426126568],[-75.2372729853381,39.9464722085886]]},"properties":{"objectid":20518,"stname":"BALTIMORE AVE","class1":"Major Arterial","recfacil":null,"bikenetwor":"YES","combined_s":"Urban Arterial","street_typ":"Urban Arterial","sidewlk_wd":"Greater than or equal to 12 feet","wlk_zn":"Greater than or equal to 6 feet","phase2_sid":"Yes"}},{"type":"Feature","id":20542,"geometry":{"type":"LineString","coordinates":[[-75.1619626917368,39.9595802103352],[-75.1617753216921,39.9604308863118]]},"properties":{"objectid":20542,"stname":"N BROAD ST","class1":"Major Arterial","recfacil":null,"bikenetwor":null,"combined_s":"Civic/Ceremonial Street","street_typ":"Civic/Ceremonial Street","sidewlk_wd":"Greater than or equal to  20 feet","wlk_zn":"Greater than or equal to 10 feet","phase2_sid":"No"}},{"type":"Feature","id":20543,"geometry":{"type":"LineString","coordinates":[[-75.1617753216921,39.9604308863118],[-75.1616485022903,39.9610305586991]]},"properties":{"objectid":20543,"stname":"N BROAD ST","class1":"Major Arterial","recfacil":null,"bikenetwor":null,"combined_s":"Civic/Ceremonial Street","street_typ":"Civic/Ceremonial Street","sidewlk_wd":"Greater than or equal to  20 feet","wlk_zn":"Greater than or equal to 10 feet","phase2_sid":"No"}},{"type":"Feature","id":20641,"geometry":{"type":"LineString","coordinates":[[-75.1232687731367,39.9803538982316],[-75.1224522235221,39.9794201843288]]},"properties":{"objectid":20641,"stname":"E CUMBERLAND ST","class1":"Collector Residential","recfacil":"Bike Lane","bikenetwor":null,"combined_s":"City Neighborhood Street","street_typ":"City Neighborhood Street","sidewlk_wd":"Greater than or equal to 12 feet","wlk_zn":"Greater than or equal to 6 feet","phase2_sid":"Yes"}},{"type":"Feature","id":20702,"geometry":{"type":"LineString","coordinates":[[-75.1221188139646,39.9819276706756],[-75.1215362520492,39.9812648961707]]},"properties":{"objectid":20702,"stname":"E HAZZARD ST","class1":"Local Residential","recfacil":null,"bikenetwor":null,"combined_s":"Local (Catch All)","street_typ":"Local (Catch All)","sidewlk_wd":"Greater than or equal to 10 feet","wlk_zn":"Greater than or equal to 5 feet","phase2_sid":null}},{"type":"Feature","id":20709,"geometry":{"type":"LineString","coordinates":[[-75.1447299567972,39.9801067373353],[-75.1455148783823,39.9802044481299]]},"properties":{"objectid":20709,"stname":"W BERKS ST","class1":"Collector Residential","recfacil":null,"bikenetwor":null,"combined_s":"City Neighborhood Street","street_typ":"City Neighborhood Street","sidewlk_wd":"Greater than or equal to 12 feet","wlk_zn":"Greater than or equal to 6 feet","phase2_sid":"Yes"}},{"type":"Feature","id":20730,"geometry":{"type":"LineString","coordinates":[[-75.1495126078627,39.9546533977733],[-75.1511282336185,39.9548576963099]]},"properties":{"objectid":20730,"stname":"RACE ST","class1":"Minor Arterial","recfacil":"Bike Lanes","bikenetwor":"YES","combined_s":"Urban Arterial","street_typ":"Urban Arterial","sidewlk_wd":"Greater than or equal to 12 feet","wlk_zn":"Greater than or equal to 6 feet","phase2_sid":null}},{"type":"Feature","id":20750,"geometry":{"type":"LineString","coordinates":[[-75.1389052851537,39.9603105083265],[-75.1414694264721,39.9605680001736]]},"properties":{"objectid":20750,"stname":"SPRING GARDEN ST","class1":"Major Arterial","recfacil":null,"bikenetwor":"YES","combined_s":"Urban Arterial","street_typ":"Urban Arterial","sidewlk_wd":"Greater than or equal to 12 feet","wlk_zn":"Greater than or equal to 6 feet","phase2_sid":"Yes"}},{"type":"Feature","id":20887,"geometry":{"type":"LineString","coordinates":[[-75.1514307973174,39.9534596760759],[-75.1511282336185,39.9548576963099]]},"properties":{"objectid":20887,"stname":"N 07TH ST","class1":"Minor Arterial","recfacil":null,"bikenetwor":null,"combined_s":"City Neighborhood Street","street_typ":"City Neighborhood Street","sidewlk_wd":"Greater than or equal to 12 feet","wlk_zn":"Greater than or equal to 6 feet","phase2_sid":null}},{"type":"Feature","id":20921,"geometry":{"type":"LineString","coordinates":[[-75.1535852999251,39.9511362295509],[-75.1533650102896,39.9521747158896]]},"properties":{"objectid":20921,"stname":"N 08TH ST","class1":"Minor Arterial","recfacil":null,"bikenetwor":null,"combined_s":"City Neighborhood Street","street_typ":"City Neighborhood Street","sidewlk_wd":"Greater than or equal to 12 feet","wlk_zn":"Greater than or equal to 6 feet","phase2_sid":null}},{"type":"Feature","id":20975,"geometry":{"type":"LineString","coordinates":[[-75.1491890697381,39.9490415954212],[-75.1507699014759,39.949232989951]]},"properties":{"objectid":20975,"stname":"CHESTNUT ST","class1":"Major Arterial","recfacil":"Marked Shared Lane","bikenetwor":"YES","combined_s":"High Volume Pedestrian","street_typ":"High Volume Pedestrian","sidewlk_wd":"Greater than or equal to 16 feet","wlk_zn":"Greater than or equal to 8 feet","phase2_sid":null}},{"type":"Feature","id":21026,"geometry":{"type":"LineString","coordinates":[[-75.1515418534676,39.9529577681779],[-75.1531465097368,39.9531628150671]]},"properties":{"objectid":21026,"stname":"ARCH ST","class1":"Minor Arterial","recfacil":"Bike Lanes","bikenetwor":"YES","combined_s":"Urban Arterial","street_typ":"Urban Arterial","sidewlk_wd":"Greater than or equal to 12 feet","wlk_zn":"Greater than or equal to 6 feet","phase2_sid":null}},{"type":"Feature","id":21251,"geometry":{"type":"LineString","coordinates":[[-75.1511282336185,39.9548576963099],[-75.1511630858423,39.9549710944617],[-75.1511703114684,39.9550118166738],[-75.1513880836414,39.9554611987561],[-75.1514835459755,39.9557033658363]]},"properties":{"objectid":21251,"stname":"N 07TH ST","class1":"Minor Arterial","recfacil":null,"bikenetwor":null,"combined_s":"City Neighborhood Street","street_typ":"City Neighborhood Street","sidewlk_wd":"Greater than or equal to 12 feet","wlk_zn":"Greater than or equal to 6 feet","phase2_sid":null}},{"type":"Feature","id":21303,"geometry":{"type":"LineString","coordinates":[[-75.1451466420786,40.0457954703171],[-75.1452177703858,40.0459881938299],[-75.1452832482204,40.046193593545]]},"properties":{"objectid":21303,"stname":"OLD YORK RD","class1":"Major Arterial","recfacil":null,"bikenetwor":"YES","combined_s":"Urban Arterial","street_typ":"Urban Arterial","sidewlk_wd":"Greater than or equal to 12 feet","wlk_zn":"Greater than or equal to 6 feet","phase2_sid":"Yes"}},{"type":"Feature","id":21331,"geometry":{"type":"LineString","coordinates":[[-75.1413471628114,39.9480420019364],[-75.1424684568047,39.9481837882355]]},"properties":{"objectid":21331,"stname":"CHESTNUT ST","class1":"Minor Arterial","recfacil":"Marked Shared Lane","bikenetwor":"YES","combined_s":"City Neighborhood Street","street_typ":"City Neighborhood Street","sidewlk_wd":"Greater than or equal to 12 feet","wlk_zn":"Greater than or equal to 6 feet","phase2_sid":null}},{"type":"Feature","id":21373,"geometry":{"type":"LineString","coordinates":[[-75.125378714516,39.9719629789343],[-75.1248200719204,39.9721546933241]]},"properties":{"objectid":21373,"stname":"E GIRARD AVE","class1":"Major Arterial","recfacil":"Further Study Required","bikenetwor":null,"combined_s":"Walkable Commercial Corridors","street_typ":"Walkable Commercial Corridors","sidewlk_wd":"Greater than or equal to 12 feet","wlk_zn":"Greater than or equal to 6 feet","phase2_sid":"Yes"}},{"type":"Feature","id":21377,"geometry":{"type":"LineString","coordinates":[[-75.1233357726167,39.9775240376675],[-75.1232936215916,39.9774836087333],[-75.1223227034931,39.9768591091422]]},"properties":{"objectid":21377,"stname":"E BOSTON ST","class1":"Local Residential","recfacil":null,"bikenetwor":null,"combined_s":"Local (Catch All)","street_typ":"Local (Catch All)","sidewlk_wd":"Greater than or equal to 10 feet","wlk_zn":"Greater than or equal to 5 feet","phase2_sid":null}},{"type":"Feature","id":21382,"geometry":{"type":"LineString","coordinates":[[-75.15150297691,39.9681918640397],[-75.1509428408191,39.9705333903321]]},"properties":{"objectid":21382,"stname":"N 09TH ST","class1":"Local Residential","recfacil":null,"bikenetwor":null,"combined_s":"Local (Catch All)","street_typ":"Local (Catch All)","sidewlk_wd":"Greater than or equal to 10 feet","wlk_zn":"Greater than or equal to 5 feet","phase2_sid":null}},{"type":"Feature","id":21400,"geometry":{"type":"LineString","coordinates":[[-75.1226900646866,39.973963798101],[-75.1221263188242,39.9744951681381]]},"properties":{"objectid":21400,"stname":"ARAMINGO AVE","class1":"Major Arterial","recfacil":null,"bikenetwor":null,"combined_s":"Urban Arterial","street_typ":"Urban Arterial","sidewlk_wd":"Greater than or equal to 12 feet","wlk_zn":"Greater than or equal to 6 feet","phase2_sid":"Yes"}},{"type":"Feature","id":21406,"geometry":{"type":"LineString","coordinates":[[-75.1471157960967,39.9586033013218],[-75.1478863243596,39.9585130751552],[-75.1487286811037,39.9585070258591]]},"properties":{"objectid":21406,"stname":"WILLOW ST","class1":"Local Residential","recfacil":null,"bikenetwor":null,"combined_s":"Local (Catch All)","street_typ":"Local (Catch All)","sidewlk_wd":"Greater than or equal to 10 feet","wlk_zn":"Greater than or equal to 5 feet","phase2_sid":null}},{"type":"Feature","id":21422,"geometry":{"type":"LineString","coordinates":[[-75.1357043071635,39.9620560603682],[-75.1362982835677,39.9624607101474]]},"properties":{"objectid":21422,"stname":"POPLAR ST","class1":"Local Residential","recfacil":null,"bikenetwor":null,"combined_s":"Local (Catch All)","street_typ":"Local (Catch All)","sidewlk_wd":"Greater than or equal to 10 feet","wlk_zn":"Greater than or equal to 5 feet","phase2_sid":null}},{"type":"Feature","id":21430,"geometry":{"type":"LineString","coordinates":[[-75.1550627391422,39.9877747673659],[-75.1550751461026,39.9878191247835],[-75.154771231384,39.9892136510658],[-75.1547616892175,39.9892693479941]]},"properties":{"objectid":21430,"stname":"N WATTS ST","class1":"Local Residential","recfacil":null,"bikenetwor":null,"combined_s":"Local (Catch All)","street_typ":"Local (Catch All)","sidewlk_wd":"Greater than or equal to 10 feet","wlk_zn":"Greater than or equal to 5 feet","phase2_sid":null}},{"type":"Feature","id":21457,"geometry":{"type":"LineString","coordinates":[[-75.1488222091736,39.9580320811739],[-75.1496367190014,39.9581333542509],[-75.1498892367593,39.9580990002036],[-75.1501343718163,39.9580974835806],[-75.1503178391833,39.9581063561914],[-75.1504440608937,39.9581267276732]]},"properties":{"objectid":21457,"stname":"CALLOWHILL ST","class1":"Minor Arterial","recfacil":"Bike Lanes","bikenetwor":"YES","combined_s":"Urban Arterial","street_typ":"Urban Arterial","sidewlk_wd":"Greater than or equal to 12 feet","wlk_zn":"Greater than or equal to 6 feet","phase2_sid":"No"}},{"type":"Feature","id":21494,"geometry":{"type":"LineString","coordinates":[[-75.1621210689643,39.9588309167021],[-75.1622563444962,39.9588526731556]]},"properties":{"objectid":21494,"stname":"WOOD ST","class1":"Local Residential","recfacil":null,"bikenetwor":null,"combined_s":"Local (Catch All)","street_typ":"Local (Catch All)","sidewlk_wd":"Greater than or equal to 10 feet","wlk_zn":"Greater than or equal to 5 feet","phase2_sid":null}},{"type":"Feature","id":21554,"geometry":{"type":"LineString","coordinates":[[-75.1460820576419,39.9771685703851],[-75.146875920824,39.9772695398721]]},"properties":{"objectid":21554,"stname":"CECIL B MOORE AVE","class1":"Minor Arterial","recfacil":"Marked Shared Lane","bikenetwor":"YES","combined_s":"Urban Arterial","street_typ":"Urban Arterial","sidewlk_wd":"Greater than or equal to 12 feet","wlk_zn":"Greater than or equal to 6 feet","phase2_sid":"Yes"}},{"type":"Feature","id":21584,"geometry":{"type":"LineString","coordinates":[[-75.1503390785741,39.9586998485467],[-75.149844463779,39.9613700990573]]},"properties":{"objectid":21584,"stname":"N 07TH ST","class1":"Minor Arterial","recfacil":null,"bikenetwor":null,"combined_s":"City Neighborhood Street","street_typ":"City Neighborhood Street","sidewlk_wd":"Greater than or equal to 12 feet","wlk_zn":"Greater than or equal to 6 feet","phase2_sid":"No"}},{"type":"Feature","id":21595,"geometry":{"type":"LineString","coordinates":[[-75.149928085977,39.9527668228519],[-75.1515418534676,39.9529577681779]]},"properties":{"objectid":21595,"stname":"ARCH ST","class1":"Minor Arterial","recfacil":"Bike Lanes","bikenetwor":"YES","combined_s":"Urban Arterial","street_typ":"Urban Arterial","sidewlk_wd":"Greater than or equal to 12 feet","wlk_zn":"Greater than or equal to 6 feet","phase2_sid":null}},{"type":"Feature","id":21647,"geometry":{"type":"LineString","coordinates":[[-75.1486791942585,40.0435330427956],[-75.1497994014053,40.0436823684612]]},"properties":{"objectid":21647,"stname":"W NEDRO AVE","class1":"Collector Residential","recfacil":null,"bikenetwor":null,"combined_s":"Lower Density Residential","street_typ":"Lower Density Residential","sidewlk_wd":"Greater than or equal to 10 feet","wlk_zn":"Greater than or equal to 5 feet","phase2_sid":"Yes"}},{"type":"Feature","id":21652,"geometry":{"type":"LineString","coordinates":[[-75.1541524501343,39.9707876113738],[-75.1557210705098,39.9709909133383]]},"properties":{"objectid":21652,"stname":"W GIRARD AVE","class1":"Major Arterial","recfacil":null,"bikenetwor":"YES","combined_s":"Urban Arterial","street_typ":"Urban Arterial","sidewlk_wd":"Greater than or equal to 12 feet","wlk_zn":"Greater than or equal to 6 feet","phase2_sid":"Yes"}},{"type":"Feature","id":21667,"geometry":{"type":"LineString","coordinates":[[-75.1412144597773,40.0551483176761],[-75.1408723732317,40.0567035862583]]},"properties":{"objectid":21667,"stname":"N BROAD ST","class1":"Major Arterial","recfacil":null,"bikenetwor":null,"combined_s":"Urban Arterial","street_typ":"Urban Arterial","sidewlk_wd":"Greater than or equal to 12 feet","wlk_zn":"Greater than or equal to 6 feet","phase2_sid":"Yes"}},{"type":"Feature","id":21705,"geometry":{"type":"LineString","coordinates":[[-75.1414450272534,40.0542173196281],[-75.1412144597773,40.0551483176761]]},"properties":{"objectid":21705,"stname":"N BROAD ST","class1":"Major Arterial","recfacil":null,"bikenetwor":null,"combined_s":"Urban Arterial","street_typ":"Urban Arterial","sidewlk_wd":"Greater than or equal to 12 feet","wlk_zn":"Greater than or equal to 6 feet","phase2_sid":"Yes"}},{"type":"Feature","id":21741,"geometry":{"type":"LineString","coordinates":[[-75.1512516103027,40.0411838623792],[-75.151165355983,40.0413206720783],[-75.1510189714133,40.0414902364316],[-75.1508565461315,40.0416488957464],[-75.1506814663569,40.0417798613373],[-75.150566519659,40.0418447238216],[-75.1504844608746,40.041910330481],[-75.1503396861896,40.0420377646425],[-75.1502086872072,40.0421913119622]]},"properties":{"objectid":21741,"stname":"OGONTZ AVE","class1":"Major Arterial","recfacil":null,"bikenetwor":"YES","combined_s":"Urban Arterial","street_typ":"Urban Arterial","sidewlk_wd":"Greater than or equal to 12 feet","wlk_zn":"Greater than or equal to 6 feet","phase2_sid":"Yes"}},{"type":"Feature","id":21748,"geometry":{"type":"LineString","coordinates":[[-75.1501221073408,40.0598349913199],[-75.1506341744275,40.0605871399317]]},"properties":{"objectid":21748,"stname":"OGONTZ AVE","class1":"Major Arterial","recfacil":null,"bikenetwor":"YES","combined_s":"Urban Arterial","street_typ":"Urban Arterial","sidewlk_wd":"Greater than or equal to 12 feet","wlk_zn":"Greater than or equal to 6 feet","phase2_sid":"Yes"}},{"type":"Feature","id":21789,"geometry":{"type":"LineString","coordinates":[[-75.0796636667196,40.0692126940641],[-75.0776866926948,40.0681100425492]]},"properties":{"objectid":21789,"stname":"HARTEL AVE","class1":"Collector Residential","recfacil":null,"bikenetwor":null,"combined_s":"Lower Density Residential","street_typ":"Lower Density Residential","sidewlk_wd":"Greater than or equal to 10 feet","wlk_zn":"Greater than or equal to 5 feet","phase2_sid":"Yes"}},{"type":"Feature","id":21846,"geometry":{"type":"LineString","coordinates":[[-75.1513588489323,40.0312647121909],[-75.1523724734548,40.0313963108707]]},"properties":{"objectid":21846,"stname":"LINDLEY AVE","class1":"Minor Arterial","recfacil":"Marked Shared Lane","bikenetwor":null,"combined_s":"City Neighborhood Street","street_typ":"City Neighborhood Street","sidewlk_wd":"Greater than or equal to 12 feet","wlk_zn":"Greater than or equal to 6 feet","phase2_sid":"Yes"}},{"type":"Feature","id":21935,"geometry":{"type":"LineString","coordinates":[[-75.1488427338376,40.0427857449921],[-75.1499626540259,40.0429310785446]]},"properties":{"objectid":21935,"stname":"CONLYN ST","class1":"Local Residential","recfacil":null,"bikenetwor":null,"combined_s":"Local (Catch All)","street_typ":"Local (Catch All)","sidewlk_wd":"Greater than or equal to 10 feet","wlk_zn":"Greater than or equal to 5 feet","phase2_sid":null}},{"type":"Feature","id":21972,"geometry":{"type":"LineString","coordinates":[[-75.163860465658,39.950865642905],[-75.1640134933308,39.9508859327451]]},"properties":{"objectid":21972,"stname":"CHESTNUT ST","class1":"Major Arterial","recfacil":"Marked Shared Lane","bikenetwor":"YES","combined_s":"High Volume Pedestrian","street_typ":"High Volume Pedestrian","sidewlk_wd":"Greater than or equal to 16 feet","wlk_zn":"Greater than or equal to 8 feet","phase2_sid":null}},{"type":"Feature","id":22005,"geometry":{"type":"LineString","coordinates":[[-75.1456791067017,39.9793288207462],[-75.1455148783823,39.9802044481299]]},"properties":{"objectid":22005,"stname":"N MARSHALL ST","class1":"Local Residential","recfacil":null,"bikenetwor":null,"combined_s":"Local (Catch All)","street_typ":"Local (Catch All)","sidewlk_wd":"Greater than or equal to 10 feet","wlk_zn":"Greater than or equal to 5 feet","phase2_sid":null}},{"type":"Feature","id":22020,"geometry":{"type":"LineString","coordinates":[[-75.1348724247283,39.9818965423631],[-75.1357832474319,39.9820185543665]]},"properties":{"objectid":22020,"stname":"DIAMOND ST","class1":"Minor Arterial","recfacil":"Marked Shared Lane","bikenetwor":"YES","combined_s":"Urban Arterial","street_typ":"Urban Arterial","sidewlk_wd":"Greater than or equal to 12 feet","wlk_zn":"Greater than or equal to 6 feet","phase2_sid":"Yes"}},{"type":"Feature","id":22021,"geometry":{"type":"LineString","coordinates":[[-75.1328833470273,39.9816407241262],[-75.1334125738464,39.9817074423864]]},"properties":{"objectid":22021,"stname":"DIAMOND ST","class1":"Minor Arterial","recfacil":"Marked Shared Lane","bikenetwor":"YES","combined_s":"Urban Arterial","street_typ":"Urban Arterial","sidewlk_wd":"Greater than or equal to 12 feet","wlk_zn":"Greater than or equal to 6 feet","phase2_sid":"Yes"}},{"type":"Feature","id":22057,"geometry":{"type":"LineString","coordinates":[[-75.142548511355,39.9813544426037],[-75.1422222912981,39.9828495344527]]},"properties":{"objectid":22057,"stname":"N 05TH ST","class1":"Minor Arterial","recfacil":"Marked Shared Lane","bikenetwor":"YES","combined_s":"City Neighborhood Street","street_typ":"City Neighborhood Street","sidewlk_wd":"Greater than or equal to 12 feet","wlk_zn":"Greater than or equal to 6 feet","phase2_sid":"Yes"}},{"type":"Feature","id":22071,"geometry":{"type":"LineString","coordinates":[[-75.1397422467407,39.9542349040363],[-75.139382861666,39.9551609823013],[-75.1392200470489,39.9553514522027]]},"properties":{"objectid":22071,"stname":"N CHRISTOPHER COLUMBUS BLV","class1":"Major Arterial","recfacil":"Bike Lanes","bikenetwor":null,"combined_s":"Urban Arterial","street_typ":"Urban Arterial","sidewlk_wd":"Greater than or equal to 12 feet","wlk_zn":"Greater than or equal to 6 feet","phase2_sid":"No"}},{"type":"Feature","id":22115,"geometry":{"type":"LineString","coordinates":[[-75.1582863788467,39.9665379839255],[-75.1580627423818,39.9675680945119]]},"properties":{"objectid":22115,"stname":"N 13TH ST","class1":"Collector Residential","recfacil":"Bike Friendly Street","bikenetwor":"YES","combined_s":"City Neighborhood Street","street_typ":"City Neighborhood Street","sidewlk_wd":"Greater than or equal to 12 feet","wlk_zn":"Greater than or equal to 6 feet","phase2_sid":"Yes"}},{"type":"Feature","id":22127,"geometry":{"type":"LineString","coordinates":[[-75.1305872009125,39.9675689013305],[-75.1311459063206,39.9685732410169]]},"properties":{"objectid":22127,"stname":"MARLBOROUGH ST","class1":"Collector Residential","recfacil":"Bike Friendly Street","bikenetwor":null,"combined_s":"City Neighborhood Street","street_typ":"City Neighborhood Street","sidewlk_wd":"Greater than or equal to 12 feet","wlk_zn":"Greater than or equal to 6 feet","phase2_sid":"Yes"}},{"type":"Feature","id":22247,"geometry":{"type":"LineString","coordinates":[[-75.1448940890491,39.9792397665825],[-75.1447299567972,39.9801067373353]]},"properties":{"objectid":22247,"stname":"N 06TH ST","class1":"Collector Residential","recfacil":"Bike Friendly Street","bikenetwor":"YES","combined_s":"City Neighborhood Street","street_typ":"City Neighborhood Street","sidewlk_wd":"Greater than or equal to 12 feet","wlk_zn":"Greater than or equal to 6 feet","phase2_sid":"Yes"}},{"type":"Feature","id":22274,"geometry":{"type":"LineString","coordinates":[[-75.149617438114,40.0499599061981],[-75.14935806535,40.0511438662831]]},"properties":{"objectid":22274,"stname":"N GRATZ ST","class1":"Local Residential","recfacil":null,"bikenetwor":null,"combined_s":"Local (Catch All)","street_typ":"Local (Catch All)","sidewlk_wd":"Greater than or equal to 10 feet","wlk_zn":"Greater than or equal to 5 feet","phase2_sid":null}},{"type":"Feature","id":22430,"geometry":{"type":"LineString","coordinates":[[-75.1298187806564,39.9775253067405],[-75.1297971750232,39.9775465182448],[-75.1295121411461,39.9780562347239]]},"properties":{"objectid":22430,"stname":"TULIP ST","class1":"Local Residential","recfacil":"Bike Friendly Street","bikenetwor":null,"combined_s":"Local (Catch All)","street_typ":"Local (Catch All)","sidewlk_wd":"Greater than or equal to 10 feet","wlk_zn":"Greater than or equal to 5 feet","phase2_sid":null}},{"type":"Feature","id":22433,"geometry":{"type":"LineString","coordinates":[[-75.1481509957872,39.9704379337398],[-75.1478977760475,39.9717739891759]]},"properties":{"objectid":22433,"stname":"N 07TH ST","class1":"Collector Residential","recfacil":null,"bikenetwor":null,"combined_s":"City Neighborhood Street","street_typ":"City Neighborhood Street","sidewlk_wd":"Greater than or equal to 12 feet","wlk_zn":"Greater than or equal to 6 feet","phase2_sid":"Yes"}},{"type":"Feature","id":22465,"geometry":{"type":"LineString","coordinates":[[-75.1664072694652,40.074542117951],[-75.1658003534236,40.0747489874253],[-75.1655236933833,40.0748642006972]]},"properties":{"objectid":22465,"stname":"GREENWOOD ST","class1":"Collector Residential","recfacil":"Marked Shared Lane","bikenetwor":null,"combined_s":"Lower Density Residential","street_typ":"Lower Density Residential","sidewlk_wd":"Greater than or equal to 10 feet","wlk_zn":"Greater than or equal to 5 feet","phase2_sid":"Yes"}},{"type":"Feature","id":22500,"geometry":{"type":"LineString","coordinates":[[-75.204543295164,40.0271839908039],[-75.2050828396149,40.0279128261006]]},"properties":{"objectid":22500,"stname":"HENRY AVE","class1":"Major Arterial","recfacil":null,"bikenetwor":"YES","combined_s":"Urban Arterial","street_typ":"Urban Arterial","sidewlk_wd":"Greater than or equal to 12 feet","wlk_zn":"Greater than or equal to 6 feet","phase2_sid":"Yes"}},{"type":"Feature","id":22515,"geometry":{"type":"LineString","coordinates":[[-75.2128313569469,40.0225834638579],[-75.2139051177869,40.0240314447663]]},"properties":{"objectid":22515,"stname":"MANAYUNK AVE","class1":"Collector Residential","recfacil":"Marked Shared Lane","bikenetwor":"YES","combined_s":"City Neighborhood Street","street_typ":"City Neighborhood Street","sidewlk_wd":"Greater than or equal to 12 feet","wlk_zn":"Greater than or equal to 6 feet","phase2_sid":"Yes"}},{"type":"Feature","id":22663,"geometry":{"type":"LineString","coordinates":[[-75.1506048099725,39.9721251319889],[-75.1511290573871,39.9721965288918]]},"properties":{"objectid":22663,"stname":"W THOMPSON ST","class1":"Collector Residential","recfacil":null,"bikenetwor":null,"combined_s":"City Neighborhood Street","street_typ":"City Neighborhood Street","sidewlk_wd":"Greater than or equal to 12 feet","wlk_zn":"Greater than or equal to 6 feet","phase2_sid":"Yes"}},{"type":"Feature","id":22748,"geometry":{"type":"LineString","coordinates":[[-75.1504440608937,39.9581267276732],[-75.1503390785741,39.9586998485467]]},"properties":{"objectid":22748,"stname":"N 07TH ST","class1":"Minor Arterial","recfacil":null,"bikenetwor":null,"combined_s":"City Neighborhood Street","street_typ":"City Neighborhood Street","sidewlk_wd":"Greater than or equal to 12 feet","wlk_zn":"Greater than or equal to 6 feet","phase2_sid":"No"}},{"type":"Feature","id":22943,"geometry":{"type":"LineString","coordinates":[[-75.2040091664496,40.0264505271784],[-75.204543295164,40.0271839908039]]},"properties":{"objectid":22943,"stname":"HENRY AVE","class1":"Major Arterial","recfacil":null,"bikenetwor":"YES","combined_s":"Urban Arterial","street_typ":"Urban Arterial","sidewlk_wd":"Greater than or equal to 12 feet","wlk_zn":"Greater than or equal to 6 feet","phase2_sid":"Yes"}},{"type":"Feature","id":23012,"geometry":{"type":"LineString","coordinates":[[-75.1944261151218,40.0030140567568],[-75.1944870901193,40.0032453571287],[-75.1945239920345,40.0035699613665],[-75.1945851752113,40.0038087644683],[-75.1946715635031,40.0040456453811],[-75.1947720950462,40.0042812804643],[-75.1948409381211,40.0044212225258],[-75.1949234783656,40.004572325603],[-75.1950881961047,40.0047903911671],[-75.1952498990896,40.0049948193357],[-75.195422793245,40.0051832132997],[-75.1956065736579,40.0053637077118],[-75.1959252216581,40.0056177636215],[-75.1960318801952,40.0056906986377],[-75.196121622756,40.0057442595529],[-75.1963010051403,40.0058540927062],[-75.1965843387672,40.0060150883032],[-75.196958538116,40.0061998144746],[-75.1971972976466,40.0063073760594],[-75.1974558407785,40.0064317806844],[-75.1978855769801,40.0066150021284],[-75.1990734077232,40.0070582037585],[-75.199323238396,40.0071343995324],[-75.2003529534227,40.0075317922754],[-75.2013016718506,40.0079063246163],[-75.2020421899507,40.0082041356335],[-75.2030204248563,40.0086326108479],[-75.2033960784194,40.008796922735],[-75.2043619894285,40.0092389332633],[-75.2052269928917,40.009691647165],[-75.2059569339818,40.010085058015],[-75.2062094848607,40.010220920679],[-75.206370957922,40.0103384830201],[-75.2064274529927,40.0104320071547],[-75.2064571293704,40.0105819300257],[-75.2064296919987,40.0106944285978],[-75.2063303186097,40.010888016649]]},"properties":{"objectid":23012,"stname":"SCHUYLKILL EXP RMP E","class1":"Low-Speed Ramp","recfacil":null,"bikenetwor":null,"combined_s":null,"street_typ":"N/A Interstate","sidewlk_wd":null,"wlk_zn":null,"phase2_sid":null}},{"type":"Feature","id":23134,"geometry":{"type":"LineString","coordinates":[[-75.1345978196831,39.9630065423189],[-75.1354081698323,39.9635607919525]]},"properties":{"objectid":23134,"stname":"ELLEN ST","class1":"Local Residential","recfacil":null,"bikenetwor":null,"combined_s":"Local (Catch All)","street_typ":"Local (Catch All)","sidewlk_wd":"Greater than or equal to 10 feet","wlk_zn":"Greater than or equal to 5 feet","phase2_sid":null}},{"type":"Feature","id":23136,"geometry":{"type":"LineString","coordinates":[[-75.1404880188735,39.9613931043713],[-75.140218431603,39.9619185265339],[-75.1400497692774,39.9622119635786],[-75.1398307775415,39.962573986515],[-75.139647674789,39.9628707643847],[-75.1393404102167,39.9633171294878],[-75.1389731817249,39.9637826104206],[-75.1384434029249,39.9643947434103],[-75.1382610040543,39.9645182612257]]},"properties":{"objectid":23136,"stname":"DELAWARE EXP RMP NV","class1":"High-Speed Ramp","recfacil":null,"bikenetwor":null,"combined_s":"No Classification","street_typ":"N/A Interstate","sidewlk_wd":null,"wlk_zn":null,"phase2_sid":null}},{"type":"Feature","id":23282,"geometry":{"type":"LineString","coordinates":[[-75.2145594337041,40.036962032243],[-75.2144644889995,40.0370140990067],[-75.2115396909266,40.0384148092606]]},"properties":{"objectid":23282,"stname":"LEVERINGTON AVE","class1":"Minor Arterial","recfacil":"Marked Shared Lane","bikenetwor":"YES","combined_s":"City Neighborhood Street","street_typ":"City Neighborhood Street","sidewlk_wd":"Greater than or equal to 12 feet","wlk_zn":"Greater than or equal to 6 feet","phase2_sid":"Yes"}},{"type":"Feature","id":23579,"geometry":{"type":"LineString","coordinates":[[-75.0282398198803,40.0633669384445],[-75.0280187144859,40.0607344606721]]},"properties":{"objectid":23579,"stname":"WELSH RD","class1":"Minor Arterial","recfacil":"Bike Lane","bikenetwor":null,"combined_s":"Urban Arterial","street_typ":"Urban Arterial","sidewlk_wd":"Greater than or equal to 12 feet","wlk_zn":"Greater than or equal to 6 feet","phase2_sid":"Yes"}},{"type":"Feature","id":23813,"geometry":{"type":"LineString","coordinates":[[-75.1307029430066,39.9706536121974],[-75.1309263907716,39.9710708905732]]},"properties":{"objectid":23813,"stname":"E COLUMBIA AVE","class1":"Minor Arterial","recfacil":"Bike Friendly Street","bikenetwor":null,"combined_s":"City Neighborhood Street","street_typ":"City Neighborhood Street","sidewlk_wd":"Greater than or equal to 12 feet","wlk_zn":"Greater than or equal to 6 feet","phase2_sid":"Yes"}},{"type":"Feature","id":23817,"geometry":{"type":"LineString","coordinates":[[-75.1570487493913,39.9771347598044],[-75.1582413935201,39.9772895218381]]},"properties":{"objectid":23817,"stname":"W OXFORD ST","class1":"Collector Residential","recfacil":null,"bikenetwor":null,"combined_s":"City Neighborhood Street","street_typ":"City Neighborhood Street","sidewlk_wd":"Greater than or equal to 12 feet","wlk_zn":"Greater than or equal to 6 feet","phase2_sid":"Yes"}},{"type":"Feature","id":23834,"geometry":{"type":"LineString","coordinates":[[-75.206784158007,40.0271561077276],[-75.2073428889795,40.0279197182515]]},"properties":{"objectid":23834,"stname":"HOUGHTON ST","class1":"Collector Residential","recfacil":"Marked Shared Lane","bikenetwor":"YES","combined_s":"Lower Density Residential","street_typ":"Lower Density Residential","sidewlk_wd":"Greater than or equal to 10 feet","wlk_zn":"Greater than or equal to 5 feet","phase2_sid":"Yes"}},{"type":"Feature","id":23931,"geometry":{"type":"LineString","coordinates":[[-75.2077343810585,40.0237927661825],[-75.20820143639,40.0246621311543]]},"properties":{"objectid":23931,"stname":"RIDGE AVE","class1":"Minor Arterial","recfacil":"Marked Shared Lane","bikenetwor":"YES","combined_s":"Urban Arterial","street_typ":"Urban Arterial","sidewlk_wd":"Greater than or equal to 12 feet","wlk_zn":"Greater than or equal to 6 feet","phase2_sid":"Yes"}},{"type":"Feature","id":23964,"geometry":{"type":"LineString","coordinates":[[-75.1506266176847,40.0197982123288],[-75.1505288459514,40.0201940014093]]},"properties":{"objectid":23964,"stname":"N 15TH ST","class1":"Collector Residential","recfacil":"Bike Friendly Street","bikenetwor":"YES","combined_s":"City Neighborhood Street","street_typ":"City Neighborhood Street","sidewlk_wd":"Greater than or equal to 12 feet","wlk_zn":"Greater than or equal to 6 feet","phase2_sid":"Yes"}},{"type":"Feature","id":23986,"geometry":{"type":"LineString","coordinates":[[-75.1579079810262,39.9647102483943],[-75.1586774642326,39.9648630861958]]},"properties":{"objectid":23986,"stname":"WALLACE ST","class1":"Collector Residential","recfacil":null,"bikenetwor":null,"combined_s":"City Neighborhood Street","street_typ":"City Neighborhood Street","sidewlk_wd":"Greater than or equal to 12 feet","wlk_zn":"Greater than or equal to 6 feet","phase2_sid":"Yes"}},{"type":"Feature","id":24003,"geometry":{"type":"LineString","coordinates":[[-75.1592565391951,39.9649703546914],[-75.1595180817012,39.9650117772427]]},"properties":{"objectid":24003,"stname":"WALLACE ST","class1":"Collector Residential","recfacil":null,"bikenetwor":null,"combined_s":"City Neighborhood Street","street_typ":"City Neighborhood Street","sidewlk_wd":"Greater than or equal to 12 feet","wlk_zn":"Greater than or equal to 6 feet","phase2_sid":"Yes"}},{"type":"Feature","id":24044,"geometry":{"type":"LineString","coordinates":[[-75.1877099099627,40.0164198789795],[-75.188385659347,40.0169959676067]]},"properties":{"objectid":24044,"stname":"HENRY AVE","class1":"Major Arterial","recfacil":"Further Study Required","bikenetwor":"YES","combined_s":"Urban Arterial","street_typ":"Urban Arterial","sidewlk_wd":"Greater than or equal to 12 feet","wlk_zn":"Greater than or equal to 6 feet","phase2_sid":"Yes"}},{"type":"Feature","id":24218,"geometry":{"type":"LineString","coordinates":[[-75.0841134231795,40.0316272757752],[-75.084088034145,40.0318012211333],[-75.0840991574161,40.0318896423169],[-75.0841393228367,40.0319819435271],[-75.0842753992641,40.0321811580608]]},"properties":{"objectid":24218,"stname":"OXFORD CIR","class1":"Major Arterial","recfacil":null,"bikenetwor":null,"combined_s":"Urban Arterial","street_typ":"Urban Arterial","sidewlk_wd":"Greater than or equal to 12 feet","wlk_zn":"Greater than or equal to 6 feet","phase2_sid":"Yes"}},{"type":"Feature","id":24355,"geometry":{"type":"LineString","coordinates":[[-75.2057355115666,40.0257004785517],[-75.2062667193764,40.0264456335728]]},"properties":{"objectid":24355,"stname":"HOUGHTON ST","class1":"Collector Residential","recfacil":"Marked Shared Lane","bikenetwor":"YES","combined_s":"Lower Density Residential","street_typ":"Lower Density Residential","sidewlk_wd":"Greater than or equal to 10 feet","wlk_zn":"Greater than or equal to 5 feet","phase2_sid":"Yes"}},{"type":"Feature","id":24399,"geometry":{"type":"LineString","coordinates":[[-75.151923332659,40.006176598929],[-75.1527703030659,40.0062908744314]]},"properties":{"objectid":24399,"stname":"W TIOGA ST","class1":"Collector Residential","recfacil":null,"bikenetwor":null,"combined_s":"City Neighborhood Street","street_typ":"City Neighborhood Street","sidewlk_wd":"Greater than or equal to 12 feet","wlk_zn":"Greater than or equal to 6 feet","phase2_sid":"Yes"}},{"type":"Feature","id":24407,"geometry":{"type":"LineString","coordinates":[[-75.1529282931012,40.0016020162532],[-75.1525525195114,40.0031909121692]]},"properties":{"objectid":24407,"stname":"N BROAD ST","class1":"Major Arterial","recfacil":null,"bikenetwor":null,"combined_s":"Urban Arterial","street_typ":"Urban Arterial","sidewlk_wd":"Greater than or equal to 12 feet","wlk_zn":"Greater than or equal to 6 feet","phase2_sid":"Yes"}},{"type":"Feature","id":24433,"geometry":{"type":"LineString","coordinates":[[-75.1488523162049,40.0202103660112],[-75.1487405356689,40.0207202604827]]},"properties":{"objectid":24433,"stname":"N BROAD ST","class1":"Major Arterial","recfacil":null,"bikenetwor":null,"combined_s":"Urban Arterial","street_typ":"Urban Arterial","sidewlk_wd":"Greater than or equal to 12 feet","wlk_zn":"Greater than or equal to 6 feet","phase2_sid":"Yes"}},{"type":"Feature","id":24451,"geometry":{"type":"LineString","coordinates":[[-75.0386184793992,40.0343646619813],[-75.0381977204584,40.0338375770621]]},"properties":{"objectid":24451,"stname":"COTTMAN AVE","class1":"Major Arterial","recfacil":"Marked Shared Lane","bikenetwor":null,"combined_s":"Urban Arterial","street_typ":"Urban Arterial","sidewlk_wd":"Greater than or equal to 12 feet","wlk_zn":"Greater than or equal to 6 feet","phase2_sid":"Yes"}},{"type":"Feature","id":24456,"geometry":{"type":"LineString","coordinates":[[-75.1562261699519,40.0090350335003],[-75.156030919353,40.0098771360443]]},"properties":{"objectid":24456,"stname":"N 17TH ST","class1":"Collector Residential","recfacil":"Marked Shared Lane","bikenetwor":"YES","combined_s":"City Neighborhood Street","street_typ":"City Neighborhood Street","sidewlk_wd":"Greater than or equal to 12 feet","wlk_zn":"Greater than or equal to 6 feet","phase2_sid":"Yes"}},{"type":"Feature","id":24483,"geometry":{"type":"LineString","coordinates":[[-75.2024988045893,40.0256185283392],[-75.2032319511748,40.0258485234758]]},"properties":{"objectid":24483,"stname":"HENRY AVE","class1":"Major Arterial","recfacil":null,"bikenetwor":"YES","combined_s":"Urban Arterial","street_typ":"Urban Arterial","sidewlk_wd":"Greater than or equal to 12 feet","wlk_zn":"Greater than or equal to 6 feet","phase2_sid":"Yes"}},{"type":"Feature","id":24508,"geometry":{"type":"LineString","coordinates":[[-75.1516382122137,39.9699599521648],[-75.1516220577466,39.969996472294],[-75.1514991436162,39.9705444714057]]},"properties":{"objectid":24508,"stname":"N PERCY ST","class1":"Local Residential","recfacil":null,"bikenetwor":null,"combined_s":"Local (Catch All)","street_typ":"Local (Catch All)","sidewlk_wd":"Greater than or equal to 10 feet","wlk_zn":"Greater than or equal to 5 feet","phase2_sid":null}},{"type":"Feature","id":24538,"geometry":{"type":"LineString","coordinates":[[-75.1493500467259,39.9552450305699],[-75.1491336247412,39.9562004996887]]},"properties":{"objectid":24538,"stname":"N 06TH ST","class1":"Minor Arterial","recfacil":null,"bikenetwor":"YES","combined_s":"Urban Arterial","street_typ":"Urban Arterial","sidewlk_wd":"Greater than or equal to 12 feet","wlk_zn":"Greater than or equal to 6 feet","phase2_sid":null}},{"type":"Feature","id":24577,"geometry":{"type":"LineString","coordinates":[[-75.1362982835677,39.9624607101474],[-75.1367586809384,39.9627756374994],[-75.1371726025314,39.9628289156841]]},"properties":{"objectid":24577,"stname":"POPLAR ST","class1":"Local Residential","recfacil":null,"bikenetwor":null,"combined_s":"Local (Catch All)","street_typ":"Local (Catch All)","sidewlk_wd":"Greater than or equal to 10 feet","wlk_zn":"Greater than or equal to 5 feet","phase2_sid":null}},{"type":"Feature","id":24587,"geometry":{"type":"LineString","coordinates":[[-75.0343574554207,40.0291054340243],[-75.0339420070593,40.0285710471502]]},"properties":{"objectid":24587,"stname":"COTTMAN AVE","class1":"Major Arterial","recfacil":"Bike Friendly Street","bikenetwor":null,"combined_s":"Urban Arterial","street_typ":"Urban Arterial","sidewlk_wd":"Greater than or equal to 12 feet","wlk_zn":"Greater than or equal to 6 feet","phase2_sid":"Yes"}},{"type":"Feature","id":24593,"geometry":{"type":"LineString","coordinates":[[-75.1416655074918,39.9560663188203],[-75.1417756512646,39.9561557753683],[-75.1418903710962,39.9562443717433],[-75.1420741329407,39.9563640199051],[-75.1423184060037,39.9564875003193],[-75.1425697182981,39.9565939423622],[-75.1429664395635,39.9567380839678],[-75.1433512510785,39.9568598415633],[-75.1437586733566,39.9569747411443],[-75.1442525029916,39.957084231534],[-75.1444575726866,39.9571219495134],[-75.1457110441105,39.9573117003707],[-75.145971879739,39.9573510311195],[-75.1460884837811,39.9573997902784]]},"properties":{"objectid":24593,"stname":"DELAWARE EXP RMP","class1":"High-Speed Ramp","recfacil":null,"bikenetwor":null,"combined_s":"No Classification","street_typ":"N/A Interstate","sidewlk_wd":null,"wlk_zn":null,"phase2_sid":null}},{"type":"Feature","id":24606,"geometry":{"type":"LineString","coordinates":[[-75.1300680016652,39.9666153810742],[-75.1302914048917,39.9670335827584]]},"properties":{"objectid":24606,"stname":"MARLBOROUGH ST","class1":"Collector Residential","recfacil":"Bike Friendly Street","bikenetwor":null,"combined_s":"City Neighborhood Street","street_typ":"City Neighborhood Street","sidewlk_wd":"Greater than or equal to 12 feet","wlk_zn":"Greater than or equal to 6 feet","phase2_sid":"Yes"}},{"type":"Feature","id":24608,"geometry":{"type":"LineString","coordinates":[[-75.1248425661977,39.9709643411731],[-75.125378714516,39.9719629789343]]},"properties":{"objectid":24608,"stname":"E HEWSON ST","class1":"Local Residential","recfacil":null,"bikenetwor":null,"combined_s":"Local (Catch All)","street_typ":"Local (Catch All)","sidewlk_wd":"Greater than or equal to 10 feet","wlk_zn":"Greater than or equal to 5 feet","phase2_sid":null}},{"type":"Feature","id":24669,"geometry":{"type":"LineString","coordinates":[[-75.1449528883409,39.95349435274],[-75.1448434449138,39.954016596536]]},"properties":{"objectid":24669,"stname":"N 03RD ST","class1":"Minor Arterial","recfacil":"Marked Shared Lane","bikenetwor":"YES","combined_s":"Walkable Commercial Corridors","street_typ":"Walkable Commercial Corridors","sidewlk_wd":"Greater than or equal to 12 feet","wlk_zn":"Greater than or equal to 6 feet","phase2_sid":null}},{"type":"Feature","id":24730,"geometry":{"type":"LineString","coordinates":[[-75.1317852650271,39.9657937672518],[-75.1320839051671,39.9663063724137]]},"properties":{"objectid":24730,"stname":"SHACKAMAXON ST","class1":"Collector Residential","recfacil":null,"bikenetwor":null,"combined_s":"City Neighborhood Street","street_typ":"City Neighborhood Street","sidewlk_wd":"Greater than or equal to 12 feet","wlk_zn":"Greater than or equal to 6 feet","phase2_sid":"Yes"}},{"type":"Feature","id":24789,"geometry":{"type":"LineString","coordinates":[[-75.1503781369547,39.9507433724548],[-75.1505981883563,39.9497512087555]]},"properties":{"objectid":24789,"stname":"S INDEPENDENCE ML W","class1":"Minor Arterial","recfacil":null,"bikenetwor":"YES","combined_s":"Urban Arterial","street_typ":"Urban Arterial","sidewlk_wd":"Greater than or equal to 12 feet","wlk_zn":"Greater than or equal to 6 feet","phase2_sid":null}},{"type":"Feature","id":24832,"geometry":{"type":"LineString","coordinates":[[-75.1562885026621,40.0670157172423],[-75.1567778970912,40.0686844581043]]},"properties":{"objectid":24832,"stname":"OGONTZ AVE","class1":"Major Arterial","recfacil":null,"bikenetwor":"YES","combined_s":"Urban Arterial","street_typ":"Urban Arterial","sidewlk_wd":"Greater than or equal to 12 feet","wlk_zn":"Greater than or equal to 6 feet","phase2_sid":"Yes"}},{"type":"Feature","id":24836,"geometry":{"type":"LineString","coordinates":[[-75.1592136959355,39.9475536222372],[-75.1593425581137,39.9469569575182]]},"properties":{"objectid":24836,"stname":"S 11TH ST","class1":"Minor Arterial","recfacil":null,"bikenetwor":null,"combined_s":"City Neighborhood Street","street_typ":"City Neighborhood Street","sidewlk_wd":"Greater than or equal to 12 feet","wlk_zn":"Greater than or equal to 6 feet","phase2_sid":null}},{"type":"Feature","id":25006,"geometry":{"type":"LineString","coordinates":[[-75.1491336247412,39.9562004996887],[-75.1490407054747,39.9568672370186]]},"properties":{"objectid":25006,"stname":"N 06TH ST","class1":"Minor Arterial","recfacil":null,"bikenetwor":"YES","combined_s":"Urban Arterial","street_typ":"Urban Arterial","sidewlk_wd":"Greater than or equal to 12 feet","wlk_zn":"Greater than or equal to 6 feet","phase2_sid":"No"}},{"type":"Feature","id":25055,"geometry":{"type":"LineString","coordinates":[[-75.0850472687649,40.0721506742306],[-75.0844399470029,40.0719866426051]]},"properties":{"objectid":25055,"stname":"HARTEL AVE","class1":"Collector Residential","recfacil":null,"bikenetwor":null,"combined_s":"City Neighborhood Street","street_typ":"City Neighborhood Street","sidewlk_wd":"Greater than or equal to 12 feet","wlk_zn":"Greater than or equal to 6 feet","phase2_sid":"Yes"}},{"type":"Feature","id":25073,"geometry":{"type":"LineString","coordinates":[[-75.2087020150067,40.0154893524934],[-75.2088752304471,40.0156330079141],[-75.2090343136013,40.0157083481508],[-75.2092945347689,40.0158266225146],[-75.2105006636604,40.0164003234891]]},"properties":{"objectid":25073,"stname":"RIDGE AVE","class1":"Minor Arterial","recfacil":"Bike Lanes","bikenetwor":"YES","combined_s":"Urban Arterial","street_typ":"Urban Arterial","sidewlk_wd":"Greater than or equal to 12 feet","wlk_zn":"Greater than or equal to 6 feet","phase2_sid":"Yes"}},{"type":"Feature","id":25164,"geometry":{"type":"LineString","coordinates":[[-75.2077177182598,40.0315822821697],[-75.2078420683237,40.0320646672163]]},"properties":{"objectid":25164,"stname":"HENRY AVE","class1":"Major Arterial","recfacil":"Bike Lanes","bikenetwor":"YES","combined_s":"Urban Arterial","street_typ":"Urban Arterial","sidewlk_wd":"Greater than or equal to 12 feet","wlk_zn":"Greater than or equal to 6 feet","phase2_sid":"Yes"}},{"type":"Feature","id":25199,"geometry":{"type":"LineString","coordinates":[[-75.2093934146526,40.0335468683835],[-75.2086375418942,40.0339410902572],[-75.2084967870828,40.0340004006366],[-75.2083908041791,40.0340243817282]]},"properties":{"objectid":25199,"stname":"MONASTERY AVE","class1":"Collector Residential","recfacil":null,"bikenetwor":null,"combined_s":"City Neighborhood Street","street_typ":"City Neighborhood Street","sidewlk_wd":"Greater than or equal to 12 feet","wlk_zn":"Greater than or equal to 6 feet","phase2_sid":"Yes"}},{"type":"Feature","id":25323,"geometry":{"type":"LineString","coordinates":[[-75.2087326580643,40.0298447156843],[-75.2094529023898,40.0308204999476]]},"properties":{"objectid":25323,"stname":"HOUGHTON ST","class1":"Collector Residential","recfacil":"Marked Shared Lane","bikenetwor":"YES","combined_s":"Lower Density Residential","street_typ":"Lower Density Residential","sidewlk_wd":"Greater than or equal to 10 feet","wlk_zn":"Greater than or equal to 5 feet","phase2_sid":"Yes"}},{"type":"Feature","id":25339,"geometry":{"type":"LineString","coordinates":[[-75.2350563925029,40.0395384466495],[-75.2343664416015,40.0409261272488],[-75.2341679066608,40.0411589663387],[-75.234008551909,40.0413165789554],[-75.23374393851,40.0414963376951],[-75.2335822079349,40.0415901020016],[-75.2319851431942,40.0422877511653]]},"properties":{"objectid":25339,"stname":"PAOLI AVE","class1":"Collector Residential","recfacil":null,"bikenetwor":null,"combined_s":"Lower Density Residential","street_typ":"Lower Density Residential","sidewlk_wd":"Greater than or equal to 10 feet","wlk_zn":"Greater than or equal to 5 feet","phase2_sid":"Yes"}},{"type":"Feature","id":25423,"geometry":{"type":"LineString","coordinates":[[-75.0403003472961,40.033493357565],[-75.0398464398842,40.0329814795994]]},"properties":{"objectid":25423,"stname":"WELLINGTON ST","class1":"Collector Residential","recfacil":null,"bikenetwor":null,"combined_s":"City Neighborhood Street","street_typ":"City Neighborhood Street","sidewlk_wd":"Greater than or equal to 12 feet","wlk_zn":"Greater than or equal to 6 feet","phase2_sid":"Yes"}},{"type":"Feature","id":25492,"geometry":{"type":"LineString","coordinates":[[-75.1729630768866,40.0181258837567],[-75.1732497670159,40.0184207395221]]},"properties":{"objectid":25492,"stname":"WISSAHICKON AVE","class1":"Minor Arterial","recfacil":"Marked Shared Lane","bikenetwor":"YES","combined_s":"Urban Arterial","street_typ":"Urban Arterial","sidewlk_wd":"Greater than or equal to 12 feet","wlk_zn":"Greater than or equal to 6 feet","phase2_sid":"Yes"}},{"type":"Feature","id":25493,"geometry":{"type":"LineString","coordinates":[[-75.1892005699747,40.017719152731],[-75.1895571789135,40.0181156165828],[-75.189827752996,40.018487763815],[-75.1900373025905,40.0187365121239],[-75.1903132726243,40.0189656994319],[-75.1912496147835,40.0193905558524],[-75.1916343665245,40.0197314441099]]},"properties":{"objectid":25493,"stname":"HENRY AVE","class1":"Major Arterial","recfacil":"Further Study Required","bikenetwor":"YES","combined_s":"Urban Arterial","street_typ":"Urban Arterial","sidewlk_wd":"Greater than or equal to 12 feet","wlk_zn":"Greater than or equal to 6 feet","phase2_sid":"Yes"}},{"type":"Feature","id":25532,"geometry":{"type":"LineString","coordinates":[[-75.1725595400743,40.0177889410515],[-75.1729630768866,40.0181258837567]]},"properties":{"objectid":25532,"stname":"WISSAHICKON AVE","class1":"Minor Arterial","recfacil":"Bike Lanes","bikenetwor":"YES","combined_s":"Urban Arterial","street_typ":"Urban Arterial","sidewlk_wd":"Greater than or equal to 12 feet","wlk_zn":"Greater than or equal to 6 feet","phase2_sid":"Yes"}},{"type":"Feature","id":25571,"geometry":{"type":"LineString","coordinates":[[-75.056571909946,40.0516166161845],[-75.0550611995283,40.0507855737121]]},"properties":{"objectid":25571,"stname":"OAKMONT ST","class1":"Local Residential","recfacil":null,"bikenetwor":null,"combined_s":"Lower Density Residential","street_typ":"Lower Density Residential","sidewlk_wd":"Greater than or equal to 10 feet","wlk_zn":"Greater than or equal to 5 feet","phase2_sid":null}},{"type":"Feature","id":25573,"geometry":{"type":"LineString","coordinates":[[-75.0582870414731,40.0496970923742],[-75.0581086696501,40.049875902473]]},"properties":{"objectid":25573,"stname":"BUSTLETON AVE","class1":"Major Arterial","recfacil":null,"bikenetwor":null,"combined_s":"Urban Arterial","street_typ":"Urban Arterial","sidewlk_wd":"Greater than or equal to 12 feet","wlk_zn":"Greater than or equal to 6 feet","phase2_sid":"Yes"}},{"type":"Feature","id":25599,"geometry":{"type":"LineString","coordinates":[[-75.1529389051804,40.0263214190908],[-75.1537634639277,40.0258802606216]]},"properties":{"objectid":25599,"stname":"WINDRIM AVE","class1":"Collector Residential","recfacil":"Shared Roadway","bikenetwor":null,"combined_s":"City Neighborhood Street","street_typ":"City Neighborhood Street","sidewlk_wd":"Greater than or equal to 12 feet","wlk_zn":"Greater than or equal to 6 feet","phase2_sid":"Yes"}},{"type":"Feature","id":25611,"geometry":{"type":"LineString","coordinates":[[-75.1554960013712,40.0086323467012],[-75.1552485523641,40.0097702447612]]},"properties":{"objectid":25611,"stname":"N SMEDLEY ST","class1":"Local Residential","recfacil":null,"bikenetwor":null,"combined_s":"Local (Catch All)","street_typ":"Local (Catch All)","sidewlk_wd":"Greater than or equal to 10 feet","wlk_zn":"Greater than or equal to 5 feet","phase2_sid":null}},{"type":"Feature","id":25615,"geometry":{"type":"LineString","coordinates":[[-75.1554491977901,40.0050912130094],[-75.1551371940944,40.0065977663852]]},"properties":{"objectid":25615,"stname":"N 16TH ST","class1":"Collector Residential","recfacil":null,"bikenetwor":null,"combined_s":"City Neighborhood Street","street_typ":"City Neighborhood Street","sidewlk_wd":"Greater than or equal to 12 feet","wlk_zn":"Greater than or equal to 6 feet","phase2_sid":"Yes"}},{"type":"Feature","id":25796,"geometry":{"type":"LineString","coordinates":[[-75.0755143319243,40.0336091694169],[-75.0752530518204,40.0336695202983]]},"properties":{"objectid":25796,"stname":"E ROOSEVELT BLV","class1":"Major Arterial","recfacil":null,"bikenetwor":null,"combined_s":"Urban Arterial","street_typ":"Urban Arterial","sidewlk_wd":"Greater than or equal to 12 feet","wlk_zn":"Greater than or equal to 6 feet","phase2_sid":"Yes"}},{"type":"Feature","id":25812,"geometry":{"type":"LineString","coordinates":[[-75.1560159147337,40.0115020833312],[-75.1563731918978,40.0119648519988]]},"properties":{"objectid":25812,"stname":"PULASKI AVE","class1":"Collector Residential","recfacil":"Marked Shared Lane","bikenetwor":"YES","combined_s":"City Neighborhood Street","street_typ":"City Neighborhood Street","sidewlk_wd":"Greater than or equal to 12 feet","wlk_zn":"Greater than or equal to 6 feet","phase2_sid":"Yes"}},{"type":"Feature","id":25845,"geometry":{"type":"LineString","coordinates":[[-75.1468527767939,40.0294908851404],[-75.1468296260341,40.0296120457334],[-75.146684879898,40.030236047986]]},"properties":{"objectid":25845,"stname":"N BROAD ST","class1":"Major Arterial","recfacil":null,"bikenetwor":null,"combined_s":"Walkable Commercial Corridors","street_typ":"Walkable Commercial Corridors","sidewlk_wd":"Greater than or equal to 12 feet","wlk_zn":"Greater than or equal to 6 feet","phase2_sid":"Yes"}},{"type":"Feature","id":25919,"geometry":{"type":"LineString","coordinates":[[-75.1304553399235,39.9701982307055],[-75.1307029430066,39.9706536121974]]},"properties":{"objectid":25919,"stname":"E COLUMBIA AVE","class1":"Minor Arterial","recfacil":"Bike Friendly Street","bikenetwor":null,"combined_s":"City Neighborhood Street","street_typ":"City Neighborhood Street","sidewlk_wd":"Greater than or equal to 12 feet","wlk_zn":"Greater than or equal to 6 feet","phase2_sid":"Yes"}},{"type":"Feature","id":25920,"geometry":{"type":"LineString","coordinates":[[-75.1271049557211,39.9713598739997],[-75.127350168215,39.9717965419049]]},"properties":{"objectid":25920,"stname":"E MONTGOMERY AVE","class1":"Collector Residential","recfacil":null,"bikenetwor":null,"combined_s":"City Neighborhood Street","street_typ":"City Neighborhood Street","sidewlk_wd":"Greater than or equal to 12 feet","wlk_zn":"Greater than or equal to 6 feet","phase2_sid":"Yes"}},{"type":"Feature","id":25928,"geometry":{"type":"LineString","coordinates":[[-75.1060109526626,40.028872861296],[-75.1052802817036,40.0290974251977]]},"properties":{"objectid":25928,"stname":"E ROOSEVELT BLV","class1":"Major Arterial","recfacil":null,"bikenetwor":null,"combined_s":"Urban Arterial","street_typ":"Urban Arterial","sidewlk_wd":"Greater than or equal to 12 feet","wlk_zn":"Greater than or equal to 6 feet","phase2_sid":"Yes"}},{"type":"Feature","id":25940,"geometry":{"type":"LineString","coordinates":[[-75.1696467956645,40.0181288004041],[-75.170780952791,40.0179693106978],[-75.1719461980126,40.0177332470113],[-75.1723557041003,40.0176102584016],[-75.1729399693679,40.0174123088879],[-75.1734069823505,40.0172351761048],[-75.1740395684357,40.0169711656392]]},"properties":{"objectid":25940,"stname":"W ROOSEVELT BLV","class1":"Expressway","recfacil":null,"bikenetwor":null,"combined_s":"No Classification","street_typ":"Urban Arterial","sidewlk_wd":null,"wlk_zn":null,"phase2_sid":null}},{"type":"Feature","id":25942,"geometry":{"type":"LineString","coordinates":[[-75.1855520609933,40.017893989292],[-75.1877099099627,40.0164198789795]]},"properties":{"objectid":25942,"stname":"W PENN ST","class1":"Local Residential","recfacil":null,"bikenetwor":null,"combined_s":"Lower Density Residential","street_typ":"Lower Density Residential","sidewlk_wd":"Greater than or equal to 10 feet","wlk_zn":"Greater than or equal to 5 feet","phase2_sid":null}},{"type":"Feature","id":25951,"geometry":{"type":"LineString","coordinates":[[-75.151923332659,40.006176598929],[-75.1516052769429,40.0076746371091]]},"properties":{"objectid":25951,"stname":"N BROAD ST","class1":"Major Arterial","recfacil":null,"bikenetwor":null,"combined_s":"Urban Arterial","street_typ":"Urban Arterial","sidewlk_wd":"Greater than or equal to 12 feet","wlk_zn":"Greater than or equal to 6 feet","phase2_sid":"Yes"}},{"type":"Feature","id":26009,"geometry":{"type":"LineString","coordinates":[[-75.0676741598828,40.0355356208435],[-75.0677660378251,40.0353944187141]]},"properties":{"objectid":26009,"stname":"E ROOSEVELT BLV","class1":"Expressway","recfacil":null,"bikenetwor":null,"combined_s":null,"street_typ":"Urban Arterial","sidewlk_wd":null,"wlk_zn":null,"phase2_sid":null}},{"type":"Feature","id":26026,"geometry":{"type":"LineString","coordinates":[[-75.1480312360557,39.9622744926296],[-75.1477930385531,39.9634824241959],[-75.1477995858559,39.9635361492041]]},"properties":{"objectid":26026,"stname":"N 06TH ST","class1":"Collector Residential","recfacil":null,"bikenetwor":"YES","combined_s":"City Neighborhood Street","street_typ":"City Neighborhood Street","sidewlk_wd":"Greater than or equal to 12 feet","wlk_zn":"Greater than or equal to 6 feet","phase2_sid":"Yes"}},{"type":"Feature","id":26137,"geometry":{"type":"LineString","coordinates":[[-75.1812633539492,40.0121870123955],[-75.1821306518911,40.0115878464454]]},"properties":{"objectid":26137,"stname":"W ABBOTTSFORD AVE","class1":"Local Residential","recfacil":null,"bikenetwor":null,"combined_s":"Local (Catch All)","street_typ":"Local (Catch All)","sidewlk_wd":"Greater than or equal to 10 feet","wlk_zn":"Greater than or equal to 5 feet","phase2_sid":null}},{"type":"Feature","id":26147,"geometry":{"type":"LineString","coordinates":[[-75.1180704096315,39.9742841497276],[-75.1180279703178,39.9741475641405],[-75.1178663801093,39.9739785628932],[-75.1169152255187,39.9733409539938]]},"properties":{"objectid":26147,"stname":"E CUMBERLAND ST","class1":"Local Residential","recfacil":null,"bikenetwor":null,"combined_s":"Local (Catch All)","street_typ":"Local (Catch All)","sidewlk_wd":"Greater than or equal to 10 feet","wlk_zn":"Greater than or equal to 5 feet","phase2_sid":null}},{"type":"Feature","id":26149,"geometry":{"type":"LineString","coordinates":[[-75.1809319673413,40.0289395937306],[-75.1814831555033,40.0292734014847]]},"properties":{"objectid":26149,"stname":"MORRIS ST","class1":"Collector Residential","recfacil":"Marked Shared Lane","bikenetwor":"YES","combined_s":"City Neighborhood Street","street_typ":"City Neighborhood Street","sidewlk_wd":"Greater than or equal to 12 feet","wlk_zn":"Greater than or equal to 6 feet","phase2_sid":"Yes"}},{"type":"Feature","id":26164,"geometry":{"type":"LineString","coordinates":[[-75.1506266176847,40.0197982123288],[-75.1521995009636,40.0200043056014]]},"properties":{"objectid":26164,"stname":"SAINT LUKES ST","class1":"Major Arterial","recfacil":null,"bikenetwor":null,"combined_s":"Urban Arterial","street_typ":"Urban Arterial","sidewlk_wd":"Greater than or equal to 12 feet","wlk_zn":"Greater than or equal to 6 feet","phase2_sid":"Yes"}},{"type":"Feature","id":26184,"geometry":{"type":"LineString","coordinates":[[-75.0389475269428,40.03195302618],[-75.0385081810146,40.0314384324787]]},"properties":{"objectid":26184,"stname":"WELLINGTON ST","class1":"Collector Residential","recfacil":null,"bikenetwor":null,"combined_s":"City Neighborhood Street","street_typ":"City Neighborhood Street","sidewlk_wd":"Greater than or equal to 12 feet","wlk_zn":"Greater than or equal to 6 feet","phase2_sid":"Yes"}},{"type":"Feature","id":26186,"geometry":{"type":"LineString","coordinates":[[-75.0812331879171,40.032055658958],[-75.0809203851188,40.0323679910818]]},"properties":{"objectid":26186,"stname":"LARGE ST","class1":"Collector Residential","recfacil":null,"bikenetwor":null,"combined_s":"Lower Density Residential","street_typ":"Lower Density Residential","sidewlk_wd":"Greater than or equal to 10 feet","wlk_zn":"Greater than or equal to 5 feet","phase2_sid":"Yes"}},{"type":"Feature","id":26198,"geometry":{"type":"LineString","coordinates":[[-75.1570074834365,40.012777729056],[-75.1573446858052,40.0132149747273]]},"properties":{"objectid":26198,"stname":"PULASKI AVE","class1":"Collector Residential","recfacil":null,"bikenetwor":null,"combined_s":"City Neighborhood Street","street_typ":"City Neighborhood Street","sidewlk_wd":"Greater than or equal to 12 feet","wlk_zn":"Greater than or equal to 6 feet","phase2_sid":"Yes"}},{"type":"Feature","id":26239,"geometry":{"type":"LineString","coordinates":[[-75.0730271060684,40.0703529717415],[-75.0723005977389,40.0711502579644]]},"properties":{"objectid":26239,"stname":"BINGHAM ST","class1":"Collector Residential","recfacil":null,"bikenetwor":null,"combined_s":"Lower Density Residential","street_typ":"Lower Density Residential","sidewlk_wd":"Greater than or equal to 10 feet","wlk_zn":"Greater than or equal to 5 feet","phase2_sid":"Yes"}},{"type":"Feature","id":26278,"geometry":{"type":"LineString","coordinates":[[-75.0165331470533,40.0412269420948],[-75.0154197636154,40.040334559461]]},"properties":{"objectid":26278,"stname":"ASHBURNER ST","class1":"Collector Residential","recfacil":null,"bikenetwor":null,"combined_s":"Lower Density Residential","street_typ":"Lower Density Residential","sidewlk_wd":"Greater than or equal to 10 feet","wlk_zn":"Greater than or equal to 5 feet","phase2_sid":"Yes"}},{"type":"Feature","id":26319,"geometry":{"type":"LineString","coordinates":[[-75.0398464398842,40.0329814795994],[-75.0393977500393,40.0324677107615]]},"properties":{"objectid":26319,"stname":"WELLINGTON ST","class1":"Collector Residential","recfacil":null,"bikenetwor":null,"combined_s":"City Neighborhood Street","street_typ":"City Neighborhood Street","sidewlk_wd":"Greater than or equal to 12 feet","wlk_zn":"Greater than or equal to 6 feet","phase2_sid":"Yes"}},{"type":"Feature","id":26406,"geometry":{"type":"LineString","coordinates":[[-75.1983638548678,40.0152794358255],[-75.1987524156003,40.0149350384585]]},"properties":{"objectid":26406,"stname":"W SCHOOL HOUSE LN","class1":"Minor Arterial","recfacil":"Bike Lanes","bikenetwor":"YES","combined_s":"Urban Arterial","street_typ":"Urban Arterial","sidewlk_wd":"Greater than or equal to 12 feet","wlk_zn":"Greater than or equal to 6 feet","phase2_sid":"Yes"}},{"type":"Feature","id":26416,"geometry":{"type":"LineString","coordinates":[[-75.156030919353,40.0098771360443],[-75.1557471966338,40.0111368160041]]},"properties":{"objectid":26416,"stname":"N 17TH ST","class1":"Collector Residential","recfacil":"Marked Shared Lane","bikenetwor":"YES","combined_s":"City Neighborhood Street","street_typ":"City Neighborhood Street","sidewlk_wd":"Greater than or equal to 12 feet","wlk_zn":"Greater than or equal to 6 feet","phase2_sid":"Yes"}},{"type":"Feature","id":26447,"geometry":{"type":"LineString","coordinates":[[-75.1367233943466,39.9672971460539],[-75.1371142782018,39.9673666194172],[-75.1371728885433,39.9673555902435]]},"properties":{"objectid":26447,"stname":"W WILDEY ST","class1":"Local Residential","recfacil":null,"bikenetwor":null,"combined_s":"Local (Catch All)","street_typ":"Local (Catch All)","sidewlk_wd":"Greater than or equal to 10 feet","wlk_zn":"Greater than or equal to 5 feet","phase2_sid":null}},{"type":"Feature","id":26474,"geometry":{"type":"LineString","coordinates":[[-75.0556888287697,40.019513603707],[-75.0552619171236,40.0190234372411]]},"properties":{"objectid":26474,"stname":"DEVEREAUX AVE","class1":"Collector Residential","recfacil":null,"bikenetwor":null,"combined_s":"City Neighborhood Street","street_typ":"City Neighborhood Street","sidewlk_wd":"Greater than or equal to 12 feet","wlk_zn":"Greater than or equal to 6 feet","phase2_sid":"Yes"}},{"type":"Feature","id":26482,"geometry":{"type":"LineString","coordinates":[[-75.1525763145815,39.970579769322],[-75.1524520531756,39.9711532223305]]},"properties":{"objectid":26482,"stname":"N 10TH ST","class1":"Collector Residential","recfacil":null,"bikenetwor":null,"combined_s":"City Neighborhood Street","street_typ":"City Neighborhood Street","sidewlk_wd":"Greater than or equal to 12 feet","wlk_zn":"Greater than or equal to 6 feet","phase2_sid":"Yes"}},{"type":"Feature","id":26543,"geometry":{"type":"LineString","coordinates":[[-75.1569016102883,39.9785247944259],[-75.1570358683486,39.9785467043758],[-75.1571425687067,39.9786087337573],[-75.157917399192,39.9787169331407]]},"properties":{"objectid":26543,"stname":"CECIL B MOORE AVE","class1":"Minor Arterial","recfacil":null,"bikenetwor":"YES","combined_s":"Urban Arterial","street_typ":"Urban Arterial","sidewlk_wd":"Greater than or equal to 12 feet","wlk_zn":"Greater than or equal to 6 feet","phase2_sid":"Yes"}},{"type":"Feature","id":26544,"geometry":{"type":"LineString","coordinates":[[-75.156310971756,39.9755786138576],[-75.1585287692577,39.9758596151408]]},"properties":{"objectid":26544,"stname":"JEFFERSON ST","class1":"Collector Residential","recfacil":null,"bikenetwor":null,"combined_s":"City Neighborhood Street","street_typ":"City Neighborhood Street","sidewlk_wd":"Greater than or equal to 12 feet","wlk_zn":"Greater than or equal to 6 feet","phase2_sid":"Yes"}},{"type":"Feature","id":26614,"geometry":{"type":"LineString","coordinates":[[-75.1572819281247,39.9712002019378],[-75.1586134150786,39.9713570642923]]},"properties":{"objectid":26614,"stname":"W GIRARD AVE","class1":"Major Arterial","recfacil":null,"bikenetwor":"YES","combined_s":"Urban Arterial","street_typ":"Urban Arterial","sidewlk_wd":"Greater than or equal to 12 feet","wlk_zn":"Greater than or equal to 6 feet","phase2_sid":"Yes"}},{"type":"Feature","id":26617,"geometry":{"type":"LineString","coordinates":[[-75.0167390780932,40.068424600508],[-75.015931326686,40.0679389784975]]},"properties":{"objectid":26617,"stname":"NORCROSS LN","class1":"Local Residential","recfacil":null,"bikenetwor":null,"combined_s":"Lower Density Residential","street_typ":"Lower Density Residential","sidewlk_wd":"Greater than or equal to 10 feet","wlk_zn":"Greater than or equal to 5 feet","phase2_sid":null}},{"type":"Feature","id":26640,"geometry":{"type":"LineString","coordinates":[[-75.0571572748816,40.0509634876023],[-75.0556781331655,40.050143709146]]},"properties":{"objectid":26640,"stname":"SHELMIRE AVE","class1":"Collector Residential","recfacil":null,"bikenetwor":null,"combined_s":"Lower Density Residential","street_typ":"Lower Density Residential","sidewlk_wd":"Greater than or equal to 10 feet","wlk_zn":"Greater than or equal to 5 feet","phase2_sid":"Yes"}},{"type":"Feature","id":26647,"geometry":{"type":"LineString","coordinates":[[-75.1557210705098,39.9709909133383],[-75.1556046206046,39.9715455018506]]},"properties":{"objectid":26647,"stname":"N 12TH ST","class1":"Collector Residential","recfacil":null,"bikenetwor":"YES","combined_s":"City Neighborhood Street","street_typ":"City Neighborhood Street","sidewlk_wd":"Greater than or equal to 12 feet","wlk_zn":"Greater than or equal to 6 feet","phase2_sid":"Yes"}},{"type":"Feature","id":26655,"geometry":{"type":"LineString","coordinates":[[-75.2113604797691,40.0178156924602],[-75.2113354789573,40.0181676219301],[-75.211304789866,40.0182926591319],[-75.2112251973736,40.0186279204517]]},"properties":{"objectid":26655,"stname":"RIDGE AVE","class1":"Minor Arterial","recfacil":"Marked Shared Lane","bikenetwor":"YES","combined_s":"Urban Arterial","street_typ":"Urban Arterial","sidewlk_wd":"Greater than or equal to 12 feet","wlk_zn":"Greater than or equal to 6 feet","phase2_sid":"Yes"}},{"type":"Feature","id":26667,"geometry":{"type":"LineString","coordinates":[[-75.1550498878307,40.0204804766332],[-75.1551897792601,40.0204919443203],[-75.1563403856063,40.0205691057236],[-75.1567113993802,40.0205838815054],[-75.1570327060051,40.0205932691529],[-75.1580565971021,40.0205758770764],[-75.1588387646248,40.0205063264536],[-75.1592881753455,40.0204555912797],[-75.1597421489951,40.0203687346576],[-75.1606708377819,40.0201572942786],[-75.1607349667627,40.0201480813149],[-75.1626028199708,40.0195953636572],[-75.1638848680611,40.0192063792006],[-75.1643392929063,40.0190695067881],[-75.1653848667381,40.0187732508642],[-75.1660086918482,40.0186295249488],[-75.1667259826824,40.01850708644],[-75.1678910331893,40.0183769803184],[-75.1696467956645,40.0181288004041]]},"properties":{"objectid":26667,"stname":"W ROOSEVELT BLV","class1":"Expressway","recfacil":null,"bikenetwor":null,"combined_s":"No Classification","street_typ":"Urban Arterial","sidewlk_wd":null,"wlk_zn":null,"phase2_sid":null}},{"type":"Feature","id":26827,"geometry":{"type":"LineString","coordinates":[[-75.2183152001358,40.0291962422377],[-75.2191174726108,40.0299406768117]]},"properties":{"objectid":26827,"stname":"MANAYUNK AVE","class1":"Collector Residential","recfacil":"Marked Shared Lane","bikenetwor":"YES","combined_s":"City Neighborhood Street","street_typ":"City Neighborhood Street","sidewlk_wd":"Greater than or equal to 12 feet","wlk_zn":"Greater than or equal to 6 feet","phase2_sid":"Yes"}},{"type":"Feature","id":26974,"geometry":{"type":"LineString","coordinates":[[-75.2063113076647,40.0148162648818],[-75.2064101480483,40.014831139698],[-75.2065152485013,40.0148548576795]]},"properties":{"objectid":26974,"stname":"RIDGE AVE","class1":"Minor Arterial","recfacil":null,"bikenetwor":"YES","combined_s":"City Neighborhood Street","street_typ":"City Neighborhood Street","sidewlk_wd":"Greater than or equal to 12 feet","wlk_zn":"Greater than or equal to 6 feet","phase2_sid":"Yes"}},{"type":"Feature","id":27032,"geometry":{"type":"LineString","coordinates":[[-75.0561732293482,40.049601962378],[-75.0545421368607,40.0487072167982]]},"properties":{"objectid":27032,"stname":"VISTA ST","class1":"Local Residential","recfacil":null,"bikenetwor":null,"combined_s":"Lower Density Residential","street_typ":"Lower Density Residential","sidewlk_wd":"Greater than or equal to 10 feet","wlk_zn":"Greater than or equal to 5 feet","phase2_sid":null}},{"type":"Feature","id":27069,"geometry":{"type":"LineString","coordinates":[[-75.1801172599107,40.013314540263],[-75.1811903131989,40.0125526063476],[-75.1820625383011,40.0119486891918],[-75.1824402410016,40.0117061455991],[-75.1832477293783,40.0112357136295],[-75.1838174544084,40.0109594438405],[-75.1849069405608,40.0105095210579],[-75.1857353022542,40.0102360593419],[-75.1868831536246,40.0098595664877],[-75.1873352591646,40.0097691781558]]},"properties":{"objectid":27069,"stname":"W ROOSEVELT BLV","class1":"Expressway","recfacil":null,"bikenetwor":null,"combined_s":"No Classification","street_typ":"Urban Arterial","sidewlk_wd":null,"wlk_zn":null,"phase2_sid":null}},{"type":"Feature","id":27101,"geometry":{"type":"LineString","coordinates":[[-75.1642118343169,40.0189576679567],[-75.1645184991107,40.0188287859345],[-75.1654977884637,40.0183979279719],[-75.1658112115374,40.0182586591655],[-75.1659524747298,40.0181782259437],[-75.1661247550446,40.0180566825783],[-75.1668694424475,40.0174794370434],[-75.1672713018497,40.017159250811],[-75.1677409207482,40.0167848450092],[-75.16810290098,40.0165003394352],[-75.1683077897767,40.0163551393681],[-75.1684355096431,40.0162891681405]]},"properties":{"objectid":27101,"stname":"ROBERTS AVE","class1":"Minor Arterial","recfacil":null,"bikenetwor":null,"combined_s":"Urban Arterial","street_typ":"Urban Arterial","sidewlk_wd":"Greater than or equal to 12 feet","wlk_zn":"Greater than or equal to 6 feet","phase2_sid":"Yes"}},{"type":"Feature","id":27263,"geometry":{"type":"LineString","coordinates":[[-75.1414679779829,39.9495432583162],[-75.1413572721654,39.9498493853908],[-75.1413555055427,39.9498563083234],[-75.1411760533002,39.9505601756464],[-75.1411212186544,39.9507899743574],[-75.1410631446453,39.9511767576516],[-75.1410352213702,39.9515287425631],[-75.140995500618,39.9517736392347]]},"properties":{"objectid":27263,"stname":"NB DELAWARE EXP","class1":"Expressway","recfacil":null,"bikenetwor":null,"combined_s":"No Classification","street_typ":"N/A Interstate","sidewlk_wd":null,"wlk_zn":null,"phase2_sid":null}},{"type":"Feature","id":27294,"geometry":{"type":"LineString","coordinates":[[-75.1495810004574,39.9081172611751],[-75.1494935972572,39.9084596705362],[-75.149062053075,39.9108147484342],[-75.1490152488514,39.9111515245881],[-75.1488920781189,39.9116520046958],[-75.1486034596559,39.9127530089763],[-75.1484880389204,39.9132766478853]]},"properties":{"objectid":27294,"stname":"SB DELAWARE EXP","class1":"Expressway","recfacil":null,"bikenetwor":null,"combined_s":"No Classification","street_typ":"N/A Interstate","sidewlk_wd":null,"wlk_zn":null,"phase2_sid":null}},{"type":"Feature","id":27301,"geometry":{"type":"LineString","coordinates":[[-75.2061066358881,40.0147982776595],[-75.2061315156854,40.0144638398824],[-75.2060701779257,40.0142246388755],[-75.2058982761311,40.0139343384639],[-75.2058447663704,40.013885477187]]},"properties":{"objectid":27301,"stname":"LINCOLN DR RMP 0","class1":"Low-Speed Ramp","recfacil":null,"bikenetwor":null,"combined_s":"No Classification","street_typ":"Urban Arterial","sidewlk_wd":null,"wlk_zn":null,"phase2_sid":null}},{"type":"Feature","id":27312,"geometry":{"type":"LineString","coordinates":[[-75.167641529375,40.010914241725],[-75.1678159280287,40.0111435418545],[-75.1690493387928,40.012772275197],[-75.1691163915432,40.0128898860975],[-75.1691766544017,40.0130545844516]]},"properties":{"objectid":27312,"stname":"WISSAHICKON AVE","class1":"Minor Arterial","recfacil":"Bike Lanes","bikenetwor":"YES","combined_s":"Auto Oriented Commercial/Industrial","street_typ":"Auto Oriented Commercial/Industrial","sidewlk_wd":"Greater than or equal to 12 feet","wlk_zn":"Greater than or equal to 6 feet","phase2_sid":"Yes"}},{"type":"Feature","id":27330,"geometry":{"type":"LineString","coordinates":[[-75.1867466917912,39.9659903927079],[-75.1860966482187,39.9654774664651],[-75.1855152640231,39.9649657637003],[-75.184965707839,39.9644486875229],[-75.1845634500477,39.9640078839751],[-75.1844200601657,39.9638283041102],[-75.1840240441812,39.9633376950811]]},"properties":{"objectid":27330,"stname":"EB SCHUYLKILL EXP","class1":"Expressway","recfacil":null,"bikenetwor":null,"combined_s":null,"street_typ":"N/A Interstate","sidewlk_wd":null,"wlk_zn":null,"phase2_sid":null}},{"type":"Feature","id":27331,"geometry":{"type":"LineString","coordinates":[[-75.1866010938926,39.966088027784],[-75.1853564030939,39.9649865410456],[-75.1848679602126,39.9645255667561],[-75.1844431586776,39.9640538496812],[-75.184268639649,39.9638614099098],[-75.184011005254,39.9635597718896]]},"properties":{"objectid":27331,"stname":"WB SCHUYLKILL EXP","class1":"Expressway","recfacil":null,"bikenetwor":null,"combined_s":null,"street_typ":"N/A Interstate","sidewlk_wd":null,"wlk_zn":null,"phase2_sid":null}},{"type":"Feature","id":27332,"geometry":{"type":"LineString","coordinates":[[-75.1822340308022,39.961032799021],[-75.181956471193,39.9606288822304],[-75.181432275326,39.960069781667],[-75.1811736682007,39.959802473125],[-75.1807976811072,39.9592953432924],[-75.1805610775233,39.9588643157741],[-75.180413407502,39.9583805431961],[-75.1804012044738,39.958201627246]]},"properties":{"objectid":27332,"stname":"EB SCHUYLKILL EXP","class1":"Expressway","recfacil":null,"bikenetwor":null,"combined_s":null,"street_typ":"N/A Interstate","sidewlk_wd":null,"wlk_zn":null,"phase2_sid":null}},{"type":"Feature","id":27338,"geometry":{"type":"LineString","coordinates":[[-75.2046037069018,40.0141484392795],[-75.2046491565849,40.0143210851122],[-75.2046656345045,40.0143483624404],[-75.204790752492,40.0145452885072],[-75.2049290314526,40.0146579245312],[-75.2051327617188,40.0147585545679],[-75.2052983252228,40.0148102816119],[-75.2056499616892,40.014833452429],[-75.2059598534974,40.0148364743766],[-75.2061098040993,40.0148378739146],[-75.2063113076647,40.0148162648818]]},"properties":{"objectid":27338,"stname":"RIDGE AVE RMP F","class1":"Low-Speed Ramp","recfacil":null,"bikenetwor":null,"combined_s":"No Classification","street_typ":"Urban Arterial","sidewlk_wd":null,"wlk_zn":null,"phase2_sid":null}},{"type":"Feature","id":27368,"geometry":{"type":"LineString","coordinates":[[-75.1918782642215,39.9756842056662],[-75.1921348769827,39.9758370305939],[-75.1924621752864,39.9761995341778],[-75.1927754270873,39.9765201927061],[-75.1928425123087,39.9765872647213],[-75.1930862723792,39.9767916134114],[-75.1934897392044,39.9771689268869],[-75.1939670694972,39.9776976178747],[-75.1941739715622,39.9779000502148],[-75.1943636548465,39.9780693101618],[-75.1945526991232,39.9782177891412],[-75.1947488169235,39.9783514811939],[-75.1955113734342,39.9788854111856],[-75.1963405768298,39.9794467173974],[-75.1964898194626,39.979558240057],[-75.1976533727479,39.9803683763989],[-75.1980036208036,39.9806304616625]]},"properties":{"objectid":27368,"stname":"KELLY DR","class1":"Major Arterial","recfacil":null,"bikenetwor":null,"combined_s":"Scenic Drive","street_typ":"Scenic Drive","sidewlk_wd":"Greater than or equal to 9 feet","wlk_zn":"Greater than or equal to 6 feet","phase2_sid":"Yes"}},{"type":"Feature","id":27401,"geometry":{"type":"LineString","coordinates":[[-75.1970571752306,39.9615405162383],[-75.1989312924965,39.9613373428328]]},"properties":{"objectid":27401,"stname":"HAMILTON ST","class1":"Local Residential","recfacil":null,"bikenetwor":null,"combined_s":"Local (Catch All)","street_typ":"Local (Catch All)","sidewlk_wd":"Greater than or equal to 10 feet","wlk_zn":"Greater than or equal to 5 feet","phase2_sid":null}},{"type":"Feature","id":27552,"geometry":{"type":"LineString","coordinates":[[-75.2360439333777,40.0567203734056],[-75.2359549229235,40.0568075581521],[-75.2336524972854,40.0578965952636]]},"properties":{"objectid":27552,"stname":"SUMMIT AVE","class1":"Collector Residential","recfacil":"Marked Shared Lane","bikenetwor":"YES","combined_s":"City Neighborhood Street","street_typ":"City Neighborhood Street","sidewlk_wd":"Greater than or equal to 12 feet","wlk_zn":"Greater than or equal to 6 feet","phase2_sid":"Yes"}},{"type":"Feature","id":27589,"geometry":{"type":"LineString","coordinates":[[-75.1626254188189,40.0107221471818],[-75.1625684144175,40.0110308505176],[-75.1630558902955,40.0116746486514]]},"properties":{"objectid":27589,"stname":"N 21ST ST","class1":"Collector Residential","recfacil":null,"bikenetwor":null,"combined_s":"City Neighborhood Street","street_typ":"City Neighborhood Street","sidewlk_wd":"Greater than or equal to 12 feet","wlk_zn":"Greater than or equal to 6 feet","phase2_sid":"Yes"}},{"type":"Feature","id":27628,"geometry":{"type":"LineString","coordinates":[[-75.1680755348859,40.0180551595798],[-75.1686477074567,40.0181242253431],[-75.1696467956645,40.0181288004041]]},"properties":{"objectid":27628,"stname":"W ROOSEVELT BLV RMP M","class1":"Low-Speed Ramp","recfacil":null,"bikenetwor":null,"combined_s":"No Classification","street_typ":"Urban Arterial","sidewlk_wd":null,"wlk_zn":null,"phase2_sid":null}},{"type":"Feature","id":27638,"geometry":{"type":"LineString","coordinates":[[-75.2155627702464,40.0381920543314],[-75.215439159636,40.0382458797463],[-75.2130297317958,40.0394215223432]]},"properties":{"objectid":27638,"stname":"HERMITAGE ST","class1":"Local Residential","recfacil":null,"bikenetwor":null,"combined_s":"Lower Density Residential","street_typ":"Lower Density Residential","sidewlk_wd":"Greater than or equal to 10 feet","wlk_zn":"Greater than or equal to 5 feet","phase2_sid":null}},{"type":"Feature","id":27639,"geometry":{"type":"LineString","coordinates":[[-75.1884074187408,40.0349765264423],[-75.1887239741222,40.0354246143113],[-75.188967849172,40.0356232741503],[-75.1891756563003,40.0357901409708],[-75.1895157029299,40.0360045030036],[-75.1899627612315,40.0363185587467],[-75.1903156432459,40.0366122685463],[-75.1905750373586,40.0368674023757],[-75.1909905809686,40.0373624105849]]},"properties":{"objectid":27639,"stname":"LINCOLN DR","class1":"Major Arterial","recfacil":null,"bikenetwor":null,"combined_s":"Scenic Drive","street_typ":"Scenic Drive","sidewlk_wd":"Greater than or equal to 9 feet","wlk_zn":"Greater than or equal to 6 feet","phase2_sid":"Yes"}},{"type":"Feature","id":27659,"geometry":{"type":"LineString","coordinates":[[-75.1544673141437,40.0096638006924],[-75.154110004315,40.011254580251]]},"properties":{"objectid":27659,"stname":"N 16TH ST","class1":"Collector Residential","recfacil":null,"bikenetwor":null,"combined_s":"City Neighborhood Street","street_typ":"City Neighborhood Street","sidewlk_wd":"Greater than or equal to 12 feet","wlk_zn":"Greater than or equal to 6 feet","phase2_sid":"Yes"}},{"type":"Feature","id":27661,"geometry":{"type":"LineString","coordinates":[[-75.1521500265213,40.0093734514558],[-75.1528804453278,40.0094561265051]]},"properties":{"objectid":27661,"stname":"W ERIE AVE","class1":"Minor Arterial","recfacil":null,"bikenetwor":"YES","combined_s":"Urban Arterial","street_typ":"Urban Arterial","sidewlk_wd":"Greater than or equal to 12 feet","wlk_zn":"Greater than or equal to 6 feet","phase2_sid":"Yes"}},{"type":"Feature","id":27686,"geometry":{"type":"LineString","coordinates":[[-75.2060258793739,40.0127274702469],[-75.2063682142234,40.0129996384853]]},"properties":{"objectid":27686,"stname":"KELLY DR","class1":"Major Arterial","recfacil":null,"bikenetwor":null,"combined_s":"Scenic Drive","street_typ":"Scenic Drive","sidewlk_wd":"Greater than or equal to 9 feet","wlk_zn":"Greater than or equal to 6 feet","phase2_sid":"Yes"}},{"type":"Feature","id":27742,"geometry":{"type":"LineString","coordinates":[[-75.0617390575171,40.0559013163317],[-75.0614077945322,40.0562885427098]]},"properties":{"objectid":27742,"stname":"CASTOR AVE","class1":"Minor Arterial","recfacil":null,"bikenetwor":"YES","combined_s":"Urban Arterial","street_typ":"Urban Arterial","sidewlk_wd":"Greater than or equal to 12 feet","wlk_zn":"Greater than or equal to 6 feet","phase2_sid":"Yes"}},{"type":"Feature","id":27770,"geometry":{"type":"LineString","coordinates":[[-75.1194563558284,40.0444896933151],[-75.1175128143839,40.0442360480339],[-75.1169386725868,40.0441542035105],[-75.1159437969863,40.0439755850273],[-75.1156765567902,40.0439072271303]]},"properties":{"objectid":27770,"stname":"E GODFREY AVE","class1":"Major Arterial","recfacil":null,"bikenetwor":"YES","combined_s":"Urban Arterial","street_typ":"Urban Arterial","sidewlk_wd":"Greater than or equal to 12 feet","wlk_zn":"Greater than or equal to 6 feet","phase2_sid":"Yes"}},{"type":"Feature","id":27803,"geometry":{"type":"LineString","coordinates":[[-75.2139051177869,40.0240314447663],[-75.214451544034,40.024740733873]]},"properties":{"objectid":27803,"stname":"MANAYUNK AVE","class1":"Collector Residential","recfacil":"Marked Shared Lane","bikenetwor":"YES","combined_s":"City Neighborhood Street","street_typ":"City Neighborhood Street","sidewlk_wd":"Greater than or equal to 12 feet","wlk_zn":"Greater than or equal to 6 feet","phase2_sid":"Yes"}},{"type":"Feature","id":27821,"geometry":{"type":"LineString","coordinates":[[-75.2083908041791,40.0340243817282],[-75.2088386024567,40.0350052507241],[-75.2091238976399,40.0356299217629],[-75.2091500541121,40.0356808320807],[-75.2094838281362,40.0363385537038],[-75.2096401029845,40.036583259317],[-75.210016072701,40.0370945475275],[-75.2102232639228,40.0373190812612],[-75.2104009263842,40.0375190987174]]},"properties":{"objectid":27821,"stname":"HENRY AVE","class1":"Major Arterial","recfacil":null,"bikenetwor":"YES","combined_s":"Urban Arterial","street_typ":"Urban Arterial","sidewlk_wd":"Greater than or equal to 12 feet","wlk_zn":"Greater than or equal to 6 feet","phase2_sid":"Yes"}},{"type":"Feature","id":27835,"geometry":{"type":"LineString","coordinates":[[-75.0949603298524,40.0232690930454],[-75.0937722435619,40.0225173027336]]},"properties":{"objectid":27835,"stname":"ARROTT ST","class1":"Collector Residential","recfacil":"Bike Friendly Street","bikenetwor":null,"combined_s":"City Neighborhood Street","street_typ":"City Neighborhood Street","sidewlk_wd":"Greater than or equal to 12 feet","wlk_zn":"Greater than or equal to 6 feet","phase2_sid":"Yes"}},{"type":"Feature","id":27840,"geometry":{"type":"LineString","coordinates":[[-75.0949603298524,40.0232690930454],[-75.094808908034,40.0230158447919],[-75.0942826917663,40.0221096220519],[-75.0941545526826,40.0219198386868]]},"properties":{"objectid":27840,"stname":"ADAMS AVE","class1":"Minor Arterial","recfacil":"Bike Lane","bikenetwor":null,"combined_s":"Urban Arterial","street_typ":"Urban Arterial","sidewlk_wd":"Greater than or equal to 12 feet","wlk_zn":"Greater than or equal to 6 feet","phase2_sid":"Yes"}},{"type":"Feature","id":27860,"geometry":{"type":"LineString","coordinates":[[-75.1604550731479,40.0120768652961],[-75.160945334652,40.012657043577]]},"properties":{"objectid":27860,"stname":"N 20TH ST","class1":"Collector Residential","recfacil":null,"bikenetwor":null,"combined_s":"City Neighborhood Street","street_typ":"City Neighborhood Street","sidewlk_wd":"Greater than or equal to 12 feet","wlk_zn":"Greater than or equal to 6 feet","phase2_sid":"Yes"}},{"type":"Feature","id":27861,"geometry":{"type":"LineString","coordinates":[[-75.2032319511748,40.0258485234758],[-75.2035878454601,40.0260847862407],[-75.2040091664496,40.0264505271784]]},"properties":{"objectid":27861,"stname":"HENRY AVE","class1":"Major Arterial","recfacil":null,"bikenetwor":"YES","combined_s":"Urban Arterial","street_typ":"Urban Arterial","sidewlk_wd":"Greater than or equal to 12 feet","wlk_zn":"Greater than or equal to 6 feet","phase2_sid":"Yes"}},{"type":"Feature","id":27864,"geometry":{"type":"LineString","coordinates":[[-75.0585576932523,40.0403208043526],[-75.0584202517853,40.0402472805237]]},"properties":{"objectid":27864,"stname":"TYSON AVE","class1":"Minor Arterial","recfacil":"Bike Lane","bikenetwor":null,"combined_s":"Urban Arterial","street_typ":"Urban Arterial","sidewlk_wd":"Greater than or equal to 12 feet","wlk_zn":"Greater than or equal to 6 feet","phase2_sid":"Yes"}},{"type":"Feature","id":27876,"geometry":{"type":"LineString","coordinates":[[-75.1016161849904,39.9816191533626],[-75.1012626150738,39.9817306598813],[-75.100872817593,39.9818815368624],[-75.1005968093167,39.9819807557832]]},"properties":{"objectid":27876,"stname":"DELAWARE EXP RMP A","class1":"High-Speed Ramp","recfacil":null,"bikenetwor":null,"combined_s":null,"street_typ":"N/A Interstate","sidewlk_wd":null,"wlk_zn":null,"phase2_sid":null}},{"type":"Feature","id":27903,"geometry":{"type":"LineString","coordinates":[[-75.0695991306049,40.0351025031859],[-75.0694448820288,40.0350024592698]]},"properties":{"objectid":27903,"stname":"LEVICK ST","class1":"Major Arterial","recfacil":null,"bikenetwor":null,"combined_s":"Urban Arterial","street_typ":"Urban Arterial","sidewlk_wd":"Greater than or equal to 12 feet","wlk_zn":"Greater than or equal to 6 feet","phase2_sid":"Yes"}},{"type":"Feature","id":27963,"geometry":{"type":"LineString","coordinates":[[-75.1560159147337,40.0115020833312],[-75.1564810015451,40.0115576264302]]},"properties":{"objectid":27963,"stname":"W BUTLER ST","class1":"Collector Residential","recfacil":null,"bikenetwor":null,"combined_s":"City Neighborhood Street","street_typ":"City Neighborhood Street","sidewlk_wd":"Greater than or equal to 12 feet","wlk_zn":"Greater than or equal to 6 feet","phase2_sid":"Yes"}},{"type":"Feature","id":27971,"geometry":{"type":"LineString","coordinates":[[-75.1748603468066,39.8989095625828],[-75.174921070593,39.8986128227418],[-75.1752065544204,39.8978187581441],[-75.175401597574,39.897351691949]]},"properties":{"objectid":27971,"stname":"S BROAD ST","class1":"Major Arterial","recfacil":"Marked Shared Lane","bikenetwor":"YES","combined_s":"Urban Arterial","street_typ":"Urban Arterial","sidewlk_wd":"Greater than or equal to 12 feet","wlk_zn":"Greater than or equal to 6 feet","phase2_sid":"Yes"}},{"type":"Feature","id":28010,"geometry":{"type":"LineString","coordinates":[[-75.0885347242465,40.0295203217422],[-75.0883241198691,40.0294725217575]]},"properties":{"objectid":28010,"stname":"E ROOSEVELT BLV","class1":"Expressway","recfacil":null,"bikenetwor":null,"combined_s":null,"street_typ":"Urban Arterial","sidewlk_wd":null,"wlk_zn":null,"phase2_sid":null}},{"type":"Feature","id":28029,"geometry":{"type":"LineString","coordinates":[[-75.0842753992641,40.0321811580608],[-75.084174016728,40.0323220662973],[-75.0840201397197,40.0325479357067],[-75.0833735987437,40.0332525319102]]},"properties":{"objectid":28029,"stname":"CASTOR AVE","class1":"Major Arterial","recfacil":"Marked Shared Lane","bikenetwor":null,"combined_s":"Urban Arterial","street_typ":"Urban Arterial","sidewlk_wd":"Greater than or equal to 12 feet","wlk_zn":"Greater than or equal to 6 feet","phase2_sid":"Yes"}},{"type":"Feature","id":28042,"geometry":{"type":"LineString","coordinates":[[-75.0883241198691,40.0294725217575],[-75.0876500411135,40.0298311553585]]},"properties":{"objectid":28042,"stname":"E ROOSEVELT BLV","class1":"Major Arterial","recfacil":null,"bikenetwor":null,"combined_s":"Urban Arterial","street_typ":"Urban Arterial","sidewlk_wd":"Greater than or equal to 12 feet","wlk_zn":"Greater than or equal to 6 feet","phase2_sid":"Yes"}},{"type":"Feature","id":28085,"geometry":{"type":"LineString","coordinates":[[-75.0878062260821,40.0299243859265],[-75.0876500411135,40.0298311553585]]},"properties":{"objectid":28085,"stname":"BRIDGE ST","class1":"Collector Residential","recfacil":"Marked Shared Lane","bikenetwor":null,"combined_s":"Lower Density Residential","street_typ":"Lower Density Residential","sidewlk_wd":"Greater than or equal to 10 feet","wlk_zn":"Greater than or equal to 5 feet","phase2_sid":"Yes"}},{"type":"Feature","id":28122,"geometry":{"type":"LineString","coordinates":[[-75.1110935655557,40.0273663357415],[-75.1108796246742,40.0273025983649]]},"properties":{"objectid":28122,"stname":"E ROOSEVELT BLV","class1":"Expressway","recfacil":null,"bikenetwor":null,"combined_s":null,"street_typ":"Urban Arterial","sidewlk_wd":null,"wlk_zn":null,"phase2_sid":null}},{"type":"Feature","id":28125,"geometry":{"type":"LineString","coordinates":[[-75.2098173152757,39.9624630393119],[-75.2104929061166,39.9625806451716],[-75.2105619078923,39.9625805893762]]},"properties":{"objectid":28125,"stname":"HAVERFORD AVE","class1":"Minor Arterial","recfacil":null,"bikenetwor":"YES","combined_s":"Urban Arterial","street_typ":"Urban Arterial","sidewlk_wd":"Greater than or equal to 12 feet","wlk_zn":"Greater than or equal to 6 feet","phase2_sid":"Yes"}},{"type":"Feature","id":28154,"geometry":{"type":"LineString","coordinates":[[-75.0928976982928,40.0269430669426],[-75.092124257792,40.0273783610257]]},"properties":{"objectid":28154,"stname":"E ROOSEVELT BLV","class1":"Major Arterial","recfacil":null,"bikenetwor":null,"combined_s":"Urban Arterial","street_typ":"Urban Arterial","sidewlk_wd":"Greater than or equal to 12 feet","wlk_zn":"Greater than or equal to 6 feet","phase2_sid":"Yes"}},{"type":"Feature","id":28155,"geometry":{"type":"LineString","coordinates":[[-75.1108796246742,40.0273025983649],[-75.1100117135429,40.0275810638743]]},"properties":{"objectid":28155,"stname":"E ROOSEVELT BLV","class1":"Major Arterial","recfacil":null,"bikenetwor":null,"combined_s":"Urban Arterial","street_typ":"Urban Arterial","sidewlk_wd":"Greater than or equal to 12 feet","wlk_zn":"Greater than or equal to 6 feet","phase2_sid":"Yes"}},{"type":"Feature","id":28246,"geometry":{"type":"LineString","coordinates":[[-75.1994011253411,40.0260176427096],[-75.2006280473393,40.0258303445115],[-75.2014654914555,40.0256578005551],[-75.2019709242889,40.0256064567086],[-75.2024988045893,40.0256185283392]]},"properties":{"objectid":28246,"stname":"HENRY AVE","class1":"Major Arterial","recfacil":null,"bikenetwor":"YES","combined_s":"Urban Arterial","street_typ":"Urban Arterial","sidewlk_wd":"Greater than or equal to 12 feet","wlk_zn":"Greater than or equal to 6 feet","phase2_sid":"Yes"}},{"type":"Feature","id":28260,"geometry":{"type":"LineString","coordinates":[[-75.1513714226529,40.0087366394882],[-75.1512486884172,40.0092883077647]]},"properties":{"objectid":28260,"stname":"N BROAD ST","class1":"Major Arterial","recfacil":null,"bikenetwor":null,"combined_s":"Urban Arterial","street_typ":"Urban Arterial","sidewlk_wd":"Greater than or equal to 12 feet","wlk_zn":"Greater than or equal to 6 feet","phase2_sid":"Yes"}},{"type":"Feature","id":28298,"geometry":{"type":"LineString","coordinates":[[-75.1133287011255,40.0268166621454],[-75.1132370225609,40.0269743926246]]},"properties":{"objectid":28298,"stname":"E ROOSEVELT BLV","class1":"Expressway","recfacil":null,"bikenetwor":null,"combined_s":null,"street_typ":"Urban Arterial","sidewlk_wd":null,"wlk_zn":null,"phase2_sid":null}},{"type":"Feature","id":28369,"geometry":{"type":"LineString","coordinates":[[-75.0857682481873,40.0561255499294],[-75.0856783554422,40.0572171912719]]},"properties":{"objectid":28369,"stname":"OXFORD AVE","class1":"Major Arterial","recfacil":null,"bikenetwor":"YES","combined_s":"Urban Arterial","street_typ":"Urban Arterial","sidewlk_wd":"Greater than or equal to 12 feet","wlk_zn":"Greater than or equal to 6 feet","phase2_sid":"Yes"}},{"type":"Feature","id":28473,"geometry":{"type":"LineString","coordinates":[[-75.1849191218515,40.0173539712384],[-75.1855520609933,40.017893989292]]},"properties":{"objectid":28473,"stname":"MC MICHAEL ST","class1":"Local Residential","recfacil":null,"bikenetwor":null,"combined_s":"Lower Density Residential","street_typ":"Lower Density Residential","sidewlk_wd":"Greater than or equal to 10 feet","wlk_zn":"Greater than or equal to 5 feet","phase2_sid":null}},{"type":"Feature","id":28576,"geometry":{"type":"LineString","coordinates":[[-75.0865895318226,40.0493090258098],[-75.0850885772936,40.0485082061238]]},"properties":{"objectid":28576,"stname":"FANSHAWE ST","class1":"Local Residential","recfacil":null,"bikenetwor":null,"combined_s":"Lower Density Residential","street_typ":"Lower Density Residential","sidewlk_wd":"Greater than or equal to 10 feet","wlk_zn":"Greater than or equal to 5 feet","phase2_sid":null}},{"type":"Feature","id":28593,"geometry":{"type":"LineString","coordinates":[[-75.2070104344193,40.030579135449],[-75.2077177182598,40.0315822821697]]},"properties":{"objectid":28593,"stname":"HENRY AVE","class1":"Major Arterial","recfacil":"Bike Lanes","bikenetwor":"YES","combined_s":"Urban Arterial","street_typ":"Urban Arterial","sidewlk_wd":"Greater than or equal to 12 feet","wlk_zn":"Greater than or equal to 6 feet","phase2_sid":"Yes"}},{"type":"Feature","id":28617,"geometry":{"type":"LineString","coordinates":[[-75.0773131230283,40.0331970920383],[-75.0774456345666,40.0333042602255]]},"properties":{"objectid":28617,"stname":"E ROOSEVELT BLV","class1":"Expressway","recfacil":null,"bikenetwor":null,"combined_s":null,"street_typ":"Urban Arterial","sidewlk_wd":null,"wlk_zn":null,"phase2_sid":null}},{"type":"Feature","id":28797,"geometry":{"type":"LineString","coordinates":[[-75.0581086696501,40.049875902473],[-75.0566578416417,40.049093326368]]},"properties":{"objectid":28797,"stname":"BLEIGH AVE","class1":"Collector Residential","recfacil":null,"bikenetwor":"YES","combined_s":"Lower Density Residential","street_typ":"Lower Density Residential","sidewlk_wd":"Greater than or equal to 10 feet","wlk_zn":"Greater than or equal to 5 feet","phase2_sid":"Yes"}},{"type":"Feature","id":28813,"geometry":{"type":"LineString","coordinates":[[-75.0676741598828,40.0355356208435],[-75.0681017183096,40.0354399437074],[-75.0695991306049,40.0351025031859]]},"properties":{"objectid":28813,"stname":"E ROOSEVELT BLV","class1":"Expressway","recfacil":null,"bikenetwor":null,"combined_s":null,"street_typ":"Urban Arterial","sidewlk_wd":null,"wlk_zn":null,"phase2_sid":null}},{"type":"Feature","id":28923,"geometry":{"type":"LineString","coordinates":[[-75.0358008219421,40.0283600467346],[-75.0343574554207,40.0291054340243]]},"properties":{"objectid":28923,"stname":"HEGERMAN ST","class1":"Collector Residential","recfacil":null,"bikenetwor":null,"combined_s":"City Neighborhood Street","street_typ":"City Neighborhood Street","sidewlk_wd":"Greater than or equal to 12 feet","wlk_zn":"Greater than or equal to 6 feet","phase2_sid":"Yes"}},{"type":"Feature","id":28972,"geometry":{"type":"LineString","coordinates":[[-75.1882161427773,39.975184400605],[-75.1885237394088,39.9754167101817],[-75.188768961305,39.9756319726288],[-75.1889475020361,39.9758284641324],[-75.189126873598,39.976069140405],[-75.1892665779151,39.976277811288]]},"properties":{"objectid":28972,"stname":"N 33RD ST","class1":"Minor Arterial","recfacil":null,"bikenetwor":"YES","combined_s":"Urban Arterial","street_typ":"Urban Arterial","sidewlk_wd":"Greater than or equal to 12 feet","wlk_zn":"Greater than or equal to 6 feet","phase2_sid":"Yes"}},{"type":"Feature","id":29022,"geometry":{"type":"LineString","coordinates":[[-75.2104009263842,40.0375190987174],[-75.2115396909266,40.0384148092606]]},"properties":{"objectid":29022,"stname":"HENRY AVE","class1":"Major Arterial","recfacil":null,"bikenetwor":"YES","combined_s":"Urban Arterial","street_typ":"Urban Arterial","sidewlk_wd":"Greater than or equal to 12 feet","wlk_zn":"Greater than or equal to 6 feet","phase2_sid":"Yes"}},{"type":"Feature","id":29037,"geometry":{"type":"LineString","coordinates":[[-75.2084441942637,39.9564088398249],[-75.2086023075078,39.9556460051485]]},"properties":{"objectid":29037,"stname":"S 43RD ST","class1":"Collector Residential","recfacil":null,"bikenetwor":"YES","combined_s":"City Neighborhood Street","street_typ":"City Neighborhood Street","sidewlk_wd":"Greater than or equal to 12 feet","wlk_zn":"Greater than or equal to 6 feet","phase2_sid":"Yes"}},{"type":"Feature","id":29039,"geometry":{"type":"LineString","coordinates":[[-75.1917813649147,39.9543387638622],[-75.1920648324816,39.9543759695648],[-75.1928254394833,39.9544690131193],[-75.1944699194878,39.9546730336433]]},"properties":{"objectid":29039,"stname":"CHESTNUT ST","class1":"Major Arterial","recfacil":"Bike Lanes","bikenetwor":"YES","combined_s":"Walkable Commercial Corridors","street_typ":"Walkable Commercial Corridors","sidewlk_wd":"Greater than or equal to 12 feet","wlk_zn":"Greater than or equal to 6 feet","phase2_sid":"Yes"}},{"type":"Feature","id":29083,"geometry":{"type":"LineString","coordinates":[[-75.0285360335538,40.0335602166078],[-75.0273914656329,40.0322452749471]]},"properties":{"objectid":29083,"stname":"MERIDIAN ST","class1":"Local Residential","recfacil":null,"bikenetwor":null,"combined_s":"Local (Catch All)","street_typ":"Local (Catch All)","sidewlk_wd":"Greater than or equal to 10 feet","wlk_zn":"Greater than or equal to 5 feet","phase2_sid":null}},{"type":"Feature","id":29108,"geometry":{"type":"LineString","coordinates":[[-75.2044674632356,39.9559139834763],[-75.2047772625866,39.9559521516967]]},"properties":{"objectid":29108,"stname":"CHESTNUT ST","class1":"Major Arterial","recfacil":"Bike Lanes","bikenetwor":null,"combined_s":"Urban Arterial","street_typ":"Urban Arterial","sidewlk_wd":"Greater than or equal to 12 feet","wlk_zn":"Greater than or equal to 6 feet","phase2_sid":"Yes"}},{"type":"Feature","id":29191,"geometry":{"type":"LineString","coordinates":[[-75.0724865436088,40.0471122018877],[-75.0708888965417,40.0462276980932]]},"properties":{"objectid":29191,"stname":"DISSTON ST","class1":"Local Residential","recfacil":null,"bikenetwor":null,"combined_s":"Local (Catch All)","street_typ":"Local (Catch All)","sidewlk_wd":"Greater than or equal to 10 feet","wlk_zn":"Greater than or equal to 5 feet","phase2_sid":null}},{"type":"Feature","id":29239,"geometry":{"type":"LineString","coordinates":[[-75.1869191632138,40.0097128528399],[-75.1873291302114,40.0095327646556],[-75.1876460819401,40.0093785448488],[-75.1878981271364,40.0093016499854],[-75.1886155944286,40.0090656142723],[-75.1892158965524,40.0088664322828],[-75.1896062960091,40.0088253846982],[-75.1897225891436,40.0088131565178],[-75.1901699303223,40.0087086187335],[-75.1907465060245,40.0084035343538],[-75.1913391579844,40.0080896791719],[-75.1914843859717,40.0079449586306]]},"properties":{"objectid":29239,"stname":"W ROOSEVELT BLV RMP F","class1":"Low-Speed Ramp","recfacil":null,"bikenetwor":null,"combined_s":"No Classification","street_typ":"Urban Arterial","sidewlk_wd":null,"wlk_zn":null,"phase2_sid":null}},{"type":"Feature","id":29280,"geometry":{"type":"LineString","coordinates":[[-75.1989726796312,40.0069209059579],[-75.1978441304367,40.0063420043429],[-75.1974862210609,40.0061559674384],[-75.1973992522726,40.0061173412871],[-75.1969563630398,40.005882237475],[-75.1967105941454,40.0057546459852],[-75.1965064259309,40.005646976028],[-75.1962138418883,40.0054504937601],[-75.1959499789138,40.0052410796205],[-75.1957106987378,40.0050349265116],[-75.1955068852223,40.0048241334797],[-75.1952974723335,40.0045531273855],[-75.1951314211285,40.0043038972918],[-75.1949057647631,40.003867165518],[-75.1948133351784,40.0036195725214],[-75.194695442192,40.0032095226226],[-75.1946680516332,40.0030982874409],[-75.1946110300705,40.0027489514928],[-75.1946083714827,40.0024466949151],[-75.194622215989,40.0019856132454],[-75.1946000952584,40.0016563032164]]},"properties":{"objectid":29280,"stname":"WB SCHUYLKILL EXP","class1":"Expressway","recfacil":null,"bikenetwor":null,"combined_s":null,"street_typ":"N/A Interstate","sidewlk_wd":null,"wlk_zn":null,"phase2_sid":null}},{"type":"Feature","id":29319,"geometry":{"type":"LineString","coordinates":[[-75.0680769413278,40.0608333734212],[-75.0671996468994,40.0603307246745]]},"properties":{"objectid":29319,"stname":"NAPFLE AVE","class1":"Collector Residential","recfacil":"Bike Lane","bikenetwor":null,"combined_s":"Lower Density Residential","street_typ":"Lower Density Residential","sidewlk_wd":"Greater than or equal to 10 feet","wlk_zn":"Greater than or equal to 5 feet","phase2_sid":"Yes"}},{"type":"Feature","id":29331,"geometry":{"type":"LineString","coordinates":[[-75.1582428387059,40.016683604682],[-75.1585639191717,40.0170791588847]]},"properties":{"objectid":29331,"stname":"CLARISSA ST","class1":"Minor Arterial","recfacil":null,"bikenetwor":"YES","combined_s":"Urban Arterial","street_typ":"Urban Arterial","sidewlk_wd":"Greater than or equal to 12 feet","wlk_zn":"Greater than or equal to 6 feet","phase2_sid":"Yes"}},{"type":"Feature","id":29337,"geometry":{"type":"LineString","coordinates":[[-75.2063260694308,40.0829789277166],[-75.2078299322267,40.0838003734057],[-75.2084368226361,40.0842069642583],[-75.2089125091182,40.0845834148962],[-75.2091574963749,40.0847634631227],[-75.2092860063108,40.08484235529],[-75.2094835626778,40.0849514161718],[-75.2096379999727,40.0850310702025],[-75.20978154209,40.0850981206419],[-75.2099734823442,40.0851772127818],[-75.2103546749364,40.0853226983865]]},"properties":{"objectid":29337,"stname":"STENTON AVE","class1":"Major Arterial","recfacil":"Marked Shared Lane","bikenetwor":"YES","combined_s":"Urban Arterial","street_typ":"Urban Arterial","sidewlk_wd":"Greater than or equal to 12 feet","wlk_zn":"Greater than or equal to 6 feet","phase2_sid":"Yes"}},{"type":"Feature","id":29338,"geometry":{"type":"LineString","coordinates":[[-75.2223036768561,40.0835557665994],[-75.2231668353982,40.0838909152463],[-75.2240149606587,40.0842277729959],[-75.224655166915,40.0843701142859],[-75.2251382360312,40.0844201947689],[-75.2252229592503,40.0844189266799]]},"properties":{"objectid":29338,"stname":"GERMANTOWN AVE","class1":"Major Arterial","recfacil":null,"bikenetwor":"YES","combined_s":"Urban Arterial","street_typ":"Urban Arterial","sidewlk_wd":"Greater than or equal to 12 feet","wlk_zn":"Greater than or equal to 6 feet","phase2_sid":"Yes"}},{"type":"Feature","id":29343,"geometry":{"type":"LineString","coordinates":[[-75.0495118584976,40.0543335859539],[-75.049330366978,40.0542359629747]]},"properties":{"objectid":29343,"stname":"RYAN AVE","class1":"Minor Arterial","recfacil":"Marked Shared Lane","bikenetwor":null,"combined_s":"Urban Arterial","street_typ":"Urban Arterial","sidewlk_wd":"Greater than or equal to 12 feet","wlk_zn":"Greater than or equal to 6 feet","phase2_sid":"Yes"}},{"type":"Feature","id":29372,"geometry":{"type":"LineString","coordinates":[[-75.0495118584976,40.0543335859539],[-75.0494352562529,40.0543930304379],[-75.0485838640455,40.0552362215819]]},"properties":{"objectid":29372,"stname":"E ROOSEVELT BLV","class1":"Major Arterial","recfacil":null,"bikenetwor":null,"combined_s":"Urban Arterial","street_typ":"Urban Arterial","sidewlk_wd":"Greater than or equal to 12 feet","wlk_zn":"Greater than or equal to 6 feet","phase2_sid":"Yes"}},{"type":"Feature","id":29393,"geometry":{"type":"LineString","coordinates":[[-75.179732140355,40.0300686478515],[-75.1802933610984,40.0304203266094]]},"properties":{"objectid":29393,"stname":"PULASKI AVE","class1":"Collector Residential","recfacil":null,"bikenetwor":null,"combined_s":"City Neighborhood Street","street_typ":"City Neighborhood Street","sidewlk_wd":"Greater than or equal to 12 feet","wlk_zn":"Greater than or equal to 6 feet","phase2_sid":"Yes"}},{"type":"Feature","id":29403,"geometry":{"type":"LineString","coordinates":[[-75.2060776686272,39.9576682230745],[-75.2061734691394,39.9582375985924]]},"properties":{"objectid":29403,"stname":"N 42ND ST","class1":"Collector Residential","recfacil":null,"bikenetwor":"YES","combined_s":"City Neighborhood Street","street_typ":"City Neighborhood Street","sidewlk_wd":"Greater than or equal to 12 feet","wlk_zn":"Greater than or equal to 6 feet","phase2_sid":"Yes"}},{"type":"Feature","id":29416,"geometry":{"type":"LineString","coordinates":[[-75.1144217763901,40.0266666979752],[-75.1133287011255,40.0268166621454]]},"properties":{"objectid":29416,"stname":"E ROOSEVELT BLV","class1":"Major Arterial","recfacil":null,"bikenetwor":null,"combined_s":"Urban Arterial","street_typ":"Urban Arterial","sidewlk_wd":"Greater than or equal to 12 feet","wlk_zn":"Greater than or equal to 6 feet","phase2_sid":"Yes"}},{"type":"Feature","id":29420,"geometry":{"type":"LineString","coordinates":[[-75.0835174186643,40.0637659062321],[-75.0824125431788,40.0631261692939]]},"properties":{"objectid":29420,"stname":"BLEIGH AVE","class1":"Collector Residential","recfacil":"Marked Shared Lane","bikenetwor":null,"combined_s":"City Neighborhood Street","street_typ":"City Neighborhood Street","sidewlk_wd":"Greater than or equal to 12 feet","wlk_zn":"Greater than or equal to 6 feet","phase2_sid":"Yes"}},{"type":"Feature","id":29466,"geometry":{"type":"LineString","coordinates":[[-75.2361334027697,39.9807944579948],[-75.2361655826719,39.9809793504704]]},"properties":{"objectid":29466,"stname":"N 57TH ST","class1":"Minor Arterial","recfacil":null,"bikenetwor":"YES","combined_s":"Urban Arterial","street_typ":"Urban Arterial","sidewlk_wd":"Greater than or equal to 12 feet","wlk_zn":"Greater than or equal to 6 feet","phase2_sid":"Yes"}},{"type":"Feature","id":29506,"geometry":{"type":"LineString","coordinates":[[-75.1882161427773,39.975184400605],[-75.1899634600409,39.9754126171629]]},"properties":{"objectid":29506,"stname":"W GIRARD AVE","class1":"Major Arterial","recfacil":"Marked Shared Lane","bikenetwor":"YES","combined_s":"Urban Arterial","street_typ":"Urban Arterial","sidewlk_wd":"Greater than or equal to 12 feet","wlk_zn":"Greater than or equal to 6 feet","phase2_sid":"Yes"}},{"type":"Feature","id":29510,"geometry":{"type":"LineString","coordinates":[[-75.1968246892233,40.0093099484728],[-75.1969062038605,40.0091863430553]]},"properties":{"objectid":29510,"stname":"CALUMET ST","class1":"Local Residential","recfacil":null,"bikenetwor":null,"combined_s":"Local (Catch All)","street_typ":"Local (Catch All)","sidewlk_wd":"Greater than or equal to 10 feet","wlk_zn":"Greater than or equal to 5 feet","phase2_sid":null}},{"type":"Feature","id":29547,"geometry":{"type":"LineString","coordinates":[[-75.1532323122157,40.0078843079715],[-75.1530849710399,40.0085275395783]]},"properties":{"objectid":29547,"stname":"N 15TH ST","class1":"Collector Residential","recfacil":null,"bikenetwor":null,"combined_s":"City Neighborhood Street","street_typ":"City Neighborhood Street","sidewlk_wd":"Greater than or equal to 12 feet","wlk_zn":"Greater than or equal to 6 feet","phase2_sid":"Yes"}},{"type":"Feature","id":29579,"geometry":{"type":"LineString","coordinates":[[-75.1944699194878,39.9546730336433],[-75.1964478202692,39.9549163237977]]},"properties":{"objectid":29579,"stname":"CHESTNUT ST","class1":"Major Arterial","recfacil":"Bike Lanes","bikenetwor":"YES","combined_s":"Walkable Commercial Corridors","street_typ":"Walkable Commercial Corridors","sidewlk_wd":"Greater than or equal to 12 feet","wlk_zn":"Greater than or equal to 6 feet","phase2_sid":"Yes"}},{"type":"Feature","id":29592,"geometry":{"type":"LineString","coordinates":[[-75.151093326153,40.0099436834554],[-75.1508856159131,40.0108464623116]]},"properties":{"objectid":29592,"stname":"N BROAD ST","class1":"Major Arterial","recfacil":null,"bikenetwor":null,"combined_s":"Urban Arterial","street_typ":"Urban Arterial","sidewlk_wd":"Greater than or equal to 12 feet","wlk_zn":"Greater than or equal to 6 feet","phase2_sid":"Yes"}},{"type":"Feature","id":29593,"geometry":{"type":"LineString","coordinates":[[-75.1753372081341,39.9000638133445],[-75.1754856599439,39.8993803490934]]},"properties":{"objectid":29593,"stname":"S BROAD ST","class1":"Major Arterial","recfacil":"Marked Shared Lane","bikenetwor":"YES","combined_s":"Urban Arterial","street_typ":"Urban Arterial","sidewlk_wd":"Greater than or equal to 12 feet","wlk_zn":"Greater than or equal to 6 feet","phase2_sid":"Yes"}},{"type":"Feature","id":29600,"geometry":{"type":"LineString","coordinates":[[-75.1040309451682,40.0296038957285],[-75.1037301087441,40.0296485662791],[-75.1033578733757,40.0296560971813],[-75.1031627983718,40.0296218628354]]},"properties":{"objectid":29600,"stname":"E ROOSEVELT BLV","class1":"Expressway","recfacil":null,"bikenetwor":null,"combined_s":null,"street_typ":"Urban Arterial","sidewlk_wd":null,"wlk_zn":null,"phase2_sid":null}},{"type":"Feature","id":29697,"geometry":{"type":"LineString","coordinates":[[-75.0940329172793,40.0263325045904],[-75.0928976982928,40.0269430669426]]},"properties":{"objectid":29697,"stname":"E ROOSEVELT BLV","class1":"Major Arterial","recfacil":null,"bikenetwor":null,"combined_s":"Urban Arterial","street_typ":"Urban Arterial","sidewlk_wd":"Greater than or equal to 12 feet","wlk_zn":"Greater than or equal to 6 feet","phase2_sid":"Yes"}},{"type":"Feature","id":29705,"geometry":{"type":"LineString","coordinates":[[-75.2141613571138,39.9803120041414],[-75.2145029883882,39.9815579455353],[-75.2146517431391,39.9821409798625]]},"properties":{"objectid":29705,"stname":"BELMONT AVE","class1":"Major Arterial","recfacil":null,"bikenetwor":null,"combined_s":"Scenic Drive","street_typ":"Scenic Drive","sidewlk_wd":"Greater than or equal to 9 feet","wlk_zn":"Greater than or equal to 6 feet","phase2_sid":"Yes"}},{"type":"Feature","id":29712,"geometry":{"type":"LineString","coordinates":[[-75.164196391096,39.9577230003073],[-75.1641380642479,39.9579386350387]]},"properties":{"objectid":29712,"stname":"N 15TH ST","class1":"Minor Arterial","recfacil":"Bike Lanes","bikenetwor":"YES","combined_s":"Urban Arterial","street_typ":"Urban Arterial","sidewlk_wd":"Greater than or equal to 12 feet","wlk_zn":"Greater than or equal to 6 feet","phase2_sid":null}},{"type":"Feature","id":29715,"geometry":{"type":"LineString","coordinates":[[-75.1317441779582,40.0587208086444],[-75.1334604277028,40.0598243267951]]},"properties":{"objectid":29715,"stname":"W CHELTENHAM AVE","class1":"Major Arterial","recfacil":"Bike Lane","bikenetwor":"YES","combined_s":"Urban Arterial","street_typ":"Urban Arterial","sidewlk_wd":"Greater than or equal to 12 feet","wlk_zn":"Greater than or equal to 6 feet","phase2_sid":"Yes"}},{"type":"Feature","id":29793,"geometry":{"type":"LineString","coordinates":[[-75.1811430923031,40.0037061983374],[-75.1823531808121,40.0033207493483],[-75.1839538036777,40.0028483469071]]},"properties":{"objectid":29793,"stname":"W HUNTING PARK AVE","class1":"Major Arterial","recfacil":"Bike Lanes","bikenetwor":"YES","combined_s":"Urban Arterial","street_typ":"Urban Arterial","sidewlk_wd":"Greater than or equal to 12 feet","wlk_zn":"Greater than or equal to 6 feet","phase2_sid":"Yes"}},{"type":"Feature","id":29811,"geometry":{"type":"LineString","coordinates":[[-75.2428419732758,39.9832541944338],[-75.2431148234543,39.9827804626419]]},"properties":{"objectid":29811,"stname":"LEBANON AVE","class1":"Collector Residential","recfacil":null,"bikenetwor":null,"combined_s":"Lower Density Residential","street_typ":"Lower Density Residential","sidewlk_wd":"Greater than or equal to 10 feet","wlk_zn":"Greater than or equal to 5 feet","phase2_sid":"Yes"}},{"type":"Feature","id":29841,"geometry":{"type":"LineString","coordinates":[[-75.195741046923,39.9596740879502],[-75.1968138008011,39.9602223241669]]},"properties":{"objectid":29841,"stname":"LANCASTER AVE","class1":"Major Arterial","recfacil":null,"bikenetwor":"YES","combined_s":"Walkable Commercial Corridors","street_typ":"Walkable Commercial Corridors","sidewlk_wd":"Greater than or equal to 12 feet","wlk_zn":"Greater than or equal to 6 feet","phase2_sid":"Yes"}},{"type":"Feature","id":29842,"geometry":{"type":"LineString","coordinates":[[-75.1970418837117,39.9595740511144],[-75.1985135711658,39.959454454314],[-75.1986833238217,39.9594386496437]]},"properties":{"objectid":29842,"stname":"POWELTON AVE","class1":"Minor Arterial","recfacil":null,"bikenetwor":"YES","combined_s":"Urban Arterial","street_typ":"Urban Arterial","sidewlk_wd":"Greater than or equal to 12 feet","wlk_zn":"Greater than or equal to 6 feet","phase2_sid":"Yes"}},{"type":"Feature","id":29871,"geometry":{"type":"LineString","coordinates":[[-75.2284995659117,39.9581125834697],[-75.2286598061993,39.9573529191001]]},"properties":{"objectid":29871,"stname":"S RUBY ST","class1":"Local Residential","recfacil":null,"bikenetwor":null,"combined_s":"Local (Catch All)","street_typ":"Local (Catch All)","sidewlk_wd":"Greater than or equal to 10 feet","wlk_zn":"Greater than or equal to 5 feet","phase2_sid":null}},{"type":"Feature","id":29947,"geometry":{"type":"LineString","coordinates":[[-75.2052950616202,40.0133691811764],[-75.2049376767118,40.0131023533087],[-75.2047065752447,40.012905321443],[-75.2045262876417,40.0126743449895]]},"properties":{"objectid":29947,"stname":"KELLY DR","class1":"Major Arterial","recfacil":null,"bikenetwor":null,"combined_s":"Urban Arterial","street_typ":"Urban Arterial","sidewlk_wd":"Greater than or equal to 12 feet","wlk_zn":"Greater than or equal to 6 feet","phase2_sid":"Yes"}},{"type":"Feature","id":29955,"geometry":{"type":"LineString","coordinates":[[-75.2058447663704,40.013885477187],[-75.2057819490375,40.0138023850946],[-75.2055365741876,40.013600660765],[-75.2052950616202,40.0133691811764]]},"properties":{"objectid":29955,"stname":"LINCOLN DR","class1":"Major Arterial","recfacil":null,"bikenetwor":null,"combined_s":"Urban Arterial","street_typ":"Urban Arterial","sidewlk_wd":"Greater than or equal to 12 feet","wlk_zn":"Greater than or equal to 6 feet","phase2_sid":"Yes"}},{"type":"Feature","id":29956,"geometry":{"type":"LineString","coordinates":[[-75.1813415229005,39.898434526453],[-75.1778468105945,39.8990541572408],[-75.1767365239893,39.8991812833543],[-75.1757976641065,39.8991602027117],[-75.1742522006574,39.8989744200402],[-75.1730134186132,39.8988242124749],[-75.1721581119443,39.8987560344849],[-75.1713806274955,39.8987303897559],[-75.1706736899672,39.8987164050944]]},"properties":{"objectid":29956,"stname":"NB DELAWARE EXP","class1":"Expressway","recfacil":null,"bikenetwor":null,"combined_s":"No Classification","street_typ":"N/A Interstate","sidewlk_wd":null,"wlk_zn":null,"phase2_sid":null}},{"type":"Feature","id":29957,"geometry":{"type":"LineString","coordinates":[[-75.1820923856116,39.8984947295798],[-75.1769133851292,39.8993068904234],[-75.1765107024149,39.8993417414533],[-75.1755795847679,39.8992891064036],[-75.174273252854,39.89911765157],[-75.1729715922035,39.8989497150855],[-75.1718730464148,39.8988719872722],[-75.1708885892062,39.8988579985121],[-75.1705190439506,39.8988971619554]]},"properties":{"objectid":29957,"stname":"SB DELAWARE EXP","class1":"Expressway","recfacil":null,"bikenetwor":null,"combined_s":"No Classification","street_typ":"N/A Interstate","sidewlk_wd":null,"wlk_zn":null,"phase2_sid":null}},{"type":"Feature","id":29959,"geometry":{"type":"LineString","coordinates":[[-75.2286959337477,39.8933439889745],[-75.228355024833,39.8932991212619],[-75.2279861364406,39.8932558199898],[-75.227615218259,39.8931987902896],[-75.227214308233,39.8931349580329],[-75.2267205125246,39.8930379905579],[-75.226166475359,39.8929186507026],[-75.2255028884013,39.8927476601757],[-75.2249050853994,39.8925820244766],[-75.2246402638289,39.8924983994081],[-75.2239570877674,39.8922361140634],[-75.2233449683765,39.892001102812],[-75.2226089389901,39.8916549322699],[-75.2220376961119,39.8913358436929],[-75.2211852489353,39.8908308813468],[-75.2203418994804,39.8903154930909],[-75.219724527067,39.8899285723452],[-75.2191278590838,39.8895642275994],[-75.2186777596696,39.88932128947]]},"properties":{"objectid":29959,"stname":"SB DELAWARE EXP","class1":"Expressway","recfacil":null,"bikenetwor":null,"combined_s":null,"street_typ":"N/A Interstate","sidewlk_wd":null,"wlk_zn":null,"phase2_sid":null}},{"type":"Feature","id":29960,"geometry":{"type":"LineString","coordinates":[[-75.2448738149213,39.8834913148622],[-75.2447043920945,39.8837055453047],[-75.244444869205,39.8841371777684],[-75.2442137371616,39.8845128733197],[-75.2438670013527,39.8850886892881]]},"properties":{"objectid":29960,"stname":"SB DELAWARE EXP","class1":"Expressway","recfacil":null,"bikenetwor":null,"combined_s":null,"street_typ":"N/A Interstate","sidewlk_wd":null,"wlk_zn":null,"phase2_sid":null}},{"type":"Feature","id":29986,"geometry":{"type":"LineString","coordinates":[[-75.1981546869191,39.955893233814],[-75.1997882077065,39.9560971981147]]},"properties":{"objectid":29986,"stname":"LUDLOW ST","class1":"Local Residential","recfacil":null,"bikenetwor":null,"combined_s":"Local (Catch All)","street_typ":"Local (Catch All)","sidewlk_wd":"Greater than or equal to 10 feet","wlk_zn":"Greater than or equal to 5 feet","phase2_sid":null}},{"type":"Feature","id":29993,"geometry":{"type":"LineString","coordinates":[[-75.0849831662593,40.0589026908433],[-75.0842371014306,40.0584775763983]]},"properties":{"objectid":29993,"stname":"SAINT VINCENT ST","class1":"Collector Residential","recfacil":null,"bikenetwor":null,"combined_s":"City Neighborhood Street","street_typ":"City Neighborhood Street","sidewlk_wd":"Greater than or equal to 12 feet","wlk_zn":"Greater than or equal to 6 feet","phase2_sid":"Yes"}},{"type":"Feature","id":30044,"geometry":{"type":"LineString","coordinates":[[-75.1148997145252,40.0344561132123],[-75.1146150406066,40.0348046561898],[-75.1140331622446,40.035480686619]]},"properties":{"objectid":30044,"stname":"RISING SUN AVE","class1":"Minor Arterial","recfacil":null,"bikenetwor":"YES","combined_s":"Urban Arterial","street_typ":"Urban Arterial","sidewlk_wd":"Greater than or equal to 12 feet","wlk_zn":"Greater than or equal to 6 feet","phase2_sid":"Yes"}},{"type":"Feature","id":30048,"geometry":{"type":"LineString","coordinates":[[-75.2380230423096,39.9679224885041],[-75.2381934194446,39.9679463987786]]},"properties":{"objectid":30048,"stname":"CALLOWHILL ST","class1":"Collector Residential","recfacil":null,"bikenetwor":null,"combined_s":"City Neighborhood Street","street_typ":"City Neighborhood Street","sidewlk_wd":"Greater than or equal to 12 feet","wlk_zn":"Greater than or equal to 6 feet","phase2_sid":"Yes"}},{"type":"Feature","id":30088,"geometry":{"type":"LineString","coordinates":[[-75.2112919705925,39.9769923423931],[-75.2134726076985,39.9778001758296]]},"properties":{"objectid":30088,"stname":"PARKSIDE AVE","class1":"Minor Arterial","recfacil":null,"bikenetwor":"YES","combined_s":"Urban Arterial","street_typ":"Urban Arterial","sidewlk_wd":"Greater than or equal to 12 feet","wlk_zn":"Greater than or equal to 6 feet","phase2_sid":"Yes"}},{"type":"Feature","id":30123,"geometry":{"type":"LineString","coordinates":[[-75.2031559230347,39.9742544581962],[-75.2037225157547,39.9741913916601]]},"properties":{"objectid":30123,"stname":"W GIRARD AVE","class1":"Major Arterial","recfacil":null,"bikenetwor":null,"combined_s":"Urban Arterial","street_typ":"Urban Arterial","sidewlk_wd":"Greater than or equal to 12 feet","wlk_zn":"Greater than or equal to 6 feet","phase2_sid":"Yes"}},{"type":"Feature","id":30126,"geometry":{"type":"LineString","coordinates":[[-75.2491792941986,39.9708669081838],[-75.2488724349396,39.9723484977836]]},"properties":{"objectid":30126,"stname":"N 65TH ST","class1":"Collector Residential","recfacil":null,"bikenetwor":null,"combined_s":"City Neighborhood Street","street_typ":"City Neighborhood Street","sidewlk_wd":"Greater than or equal to 12 feet","wlk_zn":"Greater than or equal to 6 feet","phase2_sid":"Yes"}},{"type":"Feature","id":30131,"geometry":{"type":"LineString","coordinates":[[-75.0949379911792,40.026079218763],[-75.0945033300596,40.0261808284208]]},"properties":{"objectid":30131,"stname":"E ROOSEVELT BLV","class1":"Major Arterial","recfacil":null,"bikenetwor":null,"combined_s":"Urban Arterial","street_typ":"Urban Arterial","sidewlk_wd":"Greater than or equal to 12 feet","wlk_zn":"Greater than or equal to 6 feet","phase2_sid":"Yes"}},{"type":"Feature","id":30150,"geometry":{"type":"LineString","coordinates":[[-75.2333363595267,39.9587124232336],[-75.2334939801167,39.957954065328]]},"properties":{"objectid":30150,"stname":"S 56TH ST","class1":"Collector Residential","recfacil":"Marked Shared Lane","bikenetwor":null,"combined_s":"City Neighborhood Street","street_typ":"City Neighborhood Street","sidewlk_wd":"Greater than or equal to 12 feet","wlk_zn":"Greater than or equal to 6 feet","phase2_sid":"Yes"}},{"type":"Feature","id":30165,"geometry":{"type":"LineString","coordinates":[[-75.2491792941986,39.9708669081838],[-75.250167121723,39.9709866099768]]},"properties":{"objectid":30165,"stname":"W GIRARD AVE","class1":"Minor Arterial","recfacil":null,"bikenetwor":null,"combined_s":"City Neighborhood Street","street_typ":"City Neighborhood Street","sidewlk_wd":"Greater than or equal to 12 feet","wlk_zn":"Greater than or equal to 6 feet","phase2_sid":"Yes"}},{"type":"Feature","id":30196,"geometry":{"type":"LineString","coordinates":[[-75.2067993953351,39.9738473231627],[-75.2089045288113,39.9736221228529]]},"properties":{"objectid":30196,"stname":"W GIRARD AVE","class1":"Major Arterial","recfacil":null,"bikenetwor":null,"combined_s":"Urban Arterial","street_typ":"Urban Arterial","sidewlk_wd":"Greater than or equal to 12 feet","wlk_zn":"Greater than or equal to 6 feet","phase2_sid":"Yes"}},{"type":"Feature","id":30238,"geometry":{"type":"LineString","coordinates":[[-75.2032446829678,40.02469045889],[-75.2030355875582,40.0248018860726],[-75.2028072214663,40.0249951443002],[-75.2026644164941,40.0251997425401],[-75.2025753891778,40.0253897948381],[-75.2024988045893,40.0256185283392]]},"properties":{"objectid":30238,"stname":"BARNES ST","class1":"Collector Residential","recfacil":null,"bikenetwor":null,"combined_s":"Lower Density Residential","street_typ":"Lower Density Residential","sidewlk_wd":"Greater than or equal to 10 feet","wlk_zn":"Greater than or equal to 5 feet","phase2_sid":"Yes"}},{"type":"Feature","id":30290,"geometry":{"type":"LineString","coordinates":[[-75.246938528497,39.9721206740581],[-75.2478822722165,39.9722378820806]]},"properties":{"objectid":30290,"stname":"HAVERFORD AVE","class1":"Minor Arterial","recfacil":null,"bikenetwor":"YES","combined_s":"Urban Arterial","street_typ":"Urban Arterial","sidewlk_wd":"Greater than or equal to 12 feet","wlk_zn":"Greater than or equal to 6 feet","phase2_sid":"Yes"}},{"type":"Feature","id":30381,"geometry":{"type":"LineString","coordinates":[[-75.2277016324864,39.9803097480169],[-75.2265795498306,39.9821054704069]]},"properties":{"objectid":30381,"stname":"ABERDEEN ST","class1":"Local Residential","recfacil":null,"bikenetwor":null,"combined_s":"Local (Catch All)","street_typ":"Local (Catch All)","sidewlk_wd":"Greater than or equal to 10 feet","wlk_zn":"Greater than or equal to 5 feet","phase2_sid":null}},{"type":"Feature","id":30395,"geometry":{"type":"LineString","coordinates":[[-75.1760628898894,40.0222958117889],[-75.1768630864697,40.0215108464365]]},"properties":{"objectid":30395,"stname":"HANSBERRY ST","class1":"Collector Residential","recfacil":null,"bikenetwor":null,"combined_s":"City Neighborhood Street","street_typ":"City Neighborhood Street","sidewlk_wd":"Greater than or equal to 12 feet","wlk_zn":"Greater than or equal to 6 feet","phase2_sid":"Yes"}},{"type":"Feature","id":30443,"geometry":{"type":"LineString","coordinates":[[-75.2211101849621,39.9634947953755],[-75.2209846167692,39.9640469044695]]},"properties":{"objectid":30443,"stname":"FARSON ST","class1":"Local Residential","recfacil":null,"bikenetwor":null,"combined_s":"Local (Catch All)","street_typ":"Local (Catch All)","sidewlk_wd":"Greater than or equal to 10 feet","wlk_zn":"Greater than or equal to 5 feet","phase2_sid":null}},{"type":"Feature","id":30449,"geometry":{"type":"LineString","coordinates":[[-75.2366059065441,39.9591173124982],[-75.2372916432987,39.9592014430616]]},"properties":{"objectid":30449,"stname":"SANSOM ST","class1":"Local Residential","recfacil":null,"bikenetwor":null,"combined_s":"Local (Catch All)","street_typ":"Local (Catch All)","sidewlk_wd":"Greater than or equal to 10 feet","wlk_zn":"Greater than or equal to 5 feet","phase2_sid":null}},{"type":"Feature","id":30458,"geometry":{"type":"LineString","coordinates":[[-75.1999430324382,39.9553508209614],[-75.2001015102398,39.9545912115999]]},"properties":{"objectid":30458,"stname":"S 39TH ST","class1":"Collector Residential","recfacil":null,"bikenetwor":null,"combined_s":"City Neighborhood Street","street_typ":"City Neighborhood Street","sidewlk_wd":"Greater than or equal to 12 feet","wlk_zn":"Greater than or equal to 6 feet","phase2_sid":"Yes"}},{"type":"Feature","id":30512,"geometry":{"type":"LineString","coordinates":[[-75.2023637019419,39.9628687382947],[-75.2039809361987,39.9627367837687]]},"properties":{"objectid":30512,"stname":"HAVERFORD AVE","class1":"Minor Arterial","recfacil":null,"bikenetwor":"YES","combined_s":"Urban Arterial","street_typ":"Urban Arterial","sidewlk_wd":"Greater than or equal to 12 feet","wlk_zn":"Greater than or equal to 6 feet","phase2_sid":"Yes"}},{"type":"Feature","id":30536,"geometry":{"type":"LineString","coordinates":[[-75.1969062038605,40.0091863430553],[-75.1971164856446,40.009278680421],[-75.1977600447989,40.0094844816275],[-75.1991357601428,40.0099176805916],[-75.200511677292,40.0103459566884],[-75.2014520700517,40.0106250631888]]},"properties":{"objectid":30536,"stname":"KELLY DR","class1":"Major Arterial","recfacil":null,"bikenetwor":null,"combined_s":"Scenic Drive","street_typ":"Scenic Drive","sidewlk_wd":"Greater than or equal to 9 feet","wlk_zn":"Greater than or equal to 6 feet","phase2_sid":"Yes"}},{"type":"Feature","id":30541,"geometry":{"type":"LineString","coordinates":[[-75.2097409157946,39.9565716561686],[-75.2097547824851,39.9564949085534],[-75.2098327235153,39.9561378081831],[-75.209833812991,39.9561326551442],[-75.209836277561,39.9561210038866]]},"properties":{"objectid":30541,"stname":"S 44TH ST","class1":"Collector Residential","recfacil":null,"bikenetwor":"YES","combined_s":"City Neighborhood Street","street_typ":"City Neighborhood Street","sidewlk_wd":"Greater than or equal to 12 feet","wlk_zn":"Greater than or equal to 6 feet","phase2_sid":"Yes"}},{"type":"Feature","id":30595,"geometry":{"type":"LineString","coordinates":[[-75.2103546749364,40.0853226983865],[-75.2104968443536,40.0853831186664],[-75.2112513385673,40.0856828062568]]},"properties":{"objectid":30595,"stname":"STENTON AVE","class1":"Major Arterial","recfacil":"Marked Shared Lane","bikenetwor":"YES","combined_s":"Urban Arterial","street_typ":"Urban Arterial","sidewlk_wd":"Greater than or equal to 12 feet","wlk_zn":"Greater than or equal to 6 feet","phase2_sid":"Yes"}},{"type":"Feature","id":30606,"geometry":{"type":"LineString","coordinates":[[-75.09681087801,40.0261120095474],[-75.0968443633347,40.0261752951521],[-75.0968431334606,40.0262067569928],[-75.0968317014636,40.0262802119132]]},"properties":{"objectid":30606,"stname":"ADAMS ST","class1":"Minor Arterial","recfacil":null,"bikenetwor":null,"combined_s":"City Neighborhood Street","street_typ":"Urban Arterial","sidewlk_wd":"Greater than or equal to 12 feet","wlk_zn":"Greater than or equal to 6 feet","phase2_sid":"Yes"}},{"type":"Feature","id":30610,"geometry":{"type":"LineString","coordinates":[[-75.2501350104371,39.966308148527],[-75.249817647808,39.9678279897194]]},"properties":{"objectid":30610,"stname":"N 65TH ST","class1":"Collector Residential","recfacil":null,"bikenetwor":null,"combined_s":"Lower Density Residential","street_typ":"Lower Density Residential","sidewlk_wd":"Greater than or equal to 10 feet","wlk_zn":"Greater than or equal to 5 feet","phase2_sid":"Yes"}},{"type":"Feature","id":30684,"geometry":{"type":"LineString","coordinates":[[-75.2508032338348,39.9679465227186],[-75.2504835410034,39.9694692348841]]},"properties":{"objectid":30684,"stname":"N DAGGETT ST","class1":"Local Residential","recfacil":null,"bikenetwor":null,"combined_s":"Local (Catch All)","street_typ":"Local (Catch All)","sidewlk_wd":"Greater than or equal to 10 feet","wlk_zn":"Greater than or equal to 5 feet","phase2_sid":null}},{"type":"Feature","id":30716,"geometry":{"type":"LineString","coordinates":[[-75.238792905366,39.9680193959483],[-75.2384763093065,39.9695372072712]]},"properties":{"objectid":30716,"stname":"N SALFORD ST","class1":"Local Residential","recfacil":null,"bikenetwor":null,"combined_s":"Local (Catch All)","street_typ":"Local (Catch All)","sidewlk_wd":"Greater than or equal to 10 feet","wlk_zn":"Greater than or equal to 5 feet","phase2_sid":null}},{"type":"Feature","id":30731,"geometry":{"type":"LineString","coordinates":[[-75.0539709332644,40.0549395101127],[-75.0538434394278,40.0552966898604],[-75.0533503537242,40.0564633914119]]},"properties":{"objectid":30731,"stname":"BUSTLETON AVE","class1":"Major Arterial","recfacil":null,"bikenetwor":null,"combined_s":"Urban Arterial","street_typ":"Urban Arterial","sidewlk_wd":"Greater than or equal to 12 feet","wlk_zn":"Greater than or equal to 6 feet","phase2_sid":"Yes"}},{"type":"Feature","id":30813,"geometry":{"type":"LineString","coordinates":[[-75.1417186111849,40.0473549734686],[-75.141847862194,40.0473655181002],[-75.1428999976488,40.0475030296797]]},"properties":{"objectid":30813,"stname":"W GODFREY AVE","class1":"Major Arterial","recfacil":null,"bikenetwor":"YES","combined_s":"Urban Arterial","street_typ":"Urban Arterial","sidewlk_wd":"Greater than or equal to 12 feet","wlk_zn":"Greater than or equal to 6 feet","phase2_sid":"Yes"}},{"type":"Feature","id":30832,"geometry":{"type":"LineString","coordinates":[[-75.0540647284388,40.044334842471],[-75.0531157710112,40.0437735835544]]},"properties":{"objectid":30832,"stname":"COTTMAN AVE","class1":"Major Arterial","recfacil":"Further Study Required","bikenetwor":null,"combined_s":"Urban Arterial","street_typ":"Urban Arterial","sidewlk_wd":"Greater than or equal to 12 feet","wlk_zn":"Greater than or equal to 6 feet","phase2_sid":"Yes"}},{"type":"Feature","id":30850,"geometry":{"type":"LineString","coordinates":[[-75.1447961756476,40.03515859575],[-75.1455560079719,40.0352711858152]]},"properties":{"objectid":30850,"stname":"W SOMERVILLE AVE","class1":"Collector Residential","recfacil":null,"bikenetwor":null,"combined_s":"Lower Density Residential","street_typ":"Lower Density Residential","sidewlk_wd":"Greater than or equal to 10 feet","wlk_zn":"Greater than or equal to 5 feet","phase2_sid":"Yes"}},{"type":"Feature","id":30855,"geometry":{"type":"LineString","coordinates":[[-75.0887109136849,40.037959780533],[-75.0887332375974,40.0382457542552],[-75.0885685341983,40.0391055778668]]},"properties":{"objectid":30855,"stname":"OXFORD AVE","class1":"Major Arterial","recfacil":null,"bikenetwor":"YES","combined_s":"Urban Arterial","street_typ":"Urban Arterial","sidewlk_wd":"Greater than or equal to 12 feet","wlk_zn":"Greater than or equal to 6 feet","phase2_sid":"Yes"}},{"type":"Feature","id":30859,"geometry":{"type":"LineString","coordinates":[[-75.1171758449306,40.0263952634827],[-75.1171426783893,40.026255385225]]},"properties":{"objectid":30859,"stname":"C ST","class1":"Collector Residential","recfacil":null,"bikenetwor":null,"combined_s":"Lower Density Residential","street_typ":"Lower Density Residential","sidewlk_wd":"Greater than or equal to 10 feet","wlk_zn":"Greater than or equal to 5 feet","phase2_sid":"Yes"}},{"type":"Feature","id":30918,"geometry":{"type":"LineString","coordinates":[[-75.2011817426886,39.961813237275],[-75.2010671126797,39.9619612333114],[-75.2007689222604,39.96229699922]]},"properties":{"objectid":30918,"stname":"SLOAN ST","class1":"Local Residential","recfacil":null,"bikenetwor":null,"combined_s":"Local (Catch All)","street_typ":"Local (Catch All)","sidewlk_wd":"Greater than or equal to 10 feet","wlk_zn":"Greater than or equal to 5 feet","phase2_sid":null}},{"type":"Feature","id":30949,"geometry":{"type":"LineString","coordinates":[[-75.2067932135722,39.9618981721257],[-75.2068907895672,39.9624943179483]]},"properties":{"objectid":30949,"stname":"N 42ND ST","class1":"Collector Residential","recfacil":"Marked Shared Lane","bikenetwor":null,"combined_s":"City Neighborhood Street","street_typ":"City Neighborhood Street","sidewlk_wd":"Greater than or equal to 12 feet","wlk_zn":"Greater than or equal to 6 feet","phase2_sid":"Yes"}},{"type":"Feature","id":30989,"geometry":{"type":"LineString","coordinates":[[-75.1423930990073,40.0442861518935],[-75.142474448975,40.0442969321625],[-75.1435496773511,40.0444351171408]]},"properties":{"objectid":30989,"stname":"W CHAMPLOST AVE","class1":"Collector Residential","recfacil":null,"bikenetwor":null,"combined_s":"City Neighborhood Street","street_typ":"City Neighborhood Street","sidewlk_wd":"Greater than or equal to 12 feet","wlk_zn":"Greater than or equal to 6 feet","phase2_sid":"Yes"}},{"type":"Feature","id":31035,"geometry":{"type":"LineString","coordinates":[[-75.2042517559467,40.0114553951103],[-75.2044860038744,40.0115400031031],[-75.204660137887,40.0116291570076],[-75.2050047320422,40.011905469303],[-75.2050854598169,40.0119712289453],[-75.2053763989337,40.0121994400799],[-75.2055809101085,40.0123660293499],[-75.2060258793739,40.0127274702469]]},"properties":{"objectid":31035,"stname":"KELLY DR","class1":"Major Arterial","recfacil":null,"bikenetwor":null,"combined_s":"Scenic Drive","street_typ":"Scenic Drive","sidewlk_wd":"Greater than or equal to 9 feet","wlk_zn":"Greater than or equal to 6 feet","phase2_sid":"Yes"}},{"type":"Feature","id":31100,"geometry":{"type":"LineString","coordinates":[[-75.2340650753761,39.9650945973615],[-75.2339060332796,39.9658560631337]]},"properties":{"objectid":31100,"stname":"N 57TH ST","class1":"Minor Arterial","recfacil":null,"bikenetwor":"YES","combined_s":"Urban Arterial","street_typ":"Urban Arterial","sidewlk_wd":"Greater than or equal to 12 feet","wlk_zn":"Greater than or equal to 6 feet","phase2_sid":"Yes"}},{"type":"Feature","id":31108,"geometry":{"type":"LineString","coordinates":[[-75.1994011253411,40.0260176427096],[-75.1994182942909,40.0259588740395],[-75.199431974737,40.0259289708297],[-75.1995101317987,40.0258506443648],[-75.1997008837915,40.0257343335531],[-75.2000157537424,40.0255938628321],[-75.2003330243115,40.0254491341744],[-75.2006750172923,40.0253032280655],[-75.2008744356261,40.0252483390471]]},"properties":{"objectid":31108,"stname":"HERMIT LN","class1":"Local Residential","recfacil":"Shared Roadway","bikenetwor":"YES","combined_s":"Local (Catch All)","street_typ":"Local (Catch All)","sidewlk_wd":"Greater than or equal to 10 feet","wlk_zn":"Greater than or equal to 5 feet","phase2_sid":null}},{"type":"Feature","id":31143,"geometry":{"type":"LineString","coordinates":[[-75.1832972124845,39.9235848890658],[-75.1834371818228,39.9229484663639]]},"properties":{"objectid":31143,"stname":"S 22ND ST","class1":"Minor Arterial","recfacil":"Bike Lanes","bikenetwor":"YES","combined_s":"City Neighborhood Street","street_typ":"City Neighborhood Street","sidewlk_wd":"Greater than or equal to 12 feet","wlk_zn":"Greater than or equal to 6 feet","phase2_sid":"Yes"}},{"type":"Feature","id":31194,"geometry":{"type":"LineString","coordinates":[[-75.1974066234782,39.9634245928787],[-75.1974736914714,39.9637571975595],[-75.1975226803935,39.9640350314704]]},"properties":{"objectid":31194,"stname":"N 38TH ST","class1":"Collector Residential","recfacil":"Marked Shared Lane","bikenetwor":null,"combined_s":"City Neighborhood Street","street_typ":"City Neighborhood Street","sidewlk_wd":"Greater than or equal to 12 feet","wlk_zn":"Greater than or equal to 6 feet","phase2_sid":"Yes"}},{"type":"Feature","id":31209,"geometry":{"type":"LineString","coordinates":[[-75.2467151462724,39.9203654054896],[-75.2468445171969,39.9189792632732],[-75.2468595430136,39.9187681526723]]},"properties":{"objectid":31209,"stname":"COBBS CREEK PKY","class1":"Major Arterial","recfacil":null,"bikenetwor":null,"combined_s":"Scenic Drive","street_typ":"Scenic Drive","sidewlk_wd":"Greater than or equal to 9 feet","wlk_zn":"Greater than or equal to 6 feet","phase2_sid":"Yes"}},{"type":"Feature","id":31226,"geometry":{"type":"LineString","coordinates":[[-75.2140215999802,39.9586526354212],[-75.2136752821547,39.9600393589098]]},"properties":{"objectid":31226,"stname":"N 46TH ST","class1":"Collector Residential","recfacil":null,"bikenetwor":null,"combined_s":"Lower Density Residential","street_typ":"Lower Density Residential","sidewlk_wd":"Greater than or equal to 10 feet","wlk_zn":"Greater than or equal to 5 feet","phase2_sid":"Yes"}},{"type":"Feature","id":31227,"geometry":{"type":"LineString","coordinates":[[-75.2130197616267,39.9585274554259],[-75.2140215999802,39.9586526354212]]},"properties":{"objectid":31227,"stname":"MARKET ST","class1":"Minor Arterial","recfacil":null,"bikenetwor":null,"combined_s":"Urban Arterial","street_typ":"Urban Arterial","sidewlk_wd":"Greater than or equal to 12 feet","wlk_zn":"Greater than or equal to 6 feet","phase2_sid":"Yes"}},{"type":"Feature","id":31267,"geometry":{"type":"LineString","coordinates":[[-75.2110427812149,39.9582854065782],[-75.2130197616267,39.9585274554259]]},"properties":{"objectid":31267,"stname":"MARKET ST","class1":"Minor Arterial","recfacil":null,"bikenetwor":"YES","combined_s":"Urban Arterial","street_typ":"Urban Arterial","sidewlk_wd":"Greater than or equal to 12 feet","wlk_zn":"Greater than or equal to 6 feet","phase2_sid":"Yes"}},{"type":"Feature","id":31268,"geometry":{"type":"LineString","coordinates":[[-75.2192672226875,39.957748772359],[-75.2212470013287,39.9579931862116]]},"properties":{"objectid":31268,"stname":"CHESTNUT ST","class1":"Major Arterial","recfacil":"Bike Lanes","bikenetwor":null,"combined_s":"Urban Arterial","street_typ":"Urban Arterial","sidewlk_wd":"Greater than or equal to 12 feet","wlk_zn":"Greater than or equal to 6 feet","phase2_sid":"Yes"}},{"type":"Feature","id":31300,"geometry":{"type":"LineString","coordinates":[[-75.2450542946925,39.9656770853664],[-75.2447333117656,39.9671954582871]]},"properties":{"objectid":31300,"stname":"N FELTON ST","class1":"Local Residential","recfacil":null,"bikenetwor":null,"combined_s":"Local (Catch All)","street_typ":"Local (Catch All)","sidewlk_wd":"Greater than or equal to 10 feet","wlk_zn":"Greater than or equal to 5 feet","phase2_sid":null}},{"type":"Feature","id":31361,"geometry":{"type":"LineString","coordinates":[[-75.214746082782,39.9624619932589],[-75.2155439652884,39.9624037209444],[-75.215652966174,39.9624157640289]]},"properties":{"objectid":31361,"stname":"HAVERFORD AVE","class1":"Minor Arterial","recfacil":null,"bikenetwor":"YES","combined_s":"Urban Arterial","street_typ":"Urban Arterial","sidewlk_wd":"Greater than or equal to 12 feet","wlk_zn":"Greater than or equal to 6 feet","phase2_sid":"Yes"}},{"type":"Feature","id":31373,"geometry":{"type":"LineString","coordinates":[[-75.091666077807,40.0246559084462],[-75.0904785519923,40.0238945485211]]},"properties":{"objectid":31373,"stname":"HARRISON ST","class1":"Collector Residential","recfacil":null,"bikenetwor":null,"combined_s":"Lower Density Residential","street_typ":"Lower Density Residential","sidewlk_wd":"Greater than or equal to 10 feet","wlk_zn":"Greater than or equal to 5 feet","phase2_sid":"Yes"}},{"type":"Feature","id":31391,"geometry":{"type":"LineString","coordinates":[[-75.23002947617,39.9780196680531],[-75.2301317461767,39.978568564383]]},"properties":{"objectid":31391,"stname":"N 54TH ST","class1":"Collector Residential","recfacil":null,"bikenetwor":null,"combined_s":"Lower Density Residential","street_typ":"Lower Density Residential","sidewlk_wd":"Greater than or equal to 10 feet","wlk_zn":"Greater than or equal to 5 feet","phase2_sid":"Yes"}},{"type":"Feature","id":31409,"geometry":{"type":"LineString","coordinates":[[-75.1869552543628,40.0001941407975],[-75.1867895042998,40.0005983895431]]},"properties":{"objectid":31409,"stname":"RIDGE AVE","class1":"Major Arterial","recfacil":"Marked Shared Lane","bikenetwor":"YES","combined_s":"Urban Arterial","street_typ":"Urban Arterial","sidewlk_wd":"Greater than or equal to 12 feet","wlk_zn":"Greater than or equal to 6 feet","phase2_sid":"Yes"}},{"type":"Feature","id":31421,"geometry":{"type":"LineString","coordinates":[[-75.1969224840148,39.960811744866],[-75.1977489067124,39.9607234035316]]},"properties":{"objectid":31421,"stname":"BARING ST","class1":"Local Residential","recfacil":null,"bikenetwor":null,"combined_s":"Local (Catch All)","street_typ":"Local (Catch All)","sidewlk_wd":"Greater than or equal to 10 feet","wlk_zn":"Greater than or equal to 5 feet","phase2_sid":null}},{"type":"Feature","id":31427,"geometry":{"type":"LineString","coordinates":[[-75.1256330790582,40.0452682973877],[-75.125523609802,40.0458177696623]]},"properties":{"objectid":31427,"stname":"N 03RD ST","class1":"Collector Residential","recfacil":null,"bikenetwor":null,"combined_s":"City Neighborhood Street","street_typ":"City Neighborhood Street","sidewlk_wd":"Greater than or equal to 12 feet","wlk_zn":"Greater than or equal to 6 feet","phase2_sid":"Yes"}},{"type":"Feature","id":31435,"geometry":{"type":"LineString","coordinates":[[-75.2454066576204,39.9625460224534],[-75.2450718782408,39.9641201617353]]},"properties":{"objectid":31435,"stname":"N HIRST ST","class1":"Local Residential","recfacil":null,"bikenetwor":null,"combined_s":"Local (Catch All)","street_typ":"Local (Catch All)","sidewlk_wd":"Greater than or equal to 10 feet","wlk_zn":"Greater than or equal to 5 feet","phase2_sid":null}},{"type":"Feature","id":31438,"geometry":{"type":"LineString","coordinates":[[-75.2209227074691,39.9595144346624],[-75.2205942677546,39.9610839386919]]},"properties":{"objectid":31438,"stname":"N 50TH ST","class1":"Collector Residential","recfacil":null,"bikenetwor":null,"combined_s":"Lower Density Residential","street_typ":"Lower Density Residential","sidewlk_wd":"Greater than or equal to 10 feet","wlk_zn":"Greater than or equal to 5 feet","phase2_sid":"Yes"}},{"type":"Feature","id":31558,"geometry":{"type":"LineString","coordinates":[[-75.2393815176396,39.9804334267932],[-75.2394696350282,39.9809237118457]]},"properties":{"objectid":31558,"stname":"N 59TH ST","class1":"Collector Residential","recfacil":null,"bikenetwor":null,"combined_s":"Lower Density Residential","street_typ":"Lower Density Residential","sidewlk_wd":"Greater than or equal to 10 feet","wlk_zn":"Greater than or equal to 5 feet","phase2_sid":"Yes"}},{"type":"Feature","id":31595,"geometry":{"type":"LineString","coordinates":[[-75.2168178063996,39.9790356085645],[-75.2192544833375,39.9799443567494]]},"properties":{"objectid":31595,"stname":"PARKSIDE AVE","class1":"Minor Arterial","recfacil":null,"bikenetwor":"YES","combined_s":"Urban Arterial","street_typ":"Urban Arterial","sidewlk_wd":"Greater than or equal to 12 feet","wlk_zn":"Greater than or equal to 6 feet","phase2_sid":"Yes"}},{"type":"Feature","id":31600,"geometry":{"type":"LineString","coordinates":[[-75.2043173334433,39.9741268158229],[-75.2064366774316,39.9738888390197]]},"properties":{"objectid":31600,"stname":"W GIRARD AVE","class1":"Major Arterial","recfacil":null,"bikenetwor":null,"combined_s":"Urban Arterial","street_typ":"Urban Arterial","sidewlk_wd":"Greater than or equal to 12 feet","wlk_zn":"Greater than or equal to 6 feet","phase2_sid":"Yes"}},{"type":"Feature","id":31627,"geometry":{"type":"LineString","coordinates":[[-75.2098363468102,39.9735142074845],[-75.2099783006114,39.9742517089287]]},"properties":{"objectid":31627,"stname":"N 42ND ST","class1":"Collector Residential","recfacil":null,"bikenetwor":null,"combined_s":"City Neighborhood Street","street_typ":"City Neighborhood Street","sidewlk_wd":"Greater than or equal to 12 feet","wlk_zn":"Greater than or equal to 6 feet","phase2_sid":"Yes"}},{"type":"Feature","id":31632,"geometry":{"type":"LineString","coordinates":[[-75.2233800562668,39.9574796343005],[-75.2235400290211,39.9567169579114]]},"properties":{"objectid":31632,"stname":"S 51ST ST","class1":"Collector Residential","recfacil":null,"bikenetwor":null,"combined_s":"City Neighborhood Street","street_typ":"City Neighborhood Street","sidewlk_wd":"Greater than or equal to 12 feet","wlk_zn":"Greater than or equal to 6 feet","phase2_sid":"Yes"}},{"type":"Feature","id":31644,"geometry":{"type":"LineString","coordinates":[[-75.2017387979092,39.9744039462762],[-75.2031559230347,39.9742544581962]]},"properties":{"objectid":31644,"stname":"W GIRARD AVE","class1":"Major Arterial","recfacil":null,"bikenetwor":null,"combined_s":"Urban Arterial","street_typ":"Urban Arterial","sidewlk_wd":"Greater than or equal to 12 feet","wlk_zn":"Greater than or equal to 6 feet","phase2_sid":"Yes"}},{"type":"Feature","id":31661,"geometry":{"type":"LineString","coordinates":[[-75.2098363468102,39.9735142074845],[-75.2122147794094,39.9732517095786]]},"properties":{"objectid":31661,"stname":"W GIRARD AVE","class1":"Major Arterial","recfacil":null,"bikenetwor":null,"combined_s":"Urban Arterial","street_typ":"Urban Arterial","sidewlk_wd":"Greater than or equal to 12 feet","wlk_zn":"Greater than or equal to 6 feet","phase2_sid":"Yes"}},{"type":"Feature","id":31665,"geometry":{"type":"LineString","coordinates":[[-75.233837992437,39.9774287757446],[-75.233918017783,39.9778324390549]]},"properties":{"objectid":31665,"stname":"N 56TH ST","class1":"Collector Residential","recfacil":null,"bikenetwor":null,"combined_s":"City Neighborhood Street","street_typ":"City Neighborhood Street","sidewlk_wd":"Greater than or equal to 12 feet","wlk_zn":"Greater than or equal to 6 feet","phase2_sid":"Yes"}},{"type":"Feature","id":31693,"geometry":{"type":"LineString","coordinates":[[-75.1995076790652,39.9746559637539],[-75.2017387979092,39.9744039462762]]},"properties":{"objectid":31693,"stname":"W GIRARD AVE","class1":"Major Arterial","recfacil":null,"bikenetwor":null,"combined_s":"Urban Arterial","street_typ":"Urban Arterial","sidewlk_wd":"Greater than or equal to 12 feet","wlk_zn":"Greater than or equal to 6 feet","phase2_sid":"Yes"}},{"type":"Feature","id":31696,"geometry":{"type":"LineString","coordinates":[[-75.1516778490504,40.0033482473251],[-75.1525525195114,40.0031909121692]]},"properties":{"objectid":31696,"stname":"RISING SUN AVE","class1":"Local Residential","recfacil":null,"bikenetwor":null,"combined_s":"Local (Catch All)","street_typ":"Local (Catch All)","sidewlk_wd":"Greater than or equal to 10 feet","wlk_zn":"Greater than or equal to 5 feet","phase2_sid":null}},{"type":"Feature","id":31699,"geometry":{"type":"LineString","coordinates":[[-75.1980102103819,39.9566637528097],[-75.1996249340968,39.9568698192023]]},"properties":{"objectid":31699,"stname":"MARKET ST","class1":"Minor Arterial","recfacil":null,"bikenetwor":"YES","combined_s":"Urban Arterial","street_typ":"Urban Arterial","sidewlk_wd":"Greater than or equal to 12 feet","wlk_zn":"Greater than or equal to 6 feet","phase2_sid":"Yes"}},{"type":"Feature","id":31731,"geometry":{"type":"LineString","coordinates":[[-75.1900617526154,39.9217253239966],[-75.1900641883895,39.9217247801067],[-75.1901603786668,39.9217102093481]]},"properties":{"objectid":31731,"stname":"W PASSYUNK AVE","class1":"Minor Arterial","recfacil":"Bike Lanes","bikenetwor":"YES","combined_s":"City Neighborhood Street","street_typ":"City Neighborhood Street","sidewlk_wd":"Greater than or equal to 12 feet","wlk_zn":"Greater than or equal to 6 feet","phase2_sid":"Yes"}},{"type":"Feature","id":31736,"geometry":{"type":"LineString","coordinates":[[-75.2113592826003,39.9567698761396],[-75.2114602790727,39.9563238389254]]},"properties":{"objectid":31736,"stname":"S 45TH ST","class1":"Collector Residential","recfacil":null,"bikenetwor":null,"combined_s":"City Neighborhood Street","street_typ":"City Neighborhood Street","sidewlk_wd":"Greater than or equal to 12 feet","wlk_zn":"Greater than or equal to 6 feet","phase2_sid":"Yes"}},{"type":"Feature","id":31739,"geometry":{"type":"LineString","coordinates":[[-75.2322696951877,39.9789421301817],[-75.2324242535047,39.9798065708538]]},"properties":{"objectid":31739,"stname":"N 55TH ST","class1":"Collector Residential","recfacil":null,"bikenetwor":null,"combined_s":"City Neighborhood Street","street_typ":"City Neighborhood Street","sidewlk_wd":"Greater than or equal to 12 feet","wlk_zn":"Greater than or equal to 6 feet","phase2_sid":"Yes"}},{"type":"Feature","id":31742,"geometry":{"type":"LineString","coordinates":[[-75.1225183514855,40.0511350072965],[-75.1222736482339,40.0525940031771],[-75.1222692694299,40.0526133363408],[-75.122124213775,40.0531689723411]]},"properties":{"objectid":31742,"stname":"N 02ND ST","class1":"Minor Arterial","recfacil":"Marked Shared Lane","bikenetwor":null,"combined_s":"Urban Arterial","street_typ":"Urban Arterial","sidewlk_wd":"Greater than or equal to 12 feet","wlk_zn":"Greater than or equal to 6 feet","phase2_sid":"Yes"}},{"type":"Feature","id":31760,"geometry":{"type":"LineString","coordinates":[[-75.210870161873,39.9551492909348],[-75.2111104532107,39.9540052687833]]},"properties":{"objectid":31760,"stname":"BUCKINGHAM PL","class1":"Local Residential","recfacil":null,"bikenetwor":null,"combined_s":"Local (Catch All)","street_typ":"Local (Catch All)","sidewlk_wd":"Greater than or equal to 10 feet","wlk_zn":"Greater than or equal to 5 feet","phase2_sid":null}},{"type":"Feature","id":31763,"geometry":{"type":"LineString","coordinates":[[-75.2372916432987,39.9592014430616],[-75.2372897350926,39.9591573056888],[-75.2374503397656,39.9584425528282]]},"properties":{"objectid":31763,"stname":"S 58TH ST","class1":"Collector Residential","recfacil":null,"bikenetwor":null,"combined_s":"City Neighborhood Street","street_typ":"City Neighborhood Street","sidewlk_wd":"Greater than or equal to 12 feet","wlk_zn":"Greater than or equal to 6 feet","phase2_sid":"Yes"}},{"type":"Feature","id":31772,"geometry":{"type":"LineString","coordinates":[[-75.2084441942637,39.9564088398249],[-75.2097409157946,39.9565716561686]]},"properties":{"objectid":31772,"stname":"CHESTNUT ST","class1":"Major Arterial","recfacil":"Bike Lanes","bikenetwor":null,"combined_s":"Urban Arterial","street_typ":"Urban Arterial","sidewlk_wd":"Greater than or equal to 12 feet","wlk_zn":"Greater than or equal to 6 feet","phase2_sid":"Yes"}},{"type":"Feature","id":31784,"geometry":{"type":"LineString","coordinates":[[-75.2368108342581,39.9614800979488],[-75.2366791596271,39.9621026264804]]},"properties":{"objectid":31784,"stname":"N 58TH ST","class1":"Collector Residential","recfacil":null,"bikenetwor":null,"combined_s":"City Neighborhood Street","street_typ":"City Neighborhood Street","sidewlk_wd":"Greater than or equal to 12 feet","wlk_zn":"Greater than or equal to 6 feet","phase2_sid":"Yes"}},{"type":"Feature","id":31818,"geometry":{"type":"LineString","coordinates":[[-75.2299645435332,39.9651320360532],[-75.229923722687,39.9653613522422]]},"properties":{"objectid":31818,"stname":"N 55TH ST","class1":"Collector Residential","recfacil":null,"bikenetwor":null,"combined_s":"City Neighborhood Street","street_typ":"City Neighborhood Street","sidewlk_wd":"Greater than or equal to 12 feet","wlk_zn":"Greater than or equal to 6 feet","phase2_sid":"Yes"}},{"type":"Feature","id":31827,"geometry":{"type":"LineString","coordinates":[[-75.1984002829802,39.9747778599083],[-75.1989961260089,39.9747106041727]]},"properties":{"objectid":31827,"stname":"W GIRARD AVE","class1":"Major Arterial","recfacil":null,"bikenetwor":null,"combined_s":"Urban Arterial","street_typ":"Urban Arterial","sidewlk_wd":"Greater than or equal to 12 feet","wlk_zn":"Greater than or equal to 6 feet","phase2_sid":"Yes"}},{"type":"Feature","id":31831,"geometry":{"type":"LineString","coordinates":[[-75.2268529624658,39.9602480674658],[-75.2265206811853,39.9618219032827]]},"properties":{"objectid":31831,"stname":"N 53RD ST","class1":"Collector Residential","recfacil":null,"bikenetwor":null,"combined_s":"City Neighborhood Street","street_typ":"City Neighborhood Street","sidewlk_wd":"Greater than or equal to 12 feet","wlk_zn":"Greater than or equal to 6 feet","phase2_sid":"Yes"}},{"type":"Feature","id":31836,"geometry":{"type":"LineString","coordinates":[[-75.2451846613392,39.9601805861435],[-75.2472365184063,39.9604353901305]]},"properties":{"objectid":31836,"stname":"SANSOM ST","class1":"Local Residential","recfacil":null,"bikenetwor":null,"combined_s":"Local (Catch All)","street_typ":"Local (Catch All)","sidewlk_wd":"Greater than or equal to 10 feet","wlk_zn":"Greater than or equal to 5 feet","phase2_sid":null}},{"type":"Feature","id":31860,"geometry":{"type":"LineString","coordinates":[[-75.1982699923947,39.9747914799978],[-75.1984002829802,39.9747778599083]]},"properties":{"objectid":31860,"stname":"W GIRARD AVE","class1":"Major Arterial","recfacil":null,"bikenetwor":null,"combined_s":"Urban Arterial","street_typ":"Urban Arterial","sidewlk_wd":"Greater than or equal to 12 feet","wlk_zn":"Greater than or equal to 6 feet","phase2_sid":"Yes"}},{"type":"Feature","id":31868,"geometry":{"type":"LineString","coordinates":[[-75.2437917700991,39.9717321964566],[-75.2448874383316,39.9718633160069]]},"properties":{"objectid":31868,"stname":"HAVERFORD AVE","class1":"Minor Arterial","recfacil":null,"bikenetwor":"YES","combined_s":"Urban Arterial","street_typ":"Urban Arterial","sidewlk_wd":"Greater than or equal to 12 feet","wlk_zn":"Greater than or equal to 6 feet","phase2_sid":"Yes"}},{"type":"Feature","id":31895,"geometry":{"type":"LineString","coordinates":[[-75.2330232898242,39.9602169506992],[-75.2331782323405,39.9594716240168]]},"properties":{"objectid":31895,"stname":"S 56TH ST","class1":"Collector Residential","recfacil":"Marked Shared Lane","bikenetwor":null,"combined_s":"City Neighborhood Street","street_typ":"City Neighborhood Street","sidewlk_wd":"Greater than or equal to 12 feet","wlk_zn":"Greater than or equal to 6 feet","phase2_sid":"Yes"}},{"type":"Feature","id":31896,"geometry":{"type":"LineString","coordinates":[[-75.2267163336668,39.979946731469],[-75.2272094128815,39.9801268185933]]},"properties":{"objectid":31896,"stname":"JEFFERSON ST","class1":"Minor Arterial","recfacil":"Marked Shared Lane","bikenetwor":null,"combined_s":"Urban Arterial","street_typ":"Urban Arterial","sidewlk_wd":"Greater than or equal to 12 feet","wlk_zn":"Greater than or equal to 6 feet","phase2_sid":"Yes"}},{"type":"Feature","id":31936,"geometry":{"type":"LineString","coordinates":[[-75.2215011803287,39.9747640049858],[-75.222987041856,39.9746015011627]]},"properties":{"objectid":31936,"stname":"MASTER ST","class1":"Collector Residential","recfacil":null,"bikenetwor":null,"combined_s":"City Neighborhood Street","street_typ":"City Neighborhood Street","sidewlk_wd":"Greater than or equal to 12 feet","wlk_zn":"Greater than or equal to 6 feet","phase2_sid":"Yes"}},{"type":"Feature","id":31938,"geometry":{"type":"LineString","coordinates":[[-75.1983135670644,39.9551520663908],[-75.1984716371862,39.954388605221]]},"properties":{"objectid":31938,"stname":"S 38TH ST","class1":"Major Arterial","recfacil":null,"bikenetwor":"YES","combined_s":"Urban Arterial","street_typ":"Urban Arterial","sidewlk_wd":"Greater than or equal to 12 feet","wlk_zn":"Greater than or equal to 6 feet","phase2_sid":"Yes"}},{"type":"Feature","id":31949,"geometry":{"type":"LineString","coordinates":[[-75.1865626906574,40.0716662451828],[-75.1869559672667,40.0718905097478],[-75.1872787003559,40.0720709183149]]},"properties":{"objectid":31949,"stname":"STENTON AVE","class1":"Major Arterial","recfacil":"Marked Shared Lane","bikenetwor":"YES","combined_s":"Urban Arterial","street_typ":"Urban Arterial","sidewlk_wd":"Greater than or equal to 12 feet","wlk_zn":"Greater than or equal to 6 feet","phase2_sid":"Yes"}},{"type":"Feature","id":31954,"geometry":{"type":"LineString","coordinates":[[-75.2171700550847,39.9582542940744],[-75.2173237413308,39.957508193251]]},"properties":{"objectid":31954,"stname":"S 48TH ST","class1":"Minor Arterial","recfacil":null,"bikenetwor":"YES","combined_s":"Urban Arterial","street_typ":"Urban Arterial","sidewlk_wd":"Greater than or equal to 12 feet","wlk_zn":"Greater than or equal to 6 feet","phase2_sid":"Yes"}},{"type":"Feature","id":31955,"geometry":{"type":"LineString","coordinates":[[-75.2179198902433,39.9583476318313],[-75.2180747146739,39.9576006506973]]},"properties":{"objectid":31955,"stname":"S FALLON ST","class1":"Local Residential","recfacil":null,"bikenetwor":null,"combined_s":"Local (Catch All)","street_typ":"Local (Catch All)","sidewlk_wd":"Greater than or equal to 10 feet","wlk_zn":"Greater than or equal to 5 feet","phase2_sid":null}},{"type":"Feature","id":31956,"geometry":{"type":"LineString","coordinates":[[-75.2192544833375,39.9799443567494],[-75.2214552987701,39.9807585835204]]},"properties":{"objectid":31956,"stname":"PARKSIDE AVE","class1":"Minor Arterial","recfacil":null,"bikenetwor":"YES","combined_s":"Urban Arterial","street_typ":"Urban Arterial","sidewlk_wd":"Greater than or equal to 12 feet","wlk_zn":"Greater than or equal to 6 feet","phase2_sid":"Yes"}},{"type":"Feature","id":31975,"geometry":{"type":"LineString","coordinates":[[-75.2042301406947,39.9525407501173],[-75.2048932995693,39.9526196489061],[-75.2051240384413,39.9526489859635],[-75.2054636647902,39.9526916625246]]},"properties":{"objectid":31975,"stname":"IRVING ST","class1":"Local Residential","recfacil":null,"bikenetwor":null,"combined_s":"Local (Catch All)","street_typ":"Local (Catch All)","sidewlk_wd":"Greater than or equal to 10 feet","wlk_zn":"Greater than or equal to 5 feet","phase2_sid":null}},{"type":"Feature","id":31994,"geometry":{"type":"LineString","coordinates":[[-75.1469151846975,40.0244376248414],[-75.1478968260836,40.0245629137033]]},"properties":{"objectid":31994,"stname":"W WYOMING AVE","class1":"Minor Arterial","recfacil":null,"bikenetwor":"YES","combined_s":"Urban Arterial","street_typ":"Urban Arterial","sidewlk_wd":"Greater than or equal to 12 feet","wlk_zn":"Greater than or equal to 6 feet","phase2_sid":"Yes"}},{"type":"Feature","id":32026,"geometry":{"type":"LineString","coordinates":[[-75.1925889677225,39.9504554422581],[-75.1926047463597,39.9500609092733],[-75.1926091237345,39.9499446038432],[-75.1926355003191,39.9498479632144]]},"properties":{"objectid":32026,"stname":"S 34TH ST","class1":"Major Arterial","recfacil":"Marked Shared Lane","bikenetwor":null,"combined_s":"High Volume Pedestrian","street_typ":"High Volume Pedestrian","sidewlk_wd":"Greater than or equal to 16 feet","wlk_zn":"Greater than or equal to 8 feet","phase2_sid":"Yes"}},{"type":"Feature","id":32033,"geometry":{"type":"LineString","coordinates":[[-75.1977592215362,39.9574054810705],[-75.1977356497855,39.9574810565651],[-75.1977389037964,39.9575192901771],[-75.1975849200318,39.9579614228526],[-75.1975066303966,39.9582170120456],[-75.1972453715451,39.9590172258956],[-75.1970418837117,39.9595740511144]]},"properties":{"objectid":32033,"stname":"N 38TH ST","class1":"Major Arterial","recfacil":null,"bikenetwor":"YES","combined_s":"High Volume Pedestrian","street_typ":"High Volume Pedestrian","sidewlk_wd":"Greater than or equal to 16 feet","wlk_zn":"Greater than or equal to 8 feet","phase2_sid":"Yes"}},{"type":"Feature","id":32036,"geometry":{"type":"LineString","coordinates":[[-75.2019564387869,39.9571584582618],[-75.2034070311991,39.9573387174569]]},"properties":{"objectid":32036,"stname":"MARKET ST","class1":"Minor Arterial","recfacil":null,"bikenetwor":"YES","combined_s":"Urban Arterial","street_typ":"Urban Arterial","sidewlk_wd":"Greater than or equal to 12 feet","wlk_zn":"Greater than or equal to 6 feet","phase2_sid":"Yes"}},{"type":"Feature","id":32070,"geometry":{"type":"LineString","coordinates":[[-75.2392604630405,39.9594478400719],[-75.2394213815794,39.9586853931395]]},"properties":{"objectid":32070,"stname":"S 59TH ST","class1":"Collector Residential","recfacil":null,"bikenetwor":null,"combined_s":"City Neighborhood Street","street_typ":"City Neighborhood Street","sidewlk_wd":"Greater than or equal to 12 feet","wlk_zn":"Greater than or equal to 6 feet","phase2_sid":"Yes"}},{"type":"Feature","id":32073,"geometry":{"type":"LineString","coordinates":[[-75.1941555267244,39.9561890664496],[-75.1940874040192,39.9564792291706],[-75.1940720556096,39.956565699283],[-75.1939943297052,39.9569343383942]]},"properties":{"objectid":32073,"stname":"N 36TH ST","class1":"Collector Residential","recfacil":null,"bikenetwor":null,"combined_s":"City Neighborhood Street","street_typ":"City Neighborhood Street","sidewlk_wd":"Greater than or equal to 12 feet","wlk_zn":"Greater than or equal to 6 feet","phase2_sid":"Yes"}},{"type":"Feature","id":32083,"geometry":{"type":"LineString","coordinates":[[-75.2248698565846,39.9600148207437],[-75.2249984958396,39.9594445522009]]},"properties":{"objectid":32083,"stname":"S 52ND ST","class1":"Minor Arterial","recfacil":"Marked Shared Lane","bikenetwor":null,"combined_s":"Walkable Commercial Corridors","street_typ":"Walkable Commercial Corridors","sidewlk_wd":"Greater than or equal to 12 feet","wlk_zn":"Greater than or equal to 6 feet","phase2_sid":"Yes"}},{"type":"Feature","id":32090,"geometry":{"type":"LineString","coordinates":[[-75.2048834440238,40.0821524474867],[-75.2063260694308,40.0829789277166]]},"properties":{"objectid":32090,"stname":"STENTON AVE","class1":"Major Arterial","recfacil":"Marked Shared Lane","bikenetwor":"YES","combined_s":"Urban Arterial","street_typ":"Urban Arterial","sidewlk_wd":"Greater than or equal to 12 feet","wlk_zn":"Greater than or equal to 6 feet","phase2_sid":"Yes"}},{"type":"Feature","id":32109,"geometry":{"type":"LineString","coordinates":[[-75.133034136168,40.0456245733567],[-75.1329430591087,40.0460686263017]]},"properties":{"objectid":32109,"stname":"N FRANKLIN ST","class1":"Local Residential","recfacil":null,"bikenetwor":null,"combined_s":"Local (Catch All)","street_typ":"Local (Catch All)","sidewlk_wd":"Greater than or equal to 10 feet","wlk_zn":"Greater than or equal to 5 feet","phase2_sid":null}},{"type":"Feature","id":32129,"geometry":{"type":"LineString","coordinates":[[-75.2113592826003,39.9567698761396],[-75.2133384588115,39.9570151757103]]},"properties":{"objectid":32129,"stname":"CHESTNUT ST","class1":"Major Arterial","recfacil":"Bike Lanes","bikenetwor":null,"combined_s":"Urban Arterial","street_typ":"Urban Arterial","sidewlk_wd":"Greater than or equal to 12 feet","wlk_zn":"Greater than or equal to 6 feet","phase2_sid":"Yes"}},{"type":"Feature","id":32199,"geometry":{"type":"LineString","coordinates":[[-75.234132249079,39.9733937194621],[-75.2344284059338,39.9749857239234]]},"properties":{"objectid":32199,"stname":"N FRAZIER ST","class1":"Local Residential","recfacil":null,"bikenetwor":null,"combined_s":"Local (Catch All)","street_typ":"Local (Catch All)","sidewlk_wd":"Greater than or equal to 10 feet","wlk_zn":"Greater than or equal to 5 feet","phase2_sid":null}},{"type":"Feature","id":32207,"geometry":{"type":"LineString","coordinates":[[-75.2361655826719,39.9809793504704],[-75.2390454054208,39.9819600132247]]},"properties":{"objectid":32207,"stname":"LANCASTER AVE","class1":"Major Arterial","recfacil":null,"bikenetwor":"YES","combined_s":"Auto Oriented Commercial/Industrial","street_typ":"Auto Oriented Commercial/Industrial","sidewlk_wd":"Greater than or equal to 12 feet","wlk_zn":"Greater than or equal to 6 feet","phase2_sid":"Yes"}},{"type":"Feature","id":32212,"geometry":{"type":"LineString","coordinates":[[-75.1413769926244,40.0489071397357],[-75.141482269019,40.0489103186763],[-75.1425503354151,40.0490497444136]]},"properties":{"objectid":32212,"stname":"MEDARY AVE","class1":"Collector Residential","recfacil":null,"bikenetwor":null,"combined_s":"City Neighborhood Street","street_typ":"City Neighborhood Street","sidewlk_wd":"Greater than or equal to 12 feet","wlk_zn":"Greater than or equal to 6 feet","phase2_sid":"Yes"}},{"type":"Feature","id":32244,"geometry":{"type":"LineString","coordinates":[[-75.2001015102398,39.9545912115999],[-75.2002627682356,39.9538298005984]]},"properties":{"objectid":32244,"stname":"S 39TH ST","class1":"Collector Residential","recfacil":null,"bikenetwor":null,"combined_s":"City Neighborhood Street","street_typ":"City Neighborhood Street","sidewlk_wd":"Greater than or equal to 12 feet","wlk_zn":"Greater than or equal to 6 feet","phase2_sid":"Yes"}},{"type":"Feature","id":32254,"geometry":{"type":"LineString","coordinates":[[-75.2427376126252,39.9622119621527],[-75.2424081846417,39.9637885455054]]},"properties":{"objectid":32254,"stname":"N 61ST ST","class1":"Collector Residential","recfacil":null,"bikenetwor":null,"combined_s":"City Neighborhood Street","street_typ":"City Neighborhood Street","sidewlk_wd":"Greater than or equal to 12 feet","wlk_zn":"Greater than or equal to 6 feet","phase2_sid":"Yes"}},{"type":"Feature","id":32269,"geometry":{"type":"LineString","coordinates":[[-75.2334040510589,39.9751031968768],[-75.23369294074,39.976651990841]]},"properties":{"objectid":32269,"stname":"N 56TH ST","class1":"Collector Residential","recfacil":null,"bikenetwor":null,"combined_s":"City Neighborhood Street","street_typ":"City Neighborhood Street","sidewlk_wd":"Greater than or equal to 12 feet","wlk_zn":"Greater than or equal to 6 feet","phase2_sid":"Yes"}},{"type":"Feature","id":32278,"geometry":{"type":"LineString","coordinates":[[-75.1343504209059,39.9644869333341],[-75.1344173572753,39.9647774441486],[-75.1344171245438,39.9650285256856]]},"properties":{"objectid":32278,"stname":"FRANKFORD AVE","class1":"Minor Arterial","recfacil":"Marked Shared Lane","bikenetwor":"YES","combined_s":"City Neighborhood Street","street_typ":"City Neighborhood Street","sidewlk_wd":"Greater than or equal to 12 feet","wlk_zn":"Greater than or equal to 6 feet","phase2_sid":"Yes"}},{"type":"Feature","id":32280,"geometry":{"type":"LineString","coordinates":[[-75.1369376438311,40.0615986577131],[-75.1378876189932,40.0617200751582],[-75.1397216624385,40.0619492234448]]},"properties":{"objectid":32280,"stname":"72ND AVE","class1":"Local Residential","recfacil":null,"bikenetwor":null,"combined_s":"Local (Catch All)","street_typ":"Local (Catch All)","sidewlk_wd":"Greater than or equal to 10 feet","wlk_zn":"Greater than or equal to 5 feet","phase2_sid":null}},{"type":"Feature","id":32286,"geometry":{"type":"LineString","coordinates":[[-75.2440336380288,39.9623737939936],[-75.2437025044141,39.9639486889398]]},"properties":{"objectid":32286,"stname":"N ROBINSON ST","class1":"Local Residential","recfacil":null,"bikenetwor":null,"combined_s":"Local (Catch All)","street_typ":"Local (Catch All)","sidewlk_wd":"Greater than or equal to 10 feet","wlk_zn":"Greater than or equal to 5 feet","phase2_sid":null}},{"type":"Feature","id":32297,"geometry":{"type":"LineString","coordinates":[[-75.2451846613392,39.9601805861435],[-75.2453485571732,39.9594214598233]]},"properties":{"objectid":32297,"stname":"S 62ND ST","class1":"Collector Residential","recfacil":null,"bikenetwor":null,"combined_s":"City Neighborhood Street","street_typ":"City Neighborhood Street","sidewlk_wd":"Greater than or equal to 12 feet","wlk_zn":"Greater than or equal to 6 feet","phase2_sid":"Yes"}},{"type":"Feature","id":32315,"geometry":{"type":"LineString","coordinates":[[-75.1352159985152,40.0609038158124],[-75.1368783936577,40.0617591903047]]},"properties":{"objectid":32315,"stname":"W CHELTENHAM AVE","class1":"Major Arterial","recfacil":"Bike Lane","bikenetwor":"YES","combined_s":"Urban Arterial","street_typ":"Urban Arterial","sidewlk_wd":"Greater than or equal to 12 feet","wlk_zn":"Greater than or equal to 6 feet","phase2_sid":"Yes"}},{"type":"Feature","id":32320,"geometry":{"type":"LineString","coordinates":[[-75.1920336418317,39.9238191548745],[-75.1900617526154,39.9217253239966]]},"properties":{"objectid":32320,"stname":"SCHUYLKILL EXP RMP","class1":"Low-Speed Ramp","recfacil":null,"bikenetwor":null,"combined_s":"No Classification","street_typ":"N/A Interstate","sidewlk_wd":null,"wlk_zn":null,"phase2_sid":null}},{"type":"Feature","id":32330,"geometry":{"type":"LineString","coordinates":[[-75.2432117021237,39.9599362266935],[-75.2433733076561,39.9591759120218]]},"properties":{"objectid":32330,"stname":"S 61ST ST","class1":"Collector Residential","recfacil":null,"bikenetwor":null,"combined_s":"City Neighborhood Street","street_typ":"City Neighborhood Street","sidewlk_wd":"Greater than or equal to 12 feet","wlk_zn":"Greater than or equal to 6 feet","phase2_sid":"Yes"}},{"type":"Feature","id":32361,"geometry":{"type":"LineString","coordinates":[[-75.1959609261174,39.9635825018548],[-75.1960728669693,39.964196316741]]},"properties":{"objectid":32361,"stname":"N 37TH ST","class1":"Collector Residential","recfacil":null,"bikenetwor":null,"combined_s":"City Neighborhood Street","street_typ":"City Neighborhood Street","sidewlk_wd":"Greater than or equal to 12 feet","wlk_zn":"Greater than or equal to 6 feet","phase2_sid":"Yes"}},{"type":"Feature","id":32370,"geometry":{"type":"LineString","coordinates":[[-75.24123638772,39.9596925203272],[-75.2414003269721,39.958930247072]]},"properties":{"objectid":32370,"stname":"S 60TH ST","class1":"Collector Residential","recfacil":null,"bikenetwor":null,"combined_s":"Walkable Commercial Corridors","street_typ":"Walkable Commercial Corridors","sidewlk_wd":"Greater than or equal to 12 feet","wlk_zn":"Greater than or equal to 6 feet","phase2_sid":"Yes"}},{"type":"Feature","id":32376,"geometry":{"type":"LineString","coordinates":[[-75.061306079221,40.0589842640475],[-75.0596957906784,40.0580934439777]]},"properties":{"objectid":32376,"stname":"HARTEL AVE","class1":"Collector Residential","recfacil":null,"bikenetwor":null,"combined_s":"City Neighborhood Street","street_typ":"City Neighborhood Street","sidewlk_wd":"Greater than or equal to 12 feet","wlk_zn":"Greater than or equal to 6 feet","phase2_sid":"Yes"}},{"type":"Feature","id":32423,"geometry":{"type":"LineString","coordinates":[[-75.1970571752306,39.9615405162383],[-75.1971996106954,39.9622964754591]]},"properties":{"objectid":32423,"stname":"N 38TH ST","class1":"Collector Residential","recfacil":null,"bikenetwor":"YES","combined_s":"City Neighborhood Street","street_typ":"City Neighborhood Street","sidewlk_wd":"Greater than or equal to 12 feet","wlk_zn":"Greater than or equal to 6 feet","phase2_sid":"Yes"}},{"type":"Feature","id":32446,"geometry":{"type":"LineString","coordinates":[[-75.1642883122668,40.0030812131536],[-75.1641055409517,40.0039217816947]]},"properties":{"objectid":32446,"stname":"N 21ST ST","class1":"Collector Residential","recfacil":null,"bikenetwor":null,"combined_s":"City Neighborhood Street","street_typ":"City Neighborhood Street","sidewlk_wd":"Greater than or equal to 12 feet","wlk_zn":"Greater than or equal to 6 feet","phase2_sid":"Yes"}},{"type":"Feature","id":32499,"geometry":{"type":"LineString","coordinates":[[-75.1678474435102,40.060921804962],[-75.1683269481181,40.0611944219909],[-75.1686446399365,40.0613829116998]]},"properties":{"objectid":32499,"stname":"STENTON AVE","class1":"Walkable Commercial Corridors","recfacil":null,"bikenetwor":null,"combined_s":"Urban Arterial","street_typ":"Urban Arterial","sidewlk_wd":"Greater than or equal to 12 feet","wlk_zn":"Greater than or equal to 6 feet","phase2_sid":"Yes"}},{"type":"Feature","id":32526,"geometry":{"type":"LineString","coordinates":[[-75.1732957268788,39.9092922251149],[-75.1735800047352,39.9080345841201]]},"properties":{"objectid":32526,"stname":"S BROAD ST","class1":"Major Arterial","recfacil":"Marked Shared Lane","bikenetwor":"YES","combined_s":"Urban Arterial","street_typ":"Urban Arterial","sidewlk_wd":"Greater than or equal to 12 feet","wlk_zn":"Greater than or equal to 6 feet","phase2_sid":"Yes"}},{"type":"Feature","id":32527,"geometry":{"type":"LineString","coordinates":[[-75.1730544661233,39.9105224136688],[-75.1732957268788,39.9092922251149]]},"properties":{"objectid":32527,"stname":"S BROAD ST","class1":"Major Arterial","recfacil":"Marked Shared Lane","bikenetwor":"YES","combined_s":"Urban Arterial","street_typ":"Urban Arterial","sidewlk_wd":"Greater than or equal to 12 feet","wlk_zn":"Greater than or equal to 6 feet","phase2_sid":"Yes"}},{"type":"Feature","id":32553,"geometry":{"type":"LineString","coordinates":[[-75.2063303186097,40.010888016649],[-75.2050150198328,40.0118585577857],[-75.2049154806461,40.0119281432768],[-75.2046869071559,40.0121314845937],[-75.2045637811548,40.0123135686879],[-75.2045161139654,40.0125509812067],[-75.2045262876417,40.0126743449895]]},"properties":{"objectid":32553,"stname":"CITY AVE","class1":"Major Arterial","recfacil":null,"bikenetwor":null,"combined_s":"Urban Arterial","street_typ":"Urban Arterial","sidewlk_wd":"Greater than or equal to 12 feet","wlk_zn":"Greater than or equal to 6 feet","phase2_sid":"Yes"}},{"type":"Feature","id":32561,"geometry":{"type":"LineString","coordinates":[[-75.1743557643528,39.9015382263784],[-75.1743964931885,39.901233633809],[-75.1745919392681,39.9002640552098]]},"properties":{"objectid":32561,"stname":"S BROAD ST","class1":"Major Arterial","recfacil":"Marked Shared Lane","bikenetwor":"YES","combined_s":"Urban Arterial","street_typ":"Urban Arterial","sidewlk_wd":"Greater than or equal to 12 feet","wlk_zn":"Greater than or equal to 6 feet","phase2_sid":"Yes"}},{"type":"Feature","id":32614,"geometry":{"type":"LineString","coordinates":[[-75.2083249469223,39.9750640271221],[-75.207894403397,39.9757266825589]]},"properties":{"objectid":32614,"stname":"MARLTON AVE","class1":"Local Residential","recfacil":null,"bikenetwor":null,"combined_s":"Local (Catch All)","street_typ":"Local (Catch All)","sidewlk_wd":"Greater than or equal to 10 feet","wlk_zn":"Greater than or equal to 5 feet","phase2_sid":null}},{"type":"Feature","id":32621,"geometry":{"type":"LineString","coordinates":[[-75.115475703196,40.0345272891248],[-75.1151610692758,40.0360058540703]]},"properties":{"objectid":32621,"stname":"ARBOR ST","class1":"Local Residential","recfacil":null,"bikenetwor":null,"combined_s":"Local (Catch All)","street_typ":"Local (Catch All)","sidewlk_wd":"Greater than or equal to 10 feet","wlk_zn":"Greater than or equal to 5 feet","phase2_sid":null}},{"type":"Feature","id":32652,"geometry":{"type":"LineString","coordinates":[[-75.2093235375811,39.9762595879621],[-75.2103606780792,39.9766453959715]]},"properties":{"objectid":32652,"stname":"PARKSIDE AVE","class1":"Minor Arterial","recfacil":null,"bikenetwor":"YES","combined_s":"Urban Arterial","street_typ":"Urban Arterial","sidewlk_wd":"Greater than or equal to 12 feet","wlk_zn":"Greater than or equal to 6 feet","phase2_sid":"Yes"}},{"type":"Feature","id":32662,"geometry":{"type":"LineString","coordinates":[[-75.2208093418355,39.8936768809844],[-75.2214024919892,39.8935107565169],[-75.2223020237728,39.8931816621883],[-75.2227769828196,39.8930282691107],[-75.2231388716626,39.8929341809494],[-75.2234990626117,39.8928631928103],[-75.2238396729108,39.8928288697466],[-75.2241902271345,39.8928148075458],[-75.2245185757021,39.8928274894961],[-75.2248211835353,39.8928668387975],[-75.2254601112833,39.892989854346],[-75.2264369072255,39.8931843289535],[-75.2270479037716,39.8933055402387],[-75.2276429652579,39.8934085541692],[-75.2281794525367,39.8934812776017],[-75.2285849688762,39.8935309251296],[-75.2290050614747,39.8935603760915],[-75.2295518949131,39.8935971500494],[-75.2299753371054,39.8936064608172],[-75.2303376884038,39.8936061694146],[-75.2312325887039,39.8935870949689],[-75.2318884851958,39.8935326281958],[-75.2324272724236,39.8934712813771],[-75.2329159594629,39.8934045268543],[-75.2336082221594,39.8932733614276],[-75.2341548178138,39.8931519094486],[-75.2347247018702,39.8930051362153],[-75.2351659052244,39.8928614581915],[-75.2354510666267,39.892754623442]]},"properties":{"objectid":32662,"stname":"DELAWARE EXP RMP","class1":"High-Speed Ramp","recfacil":null,"bikenetwor":null,"combined_s":null,"street_typ":"N/A Interstate","sidewlk_wd":null,"wlk_zn":null,"phase2_sid":null}},{"type":"Feature","id":32673,"geometry":{"type":"LineString","coordinates":[[-75.1977592215362,39.9574054810705],[-75.1991006037649,39.957568896861],[-75.1994795291542,39.957563255142]]},"properties":{"objectid":32673,"stname":"FILBERT ST","class1":"Local Residential","recfacil":null,"bikenetwor":null,"combined_s":"Local (Catch All)","street_typ":"Local (Catch All)","sidewlk_wd":"Greater than or equal to 10 feet","wlk_zn":"Greater than or equal to 5 feet","phase2_sid":null}},{"type":"Feature","id":32699,"geometry":{"type":"LineString","coordinates":[[-75.1638308480439,39.9481266337145],[-75.1644420702235,39.9482070643316]]},"properties":{"objectid":32699,"stname":"LOCUST ST","class1":"Collector Residential","recfacil":null,"bikenetwor":null,"combined_s":"City Neighborhood Street","street_typ":"City Neighborhood Street","sidewlk_wd":"Greater than or equal to 12 feet","wlk_zn":"Greater than or equal to 6 feet","phase2_sid":null}},{"type":"Feature","id":32711,"geometry":{"type":"LineString","coordinates":[[-75.1941555267244,39.9561890664496],[-75.1961231100098,39.9564382834503]]},"properties":{"objectid":32711,"stname":"MARKET ST","class1":"Major Arterial","recfacil":null,"bikenetwor":null,"combined_s":"Walkable Commercial Corridors","street_typ":"Walkable Commercial Corridors","sidewlk_wd":"Greater than or equal to 12 feet","wlk_zn":"Greater than or equal to 6 feet","phase2_sid":"Yes"}},{"type":"Feature","id":32720,"geometry":{"type":"LineString","coordinates":[[-75.1758759658843,39.8900511830402],[-75.1758449713137,39.8898135996122],[-75.175738821253,39.8888718366072],[-75.1757133218109,39.8887694348909]]},"properties":{"objectid":32720,"stname":"S BROAD ST","class1":"Non-Philadelphia","recfacil":"Marked Shared Lane","bikenetwor":"YES","combined_s":"Urban Arterial","street_typ":"Urban Arterial","sidewlk_wd":"Greater than or equal to 12 feet","wlk_zn":"Greater than or equal to 6 feet","phase2_sid":null}},{"type":"Feature","id":32733,"geometry":{"type":"LineString","coordinates":[[-75.2273267007829,39.9579687888611],[-75.2274915449014,39.9572051743856]]},"properties":{"objectid":32733,"stname":"S 53RD ST","class1":"Collector Residential","recfacil":null,"bikenetwor":null,"combined_s":"City Neighborhood Street","street_typ":"City Neighborhood Street","sidewlk_wd":"Greater than or equal to 12 feet","wlk_zn":"Greater than or equal to 6 feet","phase2_sid":"Yes"}},{"type":"Feature","id":32794,"geometry":{"type":"LineString","coordinates":[[-75.1513900172401,40.004603646124],[-75.1522379406855,40.0046990343168]]},"properties":{"objectid":32794,"stname":"W ONTARIO ST","class1":"Collector Residential","recfacil":null,"bikenetwor":null,"combined_s":"City Neighborhood Street","street_typ":"City Neighborhood Street","sidewlk_wd":"Greater than or equal to 12 feet","wlk_zn":"Greater than or equal to 6 feet","phase2_sid":"Yes"}},{"type":"Feature","id":32798,"geometry":{"type":"LineString","coordinates":[[-75.250167121723,39.9709866099768],[-75.2505625225078,39.9710352857787]]},"properties":{"objectid":32798,"stname":"W GIRARD AVE","class1":"Minor Arterial","recfacil":null,"bikenetwor":null,"combined_s":"City Neighborhood Street","street_typ":"City Neighborhood Street","sidewlk_wd":"Greater than or equal to 12 feet","wlk_zn":"Greater than or equal to 6 feet","phase2_sid":"Yes"}},{"type":"Feature","id":32870,"geometry":{"type":"LineString","coordinates":[[-75.1372880714048,40.0609283419545],[-75.1380396837954,40.0610286876833],[-75.1398751256942,40.0612601777502]]},"properties":{"objectid":32870,"stname":"71ST AVE","class1":"Local Residential","recfacil":null,"bikenetwor":null,"combined_s":"Lower Density Residential","street_typ":"Lower Density Residential","sidewlk_wd":"Greater than or equal to 10 feet","wlk_zn":"Greater than or equal to 5 feet","phase2_sid":null}},{"type":"Feature","id":32881,"geometry":{"type":"LineString","coordinates":[[-75.1986510080175,39.9536336501029],[-75.2002627682356,39.9538298005984]]},"properties":{"objectid":32881,"stname":"WALNUT ST","class1":"Major Arterial","recfacil":null,"bikenetwor":"YES","combined_s":"Walkable Commercial Corridors","street_typ":"Walkable Commercial Corridors","sidewlk_wd":"Greater than or equal to 12 feet","wlk_zn":"Greater than or equal to 6 feet","phase2_sid":"Yes"}},{"type":"Feature","id":32882,"geometry":{"type":"LineString","coordinates":[[-75.2393382287428,39.9814568166316],[-75.2390454054208,39.9819600132247]]},"properties":{"objectid":32882,"stname":"N 59TH ST","class1":"Collector Residential","recfacil":null,"bikenetwor":null,"combined_s":"Lower Density Residential","street_typ":"Lower Density Residential","sidewlk_wd":"Greater than or equal to 10 feet","wlk_zn":"Greater than or equal to 5 feet","phase2_sid":"Yes"}},{"type":"Feature","id":32909,"geometry":{"type":"LineString","coordinates":[[-75.2393382287428,39.9814568166316],[-75.241230153843,39.9812391044532]]},"properties":{"objectid":32909,"stname":"W COLUMBIA AVE","class1":"Collector Residential","recfacil":"Marked Shared Lane","bikenetwor":null,"combined_s":"City Neighborhood Street","street_typ":"City Neighborhood Street","sidewlk_wd":"Greater than or equal to 12 feet","wlk_zn":"Greater than or equal to 6 feet","phase2_sid":"Yes"}},{"type":"Feature","id":32918,"geometry":{"type":"LineString","coordinates":[[-75.2025922544393,39.9541217782398],[-75.2050938679996,39.9544283928189]]},"properties":{"objectid":32918,"stname":"WALNUT ST","class1":"Major Arterial","recfacil":null,"bikenetwor":"YES","combined_s":"Walkable Commercial Corridors","street_typ":"Walkable Commercial Corridors","sidewlk_wd":"Greater than or equal to 12 feet","wlk_zn":"Greater than or equal to 6 feet","phase2_sid":"Yes"}},{"type":"Feature","id":32946,"geometry":{"type":"LineString","coordinates":[[-75.2063303186097,40.010888016649],[-75.2071631507379,40.010302732027]]},"properties":{"objectid":32946,"stname":"CITY AVE","class1":"Major Arterial","recfacil":null,"bikenetwor":null,"combined_s":"Urban Arterial","street_typ":"Urban Arterial","sidewlk_wd":"Greater than or equal to 12 feet","wlk_zn":"Greater than or equal to 6 feet","phase2_sid":"Yes"}},{"type":"Feature","id":32961,"geometry":{"type":"LineString","coordinates":[[-75.1945076037888,39.9637431692308],[-75.1946241077844,39.9643546195897]]},"properties":{"objectid":32961,"stname":"N 36TH ST","class1":"Collector Residential","recfacil":null,"bikenetwor":null,"combined_s":"City Neighborhood Street","street_typ":"City Neighborhood Street","sidewlk_wd":"Greater than or equal to 12 feet","wlk_zn":"Greater than or equal to 6 feet","phase2_sid":"Yes"}},{"type":"Feature","id":33007,"geometry":{"type":"LineString","coordinates":[[-75.1221416293745,40.0448197880737],[-75.121989006123,40.0455516607293]]},"properties":{"objectid":33007,"stname":"N HANCOCK ST","class1":"Local Residential","recfacil":null,"bikenetwor":null,"combined_s":"Local (Catch All)","street_typ":"Local (Catch All)","sidewlk_wd":"Greater than or equal to 10 feet","wlk_zn":"Greater than or equal to 5 feet","phase2_sid":null}},{"type":"Feature","id":33023,"geometry":{"type":"LineString","coordinates":[[-75.146358773398,39.9263451604279],[-75.1464378242338,39.9259886115826],[-75.146634260932,39.9251181114862]]},"properties":{"objectid":33023,"stname":"S WATER ST","class1":"Collector Residential","recfacil":null,"bikenetwor":null,"combined_s":"Auto Oriented Commercial/Industrial","street_typ":"Auto Oriented Commercial/Industrial","sidewlk_wd":"Greater than or equal to 12 feet","wlk_zn":"Greater than or equal to 6 feet","phase2_sid":"Yes"}},{"type":"Feature","id":33029,"geometry":{"type":"LineString","coordinates":[[-75.2571151502488,39.9837983655627],[-75.2589176000716,39.9828969642006]]},"properties":{"objectid":33029,"stname":"SHERWOOD RD","class1":"Collector Residential","recfacil":null,"bikenetwor":null,"combined_s":"City Neighborhood Street","street_typ":"City Neighborhood Street","sidewlk_wd":"Greater than or equal to 12 feet","wlk_zn":"Greater than or equal to 6 feet","phase2_sid":"Yes"}},{"type":"Feature","id":33031,"geometry":{"type":"LineString","coordinates":[[-75.2254530861838,39.9652164765332],[-75.2256877857872,39.9665637893116]]},"properties":{"objectid":33031,"stname":"N WILTON ST","class1":"Local Residential","recfacil":null,"bikenetwor":null,"combined_s":"Local (Catch All)","street_typ":"Local (Catch All)","sidewlk_wd":"Greater than or equal to 10 feet","wlk_zn":"Greater than or equal to 5 feet","phase2_sid":null}},{"type":"Feature","id":33068,"geometry":{"type":"LineString","coordinates":[[-75.2350317931396,39.960468985611],[-75.2351904602481,39.9597204785324]]},"properties":{"objectid":33068,"stname":"S 57TH ST","class1":"Minor Arterial","recfacil":null,"bikenetwor":"YES","combined_s":"Urban Arterial","street_typ":"Urban Arterial","sidewlk_wd":"Greater than or equal to 12 feet","wlk_zn":"Greater than or equal to 6 feet","phase2_sid":"Yes"}},{"type":"Feature","id":33092,"geometry":{"type":"LineString","coordinates":[[-75.1980069494125,40.0074593728524],[-75.1976864877595,40.0073582851265],[-75.1976471180723,40.0073506892963],[-75.1948870567641,40.0068359145951],[-75.1945269840061,40.0067617773856],[-75.1942119727737,40.0066923444094],[-75.1939289011122,40.0066181949022],[-75.1937665383924,40.00652501994],[-75.19366100405,40.0064222556946],[-75.1935511747645,40.0062461186797],[-75.193504769751,40.0061663815614],[-75.1933848724911,40.0059764510208],[-75.1931050271596,40.0054339164419],[-75.1929251000586,40.0049616100804],[-75.1928101135782,40.0046549583285],[-75.1926899729221,40.0042752100989],[-75.1926000223961,40.0037380778773],[-75.1925981711362,40.0029474025071],[-75.1925908267049,40.0023025669036],[-75.1926154704467,40.0016340473332],[-75.1926947049228,40.0012100850147],[-75.1933514904901,39.9993089455559],[-75.1936929381849,39.9984220151507]]},"properties":{"objectid":33092,"stname":"MARTIN LUTHER KING DR","class1":"Major Arterial","recfacil":null,"bikenetwor":null,"combined_s":"Scenic Drive","street_typ":"Scenic Drive","sidewlk_wd":"Greater than or equal to 9 feet","wlk_zn":"Greater than or equal to 6 feet","phase2_sid":"Yes"}},{"type":"Feature","id":33101,"geometry":{"type":"LineString","coordinates":[[-75.2038074243904,39.9535300221201],[-75.2052498188477,39.9537031741962]]},"properties":{"objectid":33101,"stname":"CHANCELLOR ST","class1":"Local Residential","recfacil":null,"bikenetwor":null,"combined_s":"Local (Catch All)","street_typ":"Local (Catch All)","sidewlk_wd":"Greater than or equal to 10 feet","wlk_zn":"Greater than or equal to 5 feet","phase2_sid":null}},{"type":"Feature","id":33102,"geometry":{"type":"LineString","coordinates":[[-75.2295403095457,39.8945547739617],[-75.2305788994463,39.8950903077675],[-75.230972133415,39.8952372050865],[-75.2314363643142,39.8953889127634],[-75.2319295801111,39.8954708576755],[-75.2324180254392,39.8955321132849],[-75.2334828934514,39.8954996943886]]},"properties":{"objectid":33102,"stname":"BARTRAM AVE","class1":"Major Arterial","recfacil":null,"bikenetwor":null,"combined_s":"Urban Arterial","street_typ":"Urban Arterial","sidewlk_wd":"Greater than or equal to 12 feet","wlk_zn":"Greater than or equal to 6 feet","phase2_sid":"Yes"}},{"type":"Feature","id":33113,"geometry":{"type":"LineString","coordinates":[[-75.1916343665245,40.0197314441099],[-75.1916094444389,40.019428030923],[-75.1916286224363,40.0192096317233],[-75.1917036714624,40.0185253650363],[-75.1917715543598,40.0179283777118]]},"properties":{"objectid":33113,"stname":"WARDEN DR","class1":"Collector Residential","recfacil":null,"bikenetwor":null,"combined_s":"Lower Density Residential","street_typ":"Lower Density Residential","sidewlk_wd":"Greater than or equal to 10 feet","wlk_zn":"Greater than or equal to 5 feet","phase2_sid":"Yes"}},{"type":"Feature","id":33123,"geometry":{"type":"LineString","coordinates":[[-75.2095072965267,39.8855626987875],[-75.2093806454115,39.8855808773276],[-75.2085399352237,39.8856843064939],[-75.2077317194,39.8858456704568],[-75.2070997161419,39.8860350713545],[-75.2065414798156,39.8862369423911],[-75.206219875268,39.8863583588791],[-75.205608088271,39.8866533098925],[-75.2050107269128,39.887008569718],[-75.2044261428075,39.8874258319282]]},"properties":{"objectid":33123,"stname":"NB DELAWARE EXP","class1":"Expressway","recfacil":null,"bikenetwor":null,"combined_s":null,"street_typ":"N/A Interstate","sidewlk_wd":null,"wlk_zn":null,"phase2_sid":null}},{"type":"Feature","id":33125,"geometry":{"type":"LineString","coordinates":[[-75.2527168593651,39.8776739314108],[-75.2521690108361,39.8778380832597],[-75.2514116028241,39.8781303614637],[-75.2503460960511,39.8785893437181],[-75.2494111497609,39.8790807765778],[-75.2485406240043,39.8796116779799],[-75.2478418595618,39.8800997936126],[-75.2471227405417,39.8806932110593],[-75.2466104148176,39.8811815955749],[-75.2459974875703,39.8818679056922],[-75.2455510932064,39.8824148836408],[-75.2451719106743,39.8829709704135],[-75.2448738149213,39.8834913148622]]},"properties":{"objectid":33125,"stname":"SB DELAWARE EXP","class1":"Expressway","recfacil":null,"bikenetwor":null,"combined_s":null,"street_typ":"N/A Interstate","sidewlk_wd":null,"wlk_zn":null,"phase2_sid":null}},{"type":"Feature","id":33145,"geometry":{"type":"LineString","coordinates":[[-75.2070876073903,40.0108730050711],[-75.2076254810173,40.0105779056248],[-75.2078325935117,40.0104197058045],[-75.2079482816698,40.010346277678],[-75.2081075057884,40.0102412465944],[-75.2083791736929,40.0100631834572],[-75.2084246354657,40.0100356614181],[-75.209268305747,40.0094961900302],[-75.2107685864678,40.0085605467505]]},"properties":{"objectid":33145,"stname":"CITY AVE","class1":"Major Arterial","recfacil":null,"bikenetwor":null,"combined_s":"Urban Arterial","street_typ":"Urban Arterial","sidewlk_wd":"Greater than or equal to 12 feet","wlk_zn":"Greater than or equal to 6 feet","phase2_sid":"Yes"}},{"type":"Feature","id":33166,"geometry":{"type":"LineString","coordinates":[[-75.2062769247154,39.9553569155191],[-75.2064357026302,39.95459805437]]},"properties":{"objectid":33166,"stname":"S 42ND ST","class1":"Collector Residential","recfacil":null,"bikenetwor":"YES","combined_s":"Lower Density Residential","street_typ":"Lower Density Residential","sidewlk_wd":"Greater than or equal to 10 feet","wlk_zn":"Greater than or equal to 5 feet","phase2_sid":"Yes"}},{"type":"Feature","id":33174,"geometry":{"type":"LineString","coordinates":[[-75.2168027671761,40.0890384921553],[-75.2179907540846,40.0897134011115],[-75.2196535475583,40.0906633197636]]},"properties":{"objectid":33174,"stname":"STENTON AVE","class1":"Major Arterial","recfacil":"Marked Shared Lane","bikenetwor":"YES","combined_s":"Urban Arterial","street_typ":"Urban Arterial","sidewlk_wd":"Greater than or equal to 12 feet","wlk_zn":"Greater than or equal to 6 feet","phase2_sid":"Yes"}},{"type":"Feature","id":33175,"geometry":{"type":"LineString","coordinates":[[-75.2083008208441,40.0097506934611],[-75.2089222212998,40.0094560984249],[-75.2107685864678,40.0085605467505]]},"properties":{"objectid":33175,"stname":"CITY AVE","class1":"Major Arterial","recfacil":null,"bikenetwor":null,"combined_s":"Urban Arterial","street_typ":"Urban Arterial","sidewlk_wd":"Greater than or equal to 12 feet","wlk_zn":"Greater than or equal to 6 feet","phase2_sid":"Yes"}},{"type":"Feature","id":33219,"geometry":{"type":"LineString","coordinates":[[-75.143608113369,39.9240282417713],[-75.1425972966075,39.9244033684553]]},"properties":{"objectid":33219,"stname":"PIER 70 BLVD DWY","class1":"Driveway","recfacil":null,"bikenetwor":null,"combined_s":"No Classification","street_typ":"Auto Oriented Commercial/Industrial","sidewlk_wd":null,"wlk_zn":null,"phase2_sid":null}},{"type":"Feature","id":33224,"geometry":{"type":"LineString","coordinates":[[-75.1462168057113,39.988135226232],[-75.1463769176415,39.9882555469216],[-75.1469299011191,39.9890159882537]]},"properties":{"objectid":33224,"stname":"GERMANTOWN AVE","class1":"Collector Residential","recfacil":"Marked Shared Lane","bikenetwor":"YES","combined_s":"City Neighborhood Street","street_typ":"City Neighborhood Street","sidewlk_wd":"Greater than or equal to 12 feet","wlk_zn":"Greater than or equal to 6 feet","phase2_sid":"Yes"}},{"type":"Feature","id":33225,"geometry":{"type":"LineString","coordinates":[[-75.1944699194878,39.9546730336433],[-75.1946259716449,39.9539115879715]]},"properties":{"objectid":33225,"stname":"S 36TH ST","class1":"Collector Residential","recfacil":null,"bikenetwor":null,"combined_s":"City Neighborhood Street","street_typ":"City Neighborhood Street","sidewlk_wd":"Greater than or equal to 12 feet","wlk_zn":"Greater than or equal to 6 feet","phase2_sid":"Yes"}},{"type":"Feature","id":33226,"geometry":{"type":"LineString","coordinates":[[-75.2258757021936,39.9552266422061],[-75.2260049788162,39.9546009872112]]},"properties":{"objectid":33226,"stname":"S 52ND ST","class1":"Minor Arterial","recfacil":"Marked Shared Lane","bikenetwor":null,"combined_s":"Walkable Commercial Corridors","street_typ":"Walkable Commercial Corridors","sidewlk_wd":"Greater than or equal to 12 feet","wlk_zn":"Greater than or equal to 6 feet","phase2_sid":"Yes"}},{"type":"Feature","id":33231,"geometry":{"type":"LineString","coordinates":[[-75.2298578543078,39.9770787603857],[-75.23002947617,39.9780196680531]]},"properties":{"objectid":33231,"stname":"N 54TH ST","class1":"Collector Residential","recfacil":null,"bikenetwor":null,"combined_s":"Lower Density Residential","street_typ":"Lower Density Residential","sidewlk_wd":"Greater than or equal to 10 feet","wlk_zn":"Greater than or equal to 5 feet","phase2_sid":"Yes"}},{"type":"Feature","id":33234,"geometry":{"type":"LineString","coordinates":[[-75.2435637637796,39.9654934501936],[-75.2432432313171,39.9670117745422]]},"properties":{"objectid":33234,"stname":"HORTON ST","class1":"Local Residential","recfacil":null,"bikenetwor":null,"combined_s":"Local (Catch All)","street_typ":"Local (Catch All)","sidewlk_wd":"Greater than or equal to 10 feet","wlk_zn":"Greater than or equal to 5 feet","phase2_sid":null}},{"type":"Feature","id":33254,"geometry":{"type":"LineString","coordinates":[[-75.1973102877011,39.9940194164413],[-75.1972014292928,39.9942856474243],[-75.1970157346433,39.9945977713502],[-75.1961209923216,39.9958915369505],[-75.1958893577097,39.9961846395584]]},"properties":{"objectid":33254,"stname":"MARTIN LUTHER KING DR RMP S","class1":"Minor Arterial","recfacil":null,"bikenetwor":null,"combined_s":"Scenic Drive","street_typ":"Scenic Drive","sidewlk_wd":"Greater than or equal to 9 feet","wlk_zn":"Greater than or equal to 6 feet","phase2_sid":"Yes"}},{"type":"Feature","id":33263,"geometry":{"type":"LineString","coordinates":[[-75.2347705934314,39.9581102425573],[-75.2355064562451,39.9582012250437]]},"properties":{"objectid":33263,"stname":"WALNUT ST","class1":"Major Arterial","recfacil":null,"bikenetwor":"YES","combined_s":"Urban Arterial","street_typ":"Urban Arterial","sidewlk_wd":"Greater than or equal to 12 feet","wlk_zn":"Greater than or equal to 6 feet","phase2_sid":"Yes"}},{"type":"Feature","id":33302,"geometry":{"type":"LineString","coordinates":[[-75.1996249340968,39.9568698192023],[-75.2019564387869,39.9571584582618]]},"properties":{"objectid":33302,"stname":"MARKET ST","class1":"Minor Arterial","recfacil":null,"bikenetwor":"YES","combined_s":"Urban Arterial","street_typ":"Urban Arterial","sidewlk_wd":"Greater than or equal to 12 feet","wlk_zn":"Greater than or equal to 6 feet","phase2_sid":"Yes"}},{"type":"Feature","id":33303,"geometry":{"type":"LineString","coordinates":[[-75.2353440438259,39.9589605154431],[-75.2355064562451,39.9582012250437]]},"properties":{"objectid":33303,"stname":"S 57TH ST","class1":"Minor Arterial","recfacil":null,"bikenetwor":"YES","combined_s":"Urban Arterial","street_typ":"Urban Arterial","sidewlk_wd":"Greater than or equal to 12 feet","wlk_zn":"Greater than or equal to 6 feet","phase2_sid":"Yes"}},{"type":"Feature","id":33311,"geometry":{"type":"LineString","coordinates":[[-75.1983135670644,39.9551520663908],[-75.1999430324382,39.9553508209614]]},"properties":{"objectid":33311,"stname":"CHESTNUT ST","class1":"Major Arterial","recfacil":"Bike Lanes","bikenetwor":null,"combined_s":"Urban Arterial","street_typ":"Urban Arterial","sidewlk_wd":"Greater than or equal to 12 feet","wlk_zn":"Greater than or equal to 6 feet","phase2_sid":"Yes"}},{"type":"Feature","id":33315,"geometry":{"type":"LineString","coordinates":[[-75.2061313403748,39.9561196532643],[-75.2061529003183,39.9559433219464],[-75.2062769247154,39.9553569155191]]},"properties":{"objectid":33315,"stname":"S 42ND ST","class1":"Collector Residential","recfacil":null,"bikenetwor":"YES","combined_s":"City Neighborhood Street","street_typ":"City Neighborhood Street","sidewlk_wd":"Greater than or equal to 12 feet","wlk_zn":"Greater than or equal to 6 feet","phase2_sid":"Yes"}},{"type":"Feature","id":33317,"geometry":{"type":"LineString","coordinates":[[-75.204147805988,39.9574314194431],[-75.2050390601115,39.9575407428283]]},"properties":{"objectid":33317,"stname":"MARKET ST","class1":"Minor Arterial","recfacil":null,"bikenetwor":"YES","combined_s":"Urban Arterial","street_typ":"Urban Arterial","sidewlk_wd":"Greater than or equal to 12 feet","wlk_zn":"Greater than or equal to 6 feet","phase2_sid":"Yes"}},{"type":"Feature","id":33326,"geometry":{"type":"LineString","coordinates":[[-75.2421025932434,39.9725104655183],[-75.2429901681065,39.9724056619343]]},"properties":{"objectid":33326,"stname":"MASTER ST","class1":"Collector Residential","recfacil":null,"bikenetwor":null,"combined_s":"City Neighborhood Street","street_typ":"City Neighborhood Street","sidewlk_wd":"Greater than or equal to 12 feet","wlk_zn":"Greater than or equal to 6 feet","phase2_sid":"Yes"}},{"type":"Feature","id":33374,"geometry":{"type":"LineString","coordinates":[[-75.2469213428302,39.9619383541453],[-75.2470793180986,39.9611929123578]]},"properties":{"objectid":33374,"stname":"COBBS CREEK PKY","class1":"Major Arterial","recfacil":null,"bikenetwor":null,"combined_s":"Urban Arterial","street_typ":"Urban Arterial","sidewlk_wd":"Greater than or equal to 12 feet","wlk_zn":"Greater than or equal to 6 feet","phase2_sid":"Yes"}},{"type":"Feature","id":33384,"geometry":{"type":"LineString","coordinates":[[-75.2195890247454,39.9562251952017],[-75.2215620144103,39.956470947795]]},"properties":{"objectid":33384,"stname":"WALNUT ST","class1":"Major Arterial","recfacil":null,"bikenetwor":"YES","combined_s":"Urban Arterial","street_typ":"Urban Arterial","sidewlk_wd":"Greater than or equal to 12 feet","wlk_zn":"Greater than or equal to 6 feet","phase2_sid":"Yes"}},{"type":"Feature","id":33396,"geometry":{"type":"LineString","coordinates":[[-75.2448874383316,39.9718633160069],[-75.2449529140454,39.9721945364513]]},"properties":{"objectid":33396,"stname":"N 63RD ST","class1":"Major Arterial","recfacil":"Marked Shared Lane","bikenetwor":null,"combined_s":"Urban Arterial","street_typ":"Urban Arterial","sidewlk_wd":"Greater than or equal to 12 feet","wlk_zn":"Greater than or equal to 6 feet","phase2_sid":"Yes"}},{"type":"Feature","id":33405,"geometry":{"type":"LineString","coordinates":[[-75.2022371003448,39.9616528186274],[-75.2030515144263,39.9615762413251]]},"properties":{"objectid":33405,"stname":"SPRING GARDEN ST","class1":"Collector Residential","recfacil":null,"bikenetwor":null,"combined_s":"City Neighborhood Street","street_typ":"City Neighborhood Street","sidewlk_wd":"Greater than or equal to 12 feet","wlk_zn":"Greater than or equal to 6 feet","phase2_sid":"Yes"}},{"type":"Feature","id":33417,"geometry":{"type":"LineString","coordinates":[[-75.2134726076985,39.9778001758296],[-75.2143830891092,39.9781378643261]]},"properties":{"objectid":33417,"stname":"PARKSIDE AVE","class1":"Minor Arterial","recfacil":null,"bikenetwor":"YES","combined_s":"Urban Arterial","street_typ":"Urban Arterial","sidewlk_wd":"Greater than or equal to 12 feet","wlk_zn":"Greater than or equal to 6 feet","phase2_sid":"Yes"}},{"type":"Feature","id":33443,"geometry":{"type":"LineString","coordinates":[[-75.2419102647984,39.9714973381014],[-75.2428419670095,39.9716130948981]]},"properties":{"objectid":33443,"stname":"HAVERFORD AVE","class1":"Minor Arterial","recfacil":null,"bikenetwor":"YES","combined_s":"Urban Arterial","street_typ":"Urban Arterial","sidewlk_wd":"Greater than or equal to 12 feet","wlk_zn":"Greater than or equal to 6 feet","phase2_sid":"Yes"}},{"type":"Feature","id":33462,"geometry":{"type":"LineString","coordinates":[[-75.2262112712918,39.960168396924],[-75.2258920129218,39.9616857962851],[-75.2258557420013,39.9617370904157]]},"properties":{"objectid":33462,"stname":"N LINDENWOOD ST","class1":"Local Residential","recfacil":null,"bikenetwor":null,"combined_s":"Local (Catch All)","street_typ":"Local (Catch All)","sidewlk_wd":"Greater than or equal to 10 feet","wlk_zn":"Greater than or equal to 5 feet","phase2_sid":null}},{"type":"Feature","id":33483,"geometry":{"type":"LineString","coordinates":[[-75.2459941341251,39.9720039791955],[-75.246938528497,39.9721206740581]]},"properties":{"objectid":33483,"stname":"HAVERFORD AVE","class1":"Minor Arterial","recfacil":null,"bikenetwor":"YES","combined_s":"Urban Arterial","street_typ":"Urban Arterial","sidewlk_wd":"Greater than or equal to 12 feet","wlk_zn":"Greater than or equal to 6 feet","phase2_sid":"Yes"}},{"type":"Feature","id":33492,"geometry":{"type":"LineString","coordinates":[[-75.2387868667168,39.9617243098627],[-75.2386152161952,39.9625371337004]]},"properties":{"objectid":33492,"stname":"N 59TH ST","class1":"Collector Residential","recfacil":null,"bikenetwor":null,"combined_s":"City Neighborhood Street","street_typ":"City Neighborhood Street","sidewlk_wd":"Greater than or equal to 12 feet","wlk_zn":"Greater than or equal to 6 feet","phase2_sid":"Yes"}},{"type":"Feature","id":33495,"geometry":{"type":"LineString","coordinates":[[-75.1984716371862,39.954388605221],[-75.2001015102398,39.9545912115999]]},"properties":{"objectid":33495,"stname":"SANSOM ST","class1":"Local Residential","recfacil":null,"bikenetwor":null,"combined_s":"Local (Catch All)","street_typ":"Local (Catch All)","sidewlk_wd":"Greater than or equal to 10 feet","wlk_zn":"Greater than or equal to 5 feet","phase2_sid":null}},{"type":"Feature","id":33499,"geometry":{"type":"LineString","coordinates":[[-75.2353997726243,39.9066584647216],[-75.2351657942659,39.9064622777816]]},"properties":{"objectid":33499,"stname":"S 74TH ST","class1":"Collector Residential","recfacil":null,"bikenetwor":null,"combined_s":"Lower Density Residential","street_typ":"Lower Density Residential","sidewlk_wd":"Greater than or equal to 10 feet","wlk_zn":"Greater than or equal to 5 feet","phase2_sid":"Yes"}},{"type":"Feature","id":33510,"geometry":{"type":"LineString","coordinates":[[-75.245543084714,39.9753395440621],[-75.2465990514678,39.9752230996737]]},"properties":{"objectid":33510,"stname":"LANSDOWNE AVE","class1":"Minor Arterial","recfacil":"Marked Shared Lane","bikenetwor":null,"combined_s":"City Neighborhood Street","street_typ":"City Neighborhood Street","sidewlk_wd":"Greater than or equal to 12 feet","wlk_zn":"Greater than or equal to 6 feet","phase2_sid":"Yes"}},{"type":"Feature","id":33528,"geometry":{"type":"LineString","coordinates":[[-75.2253545865934,39.9577238065918],[-75.2273267007829,39.9579687888611]]},"properties":{"objectid":33528,"stname":"SANSOM ST","class1":"Local Residential","recfacil":null,"bikenetwor":null,"combined_s":"Local (Catch All)","street_typ":"Local (Catch All)","sidewlk_wd":"Greater than or equal to 10 feet","wlk_zn":"Greater than or equal to 5 feet","phase2_sid":null}},{"type":"Feature","id":33530,"geometry":{"type":"LineString","coordinates":[[-75.2087639321776,39.9548893902411],[-75.210057516555,39.9550469560826]]},"properties":{"objectid":33530,"stname":"WALNUT ST","class1":"Major Arterial","recfacil":null,"bikenetwor":"YES","combined_s":"Urban Arterial","street_typ":"Urban Arterial","sidewlk_wd":"Greater than or equal to 12 feet","wlk_zn":"Greater than or equal to 6 feet","phase2_sid":"Yes"}},{"type":"Feature","id":33535,"geometry":{"type":"LineString","coordinates":[[-75.1949004229374,39.9751711902931],[-75.1952012206621,39.975433930972],[-75.195523594952,39.9756553236858],[-75.1958892312909,39.9757333055789],[-75.1963696517803,39.975834249312],[-75.1968641000188,39.9759604672753],[-75.1974090036487,39.9760724423405],[-75.1980373619043,39.9761555472928],[-75.1984026728743,39.9762014911774]]},"properties":{"objectid":33535,"stname":"LANSDOWNE DR","class1":"Minor Arterial","recfacil":"Bike Lanes","bikenetwor":"YES","combined_s":"Park Road","street_typ":"Park Road","sidewlk_wd":"Greater than or equal to 8 feet","wlk_zn":"Greater than or equal to 5 feet","phase2_sid":"Yes"}},{"type":"Feature","id":33544,"geometry":{"type":"LineString","coordinates":[[-75.2186295106776,39.9561060445432],[-75.2195890247454,39.9562251952017]]},"properties":{"objectid":33544,"stname":"WALNUT ST","class1":"Major Arterial","recfacil":null,"bikenetwor":"YES","combined_s":"Urban Arterial","street_typ":"Urban Arterial","sidewlk_wd":"Greater than or equal to 12 feet","wlk_zn":"Greater than or equal to 6 feet","phase2_sid":"Yes"}},{"type":"Feature","id":33553,"geometry":{"type":"LineString","coordinates":[[-75.1906254524938,39.9754956529002],[-75.1903093183616,39.9757220294736],[-75.1900139571524,39.9758104945055],[-75.1898667806225,39.9758744209625],[-75.1897789157766,39.9759540713254],[-75.1897328316899,39.9760509773542],[-75.1897424441521,39.9761270422883],[-75.1898137165749,39.976222725576],[-75.1899732159044,39.9762954137227],[-75.190162028802,39.9763188279749],[-75.1903814181371,39.9763256416869],[-75.1905644121099,39.976304759874],[-75.1908388488613,39.9762417505606],[-75.1912020148647,39.9760760652475],[-75.1916410075163,39.9758189357751],[-75.1918782642215,39.9756842056662]]},"properties":{"objectid":33553,"stname":"BREWERY HILL DR","class1":"Local Residential","recfacil":null,"bikenetwor":null,"combined_s":"Local (Catch All)","street_typ":"Local (Catch All)","sidewlk_wd":"Greater than or equal to 10 feet","wlk_zn":"Greater than or equal to 5 feet","phase2_sid":null}},{"type":"Feature","id":33556,"geometry":{"type":"LineString","coordinates":[[-75.238792905366,39.9680193959483],[-75.2394810210902,39.9681066637694]]},"properties":{"objectid":33556,"stname":"CALLOWHILL ST","class1":"Collector Residential","recfacil":null,"bikenetwor":null,"combined_s":"City Neighborhood Street","street_typ":"City Neighborhood Street","sidewlk_wd":"Greater than or equal to 12 feet","wlk_zn":"Greater than or equal to 6 feet","phase2_sid":"Yes"}},{"type":"Feature","id":33561,"geometry":{"type":"LineString","coordinates":[[-75.2279779696768,39.9603866063931],[-75.2276457761152,39.9619611000555]]},"properties":{"objectid":33561,"stname":"N RUBY ST","class1":"Local Residential","recfacil":null,"bikenetwor":null,"combined_s":"Local (Catch All)","street_typ":"Local (Catch All)","sidewlk_wd":"Greater than or equal to 10 feet","wlk_zn":"Greater than or equal to 5 feet","phase2_sid":null}},{"type":"Feature","id":33586,"geometry":{"type":"LineString","coordinates":[[-75.2335557092362,39.9610750702772],[-75.2332254054617,39.9626530416306]]},"properties":{"objectid":33586,"stname":"N ITHAN ST","class1":"Local Residential","recfacil":null,"bikenetwor":null,"combined_s":"Local (Catch All)","street_typ":"Local (Catch All)","sidewlk_wd":"Greater than or equal to 10 feet","wlk_zn":"Greater than or equal to 5 feet","phase2_sid":null}},{"type":"Feature","id":33587,"geometry":{"type":"LineString","coordinates":[[-75.2270139601217,39.9594730244258],[-75.2271686721637,39.9587298716701]]},"properties":{"objectid":33587,"stname":"S 53RD ST","class1":"Collector Residential","recfacil":null,"bikenetwor":null,"combined_s":"City Neighborhood Street","street_typ":"City Neighborhood Street","sidewlk_wd":"Greater than or equal to 12 feet","wlk_zn":"Greater than or equal to 6 feet","phase2_sid":"Yes"}},{"type":"Feature","id":33625,"geometry":{"type":"LineString","coordinates":[[-75.2212470013287,39.9579931862116],[-75.221400553044,39.9572363578684]]},"properties":{"objectid":33625,"stname":"S 50TH ST","class1":"Collector Residential","recfacil":null,"bikenetwor":null,"combined_s":"City Neighborhood Street","street_typ":"City Neighborhood Street","sidewlk_wd":"Greater than or equal to 12 feet","wlk_zn":"Greater than or equal to 6 feet","phase2_sid":"Yes"}},{"type":"Feature","id":33676,"geometry":{"type":"LineString","coordinates":[[-75.2598485054925,39.9724500233306],[-75.2602272377444,39.9721536156118],[-75.2607430889997,39.971723412279]]},"properties":{"objectid":33676,"stname":"LANSDOWNE AVE","class1":"Minor Arterial","recfacil":null,"bikenetwor":"YES","combined_s":"Park Road","street_typ":"Park Road","sidewlk_wd":"Greater than or equal to 8 feet","wlk_zn":"Greater than or equal to 5 feet","phase2_sid":"Yes"}},{"type":"Feature","id":33681,"geometry":{"type":"LineString","coordinates":[[-75.2248151823042,39.966215275504],[-75.2248898296276,39.9666520472455]]},"properties":{"objectid":33681,"stname":"N 52ND ST","class1":"Minor Arterial","recfacil":"Marked Shared Lane","bikenetwor":null,"combined_s":"Urban Arterial","street_typ":"Urban Arterial","sidewlk_wd":"Greater than or equal to 12 feet","wlk_zn":"Greater than or equal to 6 feet","phase2_sid":"Yes"}},{"type":"Feature","id":33725,"geometry":{"type":"LineString","coordinates":[[-75.2347822621146,39.9651860445774],[-75.2350218295345,39.9652172725627]]},"properties":{"objectid":33725,"stname":"SUMMER ST","class1":"Local Residential","recfacil":null,"bikenetwor":null,"combined_s":"Local (Catch All)","street_typ":"Local (Catch All)","sidewlk_wd":"Greater than or equal to 10 feet","wlk_zn":"Greater than or equal to 5 feet","phase2_sid":null}},{"type":"Feature","id":33742,"geometry":{"type":"LineString","coordinates":[[-75.2457574189608,39.984282853957],[-75.2463889803795,39.9845900872751],[-75.247372555821,39.9850622000054]]},"properties":{"objectid":33742,"stname":"LANCASTER AVE","class1":"Major Arterial","recfacil":null,"bikenetwor":"YES","combined_s":"Auto Oriented Commercial/Industrial","street_typ":"Auto Oriented Commercial/Industrial","sidewlk_wd":"Greater than or equal to 12 feet","wlk_zn":"Greater than or equal to 6 feet","phase2_sid":"Yes"}},{"type":"Feature","id":33823,"geometry":{"type":"LineString","coordinates":[[-75.2292864845386,39.9574289615842],[-75.2314410268028,39.9576980472378]]},"properties":{"objectid":33823,"stname":"WALNUT ST","class1":"Major Arterial","recfacil":null,"bikenetwor":"YES","combined_s":"Urban Arterial","street_typ":"Urban Arterial","sidewlk_wd":"Greater than or equal to 12 feet","wlk_zn":"Greater than or equal to 6 feet","phase2_sid":"Yes"}},{"type":"Feature","id":33829,"geometry":{"type":"LineString","coordinates":[[-75.2197723345884,40.049107740722],[-75.2232853865457,40.0507152198773],[-75.2252897956889,40.0516597197526]]},"properties":{"objectid":33829,"stname":"HENRY AVE","class1":"Major Arterial","recfacil":null,"bikenetwor":"YES","combined_s":"Urban Arterial","street_typ":"Urban Arterial","sidewlk_wd":"Greater than or equal to 12 feet","wlk_zn":"Greater than or equal to 6 feet","phase2_sid":"Yes"}},{"type":"Feature","id":33831,"geometry":{"type":"LineString","coordinates":[[-75.2495200478243,39.9572058930346],[-75.2495839364439,39.9571805089389],[-75.2496400484333,39.9571522992004],[-75.2496831765697,39.9571304783052],[-75.2497318378539,39.9571056974931]]},"properties":{"objectid":33831,"stname":"MARSHALL RD","class1":"Major Arterial","recfacil":null,"bikenetwor":null,"combined_s":"Urban Arterial","street_typ":"Urban Arterial","sidewlk_wd":"Greater than or equal to 12 feet","wlk_zn":"Greater than or equal to 6 feet","phase2_sid":"Yes"}},{"type":"Feature","id":33870,"geometry":{"type":"LineString","coordinates":[[-75.229923722687,39.9653613522422],[-75.2317695104994,39.9655864503107]]},"properties":{"objectid":33870,"stname":"VINE ST","class1":"Minor Arterial","recfacil":"Bike Friendly Street","bikenetwor":"YES","combined_s":"Urban Arterial","street_typ":"Urban Arterial","sidewlk_wd":"Greater than or equal to 12 feet","wlk_zn":"Greater than or equal to 6 feet","phase2_sid":"Yes"}},{"type":"Feature","id":33877,"geometry":{"type":"LineString","coordinates":[[-75.2393240496041,39.901377815275],[-75.2389940062505,39.9002647066195],[-75.2388221600575,39.8997667661362],[-75.2386041680499,39.8990206236105],[-75.2386036332569,39.8990187918833],[-75.2384256245889,39.8985067943766],[-75.2379814361791,39.8972029288585],[-75.237597449434,39.8963445589571],[-75.2373268471327,39.895835129385],[-75.2368964676715,39.895167781572]]},"properties":{"objectid":33877,"stname":"ISLAND AVE","class1":"Major Arterial","recfacil":"Bike Lanes","bikenetwor":"YES","combined_s":"Urban Arterial","street_typ":"Urban Arterial","sidewlk_wd":"Greater than or equal to 12 feet","wlk_zn":"Greater than or equal to 6 feet","phase2_sid":"Yes"}},{"type":"Feature","id":33897,"geometry":{"type":"LineString","coordinates":[[-75.1459560611736,40.0054309102107],[-75.1460719249146,40.0054271644128],[-75.1460926197137,40.0054294917036],[-75.1465787235502,40.0054935006332]]},"properties":{"objectid":33897,"stname":"W TIOGA ST","class1":"Collector Residential","recfacil":null,"bikenetwor":null,"combined_s":"City Neighborhood Street","street_typ":"City Neighborhood Street","sidewlk_wd":"Greater than or equal to 12 feet","wlk_zn":"Greater than or equal to 6 feet","phase2_sid":"Yes"}},{"type":"Feature","id":33898,"geometry":{"type":"LineString","coordinates":[[-75.1886375406786,39.9699354316715],[-75.1889627028345,39.9699732373378],[-75.1890575460474,39.9699930481431],[-75.1893422312484,39.9700587068183],[-75.1897087584683,39.9702665932592],[-75.1899457971968,39.9705330383495],[-75.1900527330813,39.9708081025356],[-75.1900964286797,39.9711522389551],[-75.1900673611985,39.9714795619832],[-75.1899398505469,39.9718828539295],[-75.1899163908259,39.9721742112594],[-75.1899888860924,39.9724360244867],[-75.1903446529485,39.9731947863198],[-75.1905822096405,39.9736465471582],[-75.1908828009179,39.9741477197985],[-75.1910212986044,39.9743802797711],[-75.1913807006144,39.9749106071468],[-75.1918462602419,39.9755383516177],[-75.1918782642215,39.9756842056662]]},"properties":{"objectid":33898,"stname":"KELLY DR","class1":"Major Arterial","recfacil":null,"bikenetwor":null,"combined_s":"Scenic Drive","street_typ":"Scenic Drive","sidewlk_wd":"Greater than or equal to 9 feet","wlk_zn":"Greater than or equal to 6 feet","phase2_sid":"Yes"}},{"type":"Feature","id":33928,"geometry":{"type":"LineString","coordinates":[[-75.2642457356168,39.9802234080775],[-75.2655936736269,39.9818109007553]]},"properties":{"objectid":33928,"stname":"N 72ND ST","class1":"Collector Residential","recfacil":null,"bikenetwor":null,"combined_s":"Lower Density Residential","street_typ":"Lower Density Residential","sidewlk_wd":"Greater than or equal to 10 feet","wlk_zn":"Greater than or equal to 5 feet","phase2_sid":"Yes"}},{"type":"Feature","id":33941,"geometry":{"type":"LineString","coordinates":[[-75.1984026728743,39.9762014911774],[-75.199213462411,39.9762176394107],[-75.1993407288912,39.976209487656],[-75.1996047480873,39.9761577480804],[-75.199819466437,39.9760895501818],[-75.2000907447354,39.9759828085851],[-75.2003024976562,39.9759216987942],[-75.2004963944237,39.9758984242614],[-75.2007323815814,39.9759062861269],[-75.2009289167755,39.9759439548861],[-75.2011572242578,39.9760251780909],[-75.201659930775,39.9761976440795],[-75.2018420834348,39.9762458633789],[-75.202051158324,39.9762812218396],[-75.2022884436437,39.9762960064851],[-75.2024949646995,39.9762939553912],[-75.2028970102034,39.9762222282064],[-75.2043654766014,39.975801494095]]},"properties":{"objectid":33941,"stname":"LANSDOWNE DR","class1":"Minor Arterial","recfacil":"Bike Lanes","bikenetwor":"YES","combined_s":"Park Road","street_typ":"Park Road","sidewlk_wd":"Greater than or equal to 8 feet","wlk_zn":"Greater than or equal to 5 feet","phase2_sid":"Yes"}},{"type":"Feature","id":33942,"geometry":{"type":"LineString","coordinates":[[-75.2366788058076,39.8946092066001],[-75.2360387922555,39.8935726837702],[-75.2358026866573,39.8931680771708]]},"properties":{"objectid":33942,"stname":"ISLAND AVE","class1":"Major Arterial","recfacil":"Bike Lanes","bikenetwor":"YES","combined_s":"Urban Arterial","street_typ":"Urban Arterial","sidewlk_wd":"Greater than or equal to 12 feet","wlk_zn":"Greater than or equal to 6 feet","phase2_sid":"Yes"}},{"type":"Feature","id":33945,"geometry":{"type":"LineString","coordinates":[[-75.2317695104994,39.9655864503107],[-75.2339060332796,39.9658560631337]]},"properties":{"objectid":33945,"stname":"VINE ST","class1":"Minor Arterial","recfacil":"Bike Friendly Street","bikenetwor":"YES","combined_s":"Urban Arterial","street_typ":"Urban Arterial","sidewlk_wd":"Greater than or equal to 12 feet","wlk_zn":"Greater than or equal to 6 feet","phase2_sid":"Yes"}},{"type":"Feature","id":33955,"geometry":{"type":"LineString","coordinates":[[-75.1721936705813,39.9125918206844],[-75.1723704828332,39.9117351848831]]},"properties":{"objectid":33955,"stname":"S BROAD ST","class1":"Major Arterial","recfacil":"Marked Shared Lane","bikenetwor":"YES","combined_s":"Urban Arterial","street_typ":"Urban Arterial","sidewlk_wd":"Greater than or equal to 12 feet","wlk_zn":"Greater than or equal to 6 feet","phase2_sid":"Yes"}},{"type":"Feature","id":33956,"geometry":{"type":"LineString","coordinates":[[-75.1505013540439,39.9120454661397],[-75.1505824907372,39.9115656956554],[-75.1508544003326,39.910349767921]]},"properties":{"objectid":33956,"stname":"S FRONT ST","class1":"Minor Arterial","recfacil":null,"bikenetwor":null,"combined_s":"Auto Oriented Commercial/Industrial","street_typ":"Auto Oriented Commercial/Industrial","sidewlk_wd":"Greater than or equal to 12 feet","wlk_zn":"Greater than or equal to 6 feet","phase2_sid":"Yes"}},{"type":"Feature","id":33957,"geometry":{"type":"LineString","coordinates":[[-75.1592305223439,39.9107111250106],[-75.1597414113624,39.9107988916502],[-75.1608729869141,39.9109636473507]]},"properties":{"objectid":33957,"stname":"WB SCHUYLKILL EXP","class1":"Expressway","recfacil":null,"bikenetwor":null,"combined_s":"No Classification","street_typ":"N/A Interstate","sidewlk_wd":null,"wlk_zn":null,"phase2_sid":null}},{"type":"Feature","id":33960,"geometry":{"type":"LineString","coordinates":[[-75.2358026866573,39.8931680771708],[-75.236193410884,39.8930301544004],[-75.2375355261087,39.8922262281286],[-75.2381362969318,39.8918407461069],[-75.2388593176231,39.8913478352911],[-75.2391982428016,39.8911122738727],[-75.239512120889,39.8908875532507],[-75.2399546599436,39.890523749227]]},"properties":{"objectid":33960,"stname":"DELAWARE EXP RMP G","class1":"High-Speed Ramp","recfacil":null,"bikenetwor":null,"combined_s":null,"street_typ":"N/A Interstate","sidewlk_wd":null,"wlk_zn":null,"phase2_sid":null}},{"type":"Feature","id":33962,"geometry":{"type":"LineString","coordinates":[[-75.2338971677935,39.8899313088959],[-75.2349159948071,39.8900989224701],[-75.2354071164074,39.8901678905379],[-75.2357077438024,39.8902042836867],[-75.23597832296,39.8902178127888],[-75.2362543868171,39.8902162743584],[-75.2365456458592,39.8902036790102],[-75.2369217455213,39.8901625697829],[-75.2372740625612,39.8900981571562],[-75.2376619740315,39.8900041511579],[-75.2380167097107,39.8898938142109],[-75.238301441581,39.889771383317],[-75.2386474088409,39.8896119111515],[-75.2391310291883,39.8893482001977],[-75.2394940786669,39.889106520014],[-75.2399147236611,39.8887930168708],[-75.2403886718466,39.8883705752214],[-75.2409790702126,39.8877304753963],[-75.2415417296589,39.8870404082686],[-75.2419302450565,39.886456107537]]},"properties":{"objectid":33962,"stname":"INDUSTRIAL HWY","class1":"Non Travel","recfacil":null,"bikenetwor":null,"combined_s":null,"street_typ":"N/A Interstate","sidewlk_wd":null,"wlk_zn":null,"phase2_sid":null}},{"type":"Feature","id":33969,"geometry":{"type":"LineString","coordinates":[[-75.2312801809025,39.9584580033578],[-75.2314410268028,39.9576980472378]]},"properties":{"objectid":33969,"stname":"S 55TH ST","class1":"Collector Residential","recfacil":null,"bikenetwor":null,"combined_s":"City Neighborhood Street","street_typ":"City Neighborhood Street","sidewlk_wd":"Greater than or equal to 12 feet","wlk_zn":"Greater than or equal to 6 feet","phase2_sid":"Yes"}},{"type":"Feature","id":33985,"geometry":{"type":"LineString","coordinates":[[-75.1499903990222,40.0389804743],[-75.1515073118228,40.04062170895]]},"properties":{"objectid":33985,"stname":"OGONTZ AVE","class1":"Major Arterial","recfacil":null,"bikenetwor":"YES","combined_s":"Urban Arterial","street_typ":"Urban Arterial","sidewlk_wd":"Greater than or equal to 12 feet","wlk_zn":"Greater than or equal to 6 feet","phase2_sid":"Yes"}},{"type":"Feature","id":34007,"geometry":{"type":"LineString","coordinates":[[-75.1867466917912,39.9659903927079],[-75.1865834023948,39.9657741884845],[-75.1864386264034,39.9656310712671],[-75.1859422731306,39.9651699250835],[-75.1849737382552,39.9642360025592],[-75.1847334451502,39.9639584991654]]},"properties":{"objectid":34007,"stname":"SCHUYLKILL EXP RMP 5","class1":"Low-Speed Ramp","recfacil":null,"bikenetwor":null,"combined_s":null,"street_typ":"N/A Interstate","sidewlk_wd":null,"wlk_zn":null,"phase2_sid":null}},{"type":"Feature","id":34019,"geometry":{"type":"LineString","coordinates":[[-75.2358026866573,39.8931680771708],[-75.2343346788502,39.8907362269404],[-75.2338971677935,39.8899313088959]]},"properties":{"objectid":34019,"stname":"ISLAND AVE","class1":"Major Arterial","recfacil":"Bike Lanes","bikenetwor":"YES","combined_s":"Urban Arterial","street_typ":"Urban Arterial","sidewlk_wd":"Greater than or equal to 12 feet","wlk_zn":"Greater than or equal to 6 feet","phase2_sid":"Yes"}},{"type":"Feature","id":34037,"geometry":{"type":"LineString","coordinates":[[-75.1311113576399,39.9699669108254],[-75.1317262110808,39.9711223221923]]},"properties":{"objectid":34037,"stname":"E OXFORD ST","class1":"Local Residential","recfacil":null,"bikenetwor":null,"combined_s":"Local (Catch All)","street_typ":"Local (Catch All)","sidewlk_wd":"Greater than or equal to 10 feet","wlk_zn":"Greater than or equal to 5 feet","phase2_sid":null}},{"type":"Feature","id":34046,"geometry":{"type":"LineString","coordinates":[[-75.1949004229374,39.9751711902931],[-75.195414019021,39.9751115317812]]},"properties":{"objectid":34046,"stname":"W GIRARD AVE","class1":"Major Arterial","recfacil":"Marked Shared Lane","bikenetwor":null,"combined_s":"Urban Arterial","street_typ":"Urban Arterial","sidewlk_wd":"Greater than or equal to 12 feet","wlk_zn":"Greater than or equal to 6 feet","phase2_sid":"Yes"}},{"type":"Feature","id":34058,"geometry":{"type":"LineString","coordinates":[[-75.2143807928829,40.0876060286188],[-75.2139901975891,40.0880183607982]]},"properties":{"objectid":34058,"stname":"HILLCREST AVE","class1":"Minor Arterial","recfacil":null,"bikenetwor":null,"combined_s":"Lower Density Residential","street_typ":"Lower Density Residential","sidewlk_wd":"Greater than or equal to 10 feet","wlk_zn":"Greater than or equal to 5 feet","phase2_sid":"Yes"}},{"type":"Feature","id":34093,"geometry":{"type":"LineString","coordinates":[[-75.1121155287766,40.0377714072756],[-75.1120447596374,40.0378565150248],[-75.1100132450003,40.0391584323119]]},"properties":{"objectid":34093,"stname":"RISING SUN AVE","class1":"Minor Arterial","recfacil":null,"bikenetwor":"YES","combined_s":"Urban Arterial","street_typ":"Urban Arterial","sidewlk_wd":"Greater than or equal to 12 feet","wlk_zn":"Greater than or equal to 6 feet","phase2_sid":"Yes"}},{"type":"Feature","id":34108,"geometry":{"type":"LineString","coordinates":[[-75.2401492009293,40.0385503723796],[-75.2394934009061,40.0392617226073],[-75.2394316673675,40.0393359394699],[-75.2390631961794,40.0397469967666],[-75.2386998420038,40.0402494037572],[-75.238635663112,40.0403929422167],[-75.2385317364012,40.0406109651258],[-75.2381184998492,40.041514185168],[-75.2380017375308,40.0417742501608],[-75.2376625694852,40.0425016138873],[-75.2375205110732,40.0427052853266],[-75.2372738669775,40.0429553215535],[-75.2370787116868,40.0430970140565],[-75.2368363407371,40.0432315906629],[-75.2365209997868,40.0433689660904]]},"properties":{"objectid":34108,"stname":"DOMINO LN","class1":"Collector Residential","recfacil":"Shared Roadway","bikenetwor":"YES","combined_s":"Urban Arterial","street_typ":"Urban Arterial","sidewlk_wd":"Greater than or equal to 12 feet","wlk_zn":"Greater than or equal to 6 feet","phase2_sid":"Yes"}},{"type":"Feature","id":34128,"geometry":{"type":"LineString","coordinates":[[-75.1721006028658,39.8987609094692],[-75.1723239829126,39.89894431413],[-75.172493441667,39.899100892704],[-75.1725927381033,39.8991624644968],[-75.1727076921877,39.8992016124104],[-75.1731940277929,39.8992529848198],[-75.1736120135942,39.8993068635532],[-75.1739775223169,39.8993976617061],[-75.1742020866351,39.8995304080213],[-75.1743166820923,39.8996239683759],[-75.1743933949392,39.8997043209011],[-75.174492444554,39.8998687172669],[-75.1745624738801,39.9000897795127],[-75.1745919392681,39.9002640552098]]},"properties":{"objectid":34128,"stname":"NORTH TERMINAL AVE","class1":"Local Residential","recfacil":null,"bikenetwor":null,"combined_s":"Local (Catch All)","street_typ":"Local (Catch All)","sidewlk_wd":"Greater than or equal to 10 feet","wlk_zn":"Greater than or equal to 5 feet","phase2_sid":null}},{"type":"Feature","id":34145,"geometry":{"type":"LineString","coordinates":[[-75.0894861618427,40.0052857084589],[-75.088679636329,40.0065217106279]]},"properties":{"objectid":34145,"stname":"ORCHARD ST","class1":"Local Residential","recfacil":null,"bikenetwor":null,"combined_s":"Local (Catch All)","street_typ":"Local (Catch All)","sidewlk_wd":"Greater than or equal to 10 feet","wlk_zn":"Greater than or equal to 5 feet","phase2_sid":null}},{"type":"Feature","id":34152,"geometry":{"type":"LineString","coordinates":[[-75.1968138008011,39.9602223241669],[-75.1969583649621,39.9603079652892],[-75.1977489067124,39.9607234035316]]},"properties":{"objectid":34152,"stname":"LANCASTER AVE","class1":"Major Arterial","recfacil":null,"bikenetwor":"YES","combined_s":"Walkable Commercial Corridors","street_typ":"Walkable Commercial Corridors","sidewlk_wd":"Greater than or equal to 12 feet","wlk_zn":"Greater than or equal to 6 feet","phase2_sid":"Yes"}},{"type":"Feature","id":34167,"geometry":{"type":"LineString","coordinates":[[-75.1972460373736,39.9510302047635],[-75.1992074655156,39.9512664190976]]},"properties":{"objectid":34167,"stname":"SPRUCE ST","class1":"Minor Arterial","recfacil":null,"bikenetwor":"YES","combined_s":"Urban Arterial","street_typ":"Urban Arterial","sidewlk_wd":"Greater than or equal to 12 feet","wlk_zn":"Greater than or equal to 6 feet","phase2_sid":"Yes"}},{"type":"Feature","id":34177,"geometry":{"type":"LineString","coordinates":[[-75.1996539642898,39.9371307743625],[-75.1997348586456,39.93689692314],[-75.2001104188006,39.9360922391143],[-75.200198273092,39.9358272891715],[-75.200286506419,39.9354483892713],[-75.2003089749414,39.9351609939631],[-75.2003793852943,39.9323562852789],[-75.2004793547051,39.9321087290987]]},"properties":{"objectid":34177,"stname":"WARFIELD ST","class1":"Collector Residential","recfacil":"Marked Shared Lane","bikenetwor":"YES","combined_s":"City Neighborhood Street","street_typ":"City Neighborhood Street","sidewlk_wd":"Greater than or equal to 12 feet","wlk_zn":"Greater than or equal to 6 feet","phase2_sid":"Yes"}},{"type":"Feature","id":34190,"geometry":{"type":"LineString","coordinates":[[-75.2070876073903,40.0108730050711],[-75.2054142105646,40.0121714522994],[-75.2053028526349,40.0122464876527],[-75.2051425581499,40.01238601593],[-75.2050270699293,40.0125648946326]]},"properties":{"objectid":34190,"stname":"CITY AVE","class1":"Major Arterial","recfacil":null,"bikenetwor":null,"combined_s":"Urban Arterial","street_typ":"Urban Arterial","sidewlk_wd":"Greater than or equal to 12 feet","wlk_zn":"Greater than or equal to 6 feet","phase2_sid":"Yes"}},{"type":"Feature","id":34207,"geometry":{"type":"LineString","coordinates":[[-75.1686446399365,40.0613829116998],[-75.1690699962271,40.0616276534523],[-75.1693816274465,40.0618069830695]]},"properties":{"objectid":34207,"stname":"STENTON AVE","class1":"Walkable Commercial Corridors","recfacil":null,"bikenetwor":null,"combined_s":"Urban Arterial","street_typ":"Urban Arterial","sidewlk_wd":"Greater than or equal to 12 feet","wlk_zn":"Greater than or equal to 6 feet","phase2_sid":"Yes"}},{"type":"Feature","id":34225,"geometry":{"type":"LineString","coordinates":[[-75.2070876073903,40.0108730050711],[-75.2072779425905,40.0108868773825],[-75.2073931660306,40.0108821778302],[-75.2075038069675,40.0108913656416],[-75.2076508317337,40.0109429068963],[-75.2077985592013,40.0110146765907],[-75.2078866174754,40.0110542521489]]},"properties":{"objectid":34225,"stname":"SCHUYLKILL EXP RMP A","class1":"Low-Speed Ramp","recfacil":null,"bikenetwor":null,"combined_s":null,"street_typ":"N/A Interstate","sidewlk_wd":null,"wlk_zn":null,"phase2_sid":null}},{"type":"Feature","id":34238,"geometry":{"type":"LineString","coordinates":[[-75.1498621830691,40.0358368206781],[-75.1494627167252,40.0362712281395],[-75.1493038244519,40.03654163548],[-75.1491871206978,40.0368738869496],[-75.1491345765476,40.0372113979811],[-75.1491340241847,40.0372397873683]]},"properties":{"objectid":34238,"stname":"OGONTZ AVE","class1":"Major Arterial","recfacil":null,"bikenetwor":"YES","combined_s":"Urban Arterial","street_typ":"Urban Arterial","sidewlk_wd":"Greater than or equal to 12 feet","wlk_zn":"Greater than or equal to 6 feet","phase2_sid":"Yes"}},{"type":"Feature","id":34277,"geometry":{"type":"LineString","coordinates":[[-75.0798999352809,40.0006915988346],[-75.0796562012107,40.0009827483935],[-75.0789397709613,40.0017367166286]]},"properties":{"objectid":34277,"stname":"DELAWARE EXP RMP","class1":"High-Speed Ramp","recfacil":null,"bikenetwor":null,"combined_s":null,"street_typ":"N/A Interstate","sidewlk_wd":null,"wlk_zn":null,"phase2_sid":null}},{"type":"Feature","id":34279,"geometry":{"type":"LineString","coordinates":[[-75.2619870769637,39.9752917574252],[-75.2621479702156,39.97527599333],[-75.2636813149328,39.9740104403083]]},"properties":{"objectid":34279,"stname":"RUSKIN RD","class1":"Local Residential","recfacil":null,"bikenetwor":null,"combined_s":"Local (Catch All)","street_typ":"Local (Catch All)","sidewlk_wd":"Greater than or equal to 10 feet","wlk_zn":"Greater than or equal to 5 feet","phase2_sid":null}},{"type":"Feature","id":34339,"geometry":{"type":"LineString","coordinates":[[-75.2368239254383,39.9646573479621],[-75.237480714969,39.9647374786865]]},"properties":{"objectid":34339,"stname":"RACE ST","class1":"Collector Residential","recfacil":null,"bikenetwor":"YES","combined_s":"City Neighborhood Street","street_typ":"City Neighborhood Street","sidewlk_wd":"Greater than or equal to 12 feet","wlk_zn":"Greater than or equal to 6 feet","phase2_sid":"Yes"}},{"type":"Feature","id":34372,"geometry":{"type":"LineString","coordinates":[[-75.0788848332298,39.9931937779429],[-75.079342699742,39.993728841669],[-75.0796386249641,39.9940459108597],[-75.0799197068137,39.9943383058333],[-75.081143253887,39.995543499401],[-75.0815404696639,39.9958994095501],[-75.0817322536211,39.9960498372497],[-75.0822187694926,39.9963470004761],[-75.0824201267548,39.9964550744115],[-75.0825905982524,39.9965441851069],[-75.0827917180008,39.9966583348626],[-75.0830311494947,39.9968037844815],[-75.0831994748153,39.9969475816336],[-75.0833352434949,39.9971149511718],[-75.0834305559633,39.9973057079029],[-75.0834224423089,39.9975123089286],[-75.0834004350644,39.9976699301575],[-75.0833394113775,39.9977877903713],[-75.0833319788374,39.9978021442688],[-75.0831411919332,39.9980288295516],[-75.0828898227788,39.9981872038477],[-75.0818982981705,39.9986939599102],[-75.081423472461,39.9990775934455],[-75.0808151551506,39.9996655722686],[-75.0801955812081,40.0003384337356],[-75.0798999352809,40.0006915988346]]},"properties":{"objectid":34372,"stname":"DELAWARE EXP RMP","class1":"High-Speed Ramp","recfacil":null,"bikenetwor":null,"combined_s":null,"street_typ":"N/A Interstate","sidewlk_wd":null,"wlk_zn":null,"phase2_sid":null}},{"type":"Feature","id":34417,"geometry":{"type":"LineString","coordinates":[[-75.0839581332888,39.9938356517115],[-75.0837975795999,39.9939979453146],[-75.083415085058,39.9942764980285],[-75.0829347759804,39.9945742783262],[-75.0826726677358,39.994696460768],[-75.0823922337101,39.9947998913875],[-75.0820797690261,39.9948695924849],[-75.0817784090241,39.9948992374379],[-75.0815187479781,39.9948985461742],[-75.0812903520752,39.9948749901929],[-75.0810471096792,39.9948267604525],[-75.0807741780673,39.9947291836005],[-75.0804789782645,39.9945945951459],[-75.0802405168356,39.9944248343479],[-75.0800391990808,39.9942685317738],[-75.0798959904704,39.9941370463895],[-75.079492328346,39.9937444879491],[-75.0788848332298,39.9931937779429]]},"properties":{"objectid":34417,"stname":"DELAWARE EXP RMP","class1":"High-Speed Ramp","recfacil":null,"bikenetwor":null,"combined_s":null,"street_typ":"N/A Interstate","sidewlk_wd":null,"wlk_zn":null,"phase2_sid":null}},{"type":"Feature","id":34431,"geometry":{"type":"LineString","coordinates":[[-75.1924071048377,40.0205049857126],[-75.193092907203,40.0209634927898],[-75.1934846980973,40.0213632127528],[-75.19369260227,40.0216493594204],[-75.194498309088,40.0226721548789],[-75.1945836864524,40.0227611378712]]},"properties":{"objectid":34431,"stname":"HENRY AVE","class1":"Major Arterial","recfacil":null,"bikenetwor":"YES","combined_s":"Urban Arterial","street_typ":"Urban Arterial","sidewlk_wd":"Greater than or equal to 12 feet","wlk_zn":"Greater than or equal to 6 feet","phase2_sid":"Yes"}},{"type":"Feature","id":34450,"geometry":{"type":"LineString","coordinates":[[-75.0894684583969,39.9972783519731],[-75.086504923852,39.9988362504712],[-75.0836409383425,40.0003342638807]]},"properties":{"objectid":34450,"stname":"ARAMINGO AVE","class1":"Major Arterial","recfacil":null,"bikenetwor":"YES","combined_s":"Auto Oriented Commercial/Industrial","street_typ":"Auto Oriented Commercial/Industrial","sidewlk_wd":"Greater than or equal to 12 feet","wlk_zn":"Greater than or equal to 6 feet","phase2_sid":"Yes"}},{"type":"Feature","id":34461,"geometry":{"type":"LineString","coordinates":[[-75.1621251770448,40.057648047749],[-75.1622493333951,40.0577101921464],[-75.1626571436118,40.0579454146397],[-75.1631762952551,40.058242623783]]},"properties":{"objectid":34461,"stname":"STENTON AVE","class1":"Major Arterial","recfacil":null,"bikenetwor":null,"combined_s":"Urban Arterial","street_typ":"Urban Arterial","sidewlk_wd":"Greater than or equal to 12 feet","wlk_zn":"Greater than or equal to 6 feet","phase2_sid":"Yes"}},{"type":"Feature","id":34464,"geometry":{"type":"LineString","coordinates":[[-75.2261630821431,40.0437901956752],[-75.2252675763992,40.0441970464005]]},"properties":{"objectid":34464,"stname":"LIVEZEY ST","class1":"Collector Residential","recfacil":"Marked Shared Lane","bikenetwor":"YES","combined_s":"Lower Density Residential","street_typ":"Lower Density Residential","sidewlk_wd":"Greater than or equal to 10 feet","wlk_zn":"Greater than or equal to 5 feet","phase2_sid":"Yes"}},{"type":"Feature","id":34468,"geometry":{"type":"LineString","coordinates":[[-75.1777515734504,39.9627919308228],[-75.1781355130827,39.9628118158728],[-75.1788220121976,39.9629991587587]]},"properties":{"objectid":34468,"stname":"MARTIN LUTHER KING DR","class1":"Major Arterial","recfacil":"Bike Lane","bikenetwor":"YES","combined_s":"Civic/Ceremonial Street","street_typ":"Civic/Ceremonial Street","sidewlk_wd":"Greater than or equal to  20 feet","wlk_zn":"Greater than or equal to 10 feet","phase2_sid":"Yes"}},{"type":"Feature","id":34502,"geometry":{"type":"LineString","coordinates":[[-75.0683481302654,40.0069334350683],[-75.0688711825381,40.0070090444734],[-75.0691276130495,40.0070617059807],[-75.0693290682624,40.0071156980872],[-75.0695153529927,40.0072051971684],[-75.0696994803306,40.0073493830651],[-75.0697811229897,40.0074850940721],[-75.0698400198639,40.0075959467368],[-75.0698505825529,40.0077124829028],[-75.0698464680247,40.0078332969787],[-75.0698167650689,40.0079846546545],[-75.0697487517579,40.0081047086281],[-75.0696999069396,40.0081904171828],[-75.0696060220816,40.008314247951],[-75.0694713391666,40.0084407798326],[-75.0693572391444,40.0085233490827],[-75.0692927527784,40.0085633075972],[-75.0692318038183,40.0085895275669],[-75.0690975709696,40.008650894351],[-75.0690034277482,40.0086832491751],[-75.0687849389931,40.0087541660666],[-75.0685582025628,40.008858557426]]},"properties":{"objectid":34502,"stname":"DELAWARE EXP RMP B","class1":"High-Speed Ramp","recfacil":null,"bikenetwor":null,"combined_s":null,"street_typ":"N/A Interstate","sidewlk_wd":null,"wlk_zn":null,"phase2_sid":null}},{"type":"Feature","id":34520,"geometry":{"type":"LineString","coordinates":[[-75.2536245110823,39.8813381396384],[-75.2538257931274,39.8811211128978],[-75.2543885105188,39.8805194121263],[-75.2548997085942,39.8800156338612],[-75.2554185832549,39.8795683982589],[-75.2559288555544,39.8791619250358],[-75.2564218330669,39.8788159901719],[-75.2570133927278,39.8784313939897],[-75.257609658768,39.8780840324559],[-75.2584642566506,39.8776492624508],[-75.2593092253842,39.8772924414337],[-75.260049576613,39.8770219273081],[-75.2605636682623,39.8768350803318],[-75.2610883065469,39.8766131297177],[-75.2612366589479,39.8765087945535]]},"properties":{"objectid":34520,"stname":"BARTRAM AVE","class1":"Major Arterial","recfacil":null,"bikenetwor":"YES","combined_s":"Urban Arterial","street_typ":"Urban Arterial","sidewlk_wd":"Greater than or equal to 12 feet","wlk_zn":"Greater than or equal to 6 feet","phase2_sid":"Yes"}},{"type":"Feature","id":34521,"geometry":{"type":"LineString","coordinates":[[-75.2612366589479,39.8765087945535],[-75.2612610718329,39.8764831762822]]},"properties":{"objectid":34521,"stname":"CITY BOUNDARY","class1":"City Boundary","recfacil":null,"bikenetwor":null,"combined_s":null,"street_typ":"N/A Interstate","sidewlk_wd":null,"wlk_zn":null,"phase2_sid":null}},{"type":"Feature","id":34522,"geometry":{"type":"LineString","coordinates":[[-75.2531295497494,39.8812444318621],[-75.2531005222996,39.8811501900407],[-75.2531010426881,39.8810377315751],[-75.2531199312762,39.8809308999746],[-75.2531781164638,39.8807684090133],[-75.2534214985459,39.8801594601194],[-75.2535417376565,39.8798944853083],[-75.2535942062881,39.8797390874783],[-75.2536234304938,39.8796043430338],[-75.2536799900022,39.8792903671045],[-75.2537376233942,39.8788587811924],[-75.2538338915171,39.8783865056851],[-75.2538862573567,39.8782533942316],[-75.2539624603815,39.8781095477075],[-75.2540531235001,39.8779601101055],[-75.2541541252751,39.8778339647849],[-75.2542875387416,39.8776870889223],[-75.254416328042,39.8775720802588],[-75.2546760778005,39.8773770412083],[-75.254949593296,39.8772370356024],[-75.2553200067178,39.8770753888178],[-75.2557571018878,39.8769598409071],[-75.2564729893278,39.876803458223],[-75.2570855972093,39.8766969348673],[-75.2577385581828,39.8765964972708],[-75.2584452007277,39.8765076440718],[-75.2585473873332,39.8764975520857],[-75.2587410955677,39.8764321865191]]},"properties":{"objectid":34522,"stname":"DELAWARE EXP RMP TP","class1":"High-Speed Ramp","recfacil":null,"bikenetwor":null,"combined_s":null,"street_typ":"N/A Interstate","sidewlk_wd":null,"wlk_zn":null,"phase2_sid":null}},{"type":"Feature","id":34525,"geometry":{"type":"LineString","coordinates":[[-75.2442895454712,39.8815790542743],[-75.244377362491,39.8814424105985],[-75.2446472683846,39.8810717477735],[-75.2449462930897,39.8806834415622],[-75.2453612623081,39.8802391727497],[-75.2455971948475,39.8800176599919],[-75.2458520908853,39.8797965611792],[-75.2461405791632,39.8795652271368],[-75.2465157567014,39.8792992276246],[-75.2472697695137,39.8787965521176],[-75.2480732725181,39.8783336960179],[-75.2492648751224,39.8777158251069],[-75.2503093747127,39.877251042899],[-75.2513367724947,39.8768461080542],[-75.2519230286394,39.8766425404227],[-75.2525482148816,39.8764473866786],[-75.2530047215995,39.8763144849561],[-75.2539471500052,39.8760622938872]]},"properties":{"objectid":34525,"stname":"INDUSTRIAL HWY","class1":"Major Arterial","recfacil":null,"bikenetwor":null,"combined_s":"Urban Arterial","street_typ":"Urban Arterial","sidewlk_wd":"Greater than or equal to 12 feet","wlk_zn":"Greater than or equal to 6 feet","phase2_sid":"Yes"}},{"type":"Feature","id":34526,"geometry":{"type":"LineString","coordinates":[[-75.2574668412409,39.8762523782155],[-75.257392615341,39.8762660345049]]},"properties":{"objectid":34526,"stname":"CITY BOUNDARY","class1":"City Boundary","recfacil":null,"bikenetwor":null,"combined_s":null,"street_typ":"N/A Interstate","sidewlk_wd":null,"wlk_zn":null,"phase2_sid":null}},{"type":"Feature","id":34546,"geometry":{"type":"LineString","coordinates":[[-75.2417282992029,39.9141928218926],[-75.2432288542801,39.9131214677721]]},"properties":{"objectid":34546,"stname":"ELMWOOD AVE","class1":"Collector Residential","recfacil":null,"bikenetwor":"YES","combined_s":"Lower Density Residential","street_typ":"Lower Density Residential","sidewlk_wd":"Greater than or equal to 10 feet","wlk_zn":"Greater than or equal to 5 feet","phase2_sid":"Yes"}},{"type":"Feature","id":34574,"geometry":{"type":"LineString","coordinates":[[-75.2081305164054,39.9579248730949],[-75.2094243491173,39.9580830720095]]},"properties":{"objectid":34574,"stname":"MARKET ST","class1":"Minor Arterial","recfacil":null,"bikenetwor":"YES","combined_s":"Urban Arterial","street_typ":"Urban Arterial","sidewlk_wd":"Greater than or equal to 12 feet","wlk_zn":"Greater than or equal to 6 feet","phase2_sid":"Yes"}},{"type":"Feature","id":34628,"geometry":{"type":"LineString","coordinates":[[-75.1886375406786,39.9699354316715],[-75.1886097584268,39.9703361378969],[-75.1885772935384,39.970528410164],[-75.1885952587652,39.9706808564069],[-75.1886742156375,39.9708212841121]]},"properties":{"objectid":34628,"stname":"LEMON HILL DR","class1":"Local Residential","recfacil":null,"bikenetwor":null,"combined_s":"Local (Catch All)","street_typ":"Local (Catch All)","sidewlk_wd":"Greater than or equal to 10 feet","wlk_zn":"Greater than or equal to 5 feet","phase2_sid":null}},{"type":"Feature","id":34630,"geometry":{"type":"LineString","coordinates":[[-75.2476412195123,39.9585327161023],[-75.2478943451567,39.957279362323]]},"properties":{"objectid":34630,"stname":"COBBS CREEK PKY","class1":"Major Arterial","recfacil":null,"bikenetwor":null,"combined_s":"Urban Arterial","street_typ":"Urban Arterial","sidewlk_wd":"Greater than or equal to 12 feet","wlk_zn":"Greater than or equal to 6 feet","phase2_sid":"Yes"}},{"type":"Feature","id":34632,"geometry":{"type":"LineString","coordinates":[[-75.1648908191728,39.9766778340382],[-75.1656839585619,39.9767819660759]]},"properties":{"objectid":34632,"stname":"JEFFERSON ST","class1":"Collector Residential","recfacil":null,"bikenetwor":null,"combined_s":"City Neighborhood Street","street_typ":"City Neighborhood Street","sidewlk_wd":"Greater than or equal to 12 feet","wlk_zn":"Greater than or equal to 6 feet","phase2_sid":"Yes"}},{"type":"Feature","id":34675,"geometry":{"type":"LineString","coordinates":[[-75.2722688241141,39.978849542614],[-75.272600029529,39.9792771028477]]},"properties":{"objectid":34675,"stname":"TRENT RD","class1":"City Boundary","recfacil":null,"bikenetwor":null,"combined_s":null,"street_typ":"Delete","sidewlk_wd":null,"wlk_zn":null,"phase2_sid":null}},{"type":"Feature","id":34684,"geometry":{"type":"LineString","coordinates":[[-75.1273046442385,39.9688324757511],[-75.1266724291063,39.9691760986656],[-75.1260408928766,39.969512254337]]},"properties":{"objectid":34684,"stname":"N DELAWARE AVE","class1":"Major Arterial","recfacil":null,"bikenetwor":"YES","combined_s":"Urban Arterial","street_typ":"Urban Arterial","sidewlk_wd":"Greater than or equal to 12 feet","wlk_zn":"Greater than or equal to 6 feet","phase2_sid":"Yes"}},{"type":"Feature","id":34700,"geometry":{"type":"LineString","coordinates":[[-75.2180883445356,39.8861991347394],[-75.2220579699775,39.8843680650655],[-75.2233206226064,39.8837751036172]]},"properties":{"objectid":34700,"stname":"ENTERPRISE AVE","class1":"Minor Arterial","recfacil":"Bike Lanes","bikenetwor":null,"combined_s":"Auto Oriented Commercial/Industrial","street_typ":"Auto Oriented Commercial/Industrial","sidewlk_wd":"Greater than or equal to 12 feet","wlk_zn":"Greater than or equal to 6 feet","phase2_sid":"Yes"}},{"type":"Feature","id":34704,"geometry":{"type":"LineString","coordinates":[[-75.1729739078191,39.909251289904],[-75.1732957268788,39.9092922251149]]},"properties":{"objectid":34704,"stname":"GEARY ST","class1":"Major Arterial","recfacil":null,"bikenetwor":null,"combined_s":null,"street_typ":"Local (Catch All)","sidewlk_wd":null,"wlk_zn":null,"phase2_sid":"Yes"}},{"type":"Feature","id":34732,"geometry":{"type":"LineString","coordinates":[[-75.1477817660453,39.9552651793449],[-75.1478685222775,39.955449016559],[-75.1478916288037,39.9555412556168]]},"properties":{"objectid":34732,"stname":"N 05TH ST","class1":"Collector Residential","recfacil":null,"bikenetwor":"YES","combined_s":"Urban Arterial","street_typ":"Urban Arterial","sidewlk_wd":"Greater than or equal to 12 feet","wlk_zn":"Greater than or equal to 6 feet","phase2_sid":null}},{"type":"Feature","id":34735,"geometry":{"type":"LineString","coordinates":[[-75.2329467659167,39.9088820246739],[-75.2340519563971,39.9076511478019],[-75.2343461157181,39.9073161588744],[-75.234734621283,39.9068810366029],[-75.234982773588,39.9066220863357],[-75.2351657942659,39.9064622777816]]},"properties":{"objectid":34735,"stname":"LINDBERGH BLV","class1":"Major Arterial","recfacil":"Buffered Bike Lane","bikenetwor":"YES","combined_s":"Auto Oriented Commercial/Industrial","street_typ":"Auto Oriented Commercial/Industrial","sidewlk_wd":"Greater than or equal to 12 feet","wlk_zn":"Greater than or equal to 6 feet","phase2_sid":"Yes"}},{"type":"Feature","id":34761,"geometry":{"type":"LineString","coordinates":[[-75.1259615044542,39.9693926817575],[-75.1260408928766,39.969512254337]]},"properties":{"objectid":34761,"stname":"E MONTGOMERY AVE","class1":"Collector Residential","recfacil":null,"bikenetwor":null,"combined_s":"Lower Density Residential","street_typ":"Lower Density Residential","sidewlk_wd":"Greater than or equal to 10 feet","wlk_zn":"Greater than or equal to 5 feet","phase2_sid":"Yes"}},{"type":"Feature","id":34762,"geometry":{"type":"LineString","coordinates":[[-75.1560870197813,39.9693192998602],[-75.1559224732514,39.9700843928676],[-75.1558308096042,39.9704854163851]]},"properties":{"objectid":34762,"stname":"N 12TH ST","class1":"Collector Residential","recfacil":null,"bikenetwor":"YES","combined_s":"City Neighborhood Street","street_typ":"City Neighborhood Street","sidewlk_wd":"Greater than or equal to 12 feet","wlk_zn":"Greater than or equal to 6 feet","phase2_sid":"Yes"}},{"type":"Feature","id":34775,"geometry":{"type":"LineString","coordinates":[[-75.1744760273031,39.9038541926672],[-75.1746584062006,39.9029826875282]]},"properties":{"objectid":34775,"stname":"S BROAD ST","class1":"Major Arterial","recfacil":"Marked Shared Lane","bikenetwor":"YES","combined_s":"Urban Arterial","street_typ":"Urban Arterial","sidewlk_wd":"Greater than or equal to 12 feet","wlk_zn":"Greater than or equal to 6 feet","phase2_sid":"Yes"}},{"type":"Feature","id":34803,"geometry":{"type":"LineString","coordinates":[[-75.1908345850199,40.0741235685897],[-75.1905593621092,40.0746265949661]]},"properties":{"objectid":34803,"stname":"MERMAID LN","class1":"Non-Philadelphia","recfacil":"Bike Lanes","bikenetwor":"YES","combined_s":"Lower Density Residential","street_typ":"Lower Density Residential","sidewlk_wd":"Greater than or equal to 10 feet","wlk_zn":"Greater than or equal to 5 feet","phase2_sid":null}},{"type":"Feature","id":34839,"geometry":{"type":"LineString","coordinates":[[-75.1964478202692,39.9549163237977],[-75.1966020149423,39.9541585863694]]},"properties":{"objectid":34839,"stname":"S 37TH ST","class1":"Local Residential","recfacil":null,"bikenetwor":null,"combined_s":"Local (Catch All)","street_typ":"Local (Catch All)","sidewlk_wd":"Greater than or equal to 10 feet","wlk_zn":"Greater than or equal to 5 feet","phase2_sid":null}},{"type":"Feature","id":34842,"geometry":{"type":"LineString","coordinates":[[-75.175401597574,39.897351691949],[-75.1756368164851,39.8973818007304]]},"properties":{"objectid":34842,"stname":"LEAGUE ISLAND BLV","class1":"Non-Philadelphia","recfacil":null,"bikenetwor":null,"combined_s":null,"street_typ":"City Neighborhood Street","sidewlk_wd":null,"wlk_zn":null,"phase2_sid":null}},{"type":"Feature","id":34843,"geometry":{"type":"LineString","coordinates":[[-75.192436173675,39.8976115643902],[-75.192068191184,39.8964819233212],[-75.191575016599,39.8949679046534]]},"properties":{"objectid":34843,"stname":"BASIN BRIDGE RD","class1":"Non-Philadelphia","recfacil":null,"bikenetwor":null,"combined_s":"City Neighborhood Street","street_typ":"City Neighborhood Street","sidewlk_wd":"Greater than or equal to 12 feet","wlk_zn":"Greater than or equal to 6 feet","phase2_sid":null}},{"type":"Feature","id":34851,"geometry":{"type":"LineString","coordinates":[[-75.2456861964715,39.9922190249681],[-75.2480130098704,39.9911255779519]]},"properties":{"objectid":34851,"stname":"CITY AVE","class1":"Major Arterial","recfacil":null,"bikenetwor":null,"combined_s":"Urban Arterial","street_typ":"Urban Arterial","sidewlk_wd":"Greater than or equal to 12 feet","wlk_zn":"Greater than or equal to 6 feet","phase2_sid":"Yes"}},{"type":"Feature","id":34861,"geometry":{"type":"LineString","coordinates":[[-75.1800855465822,40.0207148893741],[-75.1802811134323,40.0208405130431],[-75.1803626818057,40.0208979423711],[-75.1804595735867,40.0209527889477],[-75.1805334252121,40.0210129728525],[-75.1805815391819,40.0210491680851],[-75.1806395142804,40.0211265555413],[-75.180715619888,40.0212277613539],[-75.1817079841611,40.0205534399525],[-75.1817577579895,40.0205457728445],[-75.1817890692692,40.0205230613112],[-75.1818405696947,40.020481559347]]},"properties":{"objectid":34861,"stname":"WOODPIPE LN","class1":"Local Residential","recfacil":null,"bikenetwor":null,"combined_s":"Lower Density Residential","street_typ":"Lower Density Residential","sidewlk_wd":"Greater than or equal to 10 feet","wlk_zn":"Greater than or equal to 5 feet","phase2_sid":null}},{"type":"Feature","id":34888,"geometry":{"type":"LineString","coordinates":[[-75.1778628806072,39.9645641643196],[-75.1779809153054,39.964620416059],[-75.1780519548466,39.9646693557986],[-75.178071516632,39.9646807686242],[-75.1781275029472,39.9647134310772],[-75.1782066190218,39.9647557121747],[-75.1782872706183,39.9647975518986],[-75.1783699233094,39.9648354052878],[-75.1784550438214,39.9648657274063],[-75.1785444112106,39.9648848261301],[-75.1786412062681,39.9648905526423],[-75.1787391035081,39.964884143718],[-75.1788309228616,39.9648669854921],[-75.1789160839398,39.9648377359821],[-75.1789980582396,39.9647995904932],[-75.1791525986142,39.964723129085]]},"properties":{"objectid":34888,"stname":"SPRING GARDEN ST","class1":"Minor Arterial","recfacil":"Bike Lane","bikenetwor":"YES","combined_s":"Civic/Ceremonial Street","street_typ":"Civic/Ceremonial Street","sidewlk_wd":"Greater than or equal to  20 feet","wlk_zn":"Greater than or equal to 10 feet","phase2_sid":"Yes"}},{"type":"Feature","id":34920,"geometry":{"type":"LineString","coordinates":[[-75.2151351354985,40.0880586079649],[-75.2167958382536,40.0890345552759],[-75.2168027671761,40.0890384921553]]},"properties":{"objectid":34920,"stname":"STENTON AVE","class1":"Major Arterial","recfacil":"Marked Shared Lane","bikenetwor":"YES","combined_s":"Urban Arterial","street_typ":"Urban Arterial","sidewlk_wd":"Greater than or equal to 12 feet","wlk_zn":"Greater than or equal to 6 feet","phase2_sid":"Yes"}},{"type":"Feature","id":34923,"geometry":{"type":"LineString","coordinates":[[-75.2225762763385,39.8925110637433],[-75.2228332564356,39.8924255940962]]},"properties":{"objectid":34923,"stname":"PENROSE FERRY RD","class1":"Major Arterial","recfacil":null,"bikenetwor":null,"combined_s":"Urban Arterial","street_typ":"Urban Arterial","sidewlk_wd":"Greater than or equal to 12 feet","wlk_zn":"Greater than or equal to 6 feet","phase2_sid":"Yes"}},{"type":"Feature","id":34938,"geometry":{"type":"LineString","coordinates":[[-75.0643306487458,40.0361850858785],[-75.0637715584124,40.0363074182745],[-75.063291816641,40.036438536802],[-75.0627484806702,40.0366511787148],[-75.0623837801116,40.0368034484062]]},"properties":{"objectid":34938,"stname":"E ROOSEVELT BLV","class1":"Major Arterial","recfacil":null,"bikenetwor":null,"combined_s":"Urban Arterial","street_typ":"Urban Arterial","sidewlk_wd":"Greater than or equal to 12 feet","wlk_zn":"Greater than or equal to 6 feet","phase2_sid":"Yes"}},{"type":"Feature","id":34964,"geometry":{"type":"LineString","coordinates":[[-75.2498770238619,39.988372699834],[-75.2499646160042,39.9886661141395],[-75.2500610542668,39.9888385027113],[-75.2508233806345,39.9898047817093]]},"properties":{"objectid":34964,"stname":"N 63RD ST","class1":"Minor Arterial","recfacil":"Marked Shared Lane","bikenetwor":null,"combined_s":"Walkable Commercial Corridors","street_typ":"Walkable Commercial Corridors","sidewlk_wd":"Greater than or equal to 12 feet","wlk_zn":"Greater than or equal to 6 feet","phase2_sid":"Yes"}},{"type":"Feature","id":34989,"geometry":{"type":"LineString","coordinates":[[-75.1924042556041,39.9497549602463],[-75.1924802200635,39.9496885205992],[-75.192647050023,39.9494550487636],[-75.1927448771672,39.9491653031074],[-75.1928129515129,39.9488262387897],[-75.1929078040297,39.9486670737594]]},"properties":{"objectid":34989,"stname":"S 33RD ST","class1":"Minor Arterial","recfacil":null,"bikenetwor":"YES","combined_s":"Urban Arterial","street_typ":"Urban Arterial","sidewlk_wd":"Greater than or equal to 12 feet","wlk_zn":"Greater than or equal to 6 feet","phase2_sid":"Yes"}},{"type":"Feature","id":35013,"geometry":{"type":"LineString","coordinates":[[-75.1196206044232,39.9729595116071],[-75.118788449507,39.9737266147228],[-75.11872834089,39.9738395788702]]},"properties":{"objectid":35013,"stname":"RICHMOND ST","class1":"Minor Arterial","recfacil":null,"bikenetwor":"YES","combined_s":"Urban Arterial","street_typ":"Urban Arterial","sidewlk_wd":"Greater than or equal to 12 feet","wlk_zn":"Greater than or equal to 6 feet","phase2_sid":"Yes"}},{"type":"Feature","id":35020,"geometry":{"type":"LineString","coordinates":[[-75.1585356272834,39.9506630531483],[-75.158635830597,39.9502121155384]]},"properties":{"objectid":35020,"stname":"S 11TH ST","class1":"Minor Arterial","recfacil":null,"bikenetwor":null,"combined_s":"High Volume Pedestrian","street_typ":"High Volume Pedestrian","sidewlk_wd":"Greater than or equal to 16 feet","wlk_zn":"Greater than or equal to 8 feet","phase2_sid":null}},{"type":"Feature","id":35060,"geometry":{"type":"LineString","coordinates":[[-75.1836214138589,40.0128966577901],[-75.1841699180924,40.0133781987731]]},"properties":{"objectid":35060,"stname":"HENRY AVE","class1":"Major Arterial","recfacil":null,"bikenetwor":null,"combined_s":"Urban Arterial","street_typ":"Urban Arterial","sidewlk_wd":"Greater than or equal to 12 feet","wlk_zn":"Greater than or equal to 6 feet","phase2_sid":"Yes"}},{"type":"Feature","id":35063,"geometry":{"type":"LineString","coordinates":[[-75.1945836864524,40.0227611378712],[-75.1949583176759,40.0231515865871],[-75.19579963272,40.0239986015743],[-75.1959051507356,40.0241007410435],[-75.1973428504495,40.025537592659],[-75.1976975492538,40.0257748450061],[-75.1982040569198,40.0259646421112],[-75.1986378524557,40.0260603001413],[-75.1989931305976,40.0260799219239],[-75.1994011253411,40.0260176427096]]},"properties":{"objectid":35063,"stname":"HENRY AVE","class1":"Major Arterial","recfacil":null,"bikenetwor":"YES","combined_s":"Urban Arterial","street_typ":"Urban Arterial","sidewlk_wd":"Greater than or equal to 12 feet","wlk_zn":"Greater than or equal to 6 feet","phase2_sid":"Yes"}},{"type":"Feature","id":35095,"geometry":{"type":"LineString","coordinates":[[-75.1819493190652,39.9131930008362],[-75.1820944646,39.9124886018813],[-75.1825465302659,39.9104923270382]]},"properties":{"objectid":35095,"stname":"S 20TH ST","class1":"Minor Arterial","recfacil":null,"bikenetwor":"YES","combined_s":"City Neighborhood Street","street_typ":"City Neighborhood Street","sidewlk_wd":"Greater than or equal to 12 feet","wlk_zn":"Greater than or equal to 6 feet","phase2_sid":"Yes"}},{"type":"Feature","id":35120,"geometry":{"type":"LineString","coordinates":[[-75.1951322039343,39.9516782012927],[-75.1953254694848,39.9507910354856]]},"properties":{"objectid":35120,"stname":"S 36TH ST","class1":"Non Travel","recfacil":null,"bikenetwor":null,"combined_s":null,"street_typ":"Pedestrian-Access Only","sidewlk_wd":null,"wlk_zn":null,"phase2_sid":null}},{"type":"Feature","id":35173,"geometry":{"type":"LineString","coordinates":[[-75.1958893577097,39.9961846395584],[-75.1936929381849,39.9984220151507]]},"properties":{"objectid":35173,"stname":"MARTIN LUTHER KING DR RMP N","class1":"Minor Arterial","recfacil":null,"bikenetwor":null,"combined_s":"Scenic Drive","street_typ":"Scenic Drive","sidewlk_wd":"Greater than or equal to 9 feet","wlk_zn":"Greater than or equal to 6 feet","phase2_sid":"Yes"}},{"type":"Feature","id":35177,"geometry":{"type":"LineString","coordinates":[[-75.2001450917794,40.058386440148],[-75.2002108773352,40.0584806068956],[-75.2004357895187,40.0588140131781],[-75.2005568396989,40.0589626624421],[-75.2008165860916,40.0592116961592],[-75.20096424738,40.059397843099],[-75.2010180071564,40.0595384991181],[-75.2010389920942,40.0596119458012],[-75.2010644605207,40.0597767192637],[-75.2010262059299,40.0599522416823],[-75.2009888931104,40.0600306380815]]},"properties":{"objectid":35177,"stname":"EMLEN ST","class1":"Major Arterial","recfacil":"Marked Shared Lane","bikenetwor":"YES","combined_s":"Scenic Drive","street_typ":"Scenic Drive","sidewlk_wd":"Greater than or equal to 9 feet","wlk_zn":"Greater than or equal to 6 feet","phase2_sid":"Yes"}},{"type":"Feature","id":35209,"geometry":{"type":"LineString","coordinates":[[-75.2061705222091,40.0091483611303],[-75.2061300266092,40.0091390241941],[-75.2047743066667,40.0087751661009],[-75.2040494876894,40.0085545074198],[-75.2031582959743,40.0082659489412]]},"properties":{"objectid":35209,"stname":"EB SCHUYLKILL EXP","class1":"Expressway","recfacil":null,"bikenetwor":null,"combined_s":null,"street_typ":"N/A Interstate","sidewlk_wd":null,"wlk_zn":null,"phase2_sid":null}},{"type":"Feature","id":35210,"geometry":{"type":"LineString","coordinates":[[-75.2061705222091,40.0091483611303],[-75.2063744050724,40.0091666230663],[-75.2064550971191,40.0091724247112],[-75.206761993269,40.0092013005328],[-75.2070728283871,40.0092643810161],[-75.2072442696724,40.0092862413578],[-75.2074435000924,40.0093119559464],[-75.2076503383447,40.0093153036924],[-75.2079730644881,40.0093073992019],[-75.2083558159719,40.0092592684288],[-75.2086086480643,40.0092047710923],[-75.2088791889866,40.0091429120386],[-75.2095495510118,40.0089596313445],[-75.2105043742178,40.0086252333316],[-75.2107685864678,40.0085605467505]]},"properties":{"objectid":35210,"stname":"SCHUYLKILL EXP RMP H","class1":"Low-Speed Ramp","recfacil":null,"bikenetwor":null,"combined_s":null,"street_typ":"N/A Interstate","sidewlk_wd":null,"wlk_zn":null,"phase2_sid":null}},{"type":"Feature","id":35227,"geometry":{"type":"LineString","coordinates":[[-75.1334604277028,40.0598243267951],[-75.1332413873292,40.0598658635281],[-75.1325943058049,40.0600292159583]]},"properties":{"objectid":35227,"stname":"MOUNTAIN AVE","class1":"Non-Philadelphia","recfacil":null,"bikenetwor":null,"combined_s":null,"street_typ":"Delete","sidewlk_wd":null,"wlk_zn":null,"phase2_sid":null}},{"type":"Feature","id":35264,"geometry":{"type":"LineString","coordinates":[[-75.0967400310705,40.0689887820894],[-75.0971429224604,40.0692338986468]]},"properties":{"objectid":35264,"stname":"COTTMAN AVE","class1":"City Boundary","recfacil":"Further Study Required","bikenetwor":null,"combined_s":null,"street_typ":"Delete","sidewlk_wd":null,"wlk_zn":null,"phase2_sid":null}},{"type":"Feature","id":35265,"geometry":{"type":"LineString","coordinates":[[-75.0967400310705,40.0689887820894],[-75.0966822186105,40.0686794562388],[-75.0966401959023,40.0684760121688],[-75.0966296783846,40.0682802776663]]},"properties":{"objectid":35265,"stname":"W LAUREL AVE","class1":"Non-Philadelphia","recfacil":null,"bikenetwor":null,"combined_s":null,"street_typ":"Delete","sidewlk_wd":null,"wlk_zn":null,"phase2_sid":null}},{"type":"Feature","id":35267,"geometry":{"type":"LineString","coordinates":[[-75.2186777596696,39.88932128947],[-75.2159211794872,39.8876088585618],[-75.2146366295775,39.8869218862764],[-75.2143173454485,39.8867812092363],[-75.2139806415128,39.8866478746061],[-75.2138130052042,39.8865899273308],[-75.2134617847868,39.8864685181133],[-75.2130854432043,39.8863534047326],[-75.2127199673195,39.8862613908905],[-75.2121666352577,39.8861521803586],[-75.211736401416,39.8860793946928],[-75.2110148369205,39.8859972198321],[-75.2105077444932,39.8859890450736]]},"properties":{"objectid":35267,"stname":"SB DELAWARE EXP","class1":"Expressway","recfacil":null,"bikenetwor":null,"combined_s":null,"street_typ":"N/A Interstate","sidewlk_wd":null,"wlk_zn":null,"phase2_sid":null}},{"type":"Feature","id":35273,"geometry":{"type":"LineString","coordinates":[[-75.1688967116766,39.9031486383873],[-75.1739188834792,39.9037974897328]]},"properties":{"objectid":35273,"stname":"NORTH ACCESS RD","class1":"Local Residential","recfacil":null,"bikenetwor":null,"combined_s":"Local (Catch All)","street_typ":"Local (Catch All)","sidewlk_wd":"Greater than or equal to 10 feet","wlk_zn":"Greater than or equal to 5 feet","phase2_sid":null}},{"type":"Feature","id":35345,"geometry":{"type":"LineString","coordinates":[[-75.2080465484787,39.9835021103049],[-75.2080421603374,39.9837510979851],[-75.2080772145652,39.9842931525758],[-75.2080716951097,39.984651854602],[-75.2080449786268,39.9849431886156],[-75.2079834790482,39.9853188969798],[-75.2079332903413,39.9856036293339],[-75.2078524122593,39.9858633539537],[-75.2077641609418,39.9861692744973],[-75.2076881856311,39.9864185217425],[-75.207616622069,39.9866435837515],[-75.2075342763758,39.9867674234043]]},"properties":{"objectid":35345,"stname":"SCHUYLKILL EXP RMP D","class1":"Low-Speed Ramp","recfacil":null,"bikenetwor":null,"combined_s":null,"street_typ":"N/A Interstate","sidewlk_wd":null,"wlk_zn":null,"phase2_sid":null}},{"type":"Feature","id":35357,"geometry":{"type":"LineString","coordinates":[[-75.0452814555723,40.0392888249773],[-75.0441954849449,40.0386699074025]]},"properties":{"objectid":35357,"stname":"COTTMAN AVE","class1":"Major Arterial","recfacil":"Further Study Required","bikenetwor":null,"combined_s":"Urban Arterial","street_typ":"Urban Arterial","sidewlk_wd":"Greater than or equal to 12 feet","wlk_zn":"Greater than or equal to 6 feet","phase2_sid":"Yes"}},{"type":"Feature","id":35369,"geometry":{"type":"LineString","coordinates":[[-75.1579644644054,39.953266267558],[-75.1578660700615,39.9537575355594]]},"properties":{"objectid":35369,"stname":"N 11TH ST","class1":"Minor Arterial","recfacil":null,"bikenetwor":null,"combined_s":"City Neighborhood Street","street_typ":"City Neighborhood Street","sidewlk_wd":"Greater than or equal to 12 feet","wlk_zn":"Greater than or equal to 6 feet","phase2_sid":null}},{"type":"Feature","id":35391,"geometry":{"type":"LineString","coordinates":[[-75.1376610481756,40.0092056568941],[-75.1385803391886,40.0087988585552]]},"properties":{"objectid":35391,"stname":"RISING SUN AVE","class1":"Minor Arterial","recfacil":null,"bikenetwor":null,"combined_s":"City Neighborhood Street","street_typ":"City Neighborhood Street","sidewlk_wd":"Greater than or equal to 12 feet","wlk_zn":"Greater than or equal to 6 feet","phase2_sid":"Yes"}},{"type":"Feature","id":35413,"geometry":{"type":"LineString","coordinates":[[-75.1439195183343,40.0063278987132],[-75.1458289914096,40.0054727842678],[-75.1459560611736,40.0054309102107]]},"properties":{"objectid":35413,"stname":"RISING SUN AVE","class1":"Minor Arterial","recfacil":null,"bikenetwor":null,"combined_s":"City Neighborhood Street","street_typ":"City Neighborhood Street","sidewlk_wd":"Greater than or equal to 12 feet","wlk_zn":"Greater than or equal to 6 feet","phase2_sid":"Yes"}},{"type":"Feature","id":35414,"geometry":{"type":"LineString","coordinates":[[-75.2196955515653,39.9625325674751],[-75.2197713253834,39.9630193728271],[-75.2200465724577,39.9638289341338]]},"properties":{"objectid":35414,"stname":"N 49TH ST","class1":"Collector Residential","recfacil":"Bike Lane","bikenetwor":null,"combined_s":"Lower Density Residential","street_typ":"Lower Density Residential","sidewlk_wd":"Greater than or equal to 10 feet","wlk_zn":"Greater than or equal to 5 feet","phase2_sid":"Yes"}},{"type":"Feature","id":35428,"geometry":{"type":"LineString","coordinates":[[-75.1811915478597,39.9167377021719],[-75.1818888900988,39.9135204750684],[-75.1818895787526,39.9135172982097],[-75.1819493190652,39.9131930008362]]},"properties":{"objectid":35428,"stname":"S 20TH ST","class1":"Minor Arterial","recfacil":"Marked Shared Lane","bikenetwor":"YES","combined_s":"Auto Oriented Commercial/Industrial","street_typ":"Auto Oriented Commercial/Industrial","sidewlk_wd":"Greater than or equal to 12 feet","wlk_zn":"Greater than or equal to 6 feet","phase2_sid":"Yes"}},{"type":"Feature","id":35440,"geometry":{"type":"LineString","coordinates":[[-75.2271646285335,40.0525431058782],[-75.2252737472397,40.0534065989613]]},"properties":{"objectid":35440,"stname":"WIGARD AVE","class1":"Collector Residential","recfacil":null,"bikenetwor":null,"combined_s":"City Neighborhood Street","street_typ":"City Neighborhood Street","sidewlk_wd":"Greater than or equal to 12 feet","wlk_zn":"Greater than or equal to 6 feet","phase2_sid":"Yes"}},{"type":"Feature","id":35452,"geometry":{"type":"LineString","coordinates":[[-75.1455560079719,40.0352711858152],[-75.1451515807425,40.0371552696508]]},"properties":{"objectid":35452,"stname":"N BROAD ST","class1":"Major Arterial","recfacil":null,"bikenetwor":null,"combined_s":"Urban Arterial","street_typ":"Urban Arterial","sidewlk_wd":"Greater than or equal to 12 feet","wlk_zn":"Greater than or equal to 6 feet","phase2_sid":"Yes"}},{"type":"Feature","id":35460,"geometry":{"type":"LineString","coordinates":[[-75.1840240441812,39.9633376950811],[-75.1837821087385,39.9630946479798],[-75.1836848041496,39.9629968959768],[-75.1834431187914,39.9626995624157],[-75.1831568092134,39.9623282472],[-75.1829230266218,39.9620310883378],[-75.1826985206829,39.9616976465025],[-75.1824733280231,39.961382433374],[-75.1823013466052,39.9611231470585],[-75.1822340308022,39.961032799021]]},"properties":{"objectid":35460,"stname":"EB SCHUYLKILL EXP","class1":"Expressway","recfacil":null,"bikenetwor":null,"combined_s":null,"street_typ":"N/A Interstate","sidewlk_wd":null,"wlk_zn":null,"phase2_sid":null}},{"type":"Feature","id":35468,"geometry":{"type":"LineString","coordinates":[[-75.2327612943788,40.0562116950072],[-75.2325174228333,40.0562805258603],[-75.2324095627807,40.0563892872532],[-75.2323352584521,40.0564930859901],[-75.2321117039742,40.0567218342331]]},"properties":{"objectid":35468,"stname":"7901 APARTMENT DWY","class1":"Driveway","recfacil":null,"bikenetwor":null,"combined_s":"No Classification","street_typ":"Local (Catch All)","sidewlk_wd":null,"wlk_zn":null,"phase2_sid":null}},{"type":"Feature","id":35491,"geometry":{"type":"LineString","coordinates":[[-75.1948602757652,39.9743477781489],[-75.1948961326389,39.9744936962964],[-75.1949735354346,39.9750084664548],[-75.1949004229374,39.9751711902931]]},"properties":{"objectid":35491,"stname":"N 34TH ST","class1":"Major Arterial","recfacil":null,"bikenetwor":null,"combined_s":"Urban Arterial","street_typ":"Urban Arterial","sidewlk_wd":"Greater than or equal to 12 feet","wlk_zn":"Greater than or equal to 6 feet","phase2_sid":"Yes"}},{"type":"Feature","id":35502,"geometry":{"type":"LineString","coordinates":[[-75.1441254310706,40.0021673015067],[-75.1443684511586,40.0020561084488],[-75.1455245985684,40.0015941018781]]},"properties":{"objectid":35502,"stname":"W SEDGLEY AVE","class1":"Minor Arterial","recfacil":null,"bikenetwor":"YES","combined_s":"Auto Oriented Commercial/Industrial","street_typ":"Auto Oriented Commercial/Industrial","sidewlk_wd":"Greater than or equal to 12 feet","wlk_zn":"Greater than or equal to 6 feet","phase2_sid":"Yes"}},{"type":"Feature","id":35559,"geometry":{"type":"LineString","coordinates":[[-75.1740395684357,40.0169711656392],[-75.1748628100272,40.0165399598936],[-75.1773182464404,40.0150825496456],[-75.1778712544896,40.0146962139204]]},"properties":{"objectid":35559,"stname":"W ROOSEVELT BLV","class1":"Expressway","recfacil":null,"bikenetwor":null,"combined_s":"No Classification","street_typ":"Urban Arterial","sidewlk_wd":null,"wlk_zn":null,"phase2_sid":null}},{"type":"Feature","id":35561,"geometry":{"type":"LineString","coordinates":[[-75.1964104407705,39.9045974008373],[-75.1968131559046,39.9044201020996],[-75.2008199129324,39.9026561582524],[-75.2011300807112,39.9025188484187],[-75.2106572747205,39.8982579867868],[-75.2113020726007,39.8979687378119],[-75.2119635343648,39.8976660698669],[-75.2127280960632,39.8973196059045],[-75.2132631328889,39.8970771473597],[-75.2137722647593,39.8968464236062],[-75.2145537627041,39.8964846938383],[-75.2208093418355,39.8936768809844]]},"properties":{"objectid":35561,"stname":"PENROSE AVE","class1":"Major Arterial","recfacil":null,"bikenetwor":null,"combined_s":"Auto Oriented Commercial/Industrial","street_typ":"Auto Oriented Commercial/Industrial","sidewlk_wd":"Greater than or equal to 12 feet","wlk_zn":"Greater than or equal to 6 feet","phase2_sid":"Yes"}},{"type":"Feature","id":35568,"geometry":{"type":"LineString","coordinates":[[-75.2065152485013,40.0148548576795],[-75.20697253818,40.0149875452532]]},"properties":{"objectid":35568,"stname":"RIDGE AVE","class1":"Minor Arterial","recfacil":null,"bikenetwor":"YES","combined_s":"Urban Arterial","street_typ":"Urban Arterial","sidewlk_wd":"Greater than or equal to 12 feet","wlk_zn":"Greater than or equal to 6 feet","phase2_sid":"Yes"}},{"type":"Feature","id":35592,"geometry":{"type":"LineString","coordinates":[[-75.0617390575171,40.0559013163317],[-75.0591333140696,40.0556709156696],[-75.0589345499517,40.0557057907205]]},"properties":{"objectid":35592,"stname":"GLENDALE AVE","class1":"Collector Residential","recfacil":"Bike Lane","bikenetwor":"YES","combined_s":"Lower Density Residential","street_typ":"Lower Density Residential","sidewlk_wd":"Greater than or equal to 10 feet","wlk_zn":"Greater than or equal to 5 feet","phase2_sid":"Yes"}},{"type":"Feature","id":35610,"geometry":{"type":"LineString","coordinates":[[-75.1744508440461,39.964123420661],[-75.1742994891662,39.9647926013025]]},"properties":{"objectid":35610,"stname":"N 22ND ST","class1":"Collector Residential","recfacil":"Bike Lanes","bikenetwor":"YES","combined_s":"City Neighborhood Street","street_typ":"City Neighborhood Street","sidewlk_wd":"Greater than or equal to 12 feet","wlk_zn":"Greater than or equal to 6 feet","phase2_sid":"Yes"}},{"type":"Feature","id":35624,"geometry":{"type":"LineString","coordinates":[[-75.2107685864678,40.0085605467505],[-75.2107070298327,40.0084654622833],[-75.210519893174,40.0082103484452],[-75.2097930597224,40.0073152471075],[-75.2095565793378,40.0071494940059]]},"properties":{"objectid":35624,"stname":"PRESIDENTIAL BLV","class1":"Collector Residential","recfacil":null,"bikenetwor":null,"combined_s":"City Neighborhood Street","street_typ":"City Neighborhood Street","sidewlk_wd":"Greater than or equal to 12 feet","wlk_zn":"Greater than or equal to 6 feet","phase2_sid":"Yes"}},{"type":"Feature","id":35627,"geometry":{"type":"LineString","coordinates":[[-75.2440626281311,39.9901635511653],[-75.2456861964715,39.9922190249681]]},"properties":{"objectid":35627,"stname":"N 59TH ST","class1":"Collector Residential","recfacil":null,"bikenetwor":null,"combined_s":"Lower Density Residential","street_typ":"Lower Density Residential","sidewlk_wd":"Greater than or equal to 10 feet","wlk_zn":"Greater than or equal to 5 feet","phase2_sid":"Yes"}},{"type":"Feature","id":35650,"geometry":{"type":"LineString","coordinates":[[-75.2039809361987,39.9627367837687],[-75.204114115124,39.9638791859844]]},"properties":{"objectid":35650,"stname":"N PRESTON ST","class1":"Collector Residential","recfacil":"Bike Friendly Street","bikenetwor":null,"combined_s":"City Neighborhood Street","street_typ":"City Neighborhood Street","sidewlk_wd":"Greater than or equal to 12 feet","wlk_zn":"Greater than or equal to 6 feet","phase2_sid":"Yes"}},{"type":"Feature","id":35680,"geometry":{"type":"LineString","coordinates":[[-75.2315283514729,39.9647868218389],[-75.2320527572112,39.9648478617296]]},"properties":{"objectid":35680,"stname":"SUMMER ST","class1":"Local Residential","recfacil":null,"bikenetwor":null,"combined_s":"Local (Catch All)","street_typ":"Local (Catch All)","sidewlk_wd":"Greater than or equal to 10 feet","wlk_zn":"Greater than or equal to 5 feet","phase2_sid":null}},{"type":"Feature","id":35687,"geometry":{"type":"LineString","coordinates":[[-75.2143268654919,39.9571387428769],[-75.214485737453,39.9563752416483]]},"properties":{"objectid":35687,"stname":"FARRAGUT ST","class1":"Local Residential","recfacil":null,"bikenetwor":null,"combined_s":"Local (Catch All)","street_typ":"Local (Catch All)","sidewlk_wd":"Greater than or equal to 10 feet","wlk_zn":"Greater than or equal to 5 feet","phase2_sid":null}},{"type":"Feature","id":35690,"geometry":{"type":"LineString","coordinates":[[-75.2065188633353,39.9892586831538],[-75.2072574484532,39.9882734211311],[-75.2075862610746,39.9877356733294],[-75.207764913969,39.9873672822371],[-75.2079025905865,39.9870627392977],[-75.2079889793098,39.986816420155],[-75.2080313338799,39.9867039868697],[-75.2080746610381,39.9865889730166],[-75.2081276893442,39.9863904825816],[-75.2081972593409,39.9861249031141],[-75.208284683464,39.9857208835375],[-75.2083274259664,39.9854238226292],[-75.2083437389897,39.9851991585228],[-75.208358976011,39.9847920166856],[-75.208333003765,39.9840597977634]]},"properties":{"objectid":35690,"stname":"EB SCHUYLKILL EXP","class1":"Expressway","recfacil":null,"bikenetwor":null,"combined_s":null,"street_typ":"N/A Interstate","sidewlk_wd":null,"wlk_zn":null,"phase2_sid":null}},{"type":"Feature","id":35703,"geometry":{"type":"LineString","coordinates":[[-75.1717188709421,39.9586719671457],[-75.1720410834079,39.9589281382311]]},"properties":{"objectid":35703,"stname":"BENJAMIN FRANKLIN PKY","class1":"Major Arterial","recfacil":null,"bikenetwor":"YES","combined_s":"Civic/Ceremonial Street","street_typ":"Civic/Ceremonial Street","sidewlk_wd":"Greater than or equal to  20 feet","wlk_zn":"Greater than or equal to 10 feet","phase2_sid":null}},{"type":"Feature","id":35716,"geometry":{"type":"LineString","coordinates":[[-75.2226163287751,39.9721292157592],[-75.2227113032144,39.9726586088753]]},"properties":{"objectid":35716,"stname":"N 50TH ST","class1":"Local Residential","recfacil":null,"bikenetwor":null,"combined_s":"Local (Catch All)","street_typ":"Local (Catch All)","sidewlk_wd":"Greater than or equal to 10 feet","wlk_zn":"Greater than or equal to 5 feet","phase2_sid":null}},{"type":"Feature","id":35720,"geometry":{"type":"LineString","coordinates":[[-75.1471135589426,40.0212895428795],[-75.1485693367058,40.0214852045645]]},"properties":{"objectid":35720,"stname":"W WINGOHOCKING ST","class1":"Collector Residential","recfacil":null,"bikenetwor":null,"combined_s":"City Neighborhood Street","street_typ":"City Neighborhood Street","sidewlk_wd":"Greater than or equal to 12 feet","wlk_zn":"Greater than or equal to 6 feet","phase2_sid":"Yes"}},{"type":"Feature","id":35736,"geometry":{"type":"LineString","coordinates":[[-75.1989961260089,39.9747106041727],[-75.1992220965156,39.9749395253911],[-75.1992799874111,39.9751061403763],[-75.1994108029505,39.9754660254554],[-75.1995438429273,39.9757667376109],[-75.1996316944785,39.9759611610411],[-75.199750000676,39.9761702447986],[-75.1998651152781,39.9763504694753],[-75.2000339577872,39.9765804169423],[-75.2001869132187,39.9767779317509],[-75.2003714862811,39.9769876645515],[-75.2005932820273,39.9772311259558],[-75.2008090096166,39.977465403307],[-75.2008222813811,39.9774801259111],[-75.2011395137944,39.9778247571779],[-75.2012519118582,39.9779424370974],[-75.2013952826627,39.978082160367],[-75.2015486988813,39.9782105916823],[-75.201671270093,39.9783062593781],[-75.20184975131,39.9784220858781],[-75.2020181978035,39.9785204170327],[-75.2022396886718,39.9786297951685],[-75.2024794959058,39.978735467276],[-75.2028237061417,39.9788796477374],[-75.2030594264999,39.9789802921816],[-75.203237891183,39.9790681506958],[-75.2034503467151,39.9791904868658],[-75.2038079298591,39.9793591412637]]},"properties":{"objectid":35736,"stname":"SCHUYLKILL EXP RMP 3","class1":"Low-Speed Ramp","recfacil":null,"bikenetwor":null,"combined_s":null,"street_typ":"N/A Interstate","sidewlk_wd":null,"wlk_zn":null,"phase2_sid":null}},{"type":"Feature","id":35738,"geometry":{"type":"LineString","coordinates":[[-75.1950482923067,39.9210207454503],[-75.2000641622563,39.9201452396007],[-75.201793104357,39.9198273645333]]},"properties":{"objectid":35738,"stname":"W PASSYUNK AVE","class1":"Major Arterial","recfacil":"Bike Lanes","bikenetwor":"YES","combined_s":"Auto Oriented Commercial/Industrial","street_typ":"Auto Oriented Commercial/Industrial","sidewlk_wd":"Greater than or equal to 12 feet","wlk_zn":"Greater than or equal to 6 feet","phase2_sid":"Yes"}},{"type":"Feature","id":35741,"geometry":{"type":"LineString","coordinates":[[-75.1899634600409,39.9754126171629],[-75.1906254524938,39.9754956529002]]},"properties":{"objectid":35741,"stname":"W GIRARD AVE","class1":"Major Arterial","recfacil":"Marked Shared Lane","bikenetwor":"YES","combined_s":"Urban Arterial","street_typ":"Urban Arterial","sidewlk_wd":"Greater than or equal to 12 feet","wlk_zn":"Greater than or equal to 6 feet","phase2_sid":"Yes"}},{"type":"Feature","id":35755,"geometry":{"type":"LineString","coordinates":[[-75.1926142528096,40.0273242248314],[-75.1926744383739,40.0272374079744],[-75.1927483102776,40.0271243765531],[-75.192854580698,40.0269432603088],[-75.1930197480687,40.0267825683809],[-75.1932703807742,40.0265970200308],[-75.1937798507745,40.0262719772863],[-75.194050207805,40.026090689324],[-75.1941481966195,40.0259973059558],[-75.1942770011369,40.0258778511543],[-75.1943917634653,40.0257351477408],[-75.1945564146282,40.0254559429602],[-75.1946649783032,40.0252137150957],[-75.1948669113482,40.0247365669615],[-75.1949487635197,40.0245434376703],[-75.1950686344268,40.0243970252525],[-75.1957470519268,40.023941942777],[-75.1960834143495,40.0237238933148],[-75.1960992813638,40.0237147072526]]},"properties":{"objectid":35755,"stname":"LINCOLN DR","class1":"Major Arterial","recfacil":null,"bikenetwor":null,"combined_s":"Scenic Drive","street_typ":"Scenic Drive","sidewlk_wd":"Greater than or equal to 9 feet","wlk_zn":"Greater than or equal to 6 feet","phase2_sid":"Yes"}},{"type":"Feature","id":35756,"geometry":{"type":"LineString","coordinates":[[-75.1939906948844,39.90564241501],[-75.1938515529318,39.9050845203426]]},"properties":{"objectid":35756,"stname":"S 26TH ST","class1":"Minor Arterial","recfacil":null,"bikenetwor":null,"combined_s":"Auto Oriented Commercial/Industrial","street_typ":"Auto Oriented Commercial/Industrial","sidewlk_wd":"Greater than or equal to 12 feet","wlk_zn":"Greater than or equal to 6 feet","phase2_sid":"Yes"}},{"type":"Feature","id":35809,"geometry":{"type":"LineString","coordinates":[[-75.2097431127353,39.9755921264397],[-75.2093235375811,39.9762595879621]]},"properties":{"objectid":35809,"stname":"N 42ND ST","class1":"Collector Residential","recfacil":null,"bikenetwor":null,"combined_s":"City Neighborhood Street","street_typ":"City Neighborhood Street","sidewlk_wd":"Greater than or equal to 12 feet","wlk_zn":"Greater than or equal to 6 feet","phase2_sid":"Yes"}},{"type":"Feature","id":35834,"geometry":{"type":"LineString","coordinates":[[-75.2022758836335,39.955639439549],[-75.202430510237,39.9548801321476]]},"properties":{"objectid":35834,"stname":"S 40TH ST","class1":"Collector Residential","recfacil":null,"bikenetwor":"YES","combined_s":"Walkable Commercial Corridors","street_typ":"Walkable Commercial Corridors","sidewlk_wd":"Greater than or equal to 12 feet","wlk_zn":"Greater than or equal to 6 feet","phase2_sid":"Yes"}},{"type":"Feature","id":35835,"geometry":{"type":"LineString","coordinates":[[-75.2011186135019,39.963011732245],[-75.2012338662042,39.9636261525654]]},"properties":{"objectid":35835,"stname":"UNION ST","class1":"Local Residential","recfacil":null,"bikenetwor":null,"combined_s":"Local (Catch All)","street_typ":"Local (Catch All)","sidewlk_wd":"Greater than or equal to 10 feet","wlk_zn":"Greater than or equal to 5 feet","phase2_sid":null}},{"type":"Feature","id":35862,"geometry":{"type":"LineString","coordinates":[[-75.1461396517873,40.0193922112021],[-75.1463783603524,40.0194248518762],[-75.1464246540806,40.0194308364216],[-75.1469192391618,40.019494771698],[-75.1471041219213,40.0195228244279],[-75.1491282849504,40.0197744492],[-75.1493816322595,40.0198083675131],[-75.1506148459067,40.0199727371207],[-75.152176702107,40.020172244134],[-75.1538042476035,40.0203724598426],[-75.1550498878307,40.0204804766332]]},"properties":{"objectid":35862,"stname":"W ROOSEVELT BLV","class1":"Expressway","recfacil":null,"bikenetwor":null,"combined_s":"No Classification","street_typ":"Urban Arterial","sidewlk_wd":null,"wlk_zn":null,"phase2_sid":null}},{"type":"Feature","id":35875,"geometry":{"type":"LineString","coordinates":[[-75.2417422969593,39.9036824394697],[-75.2431463383049,39.9034121353344]]},"properties":{"objectid":35875,"stname":"LINDBERGH BLV","class1":"Major Arterial","recfacil":"Buffered Bike Lane","bikenetwor":null,"combined_s":"Auto Oriented Commercial/Industrial","street_typ":"Auto Oriented Commercial/Industrial","sidewlk_wd":"Greater than or equal to 12 feet","wlk_zn":"Greater than or equal to 6 feet","phase2_sid":"Yes"}},{"type":"Feature","id":35882,"geometry":{"type":"LineString","coordinates":[[-75.2057018672585,39.989788100821],[-75.2060026035573,39.9895596284572],[-75.2063494022283,39.9891976636359],[-75.2066866933407,39.9888085057392],[-75.206992638645,39.9884132563301],[-75.2073730460552,39.9878091977509],[-75.2075313494001,39.9875159043555],[-75.2076644131684,39.9872409394171],[-75.2077963505006,39.9869385877496],[-75.2078652507268,39.9867253400585],[-75.2079036590848,39.9866064664427],[-75.2079578816447,39.9864252134768],[-75.2080175832206,39.9862396435009],[-75.2080988953739,39.9858262407825],[-75.2081391368979,39.9855960248732],[-75.2081717059655,39.9853595563659],[-75.2082095057157,39.9849833230552],[-75.2082087169427,39.9845819080651],[-75.2081531470736,39.9839542544382],[-75.2080465484787,39.9835021103049]]},"properties":{"objectid":35882,"stname":"WB SCHUYLKILL EXP","class1":"Expressway","recfacil":null,"bikenetwor":null,"combined_s":null,"street_typ":"N/A Interstate","sidewlk_wd":null,"wlk_zn":null,"phase2_sid":null}},{"type":"Feature","id":35896,"geometry":{"type":"LineString","coordinates":[[-75.2348718979059,39.9612402932278],[-75.2347341392457,39.961860427743]]},"properties":{"objectid":35896,"stname":"N 57TH ST","class1":"Minor Arterial","recfacil":null,"bikenetwor":"YES","combined_s":"Urban Arterial","street_typ":"Urban Arterial","sidewlk_wd":"Greater than or equal to 12 feet","wlk_zn":"Greater than or equal to 6 feet","phase2_sid":"Yes"}},{"type":"Feature","id":35902,"geometry":{"type":"LineString","coordinates":[[-75.2286482487295,39.9604728994718],[-75.2283212997828,39.9620427167037]]},"properties":{"objectid":35902,"stname":"N 54TH ST","class1":"Collector Residential","recfacil":null,"bikenetwor":null,"combined_s":"City Neighborhood Street","street_typ":"City Neighborhood Street","sidewlk_wd":"Greater than or equal to 12 feet","wlk_zn":"Greater than or equal to 6 feet","phase2_sid":"Yes"}},{"type":"Feature","id":35914,"geometry":{"type":"LineString","coordinates":[[-75.1993282761655,39.9311468364168],[-75.1978825032326,39.929694915826],[-75.197585919084,39.9294286827044]]},"properties":{"objectid":35914,"stname":"EB SCHUYLKILL EXP","class1":"Expressway","recfacil":null,"bikenetwor":null,"combined_s":"No Classification","street_typ":"N/A Interstate","sidewlk_wd":null,"wlk_zn":null,"phase2_sid":null}},{"type":"Feature","id":35915,"geometry":{"type":"LineString","coordinates":[[-75.1998560938205,39.9339972918265],[-75.200040699871,39.9328544150035],[-75.200040441782,39.9326495709436],[-75.200017902354,39.9324839919511],[-75.1999747197043,39.9322842914492],[-75.1998861863553,39.9320492208225],[-75.1997796599149,39.9318733335292],[-75.1996647958693,39.931720414765],[-75.198305008588,39.9302675631671],[-75.1977686375201,39.9297631530931],[-75.1968705763959,39.9289548174345],[-75.1964075167524,39.9285052065415],[-75.1958682380448,39.9279553609814],[-75.1956904059118,39.9277609306408]]},"properties":{"objectid":35915,"stname":"WB SCHUYLKILL EXP","class1":"Expressway","recfacil":null,"bikenetwor":null,"combined_s":"No Classification","street_typ":"N/A Interstate","sidewlk_wd":null,"wlk_zn":null,"phase2_sid":null}},{"type":"Feature","id":35942,"geometry":{"type":"LineString","coordinates":[[-75.1401083462158,40.0203999594413],[-75.1409515709063,40.0205062619933]]},"properties":{"objectid":35942,"stname":"W WINGOHOCKING ST","class1":"Local Residential","recfacil":null,"bikenetwor":null,"combined_s":"Local (Catch All)","street_typ":"Local (Catch All)","sidewlk_wd":"Greater than or equal to 10 feet","wlk_zn":"Greater than or equal to 5 feet","phase2_sid":null}},{"type":"Feature","id":35962,"geometry":{"type":"LineString","coordinates":[[-75.2043173334433,39.9741268158229],[-75.2043640921848,39.9744266025925]]},"properties":{"objectid":35962,"stname":"N 40TH ST","class1":"Collector Residential","recfacil":null,"bikenetwor":null,"combined_s":"City Neighborhood Street","street_typ":"City Neighborhood Street","sidewlk_wd":"Greater than or equal to 12 feet","wlk_zn":"Greater than or equal to 6 feet","phase2_sid":"Yes"}},{"type":"Feature","id":35966,"geometry":{"type":"LineString","coordinates":[[-75.2341439263993,39.9611452556567],[-75.2338123107909,39.9627219877998]]},"properties":{"objectid":35966,"stname":"N FRAZIER ST","class1":"Local Residential","recfacil":null,"bikenetwor":null,"combined_s":"Local (Catch All)","street_typ":"Local (Catch All)","sidewlk_wd":"Greater than or equal to 10 feet","wlk_zn":"Greater than or equal to 5 feet","phase2_sid":null}},{"type":"Feature","id":35969,"geometry":{"type":"LineString","coordinates":[[-75.2064366774316,39.9738888390197],[-75.2065782005421,39.9746394779481]]},"properties":{"objectid":35969,"stname":"N 41ST ST","class1":"Collector Residential","recfacil":null,"bikenetwor":null,"combined_s":"City Neighborhood Street","street_typ":"City Neighborhood Street","sidewlk_wd":"Greater than or equal to 12 feet","wlk_zn":"Greater than or equal to 6 feet","phase2_sid":"Yes"}},{"type":"Feature","id":35974,"geometry":{"type":"LineString","coordinates":[[-75.1502672569972,40.0097644549726],[-75.1509168150006,40.0098435670988],[-75.151093326153,40.0099436834554]]},"properties":{"objectid":35974,"stname":"W AIRDRIE ST","class1":"Local Residential","recfacil":null,"bikenetwor":null,"combined_s":"Local (Catch All)","street_typ":"Local (Catch All)","sidewlk_wd":"Greater than or equal to 10 feet","wlk_zn":"Greater than or equal to 5 feet","phase2_sid":null}},{"type":"Feature","id":35975,"geometry":{"type":"LineString","coordinates":[[-75.1508127029871,40.0092057964367],[-75.1512486884172,40.0092883077647]]},"properties":{"objectid":35975,"stname":"W ERIE AVE","class1":"Minor Arterial","recfacil":"Marked Shared Lane","bikenetwor":"YES","combined_s":"Urban Arterial","street_typ":"Urban Arterial","sidewlk_wd":"Greater than or equal to 12 feet","wlk_zn":"Greater than or equal to 6 feet","phase2_sid":"Yes"}},{"type":"Feature","id":35981,"geometry":{"type":"LineString","coordinates":[[-75.1876627116701,40.032076640851],[-75.1876728957572,40.0323849547513],[-75.1877073273091,40.0325950763658],[-75.1877389118396,40.0328004834508],[-75.1877705627157,40.0329165887091],[-75.1877952179132,40.0330030911861],[-75.1879124446945,40.0333974982952],[-75.1880889866489,40.0341641196388],[-75.1884074187408,40.0349765264423]]},"properties":{"objectid":35981,"stname":"LINCOLN DR","class1":"Major Arterial","recfacil":null,"bikenetwor":null,"combined_s":"Scenic Drive","street_typ":"Scenic Drive","sidewlk_wd":"Greater than or equal to 9 feet","wlk_zn":"Greater than or equal to 6 feet","phase2_sid":"Yes"}},{"type":"Feature","id":36013,"geometry":{"type":"LineString","coordinates":[[-75.2238861283258,39.9598712267361],[-75.2235537743761,39.961452861002]]},"properties":{"objectid":36013,"stname":"N PAXON ST","class1":"Local Residential","recfacil":null,"bikenetwor":null,"combined_s":"Local (Catch All)","street_typ":"Local (Catch All)","sidewlk_wd":"Greater than or equal to 10 feet","wlk_zn":"Greater than or equal to 5 feet","phase2_sid":null}},{"type":"Feature","id":36060,"geometry":{"type":"LineString","coordinates":[[-75.1427722668265,39.9349067041202],[-75.1432164550201,39.9340857509539],[-75.1435641673976,39.9333828298711]]},"properties":{"objectid":36060,"stname":"S CHRISTOPHER COLUMBUS BLV","class1":"Major Arterial","recfacil":null,"bikenetwor":"YES","combined_s":"Urban Arterial","street_typ":"Urban Arterial","sidewlk_wd":"Greater than or equal to 12 feet","wlk_zn":"Greater than or equal to 6 feet","phase2_sid":"No"}},{"type":"Feature","id":36077,"geometry":{"type":"LineString","coordinates":[[-75.2305028023565,40.0860318448235],[-75.2295847912298,40.0869623697743],[-75.2290645804187,40.0874788548538],[-75.2282807663816,40.0882609005662],[-75.2277442156759,40.0887844205492],[-75.2269505600752,40.0895711756808],[-75.2256989744906,40.0908387620182],[-75.2249080227505,40.0916378970644],[-75.2243175924695,40.0922268226726],[-75.2237240355171,40.0928132098198],[-75.2236087191685,40.0928984205668]]},"properties":{"objectid":36077,"stname":"NORTHWESTERN AVE","class1":"Minor Arterial","recfacil":null,"bikenetwor":null,"combined_s":"Urban Arterial","street_typ":"Urban Arterial","sidewlk_wd":"Greater than or equal to 12 feet","wlk_zn":"Greater than or equal to 6 feet","phase2_sid":"Yes"}},{"type":"Feature","id":36078,"geometry":{"type":"LineString","coordinates":[[-75.1438715126903,40.0429101978028],[-75.1444229959059,40.0429853708719]]},"properties":{"objectid":36078,"stname":"W NEDRO AVE","class1":"Collector Residential","recfacil":null,"bikenetwor":null,"combined_s":"City Neighborhood Street","street_typ":"City Neighborhood Street","sidewlk_wd":"Greater than or equal to 12 feet","wlk_zn":"Greater than or equal to 6 feet","phase2_sid":"Yes"}},{"type":"Feature","id":36089,"geometry":{"type":"LineString","coordinates":[[-75.1857635989813,40.0103108650306],[-75.1857913995794,40.0103751998251],[-75.1860948443044,40.0109591406879]]},"properties":{"objectid":36089,"stname":"SCOTTS LN","class1":"Collector Residential","recfacil":null,"bikenetwor":null,"combined_s":"City Neighborhood Street","street_typ":"City Neighborhood Street","sidewlk_wd":"Greater than or equal to 12 feet","wlk_zn":"Greater than or equal to 6 feet","phase2_sid":"Yes"}},{"type":"Feature","id":36115,"geometry":{"type":"LineString","coordinates":[[-75.2081305164054,39.9579248730949],[-75.2079797302108,39.9586225225993]]},"properties":{"objectid":36115,"stname":"N 43RD ST","class1":"Collector Residential","recfacil":null,"bikenetwor":"YES","combined_s":"City Neighborhood Street","street_typ":"City Neighborhood Street","sidewlk_wd":"Greater than or equal to 12 feet","wlk_zn":"Greater than or equal to 6 feet","phase2_sid":"Yes"}},{"type":"Feature","id":36118,"geometry":{"type":"LineString","coordinates":[[-75.2135006687186,39.9562530621698],[-75.213658428311,39.9554915465503]]},"properties":{"objectid":36118,"stname":"S 46TH ST","class1":"Collector Residential","recfacil":"Marked Shared Lane","bikenetwor":null,"combined_s":"City Neighborhood Street","street_typ":"City Neighborhood Street","sidewlk_wd":"Greater than or equal to 12 feet","wlk_zn":"Greater than or equal to 6 feet","phase2_sid":"Yes"}},{"type":"Feature","id":36119,"geometry":{"type":"LineString","coordinates":[[-75.1234286559528,40.0072214643706],[-75.1227205147914,40.0071439615757],[-75.1193023927002,40.0066886976782]]},"properties":{"objectid":36119,"stname":"E ERIE AVE","class1":"Minor Arterial","recfacil":null,"bikenetwor":null,"combined_s":"Auto Oriented Commercial/Industrial","street_typ":"Auto Oriented Commercial/Industrial","sidewlk_wd":"Greater than or equal to 12 feet","wlk_zn":"Greater than or equal to 6 feet","phase2_sid":"Yes"}},{"type":"Feature","id":36131,"geometry":{"type":"LineString","coordinates":[[-75.0836409383425,40.0003342638807],[-75.0842028864013,40.0009630763454],[-75.0853146804437,40.0022097349312],[-75.0854462718789,40.0023144905346],[-75.0855547443215,40.0023713778175],[-75.0856187810676,40.0023775846338],[-75.08568694089,40.0023697263799],[-75.0857392320075,40.002356736008],[-75.0858017985854,40.0023321831794],[-75.0858367129081,40.0023069885801],[-75.0858591396434,40.0022815041675],[-75.0859004844157,40.0022516958925],[-75.0859363255634,40.0022028786157],[-75.0860203451256,40.0020866058149],[-75.0861158447136,40.0019280297824],[-75.0862052867817,40.0017645511288],[-75.0862228239981,40.0017271522893],[-75.0862557580555,40.0015931301245],[-75.0862689415906,40.0014846536378],[-75.0862716762664,40.0013239258411],[-75.086264437261,40.0012126156463],[-75.086261148665,40.0012054157252],[-75.0862661058152,40.0011700856922],[-75.086254314574,40.0010610296846],[-75.0862523804977,40.00104206029],[-75.0862442027213,40.001022946915],[-75.0862387933388,40.0010015370572],[-75.0861928055389,40.0009323135543]]},"properties":{"objectid":36131,"stname":"DELAWARE EXP RMP XY","class1":"High-Speed Ramp","recfacil":null,"bikenetwor":null,"combined_s":null,"street_typ":"N/A Interstate","sidewlk_wd":null,"wlk_zn":null,"phase2_sid":null}},{"type":"Feature","id":36162,"geometry":{"type":"LineString","coordinates":[[-75.2041090131279,39.953137650767],[-75.2046092018164,39.9531938311039],[-75.205335914543,39.953289154357]]},"properties":{"objectid":36162,"stname":"LOCUST ST","class1":"Collector Residential","recfacil":null,"bikenetwor":null,"combined_s":"City Neighborhood Street","street_typ":"City Neighborhood Street","sidewlk_wd":"Greater than or equal to 12 feet","wlk_zn":"Greater than or equal to 6 feet","phase2_sid":"Yes"}},{"type":"Feature","id":36171,"geometry":{"type":"LineString","coordinates":[[-75.2194242943201,39.9569888009521],[-75.2195890247454,39.9562251952017]]},"properties":{"objectid":36171,"stname":"S 49TH ST","class1":"Collector Residential","recfacil":null,"bikenetwor":null,"combined_s":"City Neighborhood Street","street_typ":"City Neighborhood Street","sidewlk_wd":"Greater than or equal to 12 feet","wlk_zn":"Greater than or equal to 6 feet","phase2_sid":"Yes"}},{"type":"Feature","id":36181,"geometry":{"type":"LineString","coordinates":[[-75.2170038305771,39.9590248891383],[-75.2161943714935,39.9624860652941]]},"properties":{"objectid":36181,"stname":"N 48TH ST","class1":"Minor Arterial","recfacil":null,"bikenetwor":"YES","combined_s":"Urban Arterial","street_typ":"Urban Arterial","sidewlk_wd":"Greater than or equal to 12 feet","wlk_zn":"Greater than or equal to 6 feet","phase2_sid":"Yes"}},{"type":"Feature","id":36205,"geometry":{"type":"LineString","coordinates":[[-75.2253545865934,39.9577238065918],[-75.2255171631053,39.9569625024843]]},"properties":{"objectid":36205,"stname":"S 52ND ST","class1":"Minor Arterial","recfacil":"Marked Shared Lane","bikenetwor":null,"combined_s":"Walkable Commercial Corridors","street_typ":"Walkable Commercial Corridors","sidewlk_wd":"Greater than or equal to 12 feet","wlk_zn":"Greater than or equal to 6 feet","phase2_sid":"Yes"}},{"type":"Feature","id":36230,"geometry":{"type":"LineString","coordinates":[[-75.2419302450565,39.886456107537],[-75.2419759548444,39.8863873627983],[-75.2422293594866,39.8859859001473],[-75.2425868191158,39.8853044340344],[-75.2428783583151,39.8846773243165],[-75.24324088128,39.883858109762],[-75.2436774309616,39.8828796795713],[-75.2440618241193,39.8820445295507],[-75.2442895454712,39.8815790542743]]},"properties":{"objectid":36230,"stname":"INDUSTRIAL HWY","class1":"Major Arterial","recfacil":null,"bikenetwor":null,"combined_s":"Urban Arterial","street_typ":"Urban Arterial","sidewlk_wd":"Greater than or equal to 12 feet","wlk_zn":"Greater than or equal to 6 feet","phase2_sid":"Yes"}},{"type":"Feature","id":36237,"geometry":{"type":"LineString","coordinates":[[-75.2366788058076,39.8946092066001],[-75.2377451020834,39.8942541567704],[-75.2386750493312,39.8938720389006],[-75.2394494271334,39.8934834518914],[-75.2418274735464,39.8920153948669]]},"properties":{"objectid":36237,"stname":"BARTRAM AVE","class1":"Major Arterial","recfacil":"Buffered Bike Lane","bikenetwor":null,"combined_s":"Urban Arterial","street_typ":"Urban Arterial","sidewlk_wd":"Greater than or equal to 12 feet","wlk_zn":"Greater than or equal to 6 feet","phase2_sid":"Yes"}},{"type":"Feature","id":36238,"geometry":{"type":"LineString","coordinates":[[-75.2456900716343,39.8817510651515],[-75.2455172238527,39.881962644058],[-75.2451933938346,39.8823876044419],[-75.2447494756469,39.8830551504832],[-75.2442536667727,39.8838967108602],[-75.2435886091243,39.884998898776],[-75.2435773474318,39.8850175634356],[-75.2431919115061,39.8856491856397],[-75.242654853816,39.8865794631518],[-75.2420890681602,39.887479568931],[-75.2416659020756,39.888083413135],[-75.2412220990807,39.8886242157256],[-75.2408533921143,39.8889996074536],[-75.2405104249928,39.889345188253],[-75.2399959938767,39.8897930331847],[-75.2392593442021,39.8903709699847],[-75.2383771818282,39.8909543226681],[-75.2377348969292,39.8913141373417],[-75.2367881014525,39.8917632440459],[-75.2359427242263,39.8921063122756],[-75.2353202081547,39.8923165091849],[-75.2346420053327,39.8925211757472],[-75.2340777093628,39.8926680711486],[-75.2331991893611,39.8928489596931],[-75.2321424086515,39.8930106953143],[-75.2312119005589,39.8930894267764],[-75.2305738760172,39.8931141476861],[-75.2299811610603,39.8931156100121],[-75.2298696382804,39.8931158843764],[-75.2292274636944,39.8931017627503],[-75.2287591956541,39.8930699391721],[-75.2282746526935,39.8930248406931],[-75.2277182339466,39.8929528097647],[-75.2272384643463,39.8928505849998]]},"properties":{"objectid":36238,"stname":"NB DELAWARE EXP","class1":"Expressway","recfacil":null,"bikenetwor":null,"combined_s":null,"street_typ":"N/A Interstate","sidewlk_wd":null,"wlk_zn":null,"phase2_sid":null}},{"type":"Feature","id":36239,"geometry":{"type":"LineString","coordinates":[[-75.2730320863993,39.978510155589],[-75.2735747893979,39.9782688355008]]},"properties":{"objectid":36239,"stname":"CITY AVE","class1":"Major Arterial","recfacil":null,"bikenetwor":null,"combined_s":"Urban Arterial","street_typ":"Urban Arterial","sidewlk_wd":"Greater than or equal to 12 feet","wlk_zn":"Greater than or equal to 6 feet","phase2_sid":"Yes"}},{"type":"Feature","id":36243,"geometry":{"type":"LineString","coordinates":[[-75.2171459723571,39.8879800106179],[-75.2159428220551,39.8872785234848],[-75.2151758922207,39.8868156835746],[-75.2144262134511,39.8864471485562],[-75.2140343866125,39.8862825937945],[-75.2139098743708,39.8862303023134],[-75.2133920087952,39.8860545028971],[-75.2128274316096,39.885884635315],[-75.2122697423748,39.8857591854862],[-75.21174097366,39.8856713803369],[-75.2113064596018,39.885618040038],[-75.2109015990931,39.8855888946829],[-75.2104920001615,39.8855697314259],[-75.210155918469,39.8855690087433],[-75.2098375338133,39.885561952238],[-75.2095072965267,39.8855626987875]]},"properties":{"objectid":36243,"stname":"NB DELAWARE EXP","class1":"Expressway","recfacil":null,"bikenetwor":null,"combined_s":null,"street_typ":"N/A Interstate","sidewlk_wd":null,"wlk_zn":null,"phase2_sid":null}},{"type":"Feature","id":36244,"geometry":{"type":"LineString","coordinates":[[-75.2438670013527,39.8850886892881],[-75.2435602123529,39.8855981593572],[-75.2423258137322,39.8876455839629],[-75.2420315790961,39.8880572456129],[-75.241576950234,39.8886243892382],[-75.2410584336282,39.8891863358792],[-75.2405272336028,39.8896910525843],[-75.2399018965024,39.8902088925216],[-75.2392130885921,39.8907101516642],[-75.2387737092944,39.8909966663337],[-75.2382847977641,39.8912896866163],[-75.2376866953102,39.8916030913851],[-75.2370494700853,39.891908041794],[-75.2362790599333,39.8922299213137],[-75.2357008981338,39.8924497020687],[-75.2351583044775,39.8926142977401],[-75.2345426383547,39.8927902020966],[-75.2338041170557,39.8929634062159],[-75.2330667075496,39.8931064953371],[-75.232274248598,39.8932268466366],[-75.2318087752313,39.8932704320265],[-75.2313491233185,39.8933076860162],[-75.230777788035,39.8933424834821],[-75.2301402391123,39.8933542975884],[-75.2299744118046,39.8933531150696],[-75.2286959337477,39.8933439889745]]},"properties":{"objectid":36244,"stname":"SB DELAWARE EXP","class1":"Expressway","recfacil":null,"bikenetwor":null,"combined_s":null,"street_typ":"N/A Interstate","sidewlk_wd":null,"wlk_zn":null,"phase2_sid":null}},{"type":"Feature","id":36257,"geometry":{"type":"LineString","coordinates":[[-75.2467680281379,39.8944662067886],[-75.2441393464402,39.8930798468956],[-75.2419627817055,39.8919318612603]]},"properties":{"objectid":36257,"stname":"S 84TH ST","class1":"Major Arterial","recfacil":null,"bikenetwor":"YES","combined_s":"Urban Arterial","street_typ":"Urban Arterial","sidewlk_wd":"Greater than or equal to 12 feet","wlk_zn":"Greater than or equal to 6 feet","phase2_sid":"Yes"}},{"type":"Feature","id":36263,"geometry":{"type":"LineString","coordinates":[[-75.0658485267585,40.0678401915432],[-75.064059933598,40.066778346948]]},"properties":{"objectid":36263,"stname":"RHAWN ST","class1":"Major Arterial","recfacil":"Further Study","bikenetwor":"YES","combined_s":"Urban Arterial","street_typ":"Urban Arterial","sidewlk_wd":"Greater than or equal to 12 feet","wlk_zn":"Greater than or equal to 6 feet","phase2_sid":"Yes"}},{"type":"Feature","id":36268,"geometry":{"type":"LineString","coordinates":[[-75.1889044627341,40.0293522429813],[-75.1894095873845,40.0292938251606],[-75.1897102799707,40.0292317227282],[-75.1899475354938,40.0291376252902],[-75.1901565666683,40.0290008501121],[-75.1902858148884,40.028869941401],[-75.1904766107606,40.02839214645]]},"properties":{"objectid":36268,"stname":"LINCOLN DR","class1":"Major Arterial","recfacil":null,"bikenetwor":null,"combined_s":"Scenic Drive","street_typ":"Scenic Drive","sidewlk_wd":"Greater than or equal to 9 feet","wlk_zn":"Greater than or equal to 6 feet","phase2_sid":"Yes"}},{"type":"Feature","id":36281,"geometry":{"type":"LineString","coordinates":[[-75.2568978681255,39.9867663190117],[-75.258502736092,39.9855757489093],[-75.2585695400815,39.9855211729425]]},"properties":{"objectid":36281,"stname":"CITY AVE","class1":"Major Arterial","recfacil":null,"bikenetwor":null,"combined_s":"Urban Arterial","street_typ":"Urban Arterial","sidewlk_wd":"Greater than or equal to 12 feet","wlk_zn":"Greater than or equal to 6 feet","phase2_sid":"Yes"}},{"type":"Feature","id":36302,"geometry":{"type":"LineString","coordinates":[[-75.1260408928766,39.969512254337],[-75.1265382147953,39.9703128575347]]},"properties":{"objectid":36302,"stname":"E MONTGOMERY AVE","class1":"Collector Residential","recfacil":null,"bikenetwor":null,"combined_s":"City Neighborhood Street","street_typ":"City Neighborhood Street","sidewlk_wd":"Greater than or equal to 12 feet","wlk_zn":"Greater than or equal to 6 feet","phase2_sid":"Yes"}},{"type":"Feature","id":36312,"geometry":{"type":"LineString","coordinates":[[-75.129046318001,40.057041312366],[-75.1289674570067,40.0572140496558],[-75.1287023696359,40.0576060893457]]},"properties":{"objectid":36312,"stname":"CONVENTRY AVE","class1":"Non-Philadelphia","recfacil":null,"bikenetwor":null,"combined_s":null,"street_typ":"Delete","sidewlk_wd":null,"wlk_zn":null,"phase2_sid":null}},{"type":"Feature","id":36315,"geometry":{"type":"LineString","coordinates":[[-75.1271207912049,40.0558917894927],[-75.1269378399446,40.0559944182229],[-75.1265981239223,40.0563184015583]]},"properties":{"objectid":36315,"stname":"OAK AVE","class1":"Non-Philadelphia","recfacil":null,"bikenetwor":null,"combined_s":null,"street_typ":"Delete","sidewlk_wd":null,"wlk_zn":null,"phase2_sid":null}},{"type":"Feature","id":36320,"geometry":{"type":"LineString","coordinates":[[-75.19252238051,39.9120904838184],[-75.1940196212285,39.9058162922952],[-75.1939906948844,39.90564241501]]},"properties":{"objectid":36320,"stname":"S 26TH ST","class1":"Major Arterial","recfacil":null,"bikenetwor":null,"combined_s":"Auto Oriented Commercial/Industrial","street_typ":"Auto Oriented Commercial/Industrial","sidewlk_wd":"Greater than or equal to 12 feet","wlk_zn":"Greater than or equal to 6 feet","phase2_sid":"Yes"}},{"type":"Feature","id":36334,"geometry":{"type":"LineString","coordinates":[[-75.1741435790086,39.9054427422153],[-75.1753439380109,39.905596472398]]},"properties":{"objectid":36334,"stname":"PATTISON AVE","class1":"Major Arterial","recfacil":"Bike Lanes","bikenetwor":"YES","combined_s":"Urban Arterial","street_typ":"Urban Arterial","sidewlk_wd":"Greater than or equal to 12 feet","wlk_zn":"Greater than or equal to 6 feet","phase2_sid":"Yes"}},{"type":"Feature","id":36408,"geometry":{"type":"LineString","coordinates":[[-75.1862890438897,39.9101091502951],[-75.1871214237136,39.9094987804887],[-75.1875427209701,39.9092156931473],[-75.1894828742951,39.9079129370508],[-75.1900765727968,39.907529668016]]},"properties":{"objectid":36408,"stname":"PENROSE AVE","class1":"Major Arterial","recfacil":null,"bikenetwor":"YES","combined_s":"Urban Arterial","street_typ":"Urban Arterial","sidewlk_wd":"Greater than or equal to 12 feet","wlk_zn":"Greater than or equal to 6 feet","phase2_sid":"Yes"}},{"type":"Feature","id":36440,"geometry":{"type":"LineString","coordinates":[[-75.1394173534682,40.0633945908066],[-75.1407753834371,40.0641605348397]]},"properties":{"objectid":36440,"stname":"W CHELTENHAM AVE","class1":"Major Arterial","recfacil":null,"bikenetwor":null,"combined_s":"Urban Arterial","street_typ":"Urban Arterial","sidewlk_wd":"Greater than or equal to 12 feet","wlk_zn":"Greater than or equal to 6 feet","phase2_sid":"Yes"}},{"type":"Feature","id":36484,"geometry":{"type":"LineString","coordinates":[[-75.1185979259059,39.9741617329569],[-75.1173916670947,39.9748487279856],[-75.1167949747303,39.9751569464643],[-75.1160012982272,39.9755669063312],[-75.1157647085655,39.9756884459868],[-75.1133479979972,39.9769298892325],[-75.112696691944,39.9772644436017],[-75.111877305081,39.9776853247001],[-75.1108903078221,39.9782166127545],[-75.1107095498839,39.9783139100473],[-75.1098038428321,39.9787528612067],[-75.1091487900278,39.9789617926212],[-75.1082649440854,39.9792482100594],[-75.1075967042565,39.9794284746676],[-75.1071752919674,39.9795364256777],[-75.1068905999286,39.9796167358593],[-75.1055286166308,39.9800061388188],[-75.1044180829624,39.9803864351471],[-75.1030557467072,39.981006104732],[-75.1019386962648,39.9814891174802],[-75.1016161849904,39.9816191533626]]},"properties":{"objectid":36484,"stname":"NB DELAWARE EXP","class1":"Expressway","recfacil":null,"bikenetwor":null,"combined_s":null,"street_typ":"N/A Interstate","sidewlk_wd":null,"wlk_zn":null,"phase2_sid":null}},{"type":"Feature","id":36486,"geometry":{"type":"LineString","coordinates":[[-75.2400977494431,39.904001194608],[-75.239835000875,39.903186395074],[-75.2393240496041,39.901377815275]]},"properties":{"objectid":36486,"stname":"ISLAND AVE","class1":"Major Arterial","recfacil":"Bike Lanes","bikenetwor":"YES","combined_s":"Urban Arterial","street_typ":"Urban Arterial","sidewlk_wd":"Greater than or equal to 12 feet","wlk_zn":"Greater than or equal to 6 feet","phase2_sid":"Yes"}},{"type":"Feature","id":36498,"geometry":{"type":"LineString","coordinates":[[-75.2107685864678,40.0085605467505],[-75.2111189352124,40.0090186122804]]},"properties":{"objectid":36498,"stname":"PRESIDENTIAL BLV","class1":"Collector Residential","recfacil":null,"bikenetwor":null,"combined_s":"Lower Density Residential","street_typ":"Lower Density Residential","sidewlk_wd":"Greater than or equal to 10 feet","wlk_zn":"Greater than or equal to 5 feet","phase2_sid":"Yes"}},{"type":"Feature","id":36499,"geometry":{"type":"LineString","coordinates":[[-75.0918179238457,40.0060167599354],[-75.0916989977119,40.0059117736989],[-75.0916323528332,40.0055939656584],[-75.0915297043925,40.0055621779488],[-75.0904119283899,40.0052160245859]]},"properties":{"objectid":36499,"stname":"VANDIKE ST","class1":"Local Residential","recfacil":null,"bikenetwor":null,"combined_s":"Local (Catch All)","street_typ":"Local (Catch All)","sidewlk_wd":"Greater than or equal to 10 feet","wlk_zn":"Greater than or equal to 5 feet","phase2_sid":null}},{"type":"Feature","id":36511,"geometry":{"type":"LineString","coordinates":[[-75.1416655074918,39.9560663188203],[-75.1417158018336,39.9561347597329],[-75.1418108171802,39.9562376498254],[-75.1421753273627,39.9565554963502],[-75.1424361013811,39.9567481419755],[-75.1426916283261,39.9569111862596],[-75.1429517582734,39.9570374818224],[-75.1432736247498,39.9571356981127],[-75.1440959836713,39.9573361855158],[-75.1441355550092,39.9574028652971]]},"properties":{"objectid":36511,"stname":"DELAWARE EXP RMP","class1":"High-Speed Ramp","recfacil":null,"bikenetwor":null,"combined_s":"No Classification","street_typ":"N/A Interstate","sidewlk_wd":null,"wlk_zn":null,"phase2_sid":null}},{"type":"Feature","id":36521,"geometry":{"type":"LineString","coordinates":[[-75.1946000952584,40.0016563032164],[-75.1947761735185,40.0007392151551],[-75.1949218045364,40.0002315844281],[-75.195081863995,39.9997607663193],[-75.1952574962451,39.9992963763893],[-75.1953969476848,39.9989528177736],[-75.1956127672304,39.9984710763294],[-75.1958019076858,39.9980678041744],[-75.1960823000956,39.9975510070966],[-75.1963782628041,39.9970406384832],[-75.1966306021994,39.9966387710338],[-75.1969214042288,39.9962570292625],[-75.197503604058,39.9955026454015],[-75.1981716592724,39.9947694373295],[-75.1986365372087,39.9943331572672],[-75.1989503089818,39.994038683618],[-75.1994969992289,39.9935886157915],[-75.1999036669129,39.9932874802558],[-75.2003586479445,39.9929630884994],[-75.2007079527513,39.9927154112087],[-75.2010330719893,39.9925226048972],[-75.2013023250114,39.9923585985274],[-75.2016571133845,39.9921587159864],[-75.2019507980596,39.9919979481808],[-75.2022511864267,39.9918454230719],[-75.2026121711237,39.9916672605851],[-75.2029513148383,39.9915101976973],[-75.203312294747,39.9913320329813],[-75.2037231523512,39.9911333883098],[-75.2041776834747,39.9908925393154],[-75.204558203665,39.9906608404247],[-75.2050517190305,39.990315624463],[-75.205297024644,39.9901348889212],[-75.2057018672585,39.989788100821]]},"properties":{"objectid":36521,"stname":"WB SCHUYLKILL EXP","class1":"Expressway","recfacil":null,"bikenetwor":null,"combined_s":null,"street_typ":"N/A Interstate","sidewlk_wd":null,"wlk_zn":null,"phase2_sid":null}},{"type":"Feature","id":36522,"geometry":{"type":"LineString","coordinates":[[-75.1949516923342,40.0021543934821],[-75.1949508662918,40.0017709277174],[-75.1950166706975,40.0010729846703],[-75.1951185507414,40.0004670722377],[-75.195320504402,39.9997235047744],[-75.1954817041546,39.9992223026179],[-75.1956376425305,39.9988608643522],[-75.1957854495116,39.9985053267687],[-75.196084160144,39.9979220384718],[-75.1963884825375,39.9973996922155],[-75.1967759227449,39.9967697218457],[-75.1971691994066,39.9961946152906],[-75.1975335144069,39.995758745509],[-75.1980048729366,39.9952097006133],[-75.1985642756103,39.9946322020578],[-75.1987865374828,39.9944302525085],[-75.1992437750733,39.9940147964252],[-75.1999365519245,39.9934645825024],[-75.2005457507656,39.9930341439428],[-75.2012344039786,39.9925933030632],[-75.2013810828475,39.9925033510693],[-75.2017324686392,39.9923006942271],[-75.2022051463714,39.9920440672484],[-75.2035023391761,39.9914091000372],[-75.2039348332368,39.9911947453943],[-75.2043322741754,39.9909796117626],[-75.2047019762156,39.9907557670801],[-75.2050617670873,39.9905155122803],[-75.205444403496,39.9902271960986],[-75.2059220016879,39.9898384521295],[-75.2062603789468,39.9895140763274],[-75.2065188633353,39.9892586831538]]},"properties":{"objectid":36522,"stname":"EB SCHUYLKILL EXP","class1":"Expressway","recfacil":null,"bikenetwor":null,"combined_s":null,"street_typ":"N/A Interstate","sidewlk_wd":null,"wlk_zn":null,"phase2_sid":null}},{"type":"Feature","id":36548,"geometry":{"type":"LineString","coordinates":[[-75.232179713767,39.9165992779704],[-75.2324285939754,39.9164155184097],[-75.2326951649997,39.9162289662298]]},"properties":{"objectid":36548,"stname":"DICKS AVE","class1":"Collector Residential","recfacil":null,"bikenetwor":null,"combined_s":"City Neighborhood Street","street_typ":"City Neighborhood Street","sidewlk_wd":"Greater than or equal to 12 feet","wlk_zn":"Greater than or equal to 6 feet","phase2_sid":"Yes"}},{"type":"Feature","id":36553,"geometry":{"type":"LineString","coordinates":[[-75.1504066131434,40.0429563467018],[-75.1505142077557,40.042629851683],[-75.1505694967695,40.0425278291526],[-75.1506288500281,40.0424508071989],[-75.150705161099,40.0423841720486],[-75.1508473250377,40.042297352983],[-75.1510256977913,40.0422280254418],[-75.1512073204364,40.0421871162631],[-75.1513744070563,40.0421858939342],[-75.1515203911677,40.042225878651],[-75.151594976629,40.0422609125236],[-75.1516563022994,40.0423023157329],[-75.1519045131618,40.0425759736958],[-75.1520791421339,40.0427603961758],[-75.1521847789348,40.0428494216675]]},"properties":{"objectid":36553,"stname":"W GRANGE AVE","class1":"Local Residential","recfacil":null,"bikenetwor":null,"combined_s":"Local (Catch All)","street_typ":"Local (Catch All)","sidewlk_wd":"Greater than or equal to 10 feet","wlk_zn":"Greater than or equal to 5 feet","phase2_sid":null}},{"type":"Feature","id":36570,"geometry":{"type":"LineString","coordinates":[[-75.2245957012203,39.9324198075756],[-75.2254120571227,39.9318485121685]]},"properties":{"objectid":36570,"stname":"WOODLAND AVE","class1":"Minor Arterial","recfacil":null,"bikenetwor":"YES","combined_s":"Urban Arterial","street_typ":"Urban Arterial","sidewlk_wd":"Greater than or equal to 12 feet","wlk_zn":"Greater than or equal to 6 feet","phase2_sid":"Yes"}},{"type":"Feature","id":36582,"geometry":{"type":"LineString","coordinates":[[-75.181221273222,39.9546034025499],[-75.1833368319267,39.9548280787348]]},"properties":{"objectid":36582,"stname":"MARKET ST","class1":"Major Arterial","recfacil":null,"bikenetwor":null,"combined_s":"Civic/Ceremonial Street","street_typ":"Civic/Ceremonial Street","sidewlk_wd":"Greater than or equal to  20 feet","wlk_zn":"Greater than or equal to 10 feet","phase2_sid":"Yes"}},{"type":"Feature","id":36618,"geometry":{"type":"LineString","coordinates":[[-75.13439720038,39.952935774022],[-75.1346738464225,39.9529847008555],[-75.1477817660453,39.9552651793449]]},"properties":{"objectid":36618,"stname":"BENJAMIN FRANKLIN BRG","class1":"Major Arterial","recfacil":null,"bikenetwor":null,"combined_s":"Urban Arterial","street_typ":"Urban Arterial","sidewlk_wd":"Greater than or equal to 12 feet","wlk_zn":"Greater than or equal to 6 feet","phase2_sid":null}},{"type":"Feature","id":36622,"geometry":{"type":"LineString","coordinates":[[-75.1511050735824,39.9571484299577],[-75.150625504715,39.9577859778832]]},"properties":{"objectid":36622,"stname":"N FRANKLIN ST","class1":"Minor Arterial","recfacil":null,"bikenetwor":null,"combined_s":"City Neighborhood Street","street_typ":"City Neighborhood Street","sidewlk_wd":"Greater than or equal to 12 feet","wlk_zn":"Greater than or equal to 6 feet","phase2_sid":"No"}},{"type":"Feature","id":36625,"geometry":{"type":"LineString","coordinates":[[-75.1498518141551,39.9575256841474],[-75.150131573645,39.9574839243525],[-75.1504532656833,39.9574192541341],[-75.1507986469357,39.9573253437248],[-75.1511050735824,39.9571484299577]]},"properties":{"objectid":36625,"stname":"VINE STREET EXP RMP 8061F","class1":"Low-Speed Ramp","recfacil":null,"bikenetwor":null,"combined_s":"No Classification","street_typ":"N/A Interstate","sidewlk_wd":null,"wlk_zn":null,"phase2_sid":null}},{"type":"Feature","id":36630,"geometry":{"type":"LineString","coordinates":[[-75.2009374085693,40.079891986945],[-75.2005562958813,40.080267944734]]},"properties":{"objectid":36630,"stname":"SPRING LN","class1":"Non-Philadelphia","recfacil":null,"bikenetwor":null,"combined_s":"Lower Density Residential","street_typ":"Lower Density Residential","sidewlk_wd":"Greater than or equal to 10 feet","wlk_zn":"Greater than or equal to 5 feet","phase2_sid":null}},{"type":"Feature","id":36631,"geometry":{"type":"LineString","coordinates":[[-75.1466675228997,40.0675295935276],[-75.1476804701003,40.068099109296]]},"properties":{"objectid":36631,"stname":"W CHELTENHAM AVE","class1":"Major Arterial","recfacil":null,"bikenetwor":null,"combined_s":"Urban Arterial","street_typ":"Urban Arterial","sidewlk_wd":"Greater than or equal to 12 feet","wlk_zn":"Greater than or equal to 6 feet","phase2_sid":"Yes"}},{"type":"Feature","id":36659,"geometry":{"type":"LineString","coordinates":[[-75.143608113369,39.9240282417713],[-75.1432145290737,39.9234083750374]]},"properties":{"objectid":36659,"stname":"S CHRISTOPHER COLUMBUS BLV","class1":"Major Arterial","recfacil":null,"bikenetwor":"YES","combined_s":"Auto Oriented Commercial/Industrial","street_typ":"Auto Oriented Commercial/Industrial","sidewlk_wd":"Greater than or equal to 12 feet","wlk_zn":"Greater than or equal to 6 feet","phase2_sid":"Yes"}},{"type":"Feature","id":36664,"geometry":{"type":"LineString","coordinates":[[-75.1450745066784,39.926441686926],[-75.1449721621737,39.9263089659761],[-75.1448027640364,39.9258504074717],[-75.1445837105913,39.9254802748887],[-75.1440514179736,39.9247264005446],[-75.143608113369,39.9240282417713]]},"properties":{"objectid":36664,"stname":"S CHRISTOPHER COLUMBUS BLV","class1":"Major Arterial","recfacil":null,"bikenetwor":"YES","combined_s":"Auto Oriented Commercial/Industrial","street_typ":"Auto Oriented Commercial/Industrial","sidewlk_wd":"Greater than or equal to 12 feet","wlk_zn":"Greater than or equal to 6 feet","phase2_sid":"Yes"}},{"type":"Feature","id":36692,"geometry":{"type":"LineString","coordinates":[[-75.0896184057549,39.9890732241748],[-75.0881753497381,39.9874377135647],[-75.0878524027132,39.987079166876]]},"properties":{"objectid":36692,"stname":"CASTOR AVE","class1":"Major Arterial","recfacil":null,"bikenetwor":"YES","combined_s":"Auto Oriented Commercial/Industrial","street_typ":"Auto Oriented Commercial/Industrial","sidewlk_wd":"Greater than or equal to 12 feet","wlk_zn":"Greater than or equal to 6 feet","phase2_sid":"Yes"}},{"type":"Feature","id":36738,"geometry":{"type":"LineString","coordinates":[[-75.0288213841535,40.0273473678388],[-75.0272028697969,40.028247512971],[-75.0225587822629,40.0308151768481]]},"properties":{"objectid":36738,"stname":"STATE RD","class1":"Major Arterial","recfacil":null,"bikenetwor":null,"combined_s":"Auto Oriented Commercial/Industrial","street_typ":"Auto Oriented Commercial/Industrial","sidewlk_wd":"Greater than or equal to 12 feet","wlk_zn":"Greater than or equal to 6 feet","phase2_sid":"Yes"}},{"type":"Feature","id":36767,"geometry":{"type":"LineString","coordinates":[[-75.2011593161429,39.9498485066552],[-75.2007262357177,39.9496977710825],[-75.2000438522808,39.9494656239537],[-75.1997356076182,39.9493747445277],[-75.1995481183843,39.9492203018117]]},"properties":{"objectid":36767,"stname":"UNIVERSITY AVE","class1":"Major Arterial","recfacil":null,"bikenetwor":null,"combined_s":"Urban Arterial","street_typ":"Urban Arterial","sidewlk_wd":"Greater than or equal to 12 feet","wlk_zn":"Greater than or equal to 6 feet","phase2_sid":"Yes"}},{"type":"Feature","id":36796,"geometry":{"type":"LineString","coordinates":[[-75.1624172413,39.9580975947521],[-75.1623163285186,39.9585711744419]]},"properties":{"objectid":36796,"stname":"N BROAD ST","class1":"Major Arterial","recfacil":null,"bikenetwor":null,"combined_s":"Civic/Ceremonial Street","street_typ":"Civic/Ceremonial Street","sidewlk_wd":"Greater than or equal to  20 feet","wlk_zn":"Greater than or equal to 10 feet","phase2_sid":"No"}},{"type":"Feature","id":36806,"geometry":{"type":"LineString","coordinates":[[-75.1253251715248,39.9707769713802],[-75.125901780444,39.971774672329]]},"properties":{"objectid":36806,"stname":"E BERKS ST","class1":"Collector Residential","recfacil":null,"bikenetwor":null,"combined_s":"City Neighborhood Street","street_typ":"City Neighborhood Street","sidewlk_wd":"Greater than or equal to 12 feet","wlk_zn":"Greater than or equal to 6 feet","phase2_sid":"Yes"}},{"type":"Feature","id":36813,"geometry":{"type":"LineString","coordinates":[[-75.0967400310705,40.0689887820894],[-75.0932462503031,40.0669563184925]]},"properties":{"objectid":36813,"stname":"COTTMAN AVE","class1":"Major Arterial","recfacil":"Further Study Required","bikenetwor":null,"combined_s":"Urban Arterial","street_typ":"Urban Arterial","sidewlk_wd":"Greater than or equal to 12 feet","wlk_zn":"Greater than or equal to 6 feet","phase2_sid":"Yes"}},{"type":"Feature","id":36872,"geometry":{"type":"LineString","coordinates":[[-75.2512210340563,39.9711166098281],[-75.2515282248561,39.9711558029606],[-75.2518415272723,39.9711946859311],[-75.2522460269879,39.9712421466236]]},"properties":{"objectid":36872,"stname":"W GIRARD AVE","class1":"Collector Residential","recfacil":null,"bikenetwor":null,"combined_s":"City Neighborhood Street","street_typ":"City Neighborhood Street","sidewlk_wd":"Greater than or equal to 12 feet","wlk_zn":"Greater than or equal to 6 feet","phase2_sid":"Yes"}},{"type":"Feature","id":36927,"geometry":{"type":"LineString","coordinates":[[-75.1566156804781,39.984708102796],[-75.1562780740291,39.9862927127706]]},"properties":{"objectid":36927,"stname":"N BROAD ST","class1":"Major Arterial","recfacil":null,"bikenetwor":null,"combined_s":"Civic/Ceremonial Street","street_typ":"Civic/Ceremonial Street","sidewlk_wd":"Greater than or equal to  20 feet","wlk_zn":"Greater than or equal to 10 feet","phase2_sid":"Yes"}},{"type":"Feature","id":36938,"geometry":{"type":"LineString","coordinates":[[-75.1939058514933,39.920965167299],[-75.1954416477981,39.9206739171075],[-75.1961663677057,39.9205822544352],[-75.1991683234,39.9200120436305],[-75.1995979162281,39.9199268608405]]},"properties":{"objectid":36938,"stname":"FRONTAGE RD","class1":"Local Residential","recfacil":null,"bikenetwor":null,"combined_s":"Local (Catch All)","street_typ":"Local (Catch All)","sidewlk_wd":"Greater than or equal to 10 feet","wlk_zn":"Greater than or equal to 5 feet","phase2_sid":null}},{"type":"Feature","id":36953,"geometry":{"type":"LineString","coordinates":[[-75.1728741647671,39.9079582266108],[-75.1732370569228,39.9080115292299]]},"properties":{"objectid":36953,"stname":"HARTRANFT ST","class1":"Collector Residential","recfacil":null,"bikenetwor":null,"combined_s":"City Neighborhood Street","street_typ":"City Neighborhood Street","sidewlk_wd":"Greater than or equal to 12 feet","wlk_zn":"Greater than or equal to 6 feet","phase2_sid":"Yes"}},{"type":"Feature","id":36954,"geometry":{"type":"LineString","coordinates":[[-75.2467558255896,39.9627144388427],[-75.2476506548105,39.962822836817]]},"properties":{"objectid":36954,"stname":"MARKET ST","class1":"Major Arterial","recfacil":null,"bikenetwor":null,"combined_s":"Urban Arterial","street_typ":"Urban Arterial","sidewlk_wd":"Greater than or equal to 12 feet","wlk_zn":"Greater than or equal to 6 feet","phase2_sid":"Yes"}},{"type":"Feature","id":36999,"geometry":{"type":"LineString","coordinates":[[-75.2497318378539,39.9571056974931],[-75.2497998805529,39.9570616289607]]},"properties":{"objectid":36999,"stname":"CITY BOUNDARY","class1":"City Boundary","recfacil":null,"bikenetwor":null,"combined_s":null,"street_typ":"Urban Arterial","sidewlk_wd":null,"wlk_zn":null,"phase2_sid":null}},{"type":"Feature","id":37091,"geometry":{"type":"LineString","coordinates":[[-75.1490105513153,39.9614713929521],[-75.1498120557542,39.9615137612182]]},"properties":{"objectid":37091,"stname":"SPRING GARDEN ST","class1":"Major Arterial","recfacil":null,"bikenetwor":"YES","combined_s":"Urban Arterial","street_typ":"Urban Arterial","sidewlk_wd":"Greater than or equal to 12 feet","wlk_zn":"Greater than or equal to 6 feet","phase2_sid":"Yes"}},{"type":"Feature","id":37128,"geometry":{"type":"LineString","coordinates":[[-75.2587410955677,39.8764321865191],[-75.2584756374321,39.8764045614355],[-75.2581976368542,39.8764345182303],[-75.2577730614962,39.8764839167139],[-75.2575184076205,39.8765135435275],[-75.2567497977424,39.8766323080143],[-75.2559806112955,39.8767666879368],[-75.2552081687908,39.8769242040895],[-75.2542128705592,39.8771791626839],[-75.2534116638605,39.8774251682527],[-75.2527168593651,39.8776739314108]]},"properties":{"objectid":37128,"stname":"SB DELAWARE EXP","class1":"Expressway","recfacil":null,"bikenetwor":null,"combined_s":null,"street_typ":"N/A Interstate","sidewlk_wd":null,"wlk_zn":null,"phase2_sid":null}},{"type":"Feature","id":37186,"geometry":{"type":"LineString","coordinates":[[-75.1986575174701,39.9382107123647],[-75.1987659686642,39.9381400180795],[-75.1989591086674,39.9377246903194],[-75.19940080635,39.9369930517282],[-75.199689525251,39.9365117242829],[-75.1998324376587,39.9362330052379],[-75.1999528952977,39.9359297947791],[-75.2000280599653,39.9356915524408],[-75.200098587947,39.9353692386209],[-75.200115746613,39.935015749111],[-75.2001466260572,39.93424528085],[-75.2001109412501,39.9337409034683]]},"properties":{"objectid":37186,"stname":"SCHUYLKILL EXP RMP 8018B","class1":"Low-Speed Ramp","recfacil":null,"bikenetwor":null,"combined_s":"No Classification","street_typ":"N/A Interstate","sidewlk_wd":null,"wlk_zn":null,"phase2_sid":null}},{"type":"Feature","id":37190,"geometry":{"type":"LineString","coordinates":[[-75.1500167148403,39.914025977365],[-75.1500769369679,39.9139326204925],[-75.150407863591,39.9124406055831],[-75.1505013540439,39.9120454661397]]},"properties":{"objectid":37190,"stname":"S FRONT ST","class1":"Minor Arterial","recfacil":null,"bikenetwor":null,"combined_s":"Auto Oriented Commercial/Industrial","street_typ":"Auto Oriented Commercial/Industrial","sidewlk_wd":"Greater than or equal to 12 feet","wlk_zn":"Greater than or equal to 6 feet","phase2_sid":"Yes"}},{"type":"Feature","id":37202,"geometry":{"type":"LineString","coordinates":[[-75.241659413086,39.8865996326553],[-75.2418236848283,39.8863441965636],[-75.2420498207052,39.8859679482803],[-75.2423120827422,39.885475668105],[-75.2425477022083,39.8849786283829],[-75.2429246182564,39.8840622321688],[-75.2436274456802,39.8824089235675],[-75.243963907607,39.881634719367]]},"properties":{"objectid":37202,"stname":"INDUSTRIAL HWY","class1":"Non Travel","recfacil":null,"bikenetwor":null,"combined_s":null,"street_typ":"N/A Interstate","sidewlk_wd":null,"wlk_zn":null,"phase2_sid":null}},{"type":"Feature","id":37203,"geometry":{"type":"LineString","coordinates":[[-75.252689153054,39.8800059260073],[-75.252787957453,39.8798135804148],[-75.2528574218007,39.8796111764385],[-75.2529186551588,39.8791823731406],[-75.2529491246574,39.8785776567105],[-75.252979618609,39.8778352441607],[-75.252906908702,39.8774239872204],[-75.2528520363045,39.8771791814956],[-75.2527493579153,39.8769319526918],[-75.2526222538492,39.8766736066015],[-75.2525209839951,39.8765212249616],[-75.2523537147188,39.8763472909502],[-75.2522328610903,39.8762516888062],[-75.2521310123416,39.8761782309166],[-75.2519606206499,39.8760893728073],[-75.2518326368712,39.8760366992863]]},"properties":{"objectid":37203,"stname":"AIRPORT RMP K","class1":"High-Speed Ramp","recfacil":null,"bikenetwor":null,"combined_s":null,"street_typ":"N/A Interstate","sidewlk_wd":null,"wlk_zn":null,"phase2_sid":null}},{"type":"Feature","id":37218,"geometry":{"type":"LineString","coordinates":[[-75.1808472953798,39.9596765035919],[-75.180399982901,39.958989091052],[-75.1802924142767,39.9588233121299]]},"properties":{"objectid":37218,"stname":"SCHUYLKILL EXP RMP","class1":"Expressway","recfacil":null,"bikenetwor":null,"combined_s":null,"street_typ":"N/A Interstate","sidewlk_wd":null,"wlk_zn":null,"phase2_sid":null}},{"type":"Feature","id":37219,"geometry":{"type":"LineString","coordinates":[[-75.1792812990533,39.9599449314273],[-75.1797268699795,39.959965619422],[-75.1801286797067,39.9599989478443],[-75.1803655786576,39.9600042540578],[-75.1805264990002,39.9599287944308],[-75.1806174985481,39.9598213586668],[-75.1806771423543,39.9597071397047],[-75.1806666335855,39.9595670223574],[-75.1805465028838,39.9593863732047]]},"properties":{"objectid":37219,"stname":"VINE STREET EXP RMP D","class1":"High-Speed Ramp","recfacil":null,"bikenetwor":null,"combined_s":"No Classification","street_typ":"N/A Interstate","sidewlk_wd":null,"wlk_zn":null,"phase2_sid":null}},{"type":"Feature","id":37221,"geometry":{"type":"LineString","coordinates":[[-75.2051404324525,39.9865029668532],[-75.2049658720421,39.9867037879725],[-75.2048504885578,39.9868333930534],[-75.2027663055581,39.9895681777115],[-75.2024398680596,39.989968404641],[-75.2016744476233,39.9905595921505],[-75.2008453551937,39.9911615243415],[-75.2000320476506,39.9917638015323],[-75.1988915613938,39.9925973530418],[-75.1979481174462,39.9933534906416],[-75.1973102877011,39.9940194164413]]},"properties":{"objectid":37221,"stname":"MARTIN LUTHER KING DR","class1":"Major Arterial","recfacil":null,"bikenetwor":null,"combined_s":"Scenic Drive","street_typ":"Scenic Drive","sidewlk_wd":"Greater than or equal to 9 feet","wlk_zn":"Greater than or equal to 6 feet","phase2_sid":"Yes"}},{"type":"Feature","id":37230,"geometry":{"type":"LineString","coordinates":[[-75.1508544003326,39.910349767921],[-75.1509366628769,39.909974115952],[-75.1510995267837,39.9093370561221],[-75.1511330604622,39.9091155966361],[-75.1512402382936,39.9086509658795],[-75.1512043941426,39.9074708620767]]},"properties":{"objectid":37230,"stname":"S FRONT ST","class1":"Minor Arterial","recfacil":null,"bikenetwor":null,"combined_s":"Auto Oriented Commercial/Industrial","street_typ":"Auto Oriented Commercial/Industrial","sidewlk_wd":"Greater than or equal to 12 feet","wlk_zn":"Greater than or equal to 6 feet","phase2_sid":"Yes"}},{"type":"Feature","id":37235,"geometry":{"type":"LineString","coordinates":[[-75.2311497882433,39.8896919073373],[-75.2313842092923,39.8896370544579],[-75.2316230078182,39.8896067773892],[-75.2318464145398,39.8896089534398],[-75.2320677594792,39.889637311783],[-75.2324519132151,39.8896935243471],[-75.2338971677935,39.8899313088959]]},"properties":{"objectid":37235,"stname":"PENROSE AVE","class1":"Major Arterial","recfacil":null,"bikenetwor":null,"combined_s":"Urban Arterial","street_typ":"Urban Arterial","sidewlk_wd":"Greater than or equal to 12 feet","wlk_zn":"Greater than or equal to 6 feet","phase2_sid":"Yes"}},{"type":"Feature","id":37238,"geometry":{"type":"LineString","coordinates":[[-75.2236087191685,40.0928984205668],[-75.223479058567,40.0930478270623],[-75.2232276646434,40.0932982611631]]},"properties":{"objectid":37238,"stname":"W WISSAHICKON AVE","class1":"Non-Philadelphia","recfacil":null,"bikenetwor":null,"combined_s":"Urban Arterial","street_typ":"Urban Arterial","sidewlk_wd":"Greater than or equal to 12 feet","wlk_zn":"Greater than or equal to 6 feet","phase2_sid":null}},{"type":"Feature","id":37242,"geometry":{"type":"LineString","coordinates":[[-75.240496334215,39.8889696370876],[-75.2412631555989,39.88804289276],[-75.2416122338043,39.8874951173076],[-75.2418003483934,39.8871106121388],[-75.2419374506792,39.8867339462364],[-75.2419964881237,39.8864694710523],[-75.2420337261906,39.8861840121744],[-75.2420467177166,39.8859310324171]]},"properties":{"objectid":37242,"stname":"DELAWARE EXP RMP F","class1":"High-Speed Ramp","recfacil":null,"bikenetwor":null,"combined_s":null,"street_typ":"N/A Interstate","sidewlk_wd":null,"wlk_zn":null,"phase2_sid":null}},{"type":"Feature","id":37266,"geometry":{"type":"LineString","coordinates":[[-75.0973464257435,40.0137583086961],[-75.0970577173122,40.015211357993],[-75.0970282958606,40.0167737511058],[-75.0970143325916,40.0176474412572],[-75.0969807655943,40.0178773720465],[-75.0969647875804,40.0180837903571],[-75.0969371353121,40.0181802217243]]},"properties":{"objectid":37266,"stname":"CASTOR AVE","class1":"Major Arterial","recfacil":"Bike Lane","bikenetwor":"YES","combined_s":"Urban Arterial","street_typ":"Urban Arterial","sidewlk_wd":"Greater than or equal to 12 feet","wlk_zn":"Greater than or equal to 6 feet","phase2_sid":"Yes"}},{"type":"Feature","id":37270,"geometry":{"type":"LineString","coordinates":[[-75.2128263750788,40.0867569825333],[-75.2130291321899,40.0869831805187],[-75.2131061926995,40.0870876300797]]},"properties":{"objectid":37270,"stname":"BETHLEHEM PK","class1":"Non-Philadelphia","recfacil":null,"bikenetwor":null,"combined_s":"Urban Arterial","street_typ":"Urban Arterial","sidewlk_wd":"Greater than or equal to 12 feet","wlk_zn":"Greater than or equal to 6 feet","phase2_sid":null}},{"type":"Feature","id":37276,"geometry":{"type":"LineString","coordinates":[[-75.0360393881403,40.0508902522549],[-75.0321396021438,40.0487699932892],[-75.0319886648186,40.0486603113284],[-75.0318610740861,40.0485423395432],[-75.0317413539874,40.0483714980005],[-75.0316724756521,40.0482239667832],[-75.0316370974516,40.0481067603059],[-75.0316265050983,40.0479354959429],[-75.0316142073389,40.0478633053372]]},"properties":{"objectid":37276,"stname":"RHAWN ST","class1":"Minor Arterial","recfacil":"Bike Lane","bikenetwor":null,"combined_s":"Scenic Drive","street_typ":"Scenic Drive","sidewlk_wd":"Greater than or equal to 9 feet","wlk_zn":"Greater than or equal to 6 feet","phase2_sid":"Yes"}},{"type":"Feature","id":37283,"geometry":{"type":"LineString","coordinates":[[-75.2151351354985,40.0880586079649],[-75.2150630002702,40.0882312995408],[-75.2149339935222,40.0885745576841]]},"properties":{"objectid":37283,"stname":"MEADOWBROOK LN","class1":"Non-Philadelphia","recfacil":null,"bikenetwor":null,"combined_s":"Lower Density Residential","street_typ":"Lower Density Residential","sidewlk_wd":"Greater than or equal to 10 feet","wlk_zn":"Greater than or equal to 5 feet","phase2_sid":null}},{"type":"Feature","id":37290,"geometry":{"type":"LineString","coordinates":[[-75.1423791107664,39.9415947921912],[-75.1416706035765,39.9415760618702],[-75.1416044247894,39.9415287614509],[-75.1415452326972,39.9415208738689],[-75.1414942805933,39.9415197150865],[-75.1414500653358,39.9415645049135],[-75.1414325794997,39.9415771909893]]},"properties":{"objectid":37290,"stname":"LOMBARD CIR","class1":"Local Residential","recfacil":null,"bikenetwor":null,"combined_s":"Local (Catch All)","street_typ":"Local (Catch All)","sidewlk_wd":"Greater than or equal to 10 feet","wlk_zn":"Greater than or equal to 5 feet","phase2_sid":null}},{"type":"Feature","id":37291,"geometry":{"type":"LineString","coordinates":[[-75.1806778039094,39.9557400034339],[-75.1803723832201,39.9565731531915]]},"properties":{"objectid":37291,"stname":"N SCHUYLKILL AVE W","class1":"Minor Arterial","recfacil":"Cycletrack","bikenetwor":null,"combined_s":"Urban Arterial","street_typ":"Urban Arterial","sidewlk_wd":"Greater than or equal to 12 feet","wlk_zn":"Greater than or equal to 6 feet","phase2_sid":"Yes"}},{"type":"Feature","id":37309,"geometry":{"type":"LineString","coordinates":[[-75.2530708293471,39.8801065910306],[-75.2532881601719,39.8797008906699],[-75.2535761149087,39.8791247437793],[-75.2539023471886,39.8785151698807],[-75.2540387053601,39.8782326403757],[-75.254132802922,39.878091939642],[-75.254257986609,39.8779119461359],[-75.254412580255,39.8777383025846],[-75.25464905008,39.8775550226679],[-75.2548616281156,39.8774169013808],[-75.2551106030672,39.8772967017963],[-75.2555157148849,39.8771627719732],[-75.2558664777902,39.8770961772254],[-75.2564321994469,39.8770285488174],[-75.257207146049,39.8769140795654],[-75.257691407207,39.8768446737787],[-75.2578858939989,39.8767949109688],[-75.2581168620732,39.8766993771284],[-75.2582844331985,39.8766038995798],[-75.2583879275601,39.8765271413248],[-75.258542066164,39.8763911484701],[-75.2585910774144,39.8763314531665]]},"properties":{"objectid":37309,"stname":"AIRPORT RMP LL","class1":"High-Speed Ramp","recfacil":null,"bikenetwor":null,"combined_s":null,"street_typ":"N/A Interstate","sidewlk_wd":null,"wlk_zn":null,"phase2_sid":null}},{"type":"Feature","id":37310,"geometry":{"type":"LineString","coordinates":[[-75.2585910774144,39.8763314531665],[-75.2585951728924,39.8763264651357]]},"properties":{"objectid":37310,"stname":"CITY BOUNDARY","class1":"High-Speed Ramp","recfacil":null,"bikenetwor":null,"combined_s":null,"street_typ":"N/A Interstate","sidewlk_wd":null,"wlk_zn":null,"phase2_sid":null}},{"type":"Feature","id":37319,"geometry":{"type":"LineString","coordinates":[[-75.1508544003326,39.910349767921],[-75.1504682979752,39.9103042836068],[-75.1502515817164,39.9102809876423],[-75.1500990087239,39.910249664489],[-75.149933811657,39.9101936749884],[-75.1498273572032,39.9101390175755],[-75.1497015686713,39.910057800023],[-75.1496209669258,39.9099776072811],[-75.1495561130115,39.9098995133622],[-75.1495133889288,39.9098341113038],[-75.1494651504004,39.9097354968316],[-75.149444553791,39.9096827865968],[-75.1494299395108,39.9095919006326],[-75.1494302119351,39.9094665233786],[-75.149442313874,39.9093274828755],[-75.1495837043603,39.9084686802915],[-75.1495810004574,39.9081172611751]]},"properties":{"objectid":37319,"stname":"DELAWARE EXP RMP H","class1":"High-Speed Ramp","recfacil":null,"bikenetwor":null,"combined_s":"No Classification","street_typ":"N/A Interstate","sidewlk_wd":null,"wlk_zn":null,"phase2_sid":null}},{"type":"Feature","id":37330,"geometry":{"type":"LineString","coordinates":[[-75.1086851106737,40.0364344202665],[-75.1085940282718,40.0357212981285],[-75.1085734258235,40.0355047364702]]},"properties":{"objectid":37330,"stname":"ADAMS AVE","class1":"Major Arterial","recfacil":"Marked Shared Lane","bikenetwor":null,"combined_s":"Urban Arterial","street_typ":"Urban Arterial","sidewlk_wd":"Greater than or equal to 12 feet","wlk_zn":"Greater than or equal to 6 feet","phase2_sid":"Yes"}},{"type":"Feature","id":37344,"geometry":{"type":"LineString","coordinates":[[-75.2334828934514,39.8954996943886],[-75.2340704085804,39.8954149977615],[-75.2345993992364,39.8953043751762],[-75.2351728149245,39.8951477118285],[-75.2357962547636,39.8949220698113],[-75.2366788058076,39.8946092066001]]},"properties":{"objectid":37344,"stname":"BARTRAM AVE","class1":"Major Arterial","recfacil":"Buffered Bike Lane","bikenetwor":null,"combined_s":"Urban Arterial","street_typ":"Urban Arterial","sidewlk_wd":"Greater than or equal to 12 feet","wlk_zn":"Greater than or equal to 6 feet","phase2_sid":"Yes"}},{"type":"Feature","id":37349,"geometry":{"type":"LineString","coordinates":[[-75.0778449733694,40.0710032344683],[-75.0772046591064,40.0716368339743]]},"properties":{"objectid":37349,"stname":"VERREE RD","class1":"Major Arterial","recfacil":null,"bikenetwor":"YES","combined_s":"Urban Arterial","street_typ":"Urban Arterial","sidewlk_wd":"Greater than or equal to 12 feet","wlk_zn":"Greater than or equal to 6 feet","phase2_sid":"Yes"}},{"type":"Feature","id":37350,"geometry":{"type":"LineString","coordinates":[[-75.1863561778448,40.0715445256853],[-75.1865626906574,40.0716662451828]]},"properties":{"objectid":37350,"stname":"STENTON AVE","class1":"Major Arterial","recfacil":null,"bikenetwor":null,"combined_s":"Urban Arterial","street_typ":"Urban Arterial","sidewlk_wd":"Greater than or equal to 12 feet","wlk_zn":"Greater than or equal to 6 feet","phase2_sid":"Yes"}},{"type":"Feature","id":37353,"geometry":{"type":"LineString","coordinates":[[-75.129945811507,39.905304007201],[-75.1312092430308,39.9055237693459],[-75.1415853076115,39.9073079294714],[-75.1488596613699,39.9085574549159],[-75.1518795730364,39.9090708568434]]},"properties":{"objectid":37353,"stname":"SCHUYLKILL EXP","class1":"Expressway","recfacil":null,"bikenetwor":null,"combined_s":"No Classification","street_typ":"N/A Interstate","sidewlk_wd":null,"wlk_zn":null,"phase2_sid":null}},{"type":"Feature","id":37419,"geometry":{"type":"LineString","coordinates":[[-75.1798393246675,39.8972301209924],[-75.1862684943193,39.8960112542692],[-75.191575016599,39.8949679046534]]},"properties":{"objectid":37419,"stname":"LANGLEY AVE","class1":"Non-Philadelphia","recfacil":"Bike Lanes","bikenetwor":"YES","combined_s":"City Neighborhood Street","street_typ":"City Neighborhood Street","sidewlk_wd":"Greater than or equal to 12 feet","wlk_zn":"Greater than or equal to 6 feet","phase2_sid":null}},{"type":"Feature","id":37421,"geometry":{"type":"LineString","coordinates":[[-75.1407753834371,40.0641605348397],[-75.1406318255028,40.0642103530025],[-75.1403057554328,40.0645346860425]]},"properties":{"objectid":37421,"stname":"SCHOOL LN","class1":"Non-Philadelphia","recfacil":null,"bikenetwor":null,"combined_s":null,"street_typ":"Delete","sidewlk_wd":null,"wlk_zn":null,"phase2_sid":null}},{"type":"Feature","id":37427,"geometry":{"type":"LineString","coordinates":[[-75.2368964676715,39.895167781572],[-75.2366677768928,39.8947773851871],[-75.2366788058076,39.8946092066001]]},"properties":{"objectid":37427,"stname":"ISLAND AVE","class1":"Major Arterial","recfacil":"Bike Lanes","bikenetwor":"YES","combined_s":"Urban Arterial","street_typ":"Urban Arterial","sidewlk_wd":"Greater than or equal to 12 feet","wlk_zn":"Greater than or equal to 6 feet","phase2_sid":"Yes"}},{"type":"Feature","id":37437,"geometry":{"type":"LineString","coordinates":[[-75.1913322126711,39.9475745660623],[-75.1914429183219,39.9473178153123],[-75.1937669610677,39.9462826272052],[-75.1947298815389,39.9458536945932],[-75.1950641524551,39.945752662974],[-75.195295187098,39.9456829963944],[-75.1958882193042,39.9455503190746],[-75.1961869525588,39.9454896401196],[-75.1962937805107,39.9454920185283],[-75.1963859003248,39.945497809476],[-75.1964291809531,39.9455099950502],[-75.1964866080112,39.9455337166728],[-75.196530208253,39.9455911668988],[-75.1970886983455,39.9463270544131]]},"properties":{"objectid":37437,"stname":"RIVERVIEW DR","class1":"Minor Arterial","recfacil":null,"bikenetwor":null,"combined_s":"City Neighborhood Street","street_typ":"City Neighborhood Street","sidewlk_wd":"Greater than or equal to 12 feet","wlk_zn":"Greater than or equal to 6 feet","phase2_sid":"Yes"}},{"type":"Feature","id":37479,"geometry":{"type":"LineString","coordinates":[[-75.2258627273629,39.9334902045161],[-75.2252293822693,39.9329632850256],[-75.2245957012203,39.9324198075756]]},"properties":{"objectid":37479,"stname":"S 58TH ST","class1":"Minor Arterial","recfacil":null,"bikenetwor":null,"combined_s":"Urban Arterial","street_typ":"Urban Arterial","sidewlk_wd":"Greater than or equal to 12 feet","wlk_zn":"Greater than or equal to 6 feet","phase2_sid":"Yes"}},{"type":"Feature","id":37487,"geometry":{"type":"LineString","coordinates":[[-75.0515441285487,40.0496442568452],[-75.0515034748362,40.0502231836134],[-75.0514978250394,40.0504683484603]]},"properties":{"objectid":37487,"stname":"E ROOSEVELT BLV","class1":"Major Arterial","recfacil":null,"bikenetwor":null,"combined_s":"Urban Arterial","street_typ":"Urban Arterial","sidewlk_wd":"Greater than or equal to 12 feet","wlk_zn":"Greater than or equal to 6 feet","phase2_sid":"Yes"}},{"type":"Feature","id":37494,"geometry":{"type":"LineString","coordinates":[[-75.1714252723623,39.9167667149111],[-75.1723973007533,39.9168980781901]]},"properties":{"objectid":37494,"stname":"OREGON AVE","class1":"Major Arterial","recfacil":null,"bikenetwor":"YES","combined_s":"Urban Arterial","street_typ":"Urban Arterial","sidewlk_wd":"Greater than or equal to 12 feet","wlk_zn":"Greater than or equal to 6 feet","phase2_sid":"Yes"}},{"type":"Feature","id":37498,"geometry":{"type":"LineString","coordinates":[[-75.1721175970387,40.0633792589569],[-75.1721088061578,40.0634575315989],[-75.1709137235171,40.0646773413946]]},"properties":{"objectid":37498,"stname":"E HORTTER ST","class1":"Local Residential","recfacil":null,"bikenetwor":null,"combined_s":"Lower Density Residential","street_typ":"Lower Density Residential","sidewlk_wd":"Greater than or equal to 10 feet","wlk_zn":"Greater than or equal to 5 feet","phase2_sid":null}},{"type":"Feature","id":37533,"geometry":{"type":"LineString","coordinates":[[-75.114509255017,40.0488155620351],[-75.1129284991055,40.0478989608615]]},"properties":{"objectid":37533,"stname":"E CHELTENHAM AVE","class1":"Major Arterial","recfacil":"Bike Lane","bikenetwor":"YES","combined_s":"Urban Arterial","street_typ":"Urban Arterial","sidewlk_wd":"Greater than or equal to 12 feet","wlk_zn":"Greater than or equal to 6 feet","phase2_sid":"Yes"}},{"type":"Feature","id":37576,"geometry":{"type":"LineString","coordinates":[[-75.2647720864241,39.9821752163355],[-75.2651282304023,39.9826298403797]]},"properties":{"objectid":37576,"stname":"WILTSHIRE RD","class1":"Non-Philadelphia","recfacil":null,"bikenetwor":null,"combined_s":null,"street_typ":"Delete","sidewlk_wd":null,"wlk_zn":null,"phase2_sid":null}},{"type":"Feature","id":37588,"geometry":{"type":"LineString","coordinates":[[-75.1714164091382,40.0823350289469],[-75.1715695997461,40.0821873213883],[-75.1716279152871,40.0820649660962],[-75.1717143741345,40.0818723480018]]},"properties":{"objectid":37588,"stname":"S EASTON RD","class1":"Non-Philadelphia","recfacil":null,"bikenetwor":null,"combined_s":null,"street_typ":"Delete","sidewlk_wd":null,"wlk_zn":null,"phase2_sid":null}},{"type":"Feature","id":37591,"geometry":{"type":"LineString","coordinates":[[-75.2048834440238,40.0821524474867],[-75.2044882460572,40.0825701071455]]},"properties":{"objectid":37591,"stname":"E BIRCH LN","class1":"Non-Philadelphia","recfacil":null,"bikenetwor":null,"combined_s":null,"street_typ":"Delete","sidewlk_wd":null,"wlk_zn":null,"phase2_sid":null}},{"type":"Feature","id":37593,"geometry":{"type":"LineString","coordinates":[[-75.2399045444629,39.9037953955387],[-75.2393823412249,39.902180497198],[-75.2393552851198,39.9016074629263],[-75.2393240496041,39.901377815275]]},"properties":{"objectid":37593,"stname":"ISLAND AVE","class1":"Major Arterial","recfacil":null,"bikenetwor":null,"combined_s":"Urban Arterial","street_typ":"Urban Arterial","sidewlk_wd":"Greater than or equal to 12 feet","wlk_zn":"Greater than or equal to 6 feet","phase2_sid":"Yes"}},{"type":"Feature","id":37594,"geometry":{"type":"LineString","coordinates":[[-75.2385780274442,39.9044862639181],[-75.2378558546622,39.9022197099514],[-75.2378334491412,39.902061404197],[-75.2379234326017,39.901886696386],[-75.2383375531208,39.9014307753261]]},"properties":{"objectid":37594,"stname":"SUFFOLK AVE","class1":"Local Residential","recfacil":null,"bikenetwor":null,"combined_s":"Local (Catch All)","street_typ":"Local (Catch All)","sidewlk_wd":"Greater than or equal to 10 feet","wlk_zn":"Greater than or equal to 5 feet","phase2_sid":null}},{"type":"Feature","id":37595,"geometry":{"type":"LineString","coordinates":[[-75.2383375531208,39.9014307753261],[-75.238981314821,39.9014313865251],[-75.2393240496041,39.901377815275]]},"properties":{"objectid":37595,"stname":"SUFFOLK AVE","class1":"Local Residential","recfacil":null,"bikenetwor":null,"combined_s":"Local (Catch All)","street_typ":"Local (Catch All)","sidewlk_wd":"Greater than or equal to 10 feet","wlk_zn":"Greater than or equal to 5 feet","phase2_sid":null}},{"type":"Feature","id":37640,"geometry":{"type":"LineString","coordinates":[[-75.1745860568521,39.8961189480421],[-75.1747083293037,39.896095770459],[-75.1748996875778,39.896062284833],[-75.1751820525784,39.8960544588705],[-75.1758891208269,39.896162279657]]},"properties":{"objectid":37640,"stname":"CRESCENT DR","class1":"Non-Philadelphia","recfacil":"Bike Lanes","bikenetwor":"YES","combined_s":"City Neighborhood Street","street_typ":"City Neighborhood Street","sidewlk_wd":"Greater than or equal to 12 feet","wlk_zn":"Greater than or equal to 6 feet","phase2_sid":null}},{"type":"Feature","id":37655,"geometry":{"type":"LineString","coordinates":[[-75.2637179104747,39.9826426539001],[-75.2643847942899,39.9823469488647]]},"properties":{"objectid":37655,"stname":"CITY AVE","class1":"Major Arterial","recfacil":null,"bikenetwor":null,"combined_s":"Urban Arterial","street_typ":"Urban Arterial","sidewlk_wd":"Greater than or equal to 12 feet","wlk_zn":"Greater than or equal to 6 feet","phase2_sid":"Yes"}},{"type":"Feature","id":37661,"geometry":{"type":"LineString","coordinates":[[-75.1368783936577,40.0617591903047],[-75.1365090521454,40.0623392330793]]},"properties":{"objectid":37661,"stname":"OLD YORK RD","class1":"Major Arterial","recfacil":null,"bikenetwor":null,"combined_s":"Urban Arterial","street_typ":"Urban Arterial","sidewlk_wd":"Greater than or equal to 12 feet","wlk_zn":"Greater than or equal to 6 feet","phase2_sid":"Yes"}},{"type":"Feature","id":37674,"geometry":{"type":"LineString","coordinates":[[-75.1954440085194,39.9276916092132],[-75.1957957000193,39.9280690715664],[-75.1958946559731,39.9281659759973]]},"properties":{"objectid":37674,"stname":"VARE AVE","class1":"Minor Arterial","recfacil":null,"bikenetwor":"YES","combined_s":"Urban Arterial","street_typ":"Urban Arterial","sidewlk_wd":"Greater than or equal to 12 feet","wlk_zn":"Greater than or equal to 6 feet","phase2_sid":"Yes"}},{"type":"Feature","id":37675,"geometry":{"type":"LineString","coordinates":[[-75.1450155988908,39.9274057808509],[-75.1450719648182,39.9269965184937],[-75.1450745066784,39.926441686926]]},"properties":{"objectid":37675,"stname":"S CHRISTOPHER COLUMBUS BLV","class1":"Major Arterial","recfacil":null,"bikenetwor":"YES","combined_s":"Auto Oriented Commercial/Industrial","street_typ":"Auto Oriented Commercial/Industrial","sidewlk_wd":"Greater than or equal to 12 feet","wlk_zn":"Greater than or equal to 6 feet","phase2_sid":"Yes"}},{"type":"Feature","id":37676,"geometry":{"type":"LineString","coordinates":[[-75.194379179721,39.9265513103629],[-75.195135071595,39.9273734321859],[-75.1954440085194,39.9276916092132]]},"properties":{"objectid":37676,"stname":"VARE AVE","class1":"Minor Arterial","recfacil":null,"bikenetwor":"YES","combined_s":"City Neighborhood Street","street_typ":"City Neighborhood Street","sidewlk_wd":"Greater than or equal to 12 feet","wlk_zn":"Greater than or equal to 6 feet","phase2_sid":"Yes"}},{"type":"Feature","id":37677,"geometry":{"type":"LineString","coordinates":[[-75.2096383090137,40.0325042389456],[-75.208455148757,40.0326702968708],[-75.208027809145,40.0327398789253]]},"properties":{"objectid":37677,"stname":"MARIS ST","class1":"Local Residential","recfacil":null,"bikenetwor":null,"combined_s":"Local (Catch All)","street_typ":"Local (Catch All)","sidewlk_wd":"Greater than or equal to 10 feet","wlk_zn":"Greater than or equal to 5 feet","phase2_sid":null}},{"type":"Feature","id":37695,"geometry":{"type":"LineString","coordinates":[[-75.2495302783503,39.8821968350844],[-75.2498208952668,39.8820015356072],[-75.2520763176161,39.8806105536567],[-75.2522630503686,39.8804808032203],[-75.2524337211788,39.8803379570108],[-75.2525453685692,39.8802256868898],[-75.2526363548966,39.8801129664045],[-75.252689153054,39.8800059260073]]},"properties":{"objectid":37695,"stname":"DELAWARE EXP RMP L","class1":"High-Speed Ramp","recfacil":null,"bikenetwor":null,"combined_s":null,"street_typ":"N/A Interstate","sidewlk_wd":null,"wlk_zn":null,"phase2_sid":null}},{"type":"Feature","id":37710,"geometry":{"type":"LineString","coordinates":[[-75.198045010524,39.9296284744978],[-75.1989702803838,39.9305903452375],[-75.199199506995,39.9308414540197]]},"properties":{"objectid":37710,"stname":"VARE AVE","class1":"Minor Arterial","recfacil":null,"bikenetwor":null,"combined_s":"Auto Oriented Commercial/Industrial","street_typ":"Auto Oriented Commercial/Industrial","sidewlk_wd":"Greater than or equal to 12 feet","wlk_zn":"Greater than or equal to 6 feet","phase2_sid":"Yes"}},{"type":"Feature","id":37718,"geometry":{"type":"LineString","coordinates":[[-75.2432843279777,40.073494331388],[-75.2434633717017,40.0737196896852],[-75.2436172595998,40.0738931030585]]},"properties":{"objectid":37718,"stname":"RIDGE PK","class1":"Non-Philadelphia","recfacil":null,"bikenetwor":null,"combined_s":"Auto Oriented Commercial/Industrial","street_typ":"Auto Oriented Commercial/Industrial","sidewlk_wd":"Greater than or equal to 12 feet","wlk_zn":"Greater than or equal to 6 feet","phase2_sid":null}},{"type":"Feature","id":37734,"geometry":{"type":"LineString","coordinates":[[-75.1704624377028,39.9585594790198],[-75.1708969073986,39.9584578582232],[-75.1711065982342,39.9583470169603],[-75.171238707065,39.9581979404116],[-75.1713695293025,39.9579930701418]]},"properties":{"objectid":37734,"stname":"LOGAN CIR W","class1":"Major Arterial","recfacil":null,"bikenetwor":null,"combined_s":"Civic/Ceremonial Street","street_typ":"Civic/Ceremonial Street","sidewlk_wd":"Greater than or equal to  20 feet","wlk_zn":"Greater than or equal to 10 feet","phase2_sid":null}},{"type":"Feature","id":37748,"geometry":{"type":"LineString","coordinates":[[-75.1250096179298,40.0546534138392],[-75.1248650550272,40.0547178902961],[-75.1246245095811,40.0548276293229]]},"properties":{"objectid":37748,"stname":"OAK LANE RD","class1":"Local Residential","recfacil":null,"bikenetwor":null,"combined_s":"Lower Density Residential","street_typ":"Lower Density Residential","sidewlk_wd":"Greater than or equal to 10 feet","wlk_zn":"Greater than or equal to 5 feet","phase2_sid":null}},{"type":"Feature","id":37758,"geometry":{"type":"LineString","coordinates":[[-75.1691754247454,39.9570402213746],[-75.1704602365557,39.9573229458896],[-75.1707294087511,39.9573797375965]]},"properties":{"objectid":37758,"stname":"BENJAMIN FRANKLIN PKY","class1":"Major Arterial","recfacil":null,"bikenetwor":"YES","combined_s":"Civic/Ceremonial Street","street_typ":"Civic/Ceremonial Street","sidewlk_wd":"Greater than or equal to  20 feet","wlk_zn":"Greater than or equal to 10 feet","phase2_sid":null}},{"type":"Feature","id":37801,"geometry":{"type":"LineString","coordinates":[[-75.26625966608,39.981515573124],[-75.2666049932094,39.9819612935832]]},"properties":{"objectid":37801,"stname":"ALLANDALE RD","class1":"Non-Philadelphia","recfacil":null,"bikenetwor":null,"combined_s":null,"street_typ":"Delete","sidewlk_wd":null,"wlk_zn":null,"phase2_sid":null}},{"type":"Feature","id":37806,"geometry":{"type":"LineString","coordinates":[[-75.181221273222,39.9546034025499],[-75.1811116051877,39.9546696002738],[-75.1808147892022,39.9554261243584]]},"properties":{"objectid":37806,"stname":"N SCHUYLKILL AVE W","class1":"Minor Arterial","recfacil":null,"bikenetwor":null,"combined_s":"Urban Arterial","street_typ":"Urban Arterial","sidewlk_wd":"Greater than or equal to 12 feet","wlk_zn":"Greater than or equal to 6 feet","phase2_sid":"Yes"}},{"type":"Feature","id":37807,"geometry":{"type":"LineString","coordinates":[[-75.1808472953798,39.9596765035919],[-75.1807137066897,39.9593986251659],[-75.1805504679158,39.9590776998378],[-75.1804380921223,39.9588762982354],[-75.1803700394299,39.9587232428197],[-75.18029843318,39.9585014443837],[-75.1802490050603,39.9583440703285],[-75.1802259900236,39.9582204351976],[-75.1802103776127,39.9580638185651],[-75.180197122576,39.9579261966971],[-75.1801983112364,39.957732073371],[-75.180211886617,39.9575358596463],[-75.180264554783,39.9572008296647],[-75.1803119446774,39.9570053733546],[-75.1803780137758,39.9567227318784],[-75.1804375199486,39.9565322826326],[-75.1805732421532,39.9561162431551],[-75.1806633652665,39.955848345637],[-75.1808943138431,39.9552734368216],[-75.1809084727496,39.9551370578723]]},"properties":{"objectid":37807,"stname":"WB SCHUYLKILL EXP","class1":"Expressway","recfacil":null,"bikenetwor":null,"combined_s":null,"street_typ":"N/A Interstate","sidewlk_wd":null,"wlk_zn":null,"phase2_sid":null}},{"type":"Feature","id":37809,"geometry":{"type":"LineString","coordinates":[[-75.1802924142767,39.9588233121299],[-75.1801315309928,39.9582775094795],[-75.1801051119025,39.9579998989969],[-75.1800866044424,39.9578384826731],[-75.1801028474193,39.9574933797955],[-75.1801577703944,39.9571771260828],[-75.1802054278293,39.9569745731295],[-75.1803100925282,39.9566805199403],[-75.1803723832201,39.9565731531915]]},"properties":{"objectid":37809,"stname":"SCHUYLKILL EXP RMP H","class1":"Low-Speed Ramp","recfacil":null,"bikenetwor":null,"combined_s":null,"street_typ":"N/A Interstate","sidewlk_wd":null,"wlk_zn":null,"phase2_sid":null}},{"type":"Feature","id":37837,"geometry":{"type":"LineString","coordinates":[[-75.1613833739543,39.9623267555567],[-75.1615635094212,39.9623902687963],[-75.1631151410423,39.9626044891065]]},"properties":{"objectid":37837,"stname":"SPRING GARDEN ST","class1":"Major Arterial","recfacil":null,"bikenetwor":"YES","combined_s":"Urban Arterial","street_typ":"Urban Arterial","sidewlk_wd":"Greater than or equal to 12 feet","wlk_zn":"Greater than or equal to 6 feet","phase2_sid":"Yes"}},{"type":"Feature","id":37854,"geometry":{"type":"LineString","coordinates":[[-75.1413791280532,39.920747386652],[-75.1405737147007,39.9195262237066],[-75.1401383977436,39.9188585439306]]},"properties":{"objectid":37854,"stname":"S CHRISTOPHER COLUMBUS BLV","class1":"Major Arterial","recfacil":null,"bikenetwor":"YES","combined_s":"Urban Arterial","street_typ":"Urban Arterial","sidewlk_wd":"Greater than or equal to 12 feet","wlk_zn":"Greater than or equal to 6 feet","phase2_sid":"Yes"}},{"type":"Feature","id":37877,"geometry":{"type":"LineString","coordinates":[[-75.1898902673292,39.9221902075457],[-75.1897750070923,39.922032946108],[-75.1897078665815,39.9219280552604],[-75.1895103408536,39.9215100804313],[-75.1894410326049,39.9212530965742],[-75.1894158731258,39.9210822430622],[-75.189450426665,39.9205843051161],[-75.1903012121074,39.9164494157391],[-75.190252082046,39.9159720427437],[-75.1900832329463,39.9155261936503],[-75.1899413024926,39.9153101611768],[-75.1897668929984,39.9151177295928],[-75.1894847509901,39.9148499109326],[-75.1892685969733,39.914717364386],[-75.1890136747621,39.9145657069076],[-75.1889018637652,39.914518144422],[-75.1887571511597,39.9144565857671],[-75.1884138223447,39.9143455246277],[-75.188147348319,39.9142909161108],[-75.1866147198267,39.9140924495935],[-75.185018740661,39.91389862784],[-75.1826138706294,39.9135832808576],[-75.1816538389066,39.9135084539774]]},"properties":{"objectid":37877,"stname":"WB SCHUYLKILL EXP","class1":"Expressway","recfacil":null,"bikenetwor":null,"combined_s":"No Classification","street_typ":"N/A Interstate","sidewlk_wd":null,"wlk_zn":null,"phase2_sid":null}},{"type":"Feature","id":37913,"geometry":{"type":"LineString","coordinates":[[-75.2014337367146,40.0076365224499],[-75.200446544356,40.0072950460333],[-75.1995482836904,40.0069684218135],[-75.1993388932173,40.0068805037083],[-75.1987839248218,40.0066474806993],[-75.1983647427846,40.0064520687874],[-75.198255322696,40.0063916616795],[-75.1977491599735,40.0061034090576],[-75.1972769820721,40.005802521732],[-75.1969859940547,40.0056066743513],[-75.1963631927367,40.0051390010198],[-75.196105526577,40.0048975861921],[-75.1958461373895,40.00461120467],[-75.1956708631988,40.0043574643054]]},"properties":{"objectid":37913,"stname":"EB SCHUYLKILL EXP","class1":"Expressway","recfacil":null,"bikenetwor":null,"combined_s":null,"street_typ":"N/A Interstate","sidewlk_wd":null,"wlk_zn":null,"phase2_sid":null}},{"type":"Feature","id":37934,"geometry":{"type":"LineString","coordinates":[[-75.1703026352566,39.9728814463152],[-75.1710065060289,39.9729588360176]]},"properties":{"objectid":37934,"stname":"W GIRARD AVE","class1":"Major Arterial","recfacil":null,"bikenetwor":null,"combined_s":"Urban Arterial","street_typ":"Urban Arterial","sidewlk_wd":"Greater than or equal to 12 feet","wlk_zn":"Greater than or equal to 6 feet","phase2_sid":"Yes"}},{"type":"Feature","id":37936,"geometry":{"type":"LineString","coordinates":[[-75.1803723832201,39.9565731531915],[-75.1805120085954,39.9567227426365],[-75.1806145489503,39.9567732685656],[-75.1807434859225,39.9568163476421],[-75.1809622636495,39.9568784125997],[-75.1810794783614,39.9568832016082]]},"properties":{"objectid":37936,"stname":"ARCH ST","class1":"Major Arterial","recfacil":"Cycletrack","bikenetwor":null,"combined_s":"Urban Arterial","street_typ":"Urban Arterial","sidewlk_wd":"Greater than or equal to 12 feet","wlk_zn":"Greater than or equal to 6 feet","phase2_sid":"Yes"}},{"type":"Feature","id":37964,"geometry":{"type":"LineString","coordinates":[[-75.1883324122318,39.8972405481995],[-75.1851452419381,39.8979465963561],[-75.1825147069668,39.8984189083433],[-75.1820923856116,39.8984947295798]]},"properties":{"objectid":37964,"stname":"SB DELAWARE EXP","class1":"Expressway","recfacil":null,"bikenetwor":null,"combined_s":"No Classification","street_typ":"N/A Interstate","sidewlk_wd":null,"wlk_zn":null,"phase2_sid":null}},{"type":"Feature","id":38006,"geometry":{"type":"LineString","coordinates":[[-75.1151610692758,40.0360058540703],[-75.1145966040288,40.035751819811],[-75.1145932048416,40.0357505173169],[-75.1140331622446,40.035480686619]]},"properties":{"objectid":38006,"stname":"E CHEW AVE","class1":"Local Residential","recfacil":null,"bikenetwor":null,"combined_s":"Local (Catch All)","street_typ":"Local (Catch All)","sidewlk_wd":"Greater than or equal to 10 feet","wlk_zn":"Greater than or equal to 5 feet","phase2_sid":null}},{"type":"Feature","id":38007,"geometry":{"type":"LineString","coordinates":[[-75.2524474673689,39.8975149980292],[-75.254287730695,39.8955051145114],[-75.2548696612865,39.8948826467608]]},"properties":{"objectid":38007,"stname":"LINDBERGH BLV","class1":"Local Residential","recfacil":null,"bikenetwor":null,"combined_s":"Local (Catch All)","street_typ":"Local (Catch All)","sidewlk_wd":"Greater than or equal to 10 feet","wlk_zn":"Greater than or equal to 5 feet","phase2_sid":null}},{"type":"Feature","id":38009,"geometry":{"type":"LineString","coordinates":[[-75.255170895877,39.9868180273439],[-75.2558377860989,39.9865179799229],[-75.2559733878721,39.9864806875427],[-75.2561270316036,39.9864627681553],[-75.2562952574102,39.9864778109044],[-75.2564620893625,39.9865307862705],[-75.2565729501807,39.9865893776531],[-75.2567691920833,39.986743282287],[-75.2568978681255,39.9867663190117]]},"properties":{"objectid":38009,"stname":"CHURCH RD","class1":"Local Residential","recfacil":null,"bikenetwor":null,"combined_s":"Lower Density Residential","street_typ":"Lower Density Residential","sidewlk_wd":"Greater than or equal to 10 feet","wlk_zn":"Greater than or equal to 5 feet","phase2_sid":null}},{"type":"Feature","id":38019,"geometry":{"type":"LineString","coordinates":[[-75.1804012044738,39.958201627246],[-75.1802980858785,39.9579055031377],[-75.180307939826,39.9574338209141],[-75.1803497869935,39.9570845765398],[-75.1807378284829,39.9557894022854],[-75.1807927929296,39.9556356007259],[-75.1814355139747,39.9538370791047],[-75.1822564261267,39.9522107097843],[-75.1828608055472,39.9511966813544],[-75.18366901195,39.9501444771961],[-75.1837629085524,39.9500695215903],[-75.1844288808343,39.9495378798057]]},"properties":{"objectid":38019,"stname":"EB SCHUYLKILL EXP","class1":"Expressway","recfacil":null,"bikenetwor":null,"combined_s":null,"street_typ":"N/A Interstate","sidewlk_wd":null,"wlk_zn":null,"phase2_sid":null}},{"type":"Feature","id":38023,"geometry":{"type":"LineString","coordinates":[[-75.1608496006002,39.9154131512608],[-75.161528748133,39.9154948875866]]},"properties":{"objectid":38023,"stname":"OREGON AVE","class1":"Major Arterial","recfacil":null,"bikenetwor":"YES","combined_s":"Walkable Commercial Corridors","street_typ":"Walkable Commercial Corridors","sidewlk_wd":"Greater than or equal to 12 feet","wlk_zn":"Greater than or equal to 6 feet","phase2_sid":"Yes"}},{"type":"Feature","id":38029,"geometry":{"type":"LineString","coordinates":[[-75.1735498348988,39.9053976286354],[-75.1735446826869,39.9052357798869],[-75.173560054992,39.905057181257],[-75.1737712697428,39.9040435100469],[-75.1738160043697,39.9038588001548],[-75.1739188834792,39.9037974897328]]},"properties":{"objectid":38029,"stname":"S BROAD ST","class1":"Major Arterial","recfacil":"Marked Shared Lane","bikenetwor":"YES","combined_s":"Urban Arterial","street_typ":"Urban Arterial","sidewlk_wd":"Greater than or equal to 12 feet","wlk_zn":"Greater than or equal to 6 feet","phase2_sid":"Yes"}},{"type":"Feature","id":38035,"geometry":{"type":"LineString","coordinates":[[-75.1418888008818,40.0647980417849],[-75.1415075739528,40.0651922778731]]},"properties":{"objectid":38035,"stname":"KEENAN ST","class1":"Non-Philadelphia","recfacil":null,"bikenetwor":null,"combined_s":null,"street_typ":"Delete","sidewlk_wd":null,"wlk_zn":null,"phase2_sid":null}},{"type":"Feature","id":38045,"geometry":{"type":"LineString","coordinates":[[-75.1816538389066,39.9135084539774],[-75.1834667753061,39.9135692531559],[-75.1841301925532,39.9134754287604],[-75.1851038813318,39.9129845074423],[-75.1859169201153,39.9118625793385],[-75.1860775214167,39.911373542723],[-75.1861677225411,39.9109159473069],[-75.1861447132402,39.910821404197]]},"properties":{"objectid":38045,"stname":"SCHUYLKILL EXP RMP N","class1":"Low-Speed Ramp","recfacil":null,"bikenetwor":null,"combined_s":"No Classification","street_typ":"N/A Interstate","sidewlk_wd":null,"wlk_zn":null,"phase2_sid":null}},{"type":"Feature","id":38084,"geometry":{"type":"LineString","coordinates":[[-75.1931605689066,39.9712578163664],[-75.1931438926239,39.971384857125],[-75.1931421994904,39.9714826030189],[-75.1931631669752,39.9716114115058],[-75.193186060352,39.9717417910077],[-75.1932272446369,39.9719138297709],[-75.1932637972904,39.9720506251315],[-75.1933053841687,39.9722119778708],[-75.1933627020048,39.972430212976],[-75.1934270951405,39.9726715227959],[-75.1934987946428,39.9729298027331],[-75.1935577534882,39.9731572411156],[-75.1936108178566,39.9733830200341],[-75.1936559408976,39.9735031996715],[-75.1937138317794,39.9736007447959],[-75.1937861865463,39.9736833337097],[-75.1938594606658,39.9737414969295],[-75.1938928464408,39.9737635863641],[-75.1941940028074,39.9739113297776],[-75.1942405366387,39.9739318018103],[-75.1943920159004,39.9739962907567],[-75.1945041554892,39.9740507356767],[-75.1946020889109,39.974113266919],[-75.1946820791046,39.9741776915758],[-75.1948602757652,39.9743477781489]]},"properties":{"objectid":38084,"stname":"SCHUYLKILL EXP RMP 4","class1":"Low-Speed Ramp","recfacil":null,"bikenetwor":null,"combined_s":null,"street_typ":"N/A Interstate","sidewlk_wd":null,"wlk_zn":null,"phase2_sid":null}},{"type":"Feature","id":38085,"geometry":{"type":"LineString","coordinates":[[-75.121212050893,39.9714976297791],[-75.1202334012369,39.9723966146409]]},"properties":{"objectid":38085,"stname":"RICHMOND ST","class1":"Minor Arterial","recfacil":null,"bikenetwor":"YES","combined_s":"Urban Arterial","street_typ":"Urban Arterial","sidewlk_wd":"Greater than or equal to 12 feet","wlk_zn":"Greater than or equal to 6 feet","phase2_sid":"Yes"}},{"type":"Feature","id":38113,"geometry":{"type":"LineString","coordinates":[[-75.2009843925975,39.9577767992925],[-75.2018360414393,39.9578807012961]]},"properties":{"objectid":38113,"stname":"FILBERT ST","class1":"Local Residential","recfacil":null,"bikenetwor":null,"combined_s":"Local (Catch All)","street_typ":"Local (Catch All)","sidewlk_wd":"Greater than or equal to 10 feet","wlk_zn":"Greater than or equal to 5 feet","phase2_sid":null}},{"type":"Feature","id":38116,"geometry":{"type":"LineString","coordinates":[[-75.2127738061642,39.955383308661],[-75.213658428311,39.9554915465503]]},"properties":{"objectid":38116,"stname":"WALNUT ST","class1":"Major Arterial","recfacil":null,"bikenetwor":"YES","combined_s":"Urban Arterial","street_typ":"Urban Arterial","sidewlk_wd":"Greater than or equal to 12 feet","wlk_zn":"Greater than or equal to 6 feet","phase2_sid":"Yes"}},{"type":"Feature","id":38147,"geometry":{"type":"LineString","coordinates":[[-75.0766000817058,40.0253222311358],[-75.0765682243802,40.0254667606896],[-75.0765337618861,40.0256258300516],[-75.0764820727629,40.0257657936481],[-75.07635940808,40.0260255146364],[-75.0762695610596,40.0261589068889],[-75.0754907404936,40.0270808318214]]},"properties":{"objectid":38147,"stname":"BUSTLETON AVE","class1":"Minor Arterial","recfacil":"Bike Lane","bikenetwor":null,"combined_s":"Urban Arterial","street_typ":"Urban Arterial","sidewlk_wd":"Greater than or equal to 12 feet","wlk_zn":"Greater than or equal to 6 feet","phase2_sid":"Yes"}},{"type":"Feature","id":38185,"geometry":{"type":"LineString","coordinates":[[-75.0258737248048,40.0659212149845],[-75.0242347793868,40.064945478667]]},"properties":{"objectid":38185,"stname":"WILLITS RD","class1":"Minor Arterial","recfacil":"Marked Shared Lane","bikenetwor":null,"combined_s":"Urban Arterial","street_typ":"Urban Arterial","sidewlk_wd":"Greater than or equal to 12 feet","wlk_zn":"Greater than or equal to 6 feet","phase2_sid":"Yes"}},{"type":"Feature","id":38191,"geometry":{"type":"LineString","coordinates":[[-75.1748359192177,39.8990768519548],[-75.1755498728309,39.8991664922951]]},"properties":{"objectid":38191,"stname":"TERMINAL AVE","class1":"Local Residential","recfacil":null,"bikenetwor":null,"combined_s":"Local (Catch All)","street_typ":"Local (Catch All)","sidewlk_wd":"Greater than or equal to 10 feet","wlk_zn":"Greater than or equal to 5 feet","phase2_sid":null}},{"type":"Feature","id":38193,"geometry":{"type":"LineString","coordinates":[[-75.1721006028658,39.8987609094692],[-75.1729912331124,39.8988294603691],[-75.1740508430479,39.8989574305066],[-75.1748359192177,39.8990768519548]]},"properties":{"objectid":38193,"stname":"TERMINAL AVE","class1":"Local Residential","recfacil":null,"bikenetwor":null,"combined_s":"Local (Catch All)","street_typ":"Local (Catch All)","sidewlk_wd":"Greater than or equal to 10 feet","wlk_zn":"Greater than or equal to 5 feet","phase2_sid":null}},{"type":"Feature","id":38199,"geometry":{"type":"LineString","coordinates":[[-75.2103469655287,40.0848249737409],[-75.2112513385673,40.0856828062568]]},"properties":{"objectid":38199,"stname":"BETHLEHEM PK","class1":"Minor Arterial","recfacil":null,"bikenetwor":null,"combined_s":"City Neighborhood Street","street_typ":"City Neighborhood Street","sidewlk_wd":"Greater than or equal to 12 feet","wlk_zn":"Greater than or equal to 6 feet","phase2_sid":"Yes"}},{"type":"Feature","id":38207,"geometry":{"type":"LineString","coordinates":[[-75.2341436683289,39.979611512216],[-75.2340495333328,39.9804111107162]]},"properties":{"objectid":38207,"stname":"N 56TH ST","class1":"Collector Residential","recfacil":null,"bikenetwor":null,"combined_s":"City Neighborhood Street","street_typ":"City Neighborhood Street","sidewlk_wd":"Greater than or equal to 12 feet","wlk_zn":"Greater than or equal to 6 feet","phase2_sid":"Yes"}},{"type":"Feature","id":38224,"geometry":{"type":"LineString","coordinates":[[-75.1830863570524,39.9080254509112],[-75.183972036336,39.9081373125139]]},"properties":{"objectid":38224,"stname":"RESERVE DR","class1":"Local Residential","recfacil":null,"bikenetwor":null,"combined_s":"Local (Catch All)","street_typ":"Local (Catch All)","sidewlk_wd":"Greater than or equal to 10 feet","wlk_zn":"Greater than or equal to 5 feet","phase2_sid":null}},{"type":"Feature","id":38229,"geometry":{"type":"LineString","coordinates":[[-75.0903723422359,40.0652842869891],[-75.0890305829298,40.0666073733882]]},"properties":{"objectid":38229,"stname":"CENTRAL AVE","class1":"Collector Residential","recfacil":null,"bikenetwor":null,"combined_s":"Lower Density Residential","street_typ":"Lower Density Residential","sidewlk_wd":"Greater than or equal to 10 feet","wlk_zn":"Greater than or equal to 5 feet","phase2_sid":"Yes"}},{"type":"Feature","id":38246,"geometry":{"type":"LineString","coordinates":[[-75.1809084727496,39.9551370578723],[-75.1811925409938,39.9543022629154],[-75.1813098557911,39.9539122327148],[-75.1820177225217,39.9524847708959],[-75.1821535827712,39.9522250737256],[-75.1823888989806,39.9518059647838]]},"properties":{"objectid":38246,"stname":"WB SCHUYLKILL EXP","class1":"Expressway","recfacil":null,"bikenetwor":null,"combined_s":null,"street_typ":"N/A Interstate","sidewlk_wd":null,"wlk_zn":null,"phase2_sid":null}},{"type":"Feature","id":38260,"geometry":{"type":"LineString","coordinates":[[-75.1898902673292,39.9221902075457],[-75.1899669322192,39.922389976348],[-75.1900288089549,39.9226346311778],[-75.1899511413457,39.9228092697199],[-75.1898444213806,39.9229163605343],[-75.1897151672384,39.9229925381481],[-75.1895002424209,39.9230363935573],[-75.1893187180884,39.9230323399579],[-75.1890853800671,39.922935901686],[-75.1889805088317,39.9228527713583],[-75.1889171265957,39.9227476549334],[-75.1888769865978,39.9225967466152],[-75.1888998685874,39.9224087214627],[-75.1889547774334,39.9222092471073],[-75.1889032827012,39.9219785584797]]},"properties":{"objectid":38260,"stname":"SCHUYLKILL EXP RMP O","class1":"Low-Speed Ramp","recfacil":null,"bikenetwor":null,"combined_s":"No Classification","street_typ":"N/A Interstate","sidewlk_wd":null,"wlk_zn":null,"phase2_sid":null}},{"type":"Feature","id":38265,"geometry":{"type":"LineString","coordinates":[[-75.2119295053076,40.0860141627836],[-75.2117777081781,40.0861499409972],[-75.2115822879755,40.0863523052138]]},"properties":{"objectid":38265,"stname":"PAPER MILL RD","class1":"City Boundary","recfacil":null,"bikenetwor":null,"combined_s":"Lower Density Residential","street_typ":"Lower Density Residential","sidewlk_wd":"Greater than or equal to 10 feet","wlk_zn":"Greater than or equal to 5 feet","phase2_sid":null}},{"type":"Feature","id":38301,"geometry":{"type":"LineString","coordinates":[[-75.1734893168263,39.9067643648595],[-75.1735845901891,39.90677162657],[-75.1738389069351,39.9067873656736]]},"properties":{"objectid":38301,"stname":"S BROAD ST","class1":"Major Arterial","recfacil":null,"bikenetwor":null,"combined_s":"Civic/Ceremonial Street","street_typ":"Civic/Ceremonial Street","sidewlk_wd":"Greater than or equal to  20 feet","wlk_zn":"Greater than or equal to 10 feet","phase2_sid":"Yes"}},{"type":"Feature","id":38329,"geometry":{"type":"LineString","coordinates":[[-75.1811235540282,39.9674716663323],[-75.1814887173998,39.9675540664958],[-75.1816980446255,39.96766214315],[-75.1820656415214,39.9679744626566],[-75.1826046923683,39.9683514355862],[-75.1829121114976,39.9685347316159],[-75.1832775500988,39.9687435627339],[-75.1836383900184,39.9689210868984],[-75.1841766246569,39.9691628462728],[-75.1847066027237,39.9693523842264]]},"properties":{"objectid":38329,"stname":"KELLY DR","class1":"Major Arterial","recfacil":null,"bikenetwor":null,"combined_s":"Scenic Drive","street_typ":"Scenic Drive","sidewlk_wd":"Greater than or equal to 9 feet","wlk_zn":"Greater than or equal to 6 feet","phase2_sid":"Yes"}},{"type":"Feature","id":38366,"geometry":{"type":"LineString","coordinates":[[-75.1685166646924,39.9047581298756],[-75.1735498348988,39.9053976286354]]},"properties":{"objectid":38366,"stname":"PATTISON AVE","class1":"Major Arterial","recfacil":"Bike Lanes","bikenetwor":"YES","combined_s":"Auto Oriented Commercial/Industrial","street_typ":"Auto Oriented Commercial/Industrial","sidewlk_wd":"Greater than or equal to 12 feet","wlk_zn":"Greater than or equal to 6 feet","phase2_sid":"Yes"}},{"type":"Feature","id":38379,"geometry":{"type":"LineString","coordinates":[[-75.1778712544896,40.0146962139204],[-75.1782336102373,40.0144430654969],[-75.1798985432993,40.0132982604442],[-75.1812499565929,40.0123677218815],[-75.1819236921374,40.0119077998934],[-75.1823346903226,40.0116201219629],[-75.1825753578581,40.0114743694695],[-75.1829811108906,40.0112324514352],[-75.1836143532972,40.0109146534391],[-75.1849584184572,40.0103617434297],[-75.1857393547377,40.0101100951828],[-75.1869191632138,40.0097128528399]]},"properties":{"objectid":38379,"stname":"W ROOSEVELT BLV","class1":"Expressway","recfacil":null,"bikenetwor":null,"combined_s":"No Classification","street_typ":"Urban Arterial","sidewlk_wd":null,"wlk_zn":null,"phase2_sid":null}},{"type":"Feature","id":38433,"geometry":{"type":"LineString","coordinates":[[-75.1948919146985,39.905322676979],[-75.1964104407705,39.9045974008373]]},"properties":{"objectid":38433,"stname":"PENROSE AVE","class1":"Major Arterial","recfacil":null,"bikenetwor":null,"combined_s":"Auto Oriented Commercial/Industrial","street_typ":"Auto Oriented Commercial/Industrial","sidewlk_wd":"Greater than or equal to 12 feet","wlk_zn":"Greater than or equal to 6 feet","phase2_sid":"Yes"}},{"type":"Feature","id":38458,"geometry":{"type":"LineString","coordinates":[[-75.168710227452,40.0416955243438],[-75.1697248574639,40.0423238952961]]},"properties":{"objectid":38458,"stname":"MAGNOLIA ST","class1":"Local Residential","recfacil":null,"bikenetwor":null,"combined_s":"Local (Catch All)","street_typ":"Local (Catch All)","sidewlk_wd":"Greater than or equal to 10 feet","wlk_zn":"Greater than or equal to 5 feet","phase2_sid":null}},{"type":"Feature","id":38464,"geometry":{"type":"LineString","coordinates":[[-75.2426074437813,39.9800750974644],[-75.2463559934517,39.9796581891237]]},"properties":{"objectid":38464,"stname":"W OXFORD ST","class1":"Collector Residential","recfacil":null,"bikenetwor":null,"combined_s":"City Neighborhood Street","street_typ":"City Neighborhood Street","sidewlk_wd":"Greater than or equal to 12 feet","wlk_zn":"Greater than or equal to 6 feet","phase2_sid":"Yes"}},{"type":"Feature","id":38478,"geometry":{"type":"LineString","coordinates":[[-75.1286188989939,40.0142090216405],[-75.1299111089079,40.0143893848435],[-75.1311370676744,40.0145442703403]]},"properties":{"objectid":38478,"stname":"W HUNTING PARK AVE","class1":"Minor Arterial","recfacil":null,"bikenetwor":null,"combined_s":"Auto Oriented Commercial/Industrial","street_typ":"Auto Oriented Commercial/Industrial","sidewlk_wd":"Greater than or equal to 12 feet","wlk_zn":"Greater than or equal to 6 feet","phase2_sid":"Yes"}},{"type":"Feature","id":38482,"geometry":{"type":"LineString","coordinates":[[-75.1747834490511,39.8993429454023],[-75.1748359192177,39.8990768519548]]},"properties":{"objectid":38482,"stname":"S BROAD ST","class1":"Major Arterial","recfacil":"Marked Shared Lane","bikenetwor":"YES","combined_s":"Urban Arterial","street_typ":"Urban Arterial","sidewlk_wd":"Greater than or equal to 12 feet","wlk_zn":"Greater than or equal to 6 feet","phase2_sid":"Yes"}},{"type":"Feature","id":38483,"geometry":{"type":"LineString","coordinates":[[-75.1748359192177,39.8990768519548],[-75.1748603468066,39.8989095625828]]},"properties":{"objectid":38483,"stname":"S BROAD ST","class1":"Major Arterial","recfacil":"Marked Shared Lane","bikenetwor":"YES","combined_s":"Urban Arterial","street_typ":"Urban Arterial","sidewlk_wd":"Greater than or equal to 12 feet","wlk_zn":"Greater than or equal to 6 feet","phase2_sid":"Yes"}},{"type":"Feature","id":38484,"geometry":{"type":"LineString","coordinates":[[-75.1755498728309,39.8991664922951],[-75.1755749592834,39.8985034681847],[-75.1755063500039,39.8980214607777],[-75.1756368164851,39.8973818007304]]},"properties":{"objectid":38484,"stname":"S BROAD ST","class1":"Major Arterial","recfacil":"Marked Shared Lane","bikenetwor":"YES","combined_s":"Urban Arterial","street_typ":"Urban Arterial","sidewlk_wd":"Greater than or equal to 12 feet","wlk_zn":"Greater than or equal to 6 feet","phase2_sid":"Yes"}},{"type":"Feature","id":38519,"geometry":{"type":"LineString","coordinates":[[-75.2223936737015,40.0330616181481],[-75.2210008978211,40.0338041192841],[-75.2209373639769,40.0338983908687]]},"properties":{"objectid":38519,"stname":"LEVERINGTON AVE","class1":"Minor Arterial","recfacil":"Marked Shared Lane","bikenetwor":"YES","combined_s":"City Neighborhood Street","street_typ":"City Neighborhood Street","sidewlk_wd":"Greater than or equal to 12 feet","wlk_zn":"Greater than or equal to 6 feet","phase2_sid":"Yes"}},{"type":"Feature","id":38520,"geometry":{"type":"LineString","coordinates":[[-75.1744654878472,40.0165342308814],[-75.1762428567718,40.0154767347852]]},"properties":{"objectid":38520,"stname":"W ABBOTTSFORD AVE","class1":"Local Residential","recfacil":null,"bikenetwor":null,"combined_s":"Local (Catch All)","street_typ":"Local (Catch All)","sidewlk_wd":"Greater than or equal to 10 feet","wlk_zn":"Greater than or equal to 5 feet","phase2_sid":null}},{"type":"Feature","id":38525,"geometry":{"type":"LineString","coordinates":[[-75.2020306935324,40.0131162055837],[-75.2022087101586,40.0132753077344],[-75.2023907891016,40.0134039007519],[-75.2027069437301,40.0136121172854],[-75.2030825781525,40.0138053576516],[-75.2045094358184,40.0142883681296],[-75.204714085161,40.0143591898321],[-75.20580180287,40.0146910474549],[-75.2059401959183,40.0147225215667],[-75.2063113076647,40.0148162648818]]},"properties":{"objectid":38525,"stname":"RIDGE AVE","class1":"Minor Arterial","recfacil":null,"bikenetwor":"YES","combined_s":"Urban Arterial","street_typ":"Urban Arterial","sidewlk_wd":"Greater than or equal to 12 feet","wlk_zn":"Greater than or equal to 6 feet","phase2_sid":"Yes"}},{"type":"Feature","id":38530,"geometry":{"type":"LineString","coordinates":[[-75.2043640921848,39.9744266025925],[-75.2066286076399,39.9752567642644]]},"properties":{"objectid":38530,"stname":"PARKSIDE AVE","class1":"Minor Arterial","recfacil":null,"bikenetwor":"YES","combined_s":"Urban Arterial","street_typ":"Urban Arterial","sidewlk_wd":"Greater than or equal to 12 feet","wlk_zn":"Greater than or equal to 6 feet","phase2_sid":"Yes"}},{"type":"Feature","id":38571,"geometry":{"type":"LineString","coordinates":[[-75.248865657167,39.8955888088689],[-75.2467680281379,39.8944662067886]]},"properties":{"objectid":38571,"stname":"S 84TH ST","class1":"Major Arterial","recfacil":null,"bikenetwor":"YES","combined_s":"Urban Arterial","street_typ":"Urban Arterial","sidewlk_wd":"Greater than or equal to 12 feet","wlk_zn":"Greater than or equal to 6 feet","phase2_sid":"Yes"}},{"type":"Feature","id":38578,"geometry":{"type":"LineString","coordinates":[[-75.1207625097174,39.972730662685],[-75.1202334012369,39.9723966146409]]},"properties":{"objectid":38578,"stname":"E NORRIS ST","class1":"Minor Arterial","recfacil":null,"bikenetwor":null,"combined_s":"City Neighborhood Street","street_typ":"City Neighborhood Street","sidewlk_wd":"Greater than or equal to 12 feet","wlk_zn":"Greater than or equal to 6 feet","phase2_sid":"Yes"}},{"type":"Feature","id":38605,"geometry":{"type":"LineString","coordinates":[[-75.2327742969391,39.9767552812114],[-75.2329224985441,39.97753129686]]},"properties":{"objectid":38605,"stname":"N ALLISON ST","class1":"Local Residential","recfacil":null,"bikenetwor":null,"combined_s":"Local (Catch All)","street_typ":"Local (Catch All)","sidewlk_wd":"Greater than or equal to 10 feet","wlk_zn":"Greater than or equal to 5 feet","phase2_sid":null}},{"type":"Feature","id":38606,"geometry":{"type":"LineString","coordinates":[[-75.2332951633479,39.9642195419354],[-75.2342263629203,39.9643342150096]]},"properties":{"objectid":38606,"stname":"RACE ST","class1":"Collector Residential","recfacil":null,"bikenetwor":"YES","combined_s":"City Neighborhood Street","street_typ":"City Neighborhood Street","sidewlk_wd":"Greater than or equal to 12 feet","wlk_zn":"Greater than or equal to 6 feet","phase2_sid":"Yes"}},{"type":"Feature","id":38609,"geometry":{"type":"LineString","coordinates":[[-75.2308047670633,39.9607313733175],[-75.2318765350239,39.9608591333803],[-75.2328598242116,39.9609850764492]]},"properties":{"objectid":38609,"stname":"MARKET ST","class1":"Minor Arterial","recfacil":null,"bikenetwor":null,"combined_s":"Urban Arterial","street_typ":"Urban Arterial","sidewlk_wd":"Greater than or equal to 12 feet","wlk_zn":"Greater than or equal to 6 feet","phase2_sid":"Yes"}},{"type":"Feature","id":38614,"geometry":{"type":"LineString","coordinates":[[-75.22815353158,39.9804727403921],[-75.2296720986383,39.9810459261985],[-75.229699947474,39.9810713368005]]},"properties":{"objectid":38614,"stname":"JEFFERSON ST","class1":"Minor Arterial","recfacil":"Marked Shared Lane","bikenetwor":null,"combined_s":"Urban Arterial","street_typ":"Urban Arterial","sidewlk_wd":"Greater than or equal to 12 feet","wlk_zn":"Greater than or equal to 6 feet","phase2_sid":"Yes"}},{"type":"Feature","id":38643,"geometry":{"type":"LineString","coordinates":[[-75.2018360414393,39.9578807012961],[-75.2026699979521,39.9579816082917]]},"properties":{"objectid":38643,"stname":"FILBERT ST","class1":"Local Residential","recfacil":null,"bikenetwor":null,"combined_s":"Local (Catch All)","street_typ":"Local (Catch All)","sidewlk_wd":"Greater than or equal to 10 feet","wlk_zn":"Greater than or equal to 5 feet","phase2_sid":null}},{"type":"Feature","id":38644,"geometry":{"type":"LineString","coordinates":[[-75.2146465106888,39.9556167603157],[-75.2156348435419,39.9557356306812]]},"properties":{"objectid":38644,"stname":"WALNUT ST","class1":"Major Arterial","recfacil":null,"bikenetwor":"YES","combined_s":"Urban Arterial","street_typ":"Urban Arterial","sidewlk_wd":"Greater than or equal to 12 feet","wlk_zn":"Greater than or equal to 6 feet","phase2_sid":"Yes"}},{"type":"Feature","id":38739,"geometry":{"type":"LineString","coordinates":[[-75.0748044689657,40.044662103545],[-75.0737281615486,40.0440605715224],[-75.0732528402842,40.0438053978442]]},"properties":{"objectid":38739,"stname":"KERPER ST","class1":"Local Residential","recfacil":null,"bikenetwor":null,"combined_s":"Local (Catch All)","street_typ":"Local (Catch All)","sidewlk_wd":"Greater than or equal to 10 feet","wlk_zn":"Greater than or equal to 5 feet","phase2_sid":null}},{"type":"Feature","id":38744,"geometry":{"type":"LineString","coordinates":[[-75.2708431750623,39.9731024255514],[-75.2711399548536,39.9729542450754],[-75.2713662591353,39.9728525803089],[-75.2714686999941,39.9728440487353]]},"properties":{"objectid":38744,"stname":"WOODBINE AVE","class1":"Local Residential","recfacil":null,"bikenetwor":null,"combined_s":"Local (Catch All)","street_typ":"Local (Catch All)","sidewlk_wd":"Greater than or equal to 10 feet","wlk_zn":"Greater than or equal to 5 feet","phase2_sid":null}},{"type":"Feature","id":38822,"geometry":{"type":"LineString","coordinates":[[-75.2207328222461,40.0447800686237],[-75.2183328948252,40.0458678906545],[-75.2181335945521,40.0459584903433],[-75.2178457351616,40.0460893475743]]},"properties":{"objectid":38822,"stname":"LIVEZEY LN","class1":"Collector Residential","recfacil":null,"bikenetwor":null,"combined_s":"Lower Density Residential","street_typ":"Lower Density Residential","sidewlk_wd":"Greater than or equal to 10 feet","wlk_zn":"Greater than or equal to 5 feet","phase2_sid":"Yes"}},{"type":"Feature","id":38858,"geometry":{"type":"LineString","coordinates":[[-75.2439829731526,39.9248775976333],[-75.2449690755302,39.9241616043732],[-75.2453299463068,39.9238995768307]]},"properties":{"objectid":38858,"stname":"CHESTER AVE","class1":"Collector Residential","recfacil":null,"bikenetwor":null,"combined_s":"Lower Density Residential","street_typ":"Lower Density Residential","sidewlk_wd":"Greater than or equal to 10 feet","wlk_zn":"Greater than or equal to 5 feet","phase2_sid":"Yes"}},{"type":"Feature","id":38860,"geometry":{"type":"LineString","coordinates":[[-75.2020242967565,40.0074912149805],[-75.2021288718519,40.0073242516287],[-75.2022547190395,40.0071271008998],[-75.2023290309878,40.0070436051189],[-75.2023489398555,40.0069345740784],[-75.2023044913977,40.0068545246746],[-75.2021972821089,40.0067609189385],[-75.2019119724181,40.0065660511028],[-75.2017790051527,40.0065266092409],[-75.2015351806518,40.006490788269],[-75.2010594570039,40.0065227997218],[-75.2008386546815,40.0065057337269],[-75.2006822089001,40.0064596874859],[-75.2005038837919,40.006364500939],[-75.2003813300347,40.006258389125],[-75.2002831674419,40.0061345735374],[-75.2002489049768,40.0059939308051],[-75.2002571206199,40.0057751692508],[-75.2003615691751,40.0055915613003],[-75.2005263698094,40.0054395176975],[-75.2007468847951,40.0053443191938],[-75.2009955980841,40.0052746158785],[-75.2012600124027,40.0051831770028],[-75.2015321009808,40.0050979905659],[-75.2017895253932,40.0049820691371],[-75.2019277350104,40.0048817465814],[-75.2020562458051,40.0047423906731],[-75.2020569383147,40.0047416392883]]},"properties":{"objectid":38860,"stname":"CONSHOHOCKEN AVE","class1":"Collector Residential","recfacil":null,"bikenetwor":"YES","combined_s":"Park Road","street_typ":"Park Road","sidewlk_wd":"Greater than or equal to 8 feet","wlk_zn":"Greater than or equal to 5 feet","phase2_sid":"Yes"}},{"type":"Feature","id":38917,"geometry":{"type":"LineString","coordinates":[[-75.0434296490065,40.0617154446978],[-75.0432644093699,40.062073391963],[-75.0430886308176,40.0624688519197]]},"properties":{"objectid":38917,"stname":"E ROOSEVELT BLV","class1":"Major Arterial","recfacil":null,"bikenetwor":null,"combined_s":"Urban Arterial","street_typ":"Urban Arterial","sidewlk_wd":"Greater than or equal to 12 feet","wlk_zn":"Greater than or equal to 6 feet","phase2_sid":"Yes"}},{"type":"Feature","id":39026,"geometry":{"type":"LineString","coordinates":[[-75.2426119997151,39.929360777546],[-75.2426892883824,39.9291023343236],[-75.2432574696744,39.9273865951614]]},"properties":{"objectid":39026,"stname":"BEAUMONT ST","class1":"Local Residential","recfacil":null,"bikenetwor":null,"combined_s":"Local (Catch All)","street_typ":"Local (Catch All)","sidewlk_wd":"Greater than or equal to 10 feet","wlk_zn":"Greater than or equal to 5 feet","phase2_sid":null}},{"type":"Feature","id":39065,"geometry":{"type":"LineString","coordinates":[[-75.1685975209543,39.916417374832],[-75.1689087187909,39.9164595178311],[-75.1692458299647,39.9165062960305]]},"properties":{"objectid":39065,"stname":"OREGON AVE","class1":"Major Arterial","recfacil":null,"bikenetwor":"YES","combined_s":"Walkable Commercial Corridors","street_typ":"Walkable Commercial Corridors","sidewlk_wd":"Greater than or equal to 12 feet","wlk_zn":"Greater than or equal to 6 feet","phase2_sid":"Yes"}},{"type":"Feature","id":39159,"geometry":{"type":"LineString","coordinates":[[-75.2137163479792,40.0359246490885],[-75.2132794405977,40.0361293923267],[-75.2115444699434,40.0369670274088],[-75.2104009263842,40.0375190987174]]},"properties":{"objectid":39159,"stname":"DUPONT ST","class1":"Collector Residential","recfacil":null,"bikenetwor":null,"combined_s":"City Neighborhood Street","street_typ":"City Neighborhood Street","sidewlk_wd":"Greater than or equal to 12 feet","wlk_zn":"Greater than or equal to 6 feet","phase2_sid":"Yes"}},{"type":"Feature","id":39188,"geometry":{"type":"LineString","coordinates":[[-75.1723631998841,40.0193798123833],[-75.1726432755437,40.0190566080682],[-75.1732497670159,40.0184207395221]]},"properties":{"objectid":39188,"stname":"W CLAPIER ST","class1":"Local Residential","recfacil":null,"bikenetwor":null,"combined_s":"Local (Catch All)","street_typ":"Local (Catch All)","sidewlk_wd":"Greater than or equal to 10 feet","wlk_zn":"Greater than or equal to 5 feet","phase2_sid":null}},{"type":"Feature","id":39221,"geometry":{"type":"LineString","coordinates":[[-75.2070104344193,40.030579135449],[-75.2057464283033,40.0311160335364],[-75.2050029923176,40.0314407874007],[-75.2048162224164,40.0315223725668]]},"properties":{"objectid":39221,"stname":"RECTOR ST","class1":"Local Residential","recfacil":null,"bikenetwor":null,"combined_s":"Lower Density Residential","street_typ":"Lower Density Residential","sidewlk_wd":"Greater than or equal to 10 feet","wlk_zn":"Greater than or equal to 5 feet","phase2_sid":null}},{"type":"Feature","id":39233,"geometry":{"type":"LineString","coordinates":[[-75.1381728583871,40.0594727884529],[-75.1394799145515,40.0596584291616],[-75.1395116776992,40.0596644064887],[-75.1402058784654,40.0597387639493]]},"properties":{"objectid":39233,"stname":"70TH AVE","class1":"Local Residential","recfacil":null,"bikenetwor":null,"combined_s":"Local (Catch All)","street_typ":"Local (Catch All)","sidewlk_wd":"Greater than or equal to 10 feet","wlk_zn":"Greater than or equal to 5 feet","phase2_sid":null}},{"type":"Feature","id":39409,"geometry":{"type":"LineString","coordinates":[[-75.20603978721,40.0292569028025],[-75.2047892077288,40.0298090368502],[-75.2038511102321,40.030203667309]]},"properties":{"objectid":39409,"stname":"WENDOVER ST","class1":"Local Residential","recfacil":null,"bikenetwor":null,"combined_s":"Local (Catch All)","street_typ":"Local (Catch All)","sidewlk_wd":"Greater than or equal to 10 feet","wlk_zn":"Greater than or equal to 5 feet","phase2_sid":null}},{"type":"Feature","id":39446,"geometry":{"type":"LineString","coordinates":[[-75.2422285929764,39.9125856887906],[-75.2425776135314,39.9125536012967],[-75.2430238190423,39.9125102851511]]},"properties":{"objectid":39446,"stname":"THEODORE ST","class1":"Local Residential","recfacil":null,"bikenetwor":null,"combined_s":"Local (Catch All)","street_typ":"Local (Catch All)","sidewlk_wd":"Greater than or equal to 10 feet","wlk_zn":"Greater than or equal to 5 feet","phase2_sid":null}},{"type":"Feature","id":39513,"geometry":{"type":"LineString","coordinates":[[-75.2682957841396,39.9789763134375],[-75.2689566575196,39.9786550713944],[-75.2703107190457,39.9780014247839]]},"properties":{"objectid":39513,"stname":"OVERBROOK AVE","class1":"Local Residential","recfacil":null,"bikenetwor":null,"combined_s":"Local (Catch All)","street_typ":"Local (Catch All)","sidewlk_wd":"Greater than or equal to 10 feet","wlk_zn":"Greater than or equal to 5 feet","phase2_sid":null}},{"type":"Feature","id":39567,"geometry":{"type":"LineString","coordinates":[[-75.2426074437813,39.9800750974644],[-75.2427007850523,39.9805691291804],[-75.2427950600788,39.9810707720447]]},"properties":{"objectid":39567,"stname":"N 61ST ST","class1":"Collector Residential","recfacil":null,"bikenetwor":null,"combined_s":"City Neighborhood Street","street_typ":"City Neighborhood Street","sidewlk_wd":"Greater than or equal to 12 feet","wlk_zn":"Greater than or equal to 6 feet","phase2_sid":"Yes"}},{"type":"Feature","id":39581,"geometry":{"type":"LineString","coordinates":[[-75.2341883554337,39.9837118957183],[-75.2347355404997,39.9839090416363],[-75.2364420201329,39.9845399639432],[-75.2368640572271,39.9846638440365],[-75.2371617501259,39.9847740900479],[-75.2372433813022,39.9848493794673]]},"properties":{"objectid":39581,"stname":"UPLAND WAY","class1":"Collector Residential","recfacil":null,"bikenetwor":"YES","combined_s":"Lower Density Residential","street_typ":"Lower Density Residential","sidewlk_wd":"Greater than or equal to 10 feet","wlk_zn":"Greater than or equal to 5 feet","phase2_sid":"Yes"}},{"type":"Feature","id":39650,"geometry":{"type":"LineString","coordinates":[[-75.1156765567902,40.0439072271303],[-75.1153111281883,40.0438137511459],[-75.1148128095488,40.0437181345671],[-75.1141216161555,40.0436531670982],[-75.1139505201567,40.043593117567],[-75.1138357761048,40.0434922676857],[-75.1137978028256,40.0432949629664],[-75.1138333309217,40.0430853142675],[-75.1137744866816,40.0429115564739],[-75.1135471676964,40.0427204290656]]},"properties":{"objectid":39650,"stname":"E GODFREY AVE","class1":"Major Arterial","recfacil":null,"bikenetwor":"YES","combined_s":"Urban Arterial","street_typ":"Urban Arterial","sidewlk_wd":"Greater than or equal to 12 feet","wlk_zn":"Greater than or equal to 6 feet","phase2_sid":"Yes"}},{"type":"Feature","id":39664,"geometry":{"type":"LineString","coordinates":[[-75.207708541555,40.0027234393035],[-75.2081577898765,40.0026476946143],[-75.2094668981728,40.002426964404],[-75.2111433211312,40.0021332325372]]},"properties":{"objectid":39664,"stname":"CONSHOHOCKEN AVE","class1":"Collector Residential","recfacil":"Bike Lane","bikenetwor":"YES","combined_s":"City Neighborhood Street","street_typ":"City Neighborhood Street","sidewlk_wd":"Greater than or equal to 12 feet","wlk_zn":"Greater than or equal to 6 feet","phase2_sid":"Yes"}},{"type":"Feature","id":39723,"geometry":{"type":"LineString","coordinates":[[-75.1076658923128,40.0283457733181],[-75.1074782405381,40.0279820675942],[-75.1072943864355,40.0276342710121]]},"properties":{"objectid":39723,"stname":"SMYLIE RD","class1":"Local Residential","recfacil":null,"bikenetwor":null,"combined_s":"Local (Catch All)","street_typ":"Local (Catch All)","sidewlk_wd":"Greater than or equal to 10 feet","wlk_zn":"Greater than or equal to 5 feet","phase2_sid":null}},{"type":"Feature","id":39745,"geometry":{"type":"LineString","coordinates":[[-75.2724919039331,39.9769451608693],[-75.2728995465085,39.9767533385491],[-75.2732930453783,39.9765621952589]]},"properties":{"objectid":39745,"stname":"OVERBROOK AVE","class1":"Local Residential","recfacil":null,"bikenetwor":null,"combined_s":"Local (Catch All)","street_typ":"Local (Catch All)","sidewlk_wd":"Greater than or equal to 10 feet","wlk_zn":"Greater than or equal to 5 feet","phase2_sid":null}},{"type":"Feature","id":39998,"geometry":{"type":"LineString","coordinates":[[-75.1558358316063,40.0727421064135],[-75.1566294249258,40.0731927743981],[-75.1583854455501,40.0741899464742]]},"properties":{"objectid":39998,"stname":"W CHELTENHAM AVE","class1":"Major Arterial","recfacil":null,"bikenetwor":null,"combined_s":"Urban Arterial","street_typ":"Urban Arterial","sidewlk_wd":"Greater than or equal to 12 feet","wlk_zn":"Greater than or equal to 6 feet","phase2_sid":"Yes"}},{"type":"Feature","id":40005,"geometry":{"type":"LineString","coordinates":[[-75.1951721994046,39.9585269486909],[-75.1960008613947,39.9571849491555]]},"properties":{"objectid":40005,"stname":"N 37TH ST","class1":null,"recfacil":null,"bikenetwor":"Yes","combined_s":"Walkable Commercial Corridors","street_typ":"Walkable Commercial Corridors","sidewlk_wd":"Greater than or equal to 12 feet","wlk_zn":"Greater than or equal to 6 feet","phase2_sid":null}},{"type":"Feature","id":40008,"geometry":{"type":"LineString","coordinates":[[-75.1447375240765,39.9286275690575],[-75.1412265656771,39.9281626799073]]},"properties":{"objectid":40008,"stname":"DICKINSON ST","class1":"Collector Residential","recfacil":null,"bikenetwor":null,"combined_s":"City Neighborhood Street","street_typ":"City Neighborhood Street","sidewlk_wd":"Greater than or equal to 12 feet","wlk_zn":"Greater than or equal to 6 feet","phase2_sid":null}},{"type":"Feature","id":40044,"geometry":{"type":"LineString","coordinates":[[-75.2698645425918,39.9750476475778],[-75.2702151369194,39.9748851425864],[-75.2706416481442,39.97467808153]]},"properties":{"objectid":40044,"stname":"BROOKHAVEN RD","class1":"Local Residential","recfacil":null,"bikenetwor":null,"combined_s":"Local (Catch All)","street_typ":"Local (Catch All)","sidewlk_wd":"Greater than or equal to 10 feet","wlk_zn":"Greater than or equal to 5 feet","phase2_sid":null}},{"type":"Feature","id":40047,"geometry":{"type":"LineString","coordinates":[[-75.1440779201814,40.0420030849527],[-75.1438715126903,40.0429101978028]]},"properties":{"objectid":40047,"stname":"N BROAD ST","class1":"Major Arterial","recfacil":null,"bikenetwor":null,"combined_s":"Urban Arterial","street_typ":"Urban Arterial","sidewlk_wd":"Greater than or equal to 12 feet","wlk_zn":"Greater than or equal to 6 feet","phase2_sid":"Yes"}},{"type":"Feature","id":40048,"geometry":{"type":"LineString","coordinates":[[-75.144456362529,40.0415517643787],[-75.1444350484923,40.0420347949342]]},"properties":{"objectid":40048,"stname":"OLD YORK RD","class1":"Major Arterial","recfacil":null,"bikenetwor":"YES","combined_s":"Walkable Commercial Corridors","street_typ":"Walkable Commercial Corridors","sidewlk_wd":"Greater than or equal to 12 feet","wlk_zn":"Greater than or equal to 6 feet","phase2_sid":"Yes"}},{"type":"Feature","id":40094,"geometry":{"type":"LineString","coordinates":[[-75.2432564053042,39.9294792473123],[-75.2439266163683,39.9296022489195]]},"properties":{"objectid":40094,"stname":"S 65TH ST","class1":"Minor Arterial","recfacil":null,"bikenetwor":null,"combined_s":"City Neighborhood Street","street_typ":"City Neighborhood Street","sidewlk_wd":"Greater than or equal to 12 feet","wlk_zn":"Greater than or equal to 6 feet","phase2_sid":"Yes"}},{"type":"Feature","id":40128,"geometry":{"type":"LineString","coordinates":[[-75.1860296897481,39.918699625785],[-75.1862133572387,39.917719390701]]},"properties":{"objectid":40128,"stname":"23RD STREET DR","class1":"Local Residential","recfacil":null,"bikenetwor":null,"combined_s":"Local (Catch All)","street_typ":"Local (Catch All)","sidewlk_wd":"Greater than or equal to 10 feet","wlk_zn":"Greater than or equal to 5 feet","phase2_sid":null}},{"type":"Feature","id":40142,"geometry":{"type":"LineString","coordinates":[[-75.1246452406643,40.054448284178],[-75.1245244563337,40.0545948715567],[-75.1246245095811,40.0548276293229]]},"properties":{"objectid":40142,"stname":"VALLEY RD","class1":"Non-Philadelphia","recfacil":null,"bikenetwor":null,"combined_s":null,"street_typ":"Delete","sidewlk_wd":null,"wlk_zn":null,"phase2_sid":null}},{"type":"Feature","id":40182,"geometry":{"type":"LineString","coordinates":[[-75.1959582712149,40.0770407895191],[-75.1955372698074,40.0774528613178]]},"properties":{"objectid":40182,"stname":"WYNDMOOR AVE","class1":"Non-Philadelphia","recfacil":null,"bikenetwor":null,"combined_s":null,"street_typ":"Delete","sidewlk_wd":null,"wlk_zn":null,"phase2_sid":null}},{"type":"Feature","id":40184,"geometry":{"type":"LineString","coordinates":[[-75.1233922039927,40.05379740257],[-75.1231420085997,40.0540342318225],[-75.1230522338361,40.0541229709086],[-75.1230226958339,40.0541816595502],[-75.122995131595,40.0543067412159]]},"properties":{"objectid":40184,"stname":"ASBURY AVE","class1":"Non-Philadelphia","recfacil":null,"bikenetwor":null,"combined_s":null,"street_typ":"Delete","sidewlk_wd":null,"wlk_zn":null,"phase2_sid":null}},{"type":"Feature","id":40217,"geometry":{"type":"LineString","coordinates":[[-75.1926927676843,39.9247486143093],[-75.1929492212161,39.9250174539062],[-75.1929786936645,39.9250538631262]]},"properties":{"objectid":40217,"stname":"VARE AVE","class1":"Minor Arterial","recfacil":null,"bikenetwor":"YES","combined_s":"City Neighborhood Street","street_typ":"City Neighborhood Street","sidewlk_wd":"Greater than or equal to 12 feet","wlk_zn":"Greater than or equal to 6 feet","phase2_sid":"Yes"}},{"type":"Feature","id":40286,"geometry":{"type":"LineString","coordinates":[[-75.1484880389204,39.9132766478853],[-75.1483639656496,39.9138060749574],[-75.1483638033804,39.9138066767617],[-75.1479953276156,39.9151785205492],[-75.1479951131964,39.9151793229984],[-75.1477909039095,39.9158870136404],[-75.1477245828028,39.9165022677299],[-75.1477439105779,39.9167826836237],[-75.147777079165,39.9172639306428],[-75.1478654742582,39.9177988650886],[-75.1480598597876,39.9189170366853],[-75.1481615087409,39.9195121507582],[-75.1482262478137,39.9201573258844],[-75.1482181114136,39.9204715086134],[-75.1480465410274,39.9215469474329],[-75.1479626321155,39.9219443725316],[-75.1478403655344,39.9225759054719]]},"properties":{"objectid":40286,"stname":"SB DELAWARE EXP","class1":"Expressway","recfacil":null,"bikenetwor":null,"combined_s":"No Classification","street_typ":"N/A Interstate","sidewlk_wd":null,"wlk_zn":null,"phase2_sid":null}},{"type":"Feature","id":40291,"geometry":{"type":"LineString","coordinates":[[-75.1998135886945,39.9771779798219],[-75.2004490078739,39.977370747148],[-75.2008583121516,39.9775200956592],[-75.2010039849961,39.9775732488886],[-75.2014262725987,39.977753127727],[-75.201928434141,39.9780003553978],[-75.2024288778583,39.9782934461257],[-75.2032995396957,39.9788517262577],[-75.204155346752,39.9794076480722],[-75.2047157743744,39.9797737654008],[-75.2061268363534,39.9806942037997],[-75.2064783368321,39.9809413767982],[-75.206716612201,39.981123028803],[-75.2069539775524,39.9813289871996],[-75.207133836438,39.9814987426297],[-75.2073002282902,39.9816809179441],[-75.2074364703405,39.9818402162317],[-75.2075364686478,39.9819704028175],[-75.207644143127,39.9821105829869],[-75.2077788250526,39.9823142648014],[-75.2078963432399,39.9825540577696],[-75.2080583016998,39.9828738978775],[-75.208152123704,39.9831131647971],[-75.2082110983825,39.9833152746744],[-75.208243218443,39.9834253533305],[-75.2082777123588,39.9835599161322],[-75.208333003765,39.9840597977634]]},"properties":{"objectid":40291,"stname":"EB SCHUYLKILL EXP","class1":"Expressway","recfacil":null,"bikenetwor":null,"combined_s":null,"street_typ":"N/A Interstate","sidewlk_wd":null,"wlk_zn":null,"phase2_sid":null}},{"type":"Feature","id":40292,"geometry":{"type":"LineString","coordinates":[[-75.2038079298591,39.9793591412637],[-75.2056165569352,39.9805208759946],[-75.206172319079,39.980879857263],[-75.2064912914315,39.9811023515113],[-75.206771841333,39.9813371146843],[-75.2069941115962,39.9815397912834],[-75.2071669343966,39.9817241248387],[-75.2073575574952,39.9819521898158],[-75.2074347095275,39.9820597939572],[-75.2075303685748,39.9821932073054],[-75.2077631584934,39.9826156536639],[-75.2078476080485,39.9827872984316],[-75.2079120190858,39.9829801296487],[-75.2080112797686,39.9832702859507],[-75.2080181710092,39.9833162041106],[-75.208028994953,39.9833883249349],[-75.2080465484787,39.9835021103049]]},"properties":{"objectid":40292,"stname":"WB SCHUYLKILL EXP","class1":"Expressway","recfacil":null,"bikenetwor":null,"combined_s":null,"street_typ":"N/A Interstate","sidewlk_wd":null,"wlk_zn":null,"phase2_sid":null}},{"type":"Feature","id":40293,"geometry":{"type":"LineString","coordinates":[[-75.1931605689066,39.9712578163664],[-75.1932209068049,39.9714106534825],[-75.1933405102967,39.9718136935814],[-75.1934942558361,39.9723375110394],[-75.193668207804,39.9729213070182],[-75.1937825949725,39.9733304706906],[-75.1938794499254,39.9736417916601],[-75.1939204321775,39.9737818380486],[-75.1940143523154,39.9741027793246],[-75.1941440722232,39.9745396413233],[-75.1941638780123,39.9746063388951],[-75.1943154696091,39.9750456817104],[-75.1943574825687,39.9751324833275],[-75.194405951551,39.9752228768567],[-75.1945289055395,39.9754521839688],[-75.1946493821173,39.9756291034877],[-75.1948487562226,39.9758404789681],[-75.1950545304631,39.9760433279828],[-75.1953387008874,39.9762522421845],[-75.195672406843,39.9764382554386],[-75.195980899787,39.9765646581921],[-75.1963729581848,39.9766924394268],[-75.1967108343746,39.9767676465129],[-75.1971817924717,39.9768549349126],[-75.1976433168448,39.976927608956],[-75.1982754470914,39.9770298606934],[-75.1983280516415,39.9770383699789],[-75.1990275547204,39.9771547350475],[-75.1994534480843,39.9772458127948],[-75.1999440632431,39.9773748115507],[-75.2003537525623,39.9774986503748],[-75.2008402393814,39.9776712396222],[-75.2010897424907,39.9777721520842],[-75.2013049344229,39.9778591851437],[-75.201642238097,39.97801645618],[-75.2020915316626,39.9782491823153],[-75.2024970742733,39.9784838168351],[-75.2028275424409,39.9786903787306],[-75.2034974189081,39.9791315425378],[-75.2038079298591,39.9793591412637]]},"properties":{"objectid":40293,"stname":"WB SCHUYLKILL EXP","class1":"Expressway","recfacil":null,"bikenetwor":null,"combined_s":null,"street_typ":"N/A Interstate","sidewlk_wd":null,"wlk_zn":null,"phase2_sid":null}},{"type":"Feature","id":40315,"geometry":{"type":"LineString","coordinates":[[-75.2297874956559,39.9606084375865],[-75.2297449616268,39.9607043054584],[-75.2296971453942,39.9609418976116],[-75.2296854022894,39.9609941479436],[-75.2294426142564,39.9621241109664],[-75.2294411811307,39.962180380075]]},"properties":{"objectid":40315,"stname":"N CONESTOGA ST","class1":"Local Residential","recfacil":null,"bikenetwor":null,"combined_s":"Local (Catch All)","street_typ":"Local (Catch All)","sidewlk_wd":"Greater than or equal to 10 feet","wlk_zn":"Greater than or equal to 5 feet","phase2_sid":null}},{"type":"Feature","id":40320,"geometry":{"type":"LineString","coordinates":[[-75.2266133457699,39.9774593642155],[-75.2271348089379,39.9773893016502]]},"properties":{"objectid":40320,"stname":"LANSDOWNE AVE","class1":"Minor Arterial","recfacil":null,"bikenetwor":null,"combined_s":"City Neighborhood Street","street_typ":"City Neighborhood Street","sidewlk_wd":"Greater than or equal to 12 feet","wlk_zn":"Greater than or equal to 6 feet","phase2_sid":"Yes"}},{"type":"Feature","id":40353,"geometry":{"type":"LineString","coordinates":[[-75.1222505124206,39.9708423042983],[-75.1217837132119,39.9709566355174],[-75.1214375234751,39.9713012457177],[-75.121212050893,39.9714976297791]]},"properties":{"objectid":40353,"stname":"RICHMOND ST","class1":"Minor Arterial","recfacil":null,"bikenetwor":"YES","combined_s":"Urban Arterial","street_typ":"Urban Arterial","sidewlk_wd":"Greater than or equal to 12 feet","wlk_zn":"Greater than or equal to 6 feet","phase2_sid":"Yes"}},{"type":"Feature","id":40363,"geometry":{"type":"LineString","coordinates":[[-75.1579203089939,39.9386654315884],[-75.1579849624462,39.9383637369965]]},"properties":{"objectid":40363,"stname":"S 09TH ST","class1":"Collector Residential","recfacil":null,"bikenetwor":null,"combined_s":"Walkable Commercial Corridors","street_typ":"Walkable Commercial Corridors","sidewlk_wd":"Greater than or equal to 12 feet","wlk_zn":"Greater than or equal to 6 feet","phase2_sid":"No"}},{"type":"Feature","id":40386,"geometry":{"type":"LineString","coordinates":[[-75.1816986559658,39.9233465789784],[-75.1817165996344,39.9232551641939],[-75.1819676827323,39.9221247004124]]},"properties":{"objectid":40386,"stname":"S 21ST ST","class1":"Collector Residential","recfacil":null,"bikenetwor":"YES","combined_s":"City Neighborhood Street","street_typ":"City Neighborhood Street","sidewlk_wd":"Greater than or equal to 12 feet","wlk_zn":"Greater than or equal to 6 feet","phase2_sid":"Yes"}},{"type":"Feature","id":40396,"geometry":{"type":"LineString","coordinates":[[-75.1614788418869,39.9617985204632],[-75.1614146019164,39.9621118044204],[-75.1613833739543,39.9623267555567]]},"properties":{"objectid":40396,"stname":"N BROAD ST","class1":"Major Arterial","recfacil":null,"bikenetwor":null,"combined_s":"Civic/Ceremonial Street","street_typ":"Civic/Ceremonial Street","sidewlk_wd":"Greater than or equal to  20 feet","wlk_zn":"Greater than or equal to 10 feet","phase2_sid":"No"}},{"type":"Feature","id":40406,"geometry":{"type":"LineString","coordinates":[[-75.0866665813148,39.9909517601177],[-75.0858592284305,39.9921709555311],[-75.0856005960918,39.992550150921],[-75.0852829574978,39.9929945149863],[-75.0844153026298,39.9941780888958],[-75.0840740497785,39.9946377931969],[-75.0838239170691,39.9949747416398],[-75.0826890545606,39.9965225116193],[-75.0822608093528,39.9971065469319],[-75.0820623320891,39.9973856148134],[-75.0819969095215,39.9974772365541],[-75.079389488723,40.0011285944872],[-75.0789397709613,40.0017367166286]]},"properties":{"objectid":40406,"stname":"SB DELAWARE EXP","class1":"Expressway","recfacil":null,"bikenetwor":null,"combined_s":null,"street_typ":"N/A Interstate","sidewlk_wd":null,"wlk_zn":null,"phase2_sid":null}},{"type":"Feature","id":40422,"geometry":{"type":"LineString","coordinates":[[-75.1804012044738,39.958201627246],[-75.1805842245785,39.95867021483],[-75.1808491966506,39.9591870240569],[-75.1810743745362,39.9595022394893],[-75.181353911779,39.9598429996979],[-75.1818553352273,39.9603772627335],[-75.1821055911097,39.960656547255],[-75.1826304932328,39.9612658204788]]},"properties":{"objectid":40422,"stname":"SCHUYLKILL EXP RMP C","class1":"High-Speed Ramp","recfacil":null,"bikenetwor":null,"combined_s":null,"street_typ":"N/A Interstate","sidewlk_wd":null,"wlk_zn":null,"phase2_sid":null}},{"type":"Feature","id":40438,"geometry":{"type":"LineString","coordinates":[[-75.1189258613813,39.974229784607],[-75.1191780837455,39.9741602891384],[-75.1207799743241,39.9735973859758],[-75.1218695520679,39.9732202321839],[-75.1235793223117,39.9726297908284],[-75.1239987821547,39.9724903770951],[-75.1241985789974,39.9723563783799]]},"properties":{"objectid":40438,"stname":"DELAWARE EXP RMP B","class1":"High-Speed Ramp","recfacil":null,"bikenetwor":null,"combined_s":null,"street_typ":"N/A Interstate","sidewlk_wd":null,"wlk_zn":null,"phase2_sid":null}},{"type":"Feature","id":40441,"geometry":{"type":"LineString","coordinates":[[-75.192575830332,39.9435514844494],[-75.1931005092506,39.9430608833534],[-75.1965749247915,39.9395536283715],[-75.19901821531,39.9370869644867],[-75.199233063483,39.9368700486475],[-75.1997386637019,39.9357860645353],[-75.2001109412501,39.9337409034683]]},"properties":{"objectid":40441,"stname":"EB SCHUYLKILL EXP","class1":"Expressway","recfacil":null,"bikenetwor":null,"combined_s":"No Classification","street_typ":"N/A Interstate","sidewlk_wd":null,"wlk_zn":null,"phase2_sid":null}},{"type":"Feature","id":40448,"geometry":{"type":"LineString","coordinates":[[-75.1246180531629,39.9717782036762],[-75.1248200719204,39.9721546933241]]},"properties":{"objectid":40448,"stname":"E SUSQUEHANNA AVE","class1":"Collector Residential","recfacil":null,"bikenetwor":null,"combined_s":"City Neighborhood Street","street_typ":"City Neighborhood Street","sidewlk_wd":"Greater than or equal to 12 feet","wlk_zn":"Greater than or equal to 6 feet","phase2_sid":"Yes"}},{"type":"Feature","id":40462,"geometry":{"type":"LineString","coordinates":[[-75.1249534252563,39.9699955288993],[-75.1253251715248,39.9707769713802]]},"properties":{"objectid":40462,"stname":"E BERKS ST","class1":"Collector Residential","recfacil":null,"bikenetwor":null,"combined_s":"Lower Density Residential","street_typ":"Lower Density Residential","sidewlk_wd":"Greater than or equal to 10 feet","wlk_zn":"Greater than or equal to 5 feet","phase2_sid":"Yes"}},{"type":"Feature","id":40483,"geometry":{"type":"LineString","coordinates":[[-75.1735498348988,39.9053976286354],[-75.1738499959874,39.9054276304707]]},"properties":{"objectid":40483,"stname":"PATTISON AVE","class1":"Major Arterial","recfacil":"Bike Lanes","bikenetwor":"YES","combined_s":"Park Road","street_typ":"Park Road","sidewlk_wd":"Greater than or equal to 8 feet","wlk_zn":"Greater than or equal to 5 feet","phase2_sid":"Yes"}},{"type":"Feature","id":40486,"geometry":{"type":"LineString","coordinates":[[-75.1706736899672,39.8987164050944],[-75.1695316640817,39.8988049642211],[-75.1683225291677,39.8989463138031],[-75.167614566287,39.8990290689573],[-75.1592842641648,39.9000487859156],[-75.1547819960949,39.9006129718722],[-75.1543011102576,39.9006843212563],[-75.1538125988651,39.9007784503251],[-75.1532589574576,39.9009391568889],[-75.152832928114,39.9010987427218],[-75.1525744965983,39.9012169945186],[-75.1523357228444,39.9013319312729],[-75.1520022412769,39.9014973722253],[-75.1517818321769,39.901642810077],[-75.1514540845824,39.9019136835754],[-75.1511742956471,39.9021846848132],[-75.1508703448672,39.9025039900323]]},"properties":{"objectid":40486,"stname":"NB DELAWARE EXP","class1":"Expressway","recfacil":null,"bikenetwor":null,"combined_s":"No Classification","street_typ":"N/A Interstate","sidewlk_wd":null,"wlk_zn":null,"phase2_sid":null}},{"type":"Feature","id":40512,"geometry":{"type":"LineString","coordinates":[[-75.1435641673976,39.9333828298711],[-75.1436963093193,39.9331156946864]]},"properties":{"objectid":40512,"stname":"S CHRISTOPHER COLUMBUS BLV","class1":"Major Arterial","recfacil":null,"bikenetwor":"YES","combined_s":"Urban Arterial","street_typ":"Urban Arterial","sidewlk_wd":"Greater than or equal to 12 feet","wlk_zn":"Greater than or equal to 6 feet","phase2_sid":"Yes"}},{"type":"Feature","id":40514,"geometry":{"type":"LineString","coordinates":[[-75.1634009722946,39.9100979732093],[-75.1633919280615,39.9099192659307],[-75.1640610242431,39.9068354627469]]},"properties":{"objectid":40514,"stname":"S DARIEN ST","class1":"Minor Arterial","recfacil":null,"bikenetwor":null,"combined_s":"City Neighborhood Street","street_typ":"City Neighborhood Street","sidewlk_wd":"Greater than or equal to 12 feet","wlk_zn":"Greater than or equal to 6 feet","phase2_sid":"Yes"}},{"type":"Feature","id":40559,"geometry":{"type":"LineString","coordinates":[[-75.1956904059118,39.9277609306408],[-75.195020482087,39.9270284683055],[-75.192765802573,39.9246229864739]]},"properties":{"objectid":40559,"stname":"WB SCHUYLKILL EXP","class1":"Expressway","recfacil":null,"bikenetwor":null,"combined_s":"No Classification","street_typ":"N/A Interstate","sidewlk_wd":null,"wlk_zn":null,"phase2_sid":null}},{"type":"Feature","id":40564,"geometry":{"type":"LineString","coordinates":[[-75.097502733911,39.9837389478672],[-75.0963475844019,39.9842535540681],[-75.09572074604,39.9845327954732],[-75.0952554753986,39.9847490951822],[-75.0949110484617,39.9849303452451],[-75.0944379060321,39.9851680854329],[-75.0935852883317,39.9856145307109],[-75.0935348622094,39.9856410325937],[-75.0914195570388,39.9867527117525],[-75.0912795627668,39.9868258488672],[-75.0899628223722,39.9875500064582],[-75.0894520533535,39.9878726787218],[-75.0890528283981,39.9881736069196],[-75.088849144541,39.9883270166821],[-75.0884403474329,39.9886702949942],[-75.0878644978784,39.9892408137734],[-75.0873381839173,39.9898948817452],[-75.0869936244536,39.9903870049795],[-75.0867733217605,39.9907552649892],[-75.0866665813148,39.9909517601177]]},"properties":{"objectid":40564,"stname":"SB DELAWARE EXP","class1":"Expressway","recfacil":null,"bikenetwor":null,"combined_s":null,"street_typ":"N/A Interstate","sidewlk_wd":null,"wlk_zn":null,"phase2_sid":null}},{"type":"Feature","id":40627,"geometry":{"type":"LineString","coordinates":[[-75.1994360733917,39.9356785724354],[-75.1998560938205,39.9339972918265]]},"properties":{"objectid":40627,"stname":"SCHUYLKILL EXP RMP 8018A","class1":"Low-Speed Ramp","recfacil":null,"bikenetwor":null,"combined_s":"No Classification","street_typ":"N/A Interstate","sidewlk_wd":null,"wlk_zn":null,"phase2_sid":null}},{"type":"Feature","id":40628,"geometry":{"type":"LineString","coordinates":[[-75.1994360733917,39.9356785724354],[-75.1995056781893,39.9345172520635]]},"properties":{"objectid":40628,"stname":"S 34TH ST","class1":"Major Arterial","recfacil":null,"bikenetwor":"YES","combined_s":"Urban Arterial","street_typ":"Urban Arterial","sidewlk_wd":"Greater than or equal to 12 feet","wlk_zn":"Greater than or equal to 6 feet","phase2_sid":"Yes"}},{"type":"Feature","id":40657,"geometry":{"type":"LineString","coordinates":[[-75.1648021499385,39.9146150558616],[-75.165169026716,39.9146680623338],[-75.1654824164525,39.9147049843191]]},"properties":{"objectid":40657,"stname":"JOHNSTON ST","class1":"Local Residential","recfacil":null,"bikenetwor":null,"combined_s":"Local (Catch All)","street_typ":"Local (Catch All)","sidewlk_wd":"Greater than or equal to 10 feet","wlk_zn":"Greater than or equal to 5 feet","phase2_sid":null}}]}