{"type":"FeatureCollection","features":[{"type":"Feature","id":19,"geometry":{"type":"Point","coordinates":[-75.1716747811971,40.081794090159]},"properties":{"objectid":19,"crn":2020021100,"crash_year":2020,"pedestrian":1,"bicycle":0,"fatal_count":0,"susp_serious_inj_count":0,"ped_death_count":0,"ped_susp_serious_inj_count":0,"bicycle_death_count":0,"bicycle_susp_serious_inj_count":0}},{"type":"Feature","id":160,"geometry":{"type":"Point","coordinates":[-75.1580547766086,40.074054089145]},"properties":{"objectid":160,"crn":2020088254,"crash_year":2020,"pedestrian":1,"bicycle":0,"fatal_count":1,"susp_serious_inj_count":0,"ped_death_count":1,"ped_susp_serious_inj_count":0,"bicycle_death_count":0,"bicycle_susp_serious_inj_count":0}},{"type":"Feature","id":163,"geometry":{"type":"Point","coordinates":[-75.2557268025379,39.987527069279]},"properties":{"objectid":163,"crn":2020060769,"crash_year":2020,"pedestrian":1,"bicycle":0,"fatal_count":0,"susp_serious_inj_count":0,"ped_death_count":0,"ped_susp_serious_inj_count":0,"bicycle_death_count":0,"bicycle_susp_serious_inj_count":0}},{"type":"Feature","id":164,"geometry":{"type":"Point","coordinates":[-75.2721828064982,39.9788410668215]},"properties":{"objectid":164,"crn":2020086805,"crash_year":2020,"pedestrian":1,"bicycle":0,"fatal_count":0,"susp_serious_inj_count":0,"ped_death_count":0,"ped_susp_serious_inj_count":0,"bicycle_death_count":0,"bicycle_susp_serious_inj_count":0}},{"type":"Feature","id":202,"geometry":{"type":"Point","coordinates":[-75.1467747728808,40.0675460890617]},"properties":{"objectid":202,"crn":2021008863,"crash_year":2021,"pedestrian":1,"bicycle":0,"fatal_count":0,"susp_serious_inj_count":0,"ped_death_count":0,"ped_susp_serious_inj_count":0,"bicycle_death_count":0,"bicycle_susp_serious_inj_count":0}},{"type":"Feature","id":246,"geometry":{"type":"Point","coordinates":[-75.1407597700996,40.0641050883601]},"properties":{"objectid":246,"crn":2021076905,"crash_year":2021,"pedestrian":1,"bicycle":0,"fatal_count":0,"susp_serious_inj_count":0,"ped_death_count":0,"ped_susp_serious_inj_count":0,"bicycle_death_count":0,"bicycle_susp_serious_inj_count":0}},{"type":"Feature","id":288,"geometry":{"type":"Point","coordinates":[-75.2305108006704,40.0860330896194]},"properties":{"objectid":288,"crn":2021113633,"crash_year":2021,"pedestrian":1,"bicycle":0,"fatal_count":0,"susp_serious_inj_count":0,"ped_death_count":0,"ped_susp_serious_inj_count":0,"bicycle_death_count":0,"bicycle_susp_serious_inj_count":0}},{"type":"Feature","id":377,"geometry":{"type":"Point","coordinates":[-75.1558627755093,40.072786089475]},"properties":{"objectid":377,"crn":2022043899,"crash_year":2022,"pedestrian":1,"bicycle":0,"fatal_count":0,"susp_serious_inj_count":0,"ped_death_count":0,"ped_susp_serious_inj_count":0,"bicycle_death_count":0,"bicycle_susp_serious_inj_count":0}},{"type":"Feature","id":468,"geometry":{"type":"Point","coordinates":[-75.1721507812826,40.0820760908501]},"properties":{"objectid":468,"crn":2022082126,"crash_year":2022,"pedestrian":0,"bicycle":1,"fatal_count":0,"susp_serious_inj_count":0,"ped_death_count":0,"ped_susp_serious_inj_count":0,"bicycle_death_count":0,"bicycle_susp_serious_inj_count":0}},{"type":"Feature","id":476,"geometry":{"type":"Point","coordinates":[-75.2479048005133,39.9911100701327]},"properties":{"objectid":476,"crn":2022088880,"crash_year":2022,"pedestrian":0,"bicycle":1,"fatal_count":0,"susp_serious_inj_count":0,"ped_death_count":0,"ped_susp_serious_inj_count":0,"bicycle_death_count":0,"bicycle_susp_serious_inj_count":0}},{"type":"Feature","id":500,"geometry":{"type":"Point","coordinates":[-75.146825772152,40.0676790884939]},"properties":{"objectid":500,"crn":2022104779,"crash_year":2022,"pedestrian":1,"bicycle":0,"fatal_count":1,"susp_serious_inj_count":0,"ped_death_count":1,"ped_susp_serious_inj_count":0,"bicycle_death_count":0,"bicycle_susp_serious_inj_count":0}},{"type":"Feature","id":710,"geometry":{"type":"Point","coordinates":[-75.1470277729038,40.0676890885781]},"properties":{"objectid":710,"crn":2024001245,"crash_year":2023,"pedestrian":1,"bicycle":0,"fatal_count":1,"susp_serious_inj_count":0,"ped_death_count":1,"ped_susp_serious_inj_count":0,"bicycle_death_count":0,"bicycle_susp_serious_inj_count":0}},{"type":"Feature","id":738,"geometry":{"type":"Point","coordinates":[-75.1471267729333,40.067851088694]},"properties":{"objectid":738,"crn":2024013529,"crash_year":2024,"pedestrian":1,"bicycle":0,"fatal_count":0,"susp_serious_inj_count":1,"ped_death_count":0,"ped_susp_serious_inj_count":1,"bicycle_death_count":0,"bicycle_susp_serious_inj_count":0}},{"type":"Feature","id":739,"geometry":{"type":"Point","coordinates":[-75.1249977647058,40.0546510868728]},"properties":{"objectid":739,"crn":2024023668,"crash_year":2024,"pedestrian":1,"bicycle":0,"fatal_count":0,"susp_serious_inj_count":0,"ped_death_count":0,"ped_susp_serious_inj_count":0,"bicycle_death_count":0,"bicycle_susp_serious_inj_count":0}},{"type":"Feature","id":744,"geometry":{"type":"Point","coordinates":[-75.1249977647058,40.0546510868728]},"properties":{"objectid":744,"crn":2024033360,"crash_year":2024,"pedestrian":1,"bicycle":0,"fatal_count":0,"susp_serious_inj_count":0,"ped_death_count":0,"ped_susp_serious_inj_count":0,"bicycle_death_count":0,"bicycle_susp_serious_inj_count":0}},{"type":"Feature","id":760,"geometry":{"type":"Point","coordinates":[-75.0903637545639,40.0652920903038]},"properties":{"objectid":760,"crn":2024056069,"crash_year":2024,"pedestrian":1,"bicycle":0,"fatal_count":0,"susp_serious_inj_count":0,"ped_death_count":0,"ped_susp_serious_inj_count":0,"bicycle_death_count":0,"bicycle_susp_serious_inj_count":0}},{"type":"Feature","id":823,"geometry":{"type":"Point","coordinates":[-75.155769775701,40.0727550891506]},"properties":{"objectid":823,"crn":2025000486,"crash_year":2024,"pedestrian":1,"bicycle":0,"fatal_count":0,"susp_serious_inj_count":0,"ped_death_count":0,"ped_susp_serious_inj_count":0,"bicycle_death_count":0,"bicycle_susp_serious_inj_count":0}},{"type":"Feature","id":860,"geometry":{"type":"Point","coordinates":[-75.1513397649452,39.9142010584353]},"properties":{"objectid":860,"crn":2020009491,"crash_year":2020,"pedestrian":1,"bicycle":0,"fatal_count":0,"susp_serious_inj_count":0,"ped_death_count":0,"ped_susp_serious_inj_count":0,"bicycle_death_count":0,"bicycle_susp_serious_inj_count":0}},{"type":"Feature","id":893,"geometry":{"type":"Point","coordinates":[-75.1882617768183,39.9197770578328]},"properties":{"objectid":893,"crn":2020021959,"crash_year":2020,"pedestrian":1,"bicycle":0,"fatal_count":0,"susp_serious_inj_count":0,"ped_death_count":0,"ped_susp_serious_inj_count":0,"bicycle_death_count":0,"bicycle_susp_serious_inj_count":0}},{"type":"Feature","id":904,"geometry":{"type":"Point","coordinates":[-75.170810773428,39.9532860648389]},"properties":{"objectid":904,"crn":2020029749,"crash_year":2020,"pedestrian":1,"bicycle":0,"fatal_count":0,"susp_serious_inj_count":0,"ped_death_count":0,"ped_susp_serious_inj_count":0,"bicycle_death_count":0,"bicycle_susp_serious_inj_count":0}},{"type":"Feature","id":929,"geometry":{"type":"Point","coordinates":[-75.2457057972842,39.9610220637691]},"properties":{"objectid":929,"crn":2020027758,"crash_year":2020,"pedestrian":1,"bicycle":0,"fatal_count":0,"susp_serious_inj_count":0,"ped_death_count":0,"ped_susp_serious_inj_count":0,"bicycle_death_count":0,"bicycle_susp_serious_inj_count":0}},{"type":"Feature","id":933,"geometry":{"type":"Point","coordinates":[-75.1599907724878,39.9918440734949]},"properties":{"objectid":933,"crn":2020011099,"crash_year":2020,"pedestrian":1,"bicycle":0,"fatal_count":0,"susp_serious_inj_count":0,"ped_death_count":0,"ped_susp_serious_inj_count":0,"bicycle_death_count":0,"bicycle_susp_serious_inj_count":0}},{"type":"Feature","id":937,"geometry":{"type":"Point","coordinates":[-75.1650507715161,39.9536050653323]},"properties":{"objectid":937,"crn":2020011776,"crash_year":2020,"pedestrian":1,"bicycle":0,"fatal_count":0,"susp_serious_inj_count":0,"ped_death_count":0,"ped_susp_serious_inj_count":0,"bicycle_death_count":0,"bicycle_susp_serious_inj_count":0}},{"type":"Feature","id":962,"geometry":{"type":"Point","coordinates":[-75.1481407668984,39.9703820691731]},"properties":{"objectid":962,"crn":2020024136,"crash_year":2020,"pedestrian":1,"bicycle":0,"fatal_count":0,"susp_serious_inj_count":0,"ped_death_count":0,"ped_susp_serious_inj_count":0,"bicycle_death_count":0,"bicycle_susp_serious_inj_count":0}},{"type":"Feature","id":967,"geometry":{"type":"Point","coordinates":[-75.1619297734837,40.0122060769124]},"properties":{"objectid":967,"crn":2020038681,"crash_year":2020,"pedestrian":1,"bicycle":0,"fatal_count":1,"susp_serious_inj_count":0,"ped_death_count":1,"ped_susp_serious_inj_count":0,"bicycle_death_count":0,"bicycle_susp_serious_inj_count":0}},{"type":"Feature","id":972,"geometry":{"type":"Point","coordinates":[-75.2331767933236,39.9594800645129]},"properties":{"objectid":972,"crn":2020009954,"crash_year":2020,"pedestrian":1,"bicycle":0,"fatal_count":0,"susp_serious_inj_count":0,"ped_death_count":0,"ped_susp_serious_inj_count":0,"bicycle_death_count":0,"bicycle_susp_serious_inj_count":0}},{"type":"Feature","id":977,"geometry":{"type":"Point","coordinates":[-75.1090237582345,40.0364050842249]},"properties":{"objectid":977,"crn":2020029643,"crash_year":2020,"pedestrian":1,"bicycle":0,"fatal_count":0,"susp_serious_inj_count":0,"ped_death_count":0,"ped_susp_serious_inj_count":0,"bicycle_death_count":0,"bicycle_susp_serious_inj_count":0}},{"type":"Feature","id":995,"geometry":{"type":"Point","coordinates":[-75.1545827702209,39.9939560734698]},"properties":{"objectid":995,"crn":2020028378,"crash_year":2020,"pedestrian":1,"bicycle":0,"fatal_count":0,"susp_serious_inj_count":0,"ped_death_count":0,"ped_susp_serious_inj_count":0,"bicycle_death_count":0,"bicycle_susp_serious_inj_count":0}},{"type":"Feature","id":1002,"geometry":{"type":"Point","coordinates":[-75.247071797961,39.9611930636498]},"properties":{"objectid":1002,"crn":2020025279,"crash_year":2020,"pedestrian":1,"bicycle":0,"fatal_count":0,"susp_serious_inj_count":0,"ped_death_count":0,"ped_susp_serious_inj_count":0,"bicycle_death_count":0,"bicycle_susp_serious_inj_count":0}},{"type":"Feature","id":1028,"geometry":{"type":"Point","coordinates":[-75.1366867635658,39.9672970695152]},"properties":{"objectid":1028,"crn":2020024361,"crash_year":2020,"pedestrian":1,"bicycle":0,"fatal_count":0,"susp_serious_inj_count":0,"ped_death_count":0,"ped_susp_serious_inj_count":0,"bicycle_death_count":0,"bicycle_susp_serious_inj_count":0}},{"type":"Feature","id":1045,"geometry":{"type":"Point","coordinates":[-75.1249977647058,40.0546510868728]},"properties":{"objectid":1045,"crn":2020031486,"crash_year":2020,"pedestrian":1,"bicycle":0,"fatal_count":0,"susp_serious_inj_count":0,"ped_death_count":0,"ped_susp_serious_inj_count":0,"bicycle_death_count":0,"bicycle_susp_serious_inj_count":0}},{"type":"Feature","id":1055,"geometry":{"type":"Point","coordinates":[-75.1509267670157,39.9582000672402]},"properties":{"objectid":1055,"crn":2020038675,"crash_year":2020,"pedestrian":1,"bicycle":0,"fatal_count":1,"susp_serious_inj_count":0,"ped_death_count":1,"ped_susp_serious_inj_count":0,"bicycle_death_count":0,"bicycle_susp_serious_inj_count":0}},{"type":"Feature","id":1075,"geometry":{"type":"Point","coordinates":[-75.225996791242,39.9546010638578]},"properties":{"objectid":1075,"crn":2020020189,"crash_year":2020,"pedestrian":1,"bicycle":0,"fatal_count":0,"susp_serious_inj_count":0,"ped_death_count":0,"ped_susp_serious_inj_count":0,"bicycle_death_count":0,"bicycle_susp_serious_inj_count":0}},{"type":"Feature","id":1093,"geometry":{"type":"Point","coordinates":[-75.1991397823987,39.9512570636009]},"properties":{"objectid":1093,"crn":2020020021,"crash_year":2020,"pedestrian":1,"bicycle":0,"fatal_count":0,"susp_serious_inj_count":0,"ped_death_count":0,"ped_susp_serious_inj_count":0,"bicycle_death_count":0,"bicycle_susp_serious_inj_count":0}},{"type":"Feature","id":1094,"geometry":{"type":"Point","coordinates":[-75.1342607618108,39.9644480689138]},"properties":{"objectid":1094,"crn":2020028896,"crash_year":2020,"pedestrian":1,"bicycle":0,"fatal_count":1,"susp_serious_inj_count":0,"ped_death_count":1,"ped_susp_serious_inj_count":0,"bicycle_death_count":0,"bicycle_susp_serious_inj_count":0}},{"type":"Feature","id":1168,"geometry":{"type":"Point","coordinates":[-75.2343237917453,39.9255800572111]},"properties":{"objectid":1168,"crn":2020012893,"crash_year":2020,"pedestrian":1,"bicycle":0,"fatal_count":0,"susp_serious_inj_count":0,"ped_death_count":0,"ped_susp_serious_inj_count":0,"bicycle_death_count":0,"bicycle_susp_serious_inj_count":0}},{"type":"Feature","id":1184,"geometry":{"type":"Point","coordinates":[-75.2019527829262,39.9571930648577]},"properties":{"objectid":1184,"crn":2020014226,"crash_year":2020,"pedestrian":1,"bicycle":0,"fatal_count":0,"susp_serious_inj_count":0,"ped_death_count":0,"ped_susp_serious_inj_count":0,"bicycle_death_count":0,"bicycle_susp_serious_inj_count":0}},{"type":"Feature","id":1192,"geometry":{"type":"Point","coordinates":[-75.154522770198,39.9936730738201]},"properties":{"objectid":1192,"crn":2020014644,"crash_year":2020,"pedestrian":1,"bicycle":0,"fatal_count":1,"susp_serious_inj_count":0,"ped_death_count":1,"ped_susp_serious_inj_count":0,"bicycle_death_count":0,"bicycle_susp_serious_inj_count":0}},{"type":"Feature","id":1204,"geometry":{"type":"Point","coordinates":[-75.1735617712752,39.9054250552764]},"properties":{"objectid":1204,"crn":2020025449,"crash_year":2020,"pedestrian":1,"bicycle":0,"fatal_count":1,"susp_serious_inj_count":1,"ped_death_count":1,"ped_susp_serious_inj_count":0,"bicycle_death_count":0,"bicycle_susp_serious_inj_count":0}},{"type":"Feature","id":1226,"geometry":{"type":"Point","coordinates":[-75.2191347934211,40.0299570782467]},"properties":{"objectid":1226,"crn":2020015145,"crash_year":2020,"pedestrian":1,"bicycle":0,"fatal_count":0,"susp_serious_inj_count":0,"ped_death_count":0,"ped_susp_serious_inj_count":0,"bicycle_death_count":0,"bicycle_susp_serious_inj_count":0}},{"type":"Feature","id":1237,"geometry":{"type":"Point","coordinates":[-75.1565597711885,39.984706071761]},"properties":{"objectid":1237,"crn":2020015744,"crash_year":2020,"pedestrian":1,"bicycle":0,"fatal_count":0,"susp_serious_inj_count":0,"ped_death_count":0,"ped_susp_serious_inj_count":0,"bicycle_death_count":0,"bicycle_susp_serious_inj_count":0}},{"type":"Feature","id":1255,"geometry":{"type":"Point","coordinates":[-75.1497927717882,40.0436870838872]},"properties":{"objectid":1255,"crn":2020017657,"crash_year":2020,"pedestrian":1,"bicycle":0,"fatal_count":0,"susp_serious_inj_count":0,"ped_death_count":0,"ped_susp_serious_inj_count":0,"bicycle_death_count":0,"bicycle_susp_serious_inj_count":0}},{"type":"Feature","id":1304,"geometry":{"type":"Point","coordinates":[-75.1561487707667,39.9862780719453]},"properties":{"objectid":1304,"crn":2020017689,"crash_year":2020,"pedestrian":1,"bicycle":0,"fatal_count":0,"susp_serious_inj_count":0,"ped_death_count":0,"ped_susp_serious_inj_count":0,"bicycle_death_count":0,"bicycle_susp_serious_inj_count":0}},{"type":"Feature","id":1340,"geometry":{"type":"Point","coordinates":[-75.227575789351,39.930340058856]},"properties":{"objectid":1340,"crn":2020003864,"crash_year":2020,"pedestrian":1,"bicycle":0,"fatal_count":0,"susp_serious_inj_count":0,"ped_death_count":0,"ped_susp_serious_inj_count":0,"bicycle_death_count":0,"bicycle_susp_serious_inj_count":0}},{"type":"Feature","id":1341,"geometry":{"type":"Point","coordinates":[-75.1690787707379,39.9268580603546]},"properties":{"objectid":1341,"crn":2020002910,"crash_year":2020,"pedestrian":0,"bicycle":1,"fatal_count":0,"susp_serious_inj_count":0,"ped_death_count":0,"ped_susp_serious_inj_count":0,"bicycle_death_count":0,"bicycle_susp_serious_inj_count":0}},{"type":"Feature","id":1376,"geometry":{"type":"Point","coordinates":[-75.1568207704859,39.9831970718392]},"properties":{"objectid":1376,"crn":2020043870,"crash_year":2020,"pedestrian":1,"bicycle":0,"fatal_count":0,"susp_serious_inj_count":0,"ped_death_count":0,"ped_susp_serious_inj_count":0,"bicycle_death_count":0,"bicycle_susp_serious_inj_count":0}},{"type":"Feature","id":1411,"geometry":{"type":"Point","coordinates":[-75.1485797705444,40.0214850796272]},"properties":{"objectid":1411,"crn":2020006412,"crash_year":2020,"pedestrian":1,"bicycle":0,"fatal_count":0,"susp_serious_inj_count":0,"ped_death_count":0,"ped_susp_serious_inj_count":0,"bicycle_death_count":0,"bicycle_susp_serious_inj_count":0}},{"type":"Feature","id":1415,"geometry":{"type":"Point","coordinates":[-75.2468807973848,39.9623950644053]},"properties":{"objectid":1415,"crn":2020005839,"crash_year":2020,"pedestrian":1,"bicycle":0,"fatal_count":0,"susp_serious_inj_count":0,"ped_death_count":0,"ped_susp_serious_inj_count":0,"bicycle_death_count":0,"bicycle_susp_serious_inj_count":0}},{"type":"Feature","id":1424,"geometry":{"type":"Point","coordinates":[-75.0835127516611,40.0615160897504]},"properties":{"objectid":1424,"crn":2020001643,"crash_year":2020,"pedestrian":1,"bicycle":0,"fatal_count":0,"susp_serious_inj_count":0,"ped_death_count":0,"ped_susp_serious_inj_count":0,"bicycle_death_count":0,"bicycle_susp_serious_inj_count":0}},{"type":"Feature","id":1434,"geometry":{"type":"Point","coordinates":[-75.2264047896709,39.93116105892]},"properties":{"objectid":1434,"crn":2020002078,"crash_year":2020,"pedestrian":1,"bicycle":0,"fatal_count":0,"susp_serious_inj_count":0,"ped_death_count":0,"ped_susp_serious_inj_count":0,"bicycle_death_count":0,"bicycle_susp_serious_inj_count":0}},{"type":"Feature","id":1459,"geometry":{"type":"Point","coordinates":[-75.087802751394,40.0299060837061]},"properties":{"objectid":1459,"crn":2020020495,"crash_year":2020,"pedestrian":1,"bicycle":0,"fatal_count":0,"susp_serious_inj_count":0,"ped_death_count":0,"ped_susp_serious_inj_count":0,"bicycle_death_count":0,"bicycle_susp_serious_inj_count":0}},{"type":"Feature","id":1528,"geometry":{"type":"Point","coordinates":[-75.1716267789987,40.0388520818696]},"properties":{"objectid":1528,"crn":2020020832,"crash_year":2020,"pedestrian":1,"bicycle":0,"fatal_count":0,"susp_serious_inj_count":0,"ped_death_count":0,"ped_susp_serious_inj_count":0,"bicycle_death_count":0,"bicycle_susp_serious_inj_count":0}},{"type":"Feature","id":1537,"geometry":{"type":"Point","coordinates":[-75.2336447995448,40.0580510837916]},"properties":{"objectid":1537,"crn":2020021259,"crash_year":2020,"pedestrian":1,"bicycle":0,"fatal_count":0,"susp_serious_inj_count":0,"ped_death_count":0,"ped_susp_serious_inj_count":0,"bicycle_death_count":0,"bicycle_susp_serious_inj_count":0}},{"type":"Feature","id":1545,"geometry":{"type":"Point","coordinates":[-75.1668517719371,39.9527930648056]},"properties":{"objectid":1545,"crn":2020023840,"crash_year":2020,"pedestrian":1,"bicycle":0,"fatal_count":0,"susp_serious_inj_count":0,"ped_death_count":0,"ped_susp_serious_inj_count":0,"bicycle_death_count":0,"bicycle_susp_serious_inj_count":0}},{"type":"Feature","id":1552,"geometry":{"type":"Point","coordinates":[-75.1578427679389,39.9389940627607]},"properties":{"objectid":1552,"crn":2020021692,"crash_year":2020,"pedestrian":1,"bicycle":0,"fatal_count":0,"susp_serious_inj_count":0,"ped_death_count":0,"ped_susp_serious_inj_count":0,"bicycle_death_count":0,"bicycle_susp_serious_inj_count":0}},{"type":"Feature","id":1573,"geometry":{"type":"Point","coordinates":[-75.16543477364,39.9779770706807]},"properties":{"objectid":1573,"crn":2020021609,"crash_year":2020,"pedestrian":1,"bicycle":0,"fatal_count":0,"susp_serious_inj_count":0,"ped_death_count":0,"ped_susp_serious_inj_count":0,"bicycle_death_count":0,"bicycle_susp_serious_inj_count":0}},{"type":"Feature","id":1620,"geometry":{"type":"Point","coordinates":[-75.2134517877107,39.9777760688662]},"properties":{"objectid":1620,"crn":2020086200,"crash_year":2020,"pedestrian":1,"bicycle":0,"fatal_count":1,"susp_serious_inj_count":1,"ped_death_count":1,"ped_susp_serious_inj_count":1,"bicycle_death_count":0,"bicycle_susp_serious_inj_count":0}},{"type":"Feature","id":1622,"geometry":{"type":"Point","coordinates":[-75.1648297714759,39.947007064079]},"properties":{"objectid":1622,"crn":2020048100,"crash_year":2020,"pedestrian":1,"bicycle":0,"fatal_count":0,"susp_serious_inj_count":0,"ped_death_count":0,"ped_susp_serious_inj_count":0,"bicycle_death_count":0,"bicycle_susp_serious_inj_count":0}},{"type":"Feature","id":1638,"geometry":{"type":"Point","coordinates":[-75.1602157705954,39.9578040667796]},"properties":{"objectid":1638,"crn":2020048717,"crash_year":2020,"pedestrian":0,"bicycle":1,"fatal_count":0,"susp_serious_inj_count":0,"ped_death_count":0,"ped_susp_serious_inj_count":0,"bicycle_death_count":0,"bicycle_susp_serious_inj_count":0}},{"type":"Feature","id":1737,"geometry":{"type":"Point","coordinates":[-75.1971357807373,39.9463020631873]},"properties":{"objectid":1737,"crn":2020076515,"crash_year":2020,"pedestrian":0,"bicycle":1,"fatal_count":0,"susp_serious_inj_count":0,"ped_death_count":0,"ped_susp_serious_inj_count":0,"bicycle_death_count":0,"bicycle_susp_serious_inj_count":0}},{"type":"Feature","id":1738,"geometry":{"type":"Point","coordinates":[-75.2430597973246,39.9672770655592]},"properties":{"objectid":1738,"crn":2020042586,"crash_year":2020,"pedestrian":1,"bicycle":0,"fatal_count":0,"susp_serious_inj_count":0,"ped_death_count":0,"ped_susp_serious_inj_count":0,"bicycle_death_count":0,"bicycle_susp_serious_inj_count":0}},{"type":"Feature","id":1744,"geometry":{"type":"Point","coordinates":[-75.1562927756419,40.0670230884834]},"properties":{"objectid":1744,"crn":2020045451,"crash_year":2020,"pedestrian":1,"bicycle":0,"fatal_count":0,"susp_serious_inj_count":1,"ped_death_count":0,"ped_susp_serious_inj_count":1,"bicycle_death_count":0,"bicycle_susp_serious_inj_count":0}},{"type":"Feature","id":1772,"geometry":{"type":"Point","coordinates":[-75.169815773706,39.9689110686455]},"properties":{"objectid":1772,"crn":2020044494,"crash_year":2020,"pedestrian":1,"bicycle":0,"fatal_count":0,"susp_serious_inj_count":0,"ped_death_count":0,"ped_susp_serious_inj_count":0,"bicycle_death_count":0,"bicycle_susp_serious_inj_count":0}},{"type":"Feature","id":1800,"geometry":{"type":"Point","coordinates":[-75.1508197705614,40.0092120770592]},"properties":{"objectid":1800,"crn":2020019872,"crash_year":2020,"pedestrian":1,"bicycle":0,"fatal_count":0,"susp_serious_inj_count":0,"ped_death_count":0,"ped_susp_serious_inj_count":0,"bicycle_death_count":0,"bicycle_susp_serious_inj_count":0}},{"type":"Feature","id":1818,"geometry":{"type":"Point","coordinates":[-75.2449807980939,39.9721810662651]},"properties":{"objectid":1818,"crn":2020014887,"crash_year":2020,"pedestrian":1,"bicycle":0,"fatal_count":0,"susp_serious_inj_count":0,"ped_death_count":0,"ped_susp_serious_inj_count":0,"bicycle_death_count":0,"bicycle_susp_serious_inj_count":0}},{"type":"Feature","id":1827,"geometry":{"type":"Point","coordinates":[-75.1190657590137,39.9971890752759]},"properties":{"objectid":1827,"crn":2020043596,"crash_year":2020,"pedestrian":1,"bicycle":0,"fatal_count":0,"susp_serious_inj_count":0,"ped_death_count":0,"ped_susp_serious_inj_count":0,"bicycle_death_count":0,"bicycle_susp_serious_inj_count":0}},{"type":"Feature","id":1831,"geometry":{"type":"Point","coordinates":[-75.2351907940861,39.959733063744]},"properties":{"objectid":1831,"crn":2020014072,"crash_year":2020,"pedestrian":1,"bicycle":0,"fatal_count":0,"susp_serious_inj_count":0,"ped_death_count":0,"ped_susp_serious_inj_count":0,"bicycle_death_count":0,"bicycle_susp_serious_inj_count":0}},{"type":"Feature","id":1841,"geometry":{"type":"Point","coordinates":[-75.2173407881122,39.9575190644303]},"properties":{"objectid":1841,"crn":2020013369,"crash_year":2020,"pedestrian":1,"bicycle":0,"fatal_count":0,"susp_serious_inj_count":0,"ped_death_count":0,"ped_susp_serious_inj_count":0,"bicycle_death_count":0,"bicycle_susp_serious_inj_count":0}},{"type":"Feature","id":1856,"geometry":{"type":"Point","coordinates":[-75.1587217712227,39.9744580700032]},"properties":{"objectid":1856,"crn":2020014220,"crash_year":2020,"pedestrian":1,"bicycle":0,"fatal_count":0,"susp_serious_inj_count":0,"ped_death_count":0,"ped_susp_serious_inj_count":0,"bicycle_death_count":0,"bicycle_susp_serious_inj_count":0}},{"type":"Feature","id":1872,"geometry":{"type":"Point","coordinates":[-75.2463047944189,39.9171910549878]},"properties":{"objectid":1872,"crn":2020012899,"crash_year":2020,"pedestrian":1,"bicycle":0,"fatal_count":0,"susp_serious_inj_count":0,"ped_death_count":0,"ped_susp_serious_inj_count":0,"bicycle_death_count":0,"bicycle_susp_serious_inj_count":0}},{"type":"Feature","id":1882,"geometry":{"type":"Point","coordinates":[-75.1488847678142,39.9705350695975]},"properties":{"objectid":1882,"crn":2020014485,"crash_year":2020,"pedestrian":1,"bicycle":0,"fatal_count":0,"susp_serious_inj_count":0,"ped_death_count":0,"ped_susp_serious_inj_count":0,"bicycle_death_count":0,"bicycle_susp_serious_inj_count":0}},{"type":"Feature","id":1905,"geometry":{"type":"Point","coordinates":[-75.2380207943695,39.9463240612715]},"properties":{"objectid":1905,"crn":2020036826,"crash_year":2020,"pedestrian":1,"bicycle":0,"fatal_count":0,"susp_serious_inj_count":0,"ped_death_count":0,"ped_susp_serious_inj_count":0,"bicycle_death_count":0,"bicycle_susp_serious_inj_count":0}},{"type":"Feature","id":1922,"geometry":{"type":"Point","coordinates":[-75.0541127420236,40.0443050877535]},"properties":{"objectid":1922,"crn":2020014639,"crash_year":2020,"pedestrian":1,"bicycle":0,"fatal_count":0,"susp_serious_inj_count":0,"ped_death_count":0,"ped_susp_serious_inj_count":0,"bicycle_death_count":0,"bicycle_susp_serious_inj_count":0}},{"type":"Feature","id":1951,"geometry":{"type":"Point","coordinates":[-75.1840187778595,39.9690280681615]},"properties":{"objectid":1951,"crn":2020054260,"crash_year":2020,"pedestrian":0,"bicycle":1,"fatal_count":1,"susp_serious_inj_count":0,"ped_death_count":0,"ped_susp_serious_inj_count":0,"bicycle_death_count":1,"bicycle_susp_serious_inj_count":0}},{"type":"Feature","id":1971,"geometry":{"type":"Point","coordinates":[-75.1148967601813,40.0344590836983]},"properties":{"objectid":1971,"crn":2020014384,"crash_year":2020,"pedestrian":1,"bicycle":0,"fatal_count":0,"susp_serious_inj_count":0,"ped_death_count":0,"ped_susp_serious_inj_count":0,"bicycle_death_count":0,"bicycle_susp_serious_inj_count":0}},{"type":"Feature","id":1994,"geometry":{"type":"Point","coordinates":[-75.1508267729862,40.0485200846918]},"properties":{"objectid":1994,"crn":2020047390,"crash_year":2020,"pedestrian":1,"bicycle":0,"fatal_count":0,"susp_serious_inj_count":0,"ped_death_count":0,"ped_susp_serious_inj_count":0,"bicycle_death_count":0,"bicycle_susp_serious_inj_count":0}},{"type":"Feature","id":1998,"geometry":{"type":"Point","coordinates":[-75.2093267864865,39.9735150676435]},"properties":{"objectid":1998,"crn":2020041239,"crash_year":2020,"pedestrian":1,"bicycle":0,"fatal_count":0,"susp_serious_inj_count":0,"ped_death_count":0,"ped_susp_serious_inj_count":0,"bicycle_death_count":0,"bicycle_susp_serious_inj_count":0}},{"type":"Feature","id":2022,"geometry":{"type":"Point","coordinates":[-75.1940837803064,39.9546330644507]},"properties":{"objectid":2022,"crn":2020040015,"crash_year":2020,"pedestrian":1,"bicycle":0,"fatal_count":0,"susp_serious_inj_count":0,"ped_death_count":0,"ped_susp_serious_inj_count":0,"bicycle_death_count":0,"bicycle_susp_serious_inj_count":0}},{"type":"Feature","id":2071,"geometry":{"type":"Point","coordinates":[-75.1100037595189,40.0391590846892]},"properties":{"objectid":2071,"crn":2020091421,"crash_year":2020,"pedestrian":1,"bicycle":0,"fatal_count":0,"susp_serious_inj_count":0,"ped_death_count":0,"ped_susp_serious_inj_count":0,"bicycle_death_count":0,"bicycle_susp_serious_inj_count":0}},{"type":"Feature","id":2131,"geometry":{"type":"Point","coordinates":[-75.1519347710668,40.0093540769335]},"properties":{"objectid":2131,"crn":2020083699,"crash_year":2020,"pedestrian":1,"bicycle":0,"fatal_count":0,"susp_serious_inj_count":0,"ped_death_count":0,"ped_susp_serious_inj_count":0,"bicycle_death_count":0,"bicycle_susp_serious_inj_count":0}},{"type":"Feature","id":2151,"geometry":{"type":"Point","coordinates":[-75.1911827799612,39.9572850647602]},"properties":{"objectid":2151,"crn":2020044208,"crash_year":2020,"pedestrian":0,"bicycle":1,"fatal_count":0,"susp_serious_inj_count":0,"ped_death_count":0,"ped_susp_serious_inj_count":0,"bicycle_death_count":0,"bicycle_susp_serious_inj_count":0}},{"type":"Feature","id":2180,"geometry":{"type":"Point","coordinates":[-75.1925867799492,39.9504480637839]},"properties":{"objectid":2180,"crn":2020036245,"crash_year":2020,"pedestrian":0,"bicycle":1,"fatal_count":0,"susp_serious_inj_count":0,"ped_death_count":0,"ped_susp_serious_inj_count":0,"bicycle_death_count":0,"bicycle_susp_serious_inj_count":0}},{"type":"Feature","id":2183,"geometry":{"type":"Point","coordinates":[-75.1688997721182,39.9359700619933]},"properties":{"objectid":2183,"crn":2020036300,"crash_year":2020,"pedestrian":0,"bicycle":1,"fatal_count":0,"susp_serious_inj_count":0,"ped_death_count":0,"ped_susp_serious_inj_count":0,"bicycle_death_count":0,"bicycle_susp_serious_inj_count":0}},{"type":"Feature","id":2192,"geometry":{"type":"Point","coordinates":[-75.1360807662909,40.0102920774005]},"properties":{"objectid":2192,"crn":2020036499,"crash_year":2020,"pedestrian":1,"bicycle":0,"fatal_count":0,"susp_serious_inj_count":0,"ped_death_count":0,"ped_susp_serious_inj_count":0,"bicycle_death_count":0,"bicycle_susp_serious_inj_count":0}},{"type":"Feature","id":2195,"geometry":{"type":"Point","coordinates":[-75.0495007405354,40.0543180896954]},"properties":{"objectid":2195,"crn":2020036489,"crash_year":2020,"pedestrian":1,"bicycle":0,"fatal_count":0,"susp_serious_inj_count":0,"ped_death_count":0,"ped_susp_serious_inj_count":0,"bicycle_death_count":0,"bicycle_susp_serious_inj_count":0}},{"type":"Feature","id":2228,"geometry":{"type":"Point","coordinates":[-75.1428957701639,40.0475160850187]},"properties":{"objectid":2228,"crn":2020035935,"crash_year":2020,"pedestrian":1,"bicycle":0,"fatal_count":0,"susp_serious_inj_count":1,"ped_death_count":0,"ped_susp_serious_inj_count":1,"bicycle_death_count":0,"bicycle_susp_serious_inj_count":0}},{"type":"Feature","id":2247,"geometry":{"type":"Point","coordinates":[-75.1668107705849,39.9378760626263]},"properties":{"objectid":2247,"crn":2020073408,"crash_year":2020,"pedestrian":1,"bicycle":0,"fatal_count":1,"susp_serious_inj_count":0,"ped_death_count":1,"ped_susp_serious_inj_count":0,"bicycle_death_count":0,"bicycle_susp_serious_inj_count":0}},{"type":"Feature","id":2281,"geometry":{"type":"Point","coordinates":[-75.1900307787836,39.9525650646008]},"properties":{"objectid":2281,"crn":2020072544,"crash_year":2020,"pedestrian":0,"bicycle":1,"fatal_count":0,"susp_serious_inj_count":0,"ped_death_count":0,"ped_susp_serious_inj_count":0,"bicycle_death_count":0,"bicycle_susp_serious_inj_count":0}},{"type":"Feature","id":2315,"geometry":{"type":"Point","coordinates":[-75.2453547977175,39.959426064082]},"properties":{"objectid":2315,"crn":2020037725,"crash_year":2020,"pedestrian":1,"bicycle":0,"fatal_count":0,"susp_serious_inj_count":0,"ped_death_count":0,"ped_susp_serious_inj_count":0,"bicycle_death_count":0,"bicycle_susp_serious_inj_count":0}},{"type":"Feature","id":2365,"geometry":{"type":"Point","coordinates":[-75.2280287888745,39.9072510543108]},"properties":{"objectid":2365,"crn":2020074318,"crash_year":2020,"pedestrian":1,"bicycle":0,"fatal_count":0,"susp_serious_inj_count":0,"ped_death_count":0,"ped_susp_serious_inj_count":0,"bicycle_death_count":0,"bicycle_susp_serious_inj_count":0}},{"type":"Feature","id":2378,"geometry":{"type":"Point","coordinates":[-75.1531467704602,39.9999980750392]},"properties":{"objectid":2378,"crn":2020034748,"crash_year":2020,"pedestrian":1,"bicycle":0,"fatal_count":0,"susp_serious_inj_count":0,"ped_death_count":0,"ped_susp_serious_inj_count":0,"bicycle_death_count":0,"bicycle_susp_serious_inj_count":0}},{"type":"Feature","id":2380,"geometry":{"type":"Point","coordinates":[-75.2281487880526,39.9072510541869]},"properties":{"objectid":2380,"crn":2020073253,"crash_year":2020,"pedestrian":1,"bicycle":0,"fatal_count":0,"susp_serious_inj_count":0,"ped_death_count":0,"ped_susp_serious_inj_count":0,"bicycle_death_count":0,"bicycle_susp_serious_inj_count":0}},{"type":"Feature","id":2416,"geometry":{"type":"Point","coordinates":[-75.1660737786128,40.0743650894856]},"properties":{"objectid":2416,"crn":2020029256,"crash_year":2020,"pedestrian":1,"bicycle":0,"fatal_count":0,"susp_serious_inj_count":0,"ped_death_count":0,"ped_susp_serious_inj_count":0,"bicycle_death_count":0,"bicycle_susp_serious_inj_count":0}},{"type":"Feature","id":2430,"geometry":{"type":"Point","coordinates":[-75.2402927923601,39.9040690525471]},"properties":{"objectid":2430,"crn":2020034943,"crash_year":2020,"pedestrian":1,"bicycle":0,"fatal_count":0,"susp_serious_inj_count":0,"ped_death_count":0,"ped_susp_serious_inj_count":0,"bicycle_death_count":0,"bicycle_susp_serious_inj_count":0}},{"type":"Feature","id":2435,"geometry":{"type":"Point","coordinates":[-75.0689677433004,39.9996230778809]},"properties":{"objectid":2435,"crn":2020073056,"crash_year":2020,"pedestrian":1,"bicycle":0,"fatal_count":0,"susp_serious_inj_count":0,"ped_death_count":0,"ped_susp_serious_inj_count":0,"bicycle_death_count":0,"bicycle_susp_serious_inj_count":0}},{"type":"Feature","id":2465,"geometry":{"type":"Point","coordinates":[-75.2141357862253,39.9397940606743]},"properties":{"objectid":2465,"crn":2020033289,"crash_year":2020,"pedestrian":1,"bicycle":0,"fatal_count":0,"susp_serious_inj_count":0,"ped_death_count":0,"ped_susp_serious_inj_count":0,"bicycle_death_count":0,"bicycle_susp_serious_inj_count":0}},{"type":"Feature","id":2493,"geometry":{"type":"Point","coordinates":[-75.1688997721182,39.9359700619933]},"properties":{"objectid":2493,"crn":2020055225,"crash_year":2020,"pedestrian":1,"bicycle":0,"fatal_count":0,"susp_serious_inj_count":0,"ped_death_count":0,"ped_susp_serious_inj_count":0,"bicycle_death_count":0,"bicycle_susp_serious_inj_count":0}},{"type":"Feature","id":2506,"geometry":{"type":"Point","coordinates":[-75.1593217724044,39.9948030734891]},"properties":{"objectid":2506,"crn":2020070944,"crash_year":2020,"pedestrian":1,"bicycle":0,"fatal_count":0,"susp_serious_inj_count":0,"ped_death_count":0,"ped_susp_serious_inj_count":0,"bicycle_death_count":0,"bicycle_susp_serious_inj_count":0}},{"type":"Feature","id":2527,"geometry":{"type":"Point","coordinates":[-75.1885997776767,39.9230080581388]},"properties":{"objectid":2527,"crn":2020026957,"crash_year":2020,"pedestrian":1,"bicycle":0,"fatal_count":0,"susp_serious_inj_count":0,"ped_death_count":0,"ped_susp_serious_inj_count":0,"bicycle_death_count":0,"bicycle_susp_serious_inj_count":0}},{"type":"Feature","id":2573,"geometry":{"type":"Point","coordinates":[-75.1100037595189,40.0391590846892]},"properties":{"objectid":2573,"crn":2020069609,"crash_year":2020,"pedestrian":1,"bicycle":0,"fatal_count":0,"susp_serious_inj_count":0,"ped_death_count":0,"ped_susp_serious_inj_count":0,"bicycle_death_count":0,"bicycle_susp_serious_inj_count":0}},{"type":"Feature","id":2585,"geometry":{"type":"Point","coordinates":[-75.2092797835593,39.9185080570692]},"properties":{"objectid":2585,"crn":2020069614,"crash_year":2020,"pedestrian":1,"bicycle":0,"fatal_count":1,"susp_serious_inj_count":0,"ped_death_count":1,"ped_susp_serious_inj_count":0,"bicycle_death_count":0,"bicycle_susp_serious_inj_count":0}},{"type":"Feature","id":2599,"geometry":{"type":"Point","coordinates":[-75.1550777712423,40.0097550772017]},"properties":{"objectid":2599,"crn":2020028598,"crash_year":2020,"pedestrian":1,"bicycle":0,"fatal_count":0,"susp_serious_inj_count":0,"ped_death_count":0,"ped_susp_serious_inj_count":0,"bicycle_death_count":0,"bicycle_susp_serious_inj_count":0}},{"type":"Feature","id":2618,"geometry":{"type":"Point","coordinates":[-75.1702277725767,39.9372770617482]},"properties":{"objectid":2618,"crn":2020067953,"crash_year":2020,"pedestrian":0,"bicycle":1,"fatal_count":0,"susp_serious_inj_count":0,"ped_death_count":0,"ped_susp_serious_inj_count":0,"bicycle_death_count":0,"bicycle_susp_serious_inj_count":0}},{"type":"Feature","id":2655,"geometry":{"type":"Point","coordinates":[-75.1511347707382,40.0092520770262]},"properties":{"objectid":2655,"crn":2020027763,"crash_year":2020,"pedestrian":1,"bicycle":0,"fatal_count":0,"susp_serious_inj_count":0,"ped_death_count":0,"ped_susp_serious_inj_count":0,"bicycle_death_count":0,"bicycle_susp_serious_inj_count":0}},{"type":"Feature","id":2657,"geometry":{"type":"Point","coordinates":[-75.2420807958352,39.9460890614205]},"properties":{"objectid":2657,"crn":2020028824,"crash_year":2020,"pedestrian":0,"bicycle":1,"fatal_count":0,"susp_serious_inj_count":0,"ped_death_count":0,"ped_susp_serious_inj_count":0,"bicycle_death_count":0,"bicycle_susp_serious_inj_count":0}},{"type":"Feature","id":2691,"geometry":{"type":"Point","coordinates":[-75.22456379117,39.964906065758]},"properties":{"objectid":2691,"crn":2020028243,"crash_year":2020,"pedestrian":1,"bicycle":0,"fatal_count":0,"susp_serious_inj_count":0,"ped_death_count":0,"ped_susp_serious_inj_count":0,"bicycle_death_count":0,"bicycle_susp_serious_inj_count":0}},{"type":"Feature","id":2728,"geometry":{"type":"Point","coordinates":[-75.219197787985,39.9483970628307]},"properties":{"objectid":2728,"crn":2020000367,"crash_year":2020,"pedestrian":1,"bicycle":0,"fatal_count":0,"susp_serious_inj_count":0,"ped_death_count":0,"ped_susp_serious_inj_count":0,"bicycle_death_count":0,"bicycle_susp_serious_inj_count":0}},{"type":"Feature","id":2741,"geometry":{"type":"Point","coordinates":[-75.1506257705388,40.01978807922]},"properties":{"objectid":2741,"crn":2020001446,"crash_year":2020,"pedestrian":1,"bicycle":0,"fatal_count":0,"susp_serious_inj_count":0,"ped_death_count":0,"ped_susp_serious_inj_count":0,"bicycle_death_count":0,"bicycle_susp_serious_inj_count":0}},{"type":"Feature","id":2751,"geometry":{"type":"Point","coordinates":[-75.1503767705388,40.0197550793069]},"properties":{"objectid":2751,"crn":2020000311,"crash_year":2020,"pedestrian":1,"bicycle":0,"fatal_count":0,"susp_serious_inj_count":0,"ped_death_count":0,"ped_susp_serious_inj_count":0,"bicycle_death_count":0,"bicycle_susp_serious_inj_count":0}},{"type":"Feature","id":2802,"geometry":{"type":"Point","coordinates":[-75.152125765799,39.9283690606052]},"properties":{"objectid":2802,"crn":2020007823,"crash_year":2020,"pedestrian":1,"bicycle":0,"fatal_count":0,"susp_serious_inj_count":0,"ped_death_count":0,"ped_susp_serious_inj_count":0,"bicycle_death_count":0,"bicycle_susp_serious_inj_count":0}},{"type":"Feature","id":2828,"geometry":{"type":"Point","coordinates":[-75.1668517719371,39.9527930648056]},"properties":{"objectid":2828,"crn":2020011528,"crash_year":2020,"pedestrian":1,"bicycle":0,"fatal_count":0,"susp_serious_inj_count":0,"ped_death_count":0,"ped_susp_serious_inj_count":0,"bicycle_death_count":0,"bicycle_susp_serious_inj_count":0}},{"type":"Feature","id":2880,"geometry":{"type":"Point","coordinates":[-75.1484037700353,40.0222940799962]},"properties":{"objectid":2880,"crn":2020051030,"crash_year":2020,"pedestrian":1,"bicycle":0,"fatal_count":1,"susp_serious_inj_count":1,"ped_death_count":1,"ped_susp_serious_inj_count":0,"bicycle_death_count":0,"bicycle_susp_serious_inj_count":0}},{"type":"Feature","id":2904,"geometry":{"type":"Point","coordinates":[-75.0598317435465,40.0477020875901]},"properties":{"objectid":2904,"crn":2020031880,"crash_year":2020,"pedestrian":1,"bicycle":0,"fatal_count":0,"susp_serious_inj_count":0,"ped_death_count":0,"ped_susp_serious_inj_count":0,"bicycle_death_count":0,"bicycle_susp_serious_inj_count":0}},{"type":"Feature","id":2998,"geometry":{"type":"Point","coordinates":[-75.2125907863091,39.9408590612978]},"properties":{"objectid":2998,"crn":2020070047,"crash_year":2020,"pedestrian":1,"bicycle":0,"fatal_count":0,"susp_serious_inj_count":0,"ped_death_count":0,"ped_susp_serious_inj_count":0,"bicycle_death_count":0,"bicycle_susp_serious_inj_count":0}},{"type":"Feature","id":3063,"geometry":{"type":"Point","coordinates":[-75.1564957706075,39.9846890721526]},"properties":{"objectid":3063,"crn":2020030767,"crash_year":2020,"pedestrian":1,"bicycle":0,"fatal_count":0,"susp_serious_inj_count":0,"ped_death_count":0,"ped_susp_serious_inj_count":0,"bicycle_death_count":0,"bicycle_susp_serious_inj_count":0}},{"type":"Feature","id":3099,"geometry":{"type":"Point","coordinates":[-75.1759847721303,39.9057220556159]},"properties":{"objectid":3099,"crn":2020070922,"crash_year":2020,"pedestrian":1,"bicycle":0,"fatal_count":0,"susp_serious_inj_count":0,"ped_death_count":0,"ped_susp_serious_inj_count":0,"bicycle_death_count":0,"bicycle_susp_serious_inj_count":0}},{"type":"Feature","id":3125,"geometry":{"type":"Point","coordinates":[-75.1703197740156,39.9590910665048]},"properties":{"objectid":3125,"crn":2020026959,"crash_year":2020,"pedestrian":0,"bicycle":1,"fatal_count":0,"susp_serious_inj_count":0,"ped_death_count":0,"ped_susp_serious_inj_count":0,"bicycle_death_count":0,"bicycle_susp_serious_inj_count":0}},{"type":"Feature","id":3144,"geometry":{"type":"Point","coordinates":[-75.1087187558857,39.9990660768479]},"properties":{"objectid":3144,"crn":2020081350,"crash_year":2020,"pedestrian":1,"bicycle":0,"fatal_count":0,"susp_serious_inj_count":0,"ped_death_count":0,"ped_susp_serious_inj_count":0,"bicycle_death_count":0,"bicycle_susp_serious_inj_count":0}},{"type":"Feature","id":3165,"geometry":{"type":"Point","coordinates":[-75.1193477590823,39.9972250757936]},"properties":{"objectid":3165,"crn":2020042325,"crash_year":2020,"pedestrian":0,"bicycle":1,"fatal_count":0,"susp_serious_inj_count":1,"ped_death_count":0,"ped_susp_serious_inj_count":0,"bicycle_death_count":0,"bicycle_susp_serious_inj_count":1}},{"type":"Feature","id":3204,"geometry":{"type":"Point","coordinates":[-75.2187217896832,39.9797440690028]},"properties":{"objectid":3204,"crn":2020076141,"crash_year":2020,"pedestrian":1,"bicycle":0,"fatal_count":0,"susp_serious_inj_count":0,"ped_death_count":0,"ped_susp_serious_inj_count":0,"bicycle_death_count":0,"bicycle_susp_serious_inj_count":0}},{"type":"Feature","id":3225,"geometry":{"type":"Point","coordinates":[-75.2323897985839,40.0555990836198]},"properties":{"objectid":3225,"crn":2020079777,"crash_year":2020,"pedestrian":1,"bicycle":0,"fatal_count":0,"susp_serious_inj_count":0,"ped_death_count":0,"ped_susp_serious_inj_count":0,"bicycle_death_count":0,"bicycle_susp_serious_inj_count":0}},{"type":"Feature","id":3257,"geometry":{"type":"Point","coordinates":[-75.1544637708282,39.9939390736266]},"properties":{"objectid":3257,"crn":2020038337,"crash_year":2020,"pedestrian":0,"bicycle":1,"fatal_count":0,"susp_serious_inj_count":0,"ped_death_count":0,"ped_susp_serious_inj_count":0,"bicycle_death_count":0,"bicycle_susp_serious_inj_count":0}},{"type":"Feature","id":3269,"geometry":{"type":"Point","coordinates":[-75.1713257707472,39.9168370574312]},"properties":{"objectid":3269,"crn":2020039959,"crash_year":2020,"pedestrian":1,"bicycle":0,"fatal_count":0,"susp_serious_inj_count":0,"ped_death_count":0,"ped_susp_serious_inj_count":0,"bicycle_death_count":0,"bicycle_susp_serious_inj_count":0}},{"type":"Feature","id":3279,"geometry":{"type":"Point","coordinates":[-75.1849997762295,39.9226860581426]},"properties":{"objectid":3279,"crn":2020039960,"crash_year":2020,"pedestrian":1,"bicycle":0,"fatal_count":0,"susp_serious_inj_count":1,"ped_death_count":0,"ped_susp_serious_inj_count":1,"bicycle_death_count":0,"bicycle_susp_serious_inj_count":0}},{"type":"Feature","id":3314,"geometry":{"type":"Point","coordinates":[-75.2433787966437,39.9591820640946]},"properties":{"objectid":3314,"crn":2020035823,"crash_year":2020,"pedestrian":1,"bicycle":0,"fatal_count":0,"susp_serious_inj_count":0,"ped_death_count":0,"ped_susp_serious_inj_count":0,"bicycle_death_count":0,"bicycle_susp_serious_inj_count":0}},{"type":"Feature","id":3383,"geometry":{"type":"Point","coordinates":[-75.1917877795692,39.9543470646357]},"properties":{"objectid":3383,"crn":2020069890,"crash_year":2020,"pedestrian":0,"bicycle":1,"fatal_count":0,"susp_serious_inj_count":0,"ped_death_count":0,"ped_susp_serious_inj_count":0,"bicycle_death_count":0,"bicycle_susp_serious_inj_count":0}},{"type":"Feature","id":3406,"geometry":{"type":"Point","coordinates":[-75.2274837915245,39.957216063653]},"properties":{"objectid":3406,"crn":2020019393,"crash_year":2020,"pedestrian":1,"bicycle":0,"fatal_count":0,"susp_serious_inj_count":0,"ped_death_count":0,"ped_susp_serious_inj_count":0,"bicycle_death_count":0,"bicycle_susp_serious_inj_count":0}},{"type":"Feature","id":3416,"geometry":{"type":"Point","coordinates":[-75.1974057834977,39.9749460682217]},"properties":{"objectid":3416,"crn":2020036825,"crash_year":2020,"pedestrian":1,"bicycle":0,"fatal_count":0,"susp_serious_inj_count":0,"ped_death_count":0,"ped_susp_serious_inj_count":0,"bicycle_death_count":0,"bicycle_susp_serious_inj_count":0}},{"type":"Feature","id":3468,"geometry":{"type":"Point","coordinates":[-75.1410957624625,39.9206940601502]},"properties":{"objectid":3468,"crn":2020036117,"crash_year":2020,"pedestrian":1,"bicycle":0,"fatal_count":0,"susp_serious_inj_count":1,"ped_death_count":0,"ped_susp_serious_inj_count":1,"bicycle_death_count":0,"bicycle_susp_serious_inj_count":0}},{"type":"Feature","id":3476,"geometry":{"type":"Point","coordinates":[-75.232095793434,39.965622065297]},"properties":{"objectid":3476,"crn":2020057471,"crash_year":2020,"pedestrian":1,"bicycle":0,"fatal_count":1,"susp_serious_inj_count":0,"ped_death_count":1,"ped_susp_serious_inj_count":0,"bicycle_death_count":0,"bicycle_susp_serious_inj_count":0}},{"type":"Feature","id":3533,"geometry":{"type":"Point","coordinates":[-75.1227187589362,39.973912071092]},"properties":{"objectid":3533,"crn":2020017018,"crash_year":2020,"pedestrian":1,"bicycle":0,"fatal_count":0,"susp_serious_inj_count":0,"ped_death_count":0,"ped_susp_serious_inj_count":0,"bicycle_death_count":0,"bicycle_susp_serious_inj_count":0}},{"type":"Feature","id":3570,"geometry":{"type":"Point","coordinates":[-75.185385775871,39.9226620584031]},"properties":{"objectid":3570,"crn":2020058199,"crash_year":2020,"pedestrian":1,"bicycle":0,"fatal_count":0,"susp_serious_inj_count":0,"ped_death_count":0,"ped_susp_serious_inj_count":0,"bicycle_death_count":0,"bicycle_susp_serious_inj_count":0}},{"type":"Feature","id":3576,"geometry":{"type":"Point","coordinates":[-75.1567877761383,40.0686710883421]},"properties":{"objectid":3576,"crn":2020016975,"crash_year":2020,"pedestrian":1,"bicycle":0,"fatal_count":0,"susp_serious_inj_count":0,"ped_death_count":0,"ped_susp_serious_inj_count":0,"bicycle_death_count":0,"bicycle_susp_serious_inj_count":0}},{"type":"Feature","id":3607,"geometry":{"type":"Point","coordinates":[-75.1273287625202,40.0076470776458]},"properties":{"objectid":3607,"crn":2020018180,"crash_year":2020,"pedestrian":1,"bicycle":0,"fatal_count":0,"susp_serious_inj_count":0,"ped_death_count":0,"ped_susp_serious_inj_count":0,"bicycle_death_count":0,"bicycle_susp_serious_inj_count":0}},{"type":"Feature","id":3672,"geometry":{"type":"Point","coordinates":[-75.1232217609045,39.997723076046]},"properties":{"objectid":3672,"crn":2020015157,"crash_year":2020,"pedestrian":1,"bicycle":0,"fatal_count":0,"susp_serious_inj_count":0,"ped_death_count":0,"ped_susp_serious_inj_count":0,"bicycle_death_count":0,"bicycle_susp_serious_inj_count":0}},{"type":"Feature","id":3687,"geometry":{"type":"Point","coordinates":[-75.2431297977022,39.9833560688519]},"properties":{"objectid":3687,"crn":2020028845,"crash_year":2020,"pedestrian":0,"bicycle":1,"fatal_count":0,"susp_serious_inj_count":0,"ped_death_count":0,"ped_susp_serious_inj_count":0,"bicycle_death_count":0,"bicycle_susp_serious_inj_count":0}},{"type":"Feature","id":3690,"geometry":{"type":"Point","coordinates":[-75.2448847981002,39.9718660658594]},"properties":{"objectid":3690,"crn":2020064155,"crash_year":2020,"pedestrian":1,"bicycle":0,"fatal_count":0,"susp_serious_inj_count":0,"ped_death_count":0,"ped_susp_serious_inj_count":0,"bicycle_death_count":0,"bicycle_susp_serious_inj_count":0}},{"type":"Feature","id":3714,"geometry":{"type":"Point","coordinates":[-75.1817947773159,39.9531010648977]},"properties":{"objectid":3714,"crn":2020061930,"crash_year":2020,"pedestrian":0,"bicycle":1,"fatal_count":0,"susp_serious_inj_count":0,"ped_death_count":0,"ped_susp_serious_inj_count":0,"bicycle_death_count":0,"bicycle_susp_serious_inj_count":0}},{"type":"Feature","id":3715,"geometry":{"type":"Point","coordinates":[-75.1009657525407,39.9824090736482]},"properties":{"objectid":3715,"crn":2020058848,"crash_year":2020,"pedestrian":0,"bicycle":1,"fatal_count":0,"susp_serious_inj_count":0,"ped_death_count":0,"ped_susp_serious_inj_count":0,"bicycle_death_count":0,"bicycle_susp_serious_inj_count":0}},{"type":"Feature","id":3742,"geometry":{"type":"Point","coordinates":[-75.152127770848,40.0046880762729]},"properties":{"objectid":3742,"crn":2020049018,"crash_year":2020,"pedestrian":1,"bicycle":0,"fatal_count":0,"susp_serious_inj_count":0,"ped_death_count":0,"ped_susp_serious_inj_count":0,"bicycle_death_count":0,"bicycle_susp_serious_inj_count":0}},{"type":"Feature","id":3766,"geometry":{"type":"Point","coordinates":[-75.1729847744367,39.954591065459]},"properties":{"objectid":3766,"crn":2020023463,"crash_year":2020,"pedestrian":0,"bicycle":1,"fatal_count":0,"susp_serious_inj_count":0,"ped_death_count":0,"ped_susp_serious_inj_count":0,"bicycle_death_count":0,"bicycle_susp_serious_inj_count":0}},{"type":"Feature","id":3779,"geometry":{"type":"Point","coordinates":[-75.0537307407166,40.0205300828029]},"properties":{"objectid":3779,"crn":2020019866,"crash_year":2020,"pedestrian":1,"bicycle":0,"fatal_count":0,"susp_serious_inj_count":0,"ped_death_count":0,"ped_susp_serious_inj_count":0,"bicycle_death_count":0,"bicycle_susp_serious_inj_count":0}},{"type":"Feature","id":3789,"geometry":{"type":"Point","coordinates":[-75.1922147800432,39.9522640641698]},"properties":{"objectid":3789,"crn":2020023044,"crash_year":2020,"pedestrian":0,"bicycle":1,"fatal_count":0,"susp_serious_inj_count":0,"ped_death_count":0,"ped_susp_serious_inj_count":0,"bicycle_death_count":0,"bicycle_susp_serious_inj_count":0}},{"type":"Feature","id":3804,"geometry":{"type":"Point","coordinates":[-75.2168347893461,39.9790450682209]},"properties":{"objectid":3804,"crn":2020024134,"crash_year":2020,"pedestrian":1,"bicycle":0,"fatal_count":0,"susp_serious_inj_count":0,"ped_death_count":0,"ped_susp_serious_inj_count":0,"bicycle_death_count":0,"bicycle_susp_serious_inj_count":0}},{"type":"Feature","id":3830,"geometry":{"type":"Point","coordinates":[-75.1420307641091,39.9451600649879]},"properties":{"objectid":3830,"crn":2020018664,"crash_year":2020,"pedestrian":1,"bicycle":0,"fatal_count":0,"susp_serious_inj_count":0,"ped_death_count":0,"ped_susp_serious_inj_count":0,"bicycle_death_count":0,"bicycle_susp_serious_inj_count":0}},{"type":"Feature","id":3886,"geometry":{"type":"Point","coordinates":[-75.2378367943824,39.9438450611244]},"properties":{"objectid":3886,"crn":2020018671,"crash_year":2020,"pedestrian":0,"bicycle":1,"fatal_count":0,"susp_serious_inj_count":0,"ped_death_count":0,"ped_susp_serious_inj_count":0,"bicycle_death_count":0,"bicycle_susp_serious_inj_count":0}},{"type":"Feature","id":3919,"geometry":{"type":"Point","coordinates":[-75.1562657712334,39.9862940718896]},"properties":{"objectid":3919,"crn":2020019584,"crash_year":2020,"pedestrian":0,"bicycle":1,"fatal_count":0,"susp_serious_inj_count":0,"ped_death_count":0,"ped_susp_serious_inj_count":0,"bicycle_death_count":0,"bicycle_susp_serious_inj_count":0}},{"type":"Feature","id":3920,"geometry":{"type":"Point","coordinates":[-75.209819785784,39.9494640631572]},"properties":{"objectid":3920,"crn":2020022436,"crash_year":2020,"pedestrian":0,"bicycle":1,"fatal_count":0,"susp_serious_inj_count":0,"ped_death_count":0,"ped_susp_serious_inj_count":0,"bicycle_death_count":0,"bicycle_susp_serious_inj_count":0}},{"type":"Feature","id":3957,"geometry":{"type":"Point","coordinates":[-75.1561487707667,39.9862780719453]},"properties":{"objectid":3957,"crn":2020026180,"crash_year":2020,"pedestrian":1,"bicycle":0,"fatal_count":0,"susp_serious_inj_count":0,"ped_death_count":0,"ped_susp_serious_inj_count":0,"bicycle_death_count":0,"bicycle_susp_serious_inj_count":0}},{"type":"Feature","id":3965,"geometry":{"type":"Point","coordinates":[-75.1512407710087,40.0092650768922]},"properties":{"objectid":3965,"crn":2020065343,"crash_year":2020,"pedestrian":1,"bicycle":0,"fatal_count":1,"susp_serious_inj_count":0,"ped_death_count":1,"ped_susp_serious_inj_count":0,"bicycle_death_count":0,"bicycle_susp_serious_inj_count":0}},{"type":"Feature","id":3975,"geometry":{"type":"Point","coordinates":[-75.1256197646878,40.0452730848963]},"properties":{"objectid":3975,"crn":2020024415,"crash_year":2020,"pedestrian":1,"bicycle":0,"fatal_count":0,"susp_serious_inj_count":1,"ped_death_count":0,"ped_susp_serious_inj_count":1,"bicycle_death_count":0,"bicycle_susp_serious_inj_count":0}},{"type":"Feature","id":3995,"geometry":{"type":"Point","coordinates":[-75.1697447730491,39.9571420663826]},"properties":{"objectid":3995,"crn":2020029446,"crash_year":2020,"pedestrian":0,"bicycle":1,"fatal_count":0,"susp_serious_inj_count":0,"ped_death_count":0,"ped_susp_serious_inj_count":0,"bicycle_death_count":0,"bicycle_susp_serious_inj_count":0}},{"type":"Feature","id":3996,"geometry":{"type":"Point","coordinates":[-75.1165277591004,39.9968620756698]},"properties":{"objectid":3996,"crn":2020065338,"crash_year":2020,"pedestrian":1,"bicycle":0,"fatal_count":1,"susp_serious_inj_count":0,"ped_death_count":1,"ped_susp_serious_inj_count":0,"bicycle_death_count":0,"bicycle_susp_serious_inj_count":0}},{"type":"Feature","id":4002,"geometry":{"type":"Point","coordinates":[-75.2505827991218,39.9689360653186]},"properties":{"objectid":4002,"crn":2020067336,"crash_year":2020,"pedestrian":1,"bicycle":0,"fatal_count":0,"susp_serious_inj_count":1,"ped_death_count":0,"ped_susp_serious_inj_count":1,"bicycle_death_count":0,"bicycle_susp_serious_inj_count":0}},{"type":"Feature","id":4016,"geometry":{"type":"Point","coordinates":[-75.1429437641982,39.9536300658197]},"properties":{"objectid":4016,"crn":2020025307,"crash_year":2020,"pedestrian":1,"bicycle":0,"fatal_count":0,"susp_serious_inj_count":0,"ped_death_count":0,"ped_susp_serious_inj_count":0,"bicycle_death_count":0,"bicycle_susp_serious_inj_count":0}},{"type":"Feature","id":4022,"geometry":{"type":"Point","coordinates":[-75.2390397967723,39.9819600680099]},"properties":{"objectid":4022,"crn":2020026676,"crash_year":2020,"pedestrian":0,"bicycle":1,"fatal_count":0,"susp_serious_inj_count":0,"ped_death_count":0,"ped_susp_serious_inj_count":0,"bicycle_death_count":0,"bicycle_susp_serious_inj_count":0}},{"type":"Feature","id":4027,"geometry":{"type":"Point","coordinates":[-75.1239297594353,39.9772200718604]},"properties":{"objectid":4027,"crn":2020026221,"crash_year":2020,"pedestrian":1,"bicycle":0,"fatal_count":0,"susp_serious_inj_count":0,"ped_death_count":0,"ped_susp_serious_inj_count":0,"bicycle_death_count":0,"bicycle_susp_serious_inj_count":0}},{"type":"Feature","id":4041,"geometry":{"type":"Point","coordinates":[-75.1684217726456,39.9529890652881]},"properties":{"objectid":4041,"crn":2020066880,"crash_year":2020,"pedestrian":1,"bicycle":0,"fatal_count":0,"susp_serious_inj_count":0,"ped_death_count":0,"ped_susp_serious_inj_count":0,"bicycle_death_count":0,"bicycle_susp_serious_inj_count":0}},{"type":"Feature","id":4047,"geometry":{"type":"Point","coordinates":[-75.1593217724044,39.9948030734891]},"properties":{"objectid":4047,"crn":2020022866,"crash_year":2020,"pedestrian":1,"bicycle":0,"fatal_count":0,"susp_serious_inj_count":0,"ped_death_count":0,"ped_susp_serious_inj_count":0,"bicycle_death_count":0,"bicycle_susp_serious_inj_count":0}},{"type":"Feature","id":4115,"geometry":{"type":"Point","coordinates":[-75.1990717826929,39.9515710639752]},"properties":{"objectid":4115,"crn":2020026369,"crash_year":2020,"pedestrian":0,"bicycle":1,"fatal_count":0,"susp_serious_inj_count":0,"ped_death_count":0,"ped_susp_serious_inj_count":0,"bicycle_death_count":0,"bicycle_susp_serious_inj_count":0}},{"type":"Feature","id":4150,"geometry":{"type":"Point","coordinates":[-75.1644317712731,39.9482080647791]},"properties":{"objectid":4150,"crn":2020065122,"crash_year":2020,"pedestrian":1,"bicycle":0,"fatal_count":0,"susp_serious_inj_count":0,"ped_death_count":0,"ped_susp_serious_inj_count":0,"bicycle_death_count":0,"bicycle_susp_serious_inj_count":0}},{"type":"Feature","id":4163,"geometry":{"type":"Point","coordinates":[-75.0768467478681,40.0240600828487]},"properties":{"objectid":4163,"crn":2020014793,"crash_year":2020,"pedestrian":1,"bicycle":0,"fatal_count":0,"susp_serious_inj_count":0,"ped_death_count":0,"ped_susp_serious_inj_count":0,"bicycle_death_count":0,"bicycle_susp_serious_inj_count":0}},{"type":"Feature","id":4167,"geometry":{"type":"Point","coordinates":[-75.1290217610151,39.9672510694133]},"properties":{"objectid":4167,"crn":2020004349,"crash_year":2020,"pedestrian":1,"bicycle":0,"fatal_count":0,"susp_serious_inj_count":1,"ped_death_count":0,"ped_susp_serious_inj_count":1,"bicycle_death_count":0,"bicycle_susp_serious_inj_count":0}},{"type":"Feature","id":4222,"geometry":{"type":"Point","coordinates":[-75.1917407802989,39.9503070636418]},"properties":{"objectid":4222,"crn":2020060355,"crash_year":2020,"pedestrian":0,"bicycle":1,"fatal_count":0,"susp_serious_inj_count":0,"ped_death_count":0,"ped_susp_serious_inj_count":0,"bicycle_death_count":0,"bicycle_susp_serious_inj_count":0}},{"type":"Feature","id":4230,"geometry":{"type":"Point","coordinates":[-75.2024347881467,40.0256030787244]},"properties":{"objectid":4230,"crn":2020051472,"crash_year":2020,"pedestrian":0,"bicycle":1,"fatal_count":1,"susp_serious_inj_count":0,"ped_death_count":0,"ped_susp_serious_inj_count":0,"bicycle_death_count":1,"bicycle_susp_serious_inj_count":0}},{"type":"Feature","id":4238,"geometry":{"type":"Point","coordinates":[-75.1713257707472,39.9168370574312]},"properties":{"objectid":4238,"crn":2020049116,"crash_year":2020,"pedestrian":1,"bicycle":0,"fatal_count":0,"susp_serious_inj_count":0,"ped_death_count":0,"ped_susp_serious_inj_count":0,"bicycle_death_count":0,"bicycle_susp_serious_inj_count":0}},{"type":"Feature","id":4290,"geometry":{"type":"Point","coordinates":[-75.1444457637134,39.9299280610286]},"properties":{"objectid":4290,"crn":2020051745,"crash_year":2020,"pedestrian":1,"bicycle":0,"fatal_count":1,"susp_serious_inj_count":0,"ped_death_count":1,"ped_susp_serious_inj_count":0,"bicycle_death_count":0,"bicycle_susp_serious_inj_count":0}},{"type":"Feature","id":4298,"geometry":{"type":"Point","coordinates":[-75.1401637698785,40.0597450877117]},"properties":{"objectid":4298,"crn":2020006453,"crash_year":2020,"pedestrian":1,"bicycle":0,"fatal_count":0,"susp_serious_inj_count":0,"ped_death_count":0,"ped_susp_serious_inj_count":0,"bicycle_death_count":0,"bicycle_susp_serious_inj_count":0}},{"type":"Feature","id":4304,"geometry":{"type":"Point","coordinates":[-75.1100037595189,40.0391590846892]},"properties":{"objectid":4304,"crn":2020008775,"crash_year":2020,"pedestrian":1,"bicycle":0,"fatal_count":0,"susp_serious_inj_count":0,"ped_death_count":0,"ped_susp_serious_inj_count":0,"bicycle_death_count":0,"bicycle_susp_serious_inj_count":0}},{"type":"Feature","id":4355,"geometry":{"type":"Point","coordinates":[-75.090356754175,40.0653090902771]},"properties":{"objectid":4355,"crn":2020020462,"crash_year":2020,"pedestrian":1,"bicycle":0,"fatal_count":0,"susp_serious_inj_count":0,"ped_death_count":0,"ped_susp_serious_inj_count":0,"bicycle_death_count":0,"bicycle_susp_serious_inj_count":0}},{"type":"Feature","id":4359,"geometry":{"type":"Point","coordinates":[-75.166790772482,39.9530550652706]},"properties":{"objectid":4359,"crn":2020009664,"crash_year":2020,"pedestrian":1,"bicycle":0,"fatal_count":0,"susp_serious_inj_count":0,"ped_death_count":0,"ped_susp_serious_inj_count":0,"bicycle_death_count":0,"bicycle_susp_serious_inj_count":0}},{"type":"Feature","id":4367,"geometry":{"type":"Point","coordinates":[-75.0539447422581,40.0549480897626]},"properties":{"objectid":4367,"crn":2020051133,"crash_year":2020,"pedestrian":1,"bicycle":0,"fatal_count":1,"susp_serious_inj_count":0,"ped_death_count":1,"ped_susp_serious_inj_count":0,"bicycle_death_count":0,"bicycle_susp_serious_inj_count":0}},{"type":"Feature","id":4368,"geometry":{"type":"Point","coordinates":[-75.2345267936322,39.9529970624872]},"properties":{"objectid":4368,"crn":2020009176,"crash_year":2020,"pedestrian":0,"bicycle":1,"fatal_count":0,"susp_serious_inj_count":0,"ped_death_count":0,"ped_susp_serious_inj_count":0,"bicycle_death_count":0,"bicycle_susp_serious_inj_count":0}},{"type":"Feature","id":4423,"geometry":{"type":"Point","coordinates":[-75.1420307641091,39.9451600649879]},"properties":{"objectid":4423,"crn":2020009572,"crash_year":2020,"pedestrian":1,"bicycle":0,"fatal_count":0,"susp_serious_inj_count":0,"ped_death_count":0,"ped_susp_serious_inj_count":0,"bicycle_death_count":0,"bicycle_susp_serious_inj_count":0}},{"type":"Feature","id":4448,"geometry":{"type":"Point","coordinates":[-75.157273770264,39.9712430691498]},"properties":{"objectid":4448,"crn":2020012141,"crash_year":2020,"pedestrian":1,"bicycle":0,"fatal_count":0,"susp_serious_inj_count":0,"ped_death_count":0,"ped_susp_serious_inj_count":0,"bicycle_death_count":0,"bicycle_susp_serious_inj_count":0}},{"type":"Feature","id":4455,"geometry":{"type":"Point","coordinates":[-75.2113777865289,39.9567770647409]},"properties":{"objectid":4455,"crn":2020004117,"crash_year":2020,"pedestrian":1,"bicycle":0,"fatal_count":0,"susp_serious_inj_count":0,"ped_death_count":0,"ped_susp_serious_inj_count":0,"bicycle_death_count":0,"bicycle_susp_serious_inj_count":0}},{"type":"Feature","id":4456,"geometry":{"type":"Point","coordinates":[-75.2216047910762,39.9907250705535]},"properties":{"objectid":4456,"crn":2020054269,"crash_year":2020,"pedestrian":1,"bicycle":0,"fatal_count":0,"susp_serious_inj_count":0,"ped_death_count":0,"ped_susp_serious_inj_count":0,"bicycle_death_count":0,"bicycle_susp_serious_inj_count":0}},{"type":"Feature","id":4471,"geometry":{"type":"Point","coordinates":[-75.1716267789987,40.0388520818696]},"properties":{"objectid":4471,"crn":2020004929,"crash_year":2020,"pedestrian":1,"bicycle":0,"fatal_count":0,"susp_serious_inj_count":0,"ped_death_count":0,"ped_susp_serious_inj_count":0,"bicycle_death_count":0,"bicycle_susp_serious_inj_count":0}},{"type":"Feature","id":4479,"geometry":{"type":"Point","coordinates":[-75.1824797749368,39.9272970594091]},"properties":{"objectid":4479,"crn":2020012258,"crash_year":2020,"pedestrian":1,"bicycle":0,"fatal_count":0,"susp_serious_inj_count":1,"ped_death_count":0,"ped_susp_serious_inj_count":1,"bicycle_death_count":0,"bicycle_susp_serious_inj_count":0}},{"type":"Feature","id":4485,"geometry":{"type":"Point","coordinates":[-75.1656867731703,39.976793069602]},"properties":{"objectid":4485,"crn":2020012915,"crash_year":2020,"pedestrian":1,"bicycle":0,"fatal_count":0,"susp_serious_inj_count":0,"ped_death_count":0,"ped_susp_serious_inj_count":0,"bicycle_death_count":0,"bicycle_susp_serious_inj_count":0}},{"type":"Feature","id":4512,"geometry":{"type":"Point","coordinates":[-75.1991497821781,39.9552630647537]},"properties":{"objectid":4512,"crn":2020005655,"crash_year":2020,"pedestrian":0,"bicycle":1,"fatal_count":0,"susp_serious_inj_count":0,"ped_death_count":0,"ped_susp_serious_inj_count":0,"bicycle_death_count":0,"bicycle_susp_serious_inj_count":0}},{"type":"Feature","id":4531,"geometry":{"type":"Point","coordinates":[-75.2351907940861,39.959733063744]},"properties":{"objectid":4531,"crn":2020012529,"crash_year":2020,"pedestrian":1,"bicycle":0,"fatal_count":0,"susp_serious_inj_count":0,"ped_death_count":0,"ped_susp_serious_inj_count":0,"bicycle_death_count":0,"bicycle_susp_serious_inj_count":0}},{"type":"Feature","id":4553,"geometry":{"type":"Point","coordinates":[-75.1544637708282,39.9939390736266]},"properties":{"objectid":4553,"crn":2020012673,"crash_year":2020,"pedestrian":1,"bicycle":0,"fatal_count":0,"susp_serious_inj_count":0,"ped_death_count":0,"ped_susp_serious_inj_count":0,"bicycle_death_count":0,"bicycle_susp_serious_inj_count":0}},{"type":"Feature","id":4557,"geometry":{"type":"Point","coordinates":[-75.2385847950397,39.9616510643844]},"properties":{"objectid":4557,"crn":2020013106,"crash_year":2020,"pedestrian":0,"bicycle":1,"fatal_count":0,"susp_serious_inj_count":0,"ped_death_count":0,"ped_susp_serious_inj_count":0,"bicycle_death_count":0,"bicycle_susp_serious_inj_count":0}},{"type":"Feature","id":4577,"geometry":{"type":"Point","coordinates":[-75.206445785607,39.9738410678869]},"properties":{"objectid":4577,"crn":2020005838,"crash_year":2020,"pedestrian":1,"bicycle":0,"fatal_count":0,"susp_serious_inj_count":0,"ped_death_count":0,"ped_susp_serious_inj_count":0,"bicycle_death_count":0,"bicycle_susp_serious_inj_count":0}},{"type":"Feature","id":4587,"geometry":{"type":"Point","coordinates":[-75.1607517710444,39.9650950677193]},"properties":{"objectid":4587,"crn":2020009570,"crash_year":2020,"pedestrian":1,"bicycle":0,"fatal_count":0,"susp_serious_inj_count":0,"ped_death_count":0,"ped_susp_serious_inj_count":0,"bicycle_death_count":0,"bicycle_susp_serious_inj_count":0}},{"type":"Feature","id":4643,"geometry":{"type":"Point","coordinates":[-75.2388657945567,39.9447110610798]},"properties":{"objectid":4643,"crn":2020004691,"crash_year":2020,"pedestrian":1,"bicycle":0,"fatal_count":0,"susp_serious_inj_count":0,"ped_death_count":0,"ped_susp_serious_inj_count":0,"bicycle_death_count":0,"bicycle_susp_serious_inj_count":0}},{"type":"Feature","id":4661,"geometry":{"type":"Point","coordinates":[-75.051501740926,40.0503130890474]},"properties":{"objectid":4661,"crn":2020098001,"crash_year":2020,"pedestrian":1,"bicycle":0,"fatal_count":1,"susp_serious_inj_count":0,"ped_death_count":1,"ped_susp_serious_inj_count":0,"bicycle_death_count":0,"bicycle_susp_serious_inj_count":0}},{"type":"Feature","id":4664,"geometry":{"type":"Point","coordinates":[-75.1491887700135,40.0039270758662]},"properties":{"objectid":4664,"crn":2020053818,"crash_year":2020,"pedestrian":1,"bicycle":0,"fatal_count":0,"susp_serious_inj_count":0,"ped_death_count":0,"ped_susp_serious_inj_count":0,"bicycle_death_count":0,"bicycle_susp_serious_inj_count":0}},{"type":"Feature","id":4686,"geometry":{"type":"Point","coordinates":[-75.191304780166,39.955811064891]},"properties":{"objectid":4686,"crn":2020052665,"crash_year":2020,"pedestrian":0,"bicycle":1,"fatal_count":0,"susp_serious_inj_count":0,"ped_death_count":0,"ped_susp_serious_inj_count":0,"bicycle_death_count":0,"bicycle_susp_serious_inj_count":0}},{"type":"Feature","id":4697,"geometry":{"type":"Point","coordinates":[-75.2358297953277,39.9843190686887]},"properties":{"objectid":4697,"crn":2020098360,"crash_year":2020,"pedestrian":1,"bicycle":0,"fatal_count":1,"susp_serious_inj_count":0,"ped_death_count":1,"ped_susp_serious_inj_count":0,"bicycle_death_count":0,"bicycle_susp_serious_inj_count":0}},{"type":"Feature","id":4718,"geometry":{"type":"Point","coordinates":[-75.1614727678734,39.9155220580419]},"properties":{"objectid":4718,"crn":2020098002,"crash_year":2020,"pedestrian":1,"bicycle":0,"fatal_count":1,"susp_serious_inj_count":0,"ped_death_count":1,"ped_susp_serious_inj_count":0,"bicycle_death_count":0,"bicycle_susp_serious_inj_count":0}},{"type":"Feature","id":4777,"geometry":{"type":"Point","coordinates":[-75.1582327706708,39.9773050705721]},"properties":{"objectid":4777,"crn":2020091767,"crash_year":2020,"pedestrian":1,"bicycle":0,"fatal_count":0,"susp_serious_inj_count":0,"ped_death_count":0,"ped_susp_serious_inj_count":0,"bicycle_death_count":0,"bicycle_susp_serious_inj_count":0}},{"type":"Feature","id":4805,"geometry":{"type":"Point","coordinates":[-75.1537237651299,39.907452056901]},"properties":{"objectid":4805,"crn":2020049639,"crash_year":2020,"pedestrian":1,"bicycle":0,"fatal_count":0,"susp_serious_inj_count":1,"ped_death_count":0,"ped_susp_serious_inj_count":1,"bicycle_death_count":0,"bicycle_susp_serious_inj_count":0}},{"type":"Feature","id":4831,"geometry":{"type":"Point","coordinates":[-75.1896167795595,39.9525150644098]},"properties":{"objectid":4831,"crn":2020049783,"crash_year":2020,"pedestrian":1,"bicycle":0,"fatal_count":0,"susp_serious_inj_count":0,"ped_death_count":0,"ped_susp_serious_inj_count":0,"bicycle_death_count":0,"bicycle_susp_serious_inj_count":0}},{"type":"Feature","id":4898,"geometry":{"type":"Point","coordinates":[-75.2146557869689,39.9556240643113]},"properties":{"objectid":4898,"crn":2020099986,"crash_year":2020,"pedestrian":1,"bicycle":0,"fatal_count":1,"susp_serious_inj_count":0,"ped_death_count":1,"ped_susp_serious_inj_count":0,"bicycle_death_count":0,"bicycle_susp_serious_inj_count":0}},{"type":"Feature","id":4899,"geometry":{"type":"Point","coordinates":[-75.1523577718784,40.0313920814506]},"properties":{"objectid":4899,"crn":2020092505,"crash_year":2020,"pedestrian":1,"bicycle":0,"fatal_count":0,"susp_serious_inj_count":0,"ped_death_count":0,"ped_susp_serious_inj_count":0,"bicycle_death_count":0,"bicycle_susp_serious_inj_count":0}},{"type":"Feature","id":4902,"geometry":{"type":"Point","coordinates":[-75.1508197705614,40.0092120770592]},"properties":{"objectid":4902,"crn":2020048301,"crash_year":2020,"pedestrian":1,"bicycle":0,"fatal_count":0,"susp_serious_inj_count":0,"ped_death_count":0,"ped_susp_serious_inj_count":0,"bicycle_death_count":0,"bicycle_susp_serious_inj_count":0}},{"type":"Feature","id":4940,"geometry":{"type":"Point","coordinates":[-75.1541737702646,39.9958810739973]},"properties":{"objectid":4940,"crn":2020057854,"crash_year":2020,"pedestrian":1,"bicycle":0,"fatal_count":0,"susp_serious_inj_count":0,"ped_death_count":0,"ped_susp_serious_inj_count":0,"bicycle_death_count":0,"bicycle_susp_serious_inj_count":0}},{"type":"Feature","id":4967,"geometry":{"type":"Point","coordinates":[-75.2141987881039,39.9802840685685]},"properties":{"objectid":4967,"crn":2020056351,"crash_year":2020,"pedestrian":0,"bicycle":1,"fatal_count":0,"susp_serious_inj_count":0,"ped_death_count":0,"ped_susp_serious_inj_count":0,"bicycle_death_count":0,"bicycle_susp_serious_inj_count":0}},{"type":"Feature","id":4972,"geometry":{"type":"Point","coordinates":[-75.230140792126,39.9450080610525]},"properties":{"objectid":4972,"crn":2020051918,"crash_year":2020,"pedestrian":0,"bicycle":1,"fatal_count":0,"susp_serious_inj_count":0,"ped_death_count":0,"ped_susp_serious_inj_count":0,"bicycle_death_count":0,"bicycle_susp_serious_inj_count":0}},{"type":"Feature","id":5009,"geometry":{"type":"Point","coordinates":[-75.1361937629846,39.9688490694344]},"properties":{"objectid":5009,"crn":2020056932,"crash_year":2020,"pedestrian":0,"bicycle":1,"fatal_count":0,"susp_serious_inj_count":0,"ped_death_count":0,"ped_susp_serious_inj_count":0,"bicycle_death_count":0,"bicycle_susp_serious_inj_count":0}},{"type":"Feature","id":5055,"geometry":{"type":"Point","coordinates":[-75.1509197722663,40.0481120845633]},"properties":{"objectid":5055,"crn":2020056675,"crash_year":2020,"pedestrian":1,"bicycle":0,"fatal_count":0,"susp_serious_inj_count":0,"ped_death_count":0,"ped_susp_serious_inj_count":0,"bicycle_death_count":0,"bicycle_susp_serious_inj_count":0}},{"type":"Feature","id":5101,"geometry":{"type":"Point","coordinates":[-75.2092577836578,39.9184390572632]},"properties":{"objectid":5101,"crn":2020056647,"crash_year":2020,"pedestrian":0,"bicycle":1,"fatal_count":0,"susp_serious_inj_count":0,"ped_death_count":0,"ped_susp_serious_inj_count":0,"bicycle_death_count":0,"bicycle_susp_serious_inj_count":0}},{"type":"Feature","id":5102,"geometry":{"type":"Point","coordinates":[-75.1763697760609,39.9643770668728]},"properties":{"objectid":5102,"crn":2020057679,"crash_year":2020,"pedestrian":0,"bicycle":1,"fatal_count":0,"susp_serious_inj_count":0,"ped_death_count":0,"ped_susp_serious_inj_count":0,"bicycle_death_count":0,"bicycle_susp_serious_inj_count":0}},{"type":"Feature","id":5114,"geometry":{"type":"Point","coordinates":[-75.2354197995068,40.0488100819411]},"properties":{"objectid":5114,"crn":2020056795,"crash_year":2020,"pedestrian":1,"bicycle":0,"fatal_count":0,"susp_serious_inj_count":0,"ped_death_count":0,"ped_susp_serious_inj_count":0,"bicycle_death_count":0,"bicycle_susp_serious_inj_count":0}},{"type":"Feature","id":5116,"geometry":{"type":"Point","coordinates":[-75.156302771189,39.9855740721148]},"properties":{"objectid":5116,"crn":2020060545,"crash_year":2020,"pedestrian":1,"bicycle":0,"fatal_count":0,"susp_serious_inj_count":1,"ped_death_count":0,"ped_susp_serious_inj_count":1,"bicycle_death_count":0,"bicycle_susp_serious_inj_count":0}},{"type":"Feature","id":5139,"geometry":{"type":"Point","coordinates":[-75.2313687896868,39.9103660541058]},"properties":{"objectid":5139,"crn":2020055968,"crash_year":2020,"pedestrian":1,"bicycle":0,"fatal_count":0,"susp_serious_inj_count":0,"ped_death_count":0,"ped_susp_serious_inj_count":0,"bicycle_death_count":0,"bicycle_susp_serious_inj_count":0}},{"type":"Feature","id":5143,"geometry":{"type":"Point","coordinates":[-75.1697857734816,39.9542020651057]},"properties":{"objectid":5143,"crn":2020058418,"crash_year":2020,"pedestrian":1,"bicycle":0,"fatal_count":0,"susp_serious_inj_count":0,"ped_death_count":0,"ped_susp_serious_inj_count":0,"bicycle_death_count":0,"bicycle_susp_serious_inj_count":0}},{"type":"Feature","id":5199,"geometry":{"type":"Point","coordinates":[-75.2189907873492,39.9363910603263]},"properties":{"objectid":5199,"crn":2020055965,"crash_year":2020,"pedestrian":1,"bicycle":0,"fatal_count":0,"susp_serious_inj_count":0,"ped_death_count":0,"ped_susp_serious_inj_count":0,"bicycle_death_count":0,"bicycle_susp_serious_inj_count":0}},{"type":"Feature","id":5223,"geometry":{"type":"Point","coordinates":[-75.0906877508784,40.008994078934]},"properties":{"objectid":5223,"crn":2020101464,"crash_year":2020,"pedestrian":1,"bicycle":0,"fatal_count":0,"susp_serious_inj_count":0,"ped_death_count":0,"ped_susp_serious_inj_count":0,"bicycle_death_count":0,"bicycle_susp_serious_inj_count":0}},{"type":"Feature","id":5225,"geometry":{"type":"Point","coordinates":[-75.1904207776172,39.9217810581325]},"properties":{"objectid":5225,"crn":2020055876,"crash_year":2020,"pedestrian":0,"bicycle":1,"fatal_count":0,"susp_serious_inj_count":0,"ped_death_count":0,"ped_susp_serious_inj_count":0,"bicycle_death_count":0,"bicycle_susp_serious_inj_count":0}},{"type":"Feature","id":5269,"geometry":{"type":"Point","coordinates":[-75.1524567707052,40.0031730761281]},"properties":{"objectid":5269,"crn":2020050187,"crash_year":2020,"pedestrian":1,"bicycle":0,"fatal_count":0,"susp_serious_inj_count":0,"ped_death_count":0,"ped_susp_serious_inj_count":0,"bicycle_death_count":0,"bicycle_susp_serious_inj_count":0}},{"type":"Feature","id":5293,"geometry":{"type":"Point","coordinates":[-75.1824797749368,39.9272970594091]},"properties":{"objectid":5293,"crn":2020061336,"crash_year":2020,"pedestrian":0,"bicycle":1,"fatal_count":0,"susp_serious_inj_count":0,"ped_death_count":0,"ped_susp_serious_inj_count":0,"bicycle_death_count":0,"bicycle_susp_serious_inj_count":0}},{"type":"Feature","id":5294,"geometry":{"type":"Point","coordinates":[-75.1571597707075,39.9864320718589]},"properties":{"objectid":5294,"crn":2020060981,"crash_year":2020,"pedestrian":1,"bicycle":0,"fatal_count":0,"susp_serious_inj_count":0,"ped_death_count":0,"ped_susp_serious_inj_count":0,"bicycle_death_count":0,"bicycle_susp_serious_inj_count":0}},{"type":"Feature","id":5299,"geometry":{"type":"Point","coordinates":[-75.1900517789451,39.9525670640471]},"properties":{"objectid":5299,"crn":2020050112,"crash_year":2020,"pedestrian":0,"bicycle":1,"fatal_count":0,"susp_serious_inj_count":0,"ped_death_count":0,"ped_susp_serious_inj_count":0,"bicycle_death_count":0,"bicycle_susp_serious_inj_count":0}},{"type":"Feature","id":5313,"geometry":{"type":"Point","coordinates":[-75.1039117537891,39.9897800746676]},"properties":{"objectid":5313,"crn":2020109214,"crash_year":2020,"pedestrian":1,"bicycle":0,"fatal_count":0,"susp_serious_inj_count":0,"ped_death_count":0,"ped_susp_serious_inj_count":0,"bicycle_death_count":0,"bicycle_susp_serious_inj_count":0}},{"type":"Feature","id":5334,"geometry":{"type":"Point","coordinates":[-75.1109737568743,39.9978510761556]},"properties":{"objectid":5334,"crn":2020063666,"crash_year":2020,"pedestrian":1,"bicycle":0,"fatal_count":0,"susp_serious_inj_count":0,"ped_death_count":0,"ped_susp_serious_inj_count":0,"bicycle_death_count":0,"bicycle_susp_serious_inj_count":0}},{"type":"Feature","id":5382,"geometry":{"type":"Point","coordinates":[-75.0895267517019,40.0289570830597]},"properties":{"objectid":5382,"crn":2020102361,"crash_year":2020,"pedestrian":1,"bicycle":0,"fatal_count":0,"susp_serious_inj_count":0,"ped_death_count":0,"ped_susp_serious_inj_count":0,"bicycle_death_count":0,"bicycle_susp_serious_inj_count":0}},{"type":"Feature","id":5392,"geometry":{"type":"Point","coordinates":[-75.1696127706059,39.9243770598651]},"properties":{"objectid":5392,"crn":2020064759,"crash_year":2020,"pedestrian":0,"bicycle":1,"fatal_count":0,"susp_serious_inj_count":0,"ped_death_count":0,"ped_susp_serious_inj_count":0,"bicycle_death_count":0,"bicycle_susp_serious_inj_count":0}},{"type":"Feature","id":5404,"geometry":{"type":"Point","coordinates":[-75.2735928077169,39.9782960664228]},"properties":{"objectid":5404,"crn":2020063585,"crash_year":2020,"pedestrian":1,"bicycle":0,"fatal_count":0,"susp_serious_inj_count":0,"ped_death_count":0,"ped_susp_serious_inj_count":0,"bicycle_death_count":0,"bicycle_susp_serious_inj_count":0}},{"type":"Feature","id":5488,"geometry":{"type":"Point","coordinates":[-75.0538957414969,40.0445090871174]},"properties":{"objectid":5488,"crn":2020104882,"crash_year":2020,"pedestrian":1,"bicycle":0,"fatal_count":0,"susp_serious_inj_count":0,"ped_death_count":0,"ped_susp_serious_inj_count":0,"bicycle_death_count":0,"bicycle_susp_serious_inj_count":0}},{"type":"Feature","id":5502,"geometry":{"type":"Point","coordinates":[-75.1564957706075,39.9846890721526]},"properties":{"objectid":5502,"crn":2020111026,"crash_year":2020,"pedestrian":1,"bicycle":0,"fatal_count":0,"susp_serious_inj_count":0,"ped_death_count":0,"ped_susp_serious_inj_count":0,"bicycle_death_count":0,"bicycle_susp_serious_inj_count":0}},{"type":"Feature","id":5566,"geometry":{"type":"Point","coordinates":[-75.1497587652624,39.9305530610404]},"properties":{"objectid":5566,"crn":2020059018,"crash_year":2020,"pedestrian":0,"bicycle":1,"fatal_count":0,"susp_serious_inj_count":0,"ped_death_count":0,"ped_susp_serious_inj_count":0,"bicycle_death_count":0,"bicycle_susp_serious_inj_count":0}},{"type":"Feature","id":5583,"geometry":{"type":"Point","coordinates":[-75.2353697996475,40.0487110820826]},"properties":{"objectid":5583,"crn":2020105315,"crash_year":2020,"pedestrian":1,"bicycle":0,"fatal_count":0,"susp_serious_inj_count":0,"ped_death_count":0,"ped_susp_serious_inj_count":0,"bicycle_death_count":0,"bicycle_susp_serious_inj_count":0}},{"type":"Feature","id":5646,"geometry":{"type":"Point","coordinates":[-75.1581327682507,39.9389860625475]},"properties":{"objectid":5646,"crn":2020095600,"crash_year":2020,"pedestrian":1,"bicycle":0,"fatal_count":0,"susp_serious_inj_count":0,"ped_death_count":0,"ped_susp_serious_inj_count":0,"bicycle_death_count":0,"bicycle_susp_serious_inj_count":0}},{"type":"Feature","id":5696,"geometry":{"type":"Point","coordinates":[-75.247071797961,39.9611930636498]},"properties":{"objectid":5696,"crn":2020106643,"crash_year":2020,"pedestrian":1,"bicycle":0,"fatal_count":0,"susp_serious_inj_count":0,"ped_death_count":0,"ped_susp_serious_inj_count":0,"bicycle_death_count":0,"bicycle_susp_serious_inj_count":0}},{"type":"Feature","id":5741,"geometry":{"type":"Point","coordinates":[-75.1715977738744,39.9533830654563]},"properties":{"objectid":5741,"crn":2020060790,"crash_year":2020,"pedestrian":1,"bicycle":0,"fatal_count":0,"susp_serious_inj_count":0,"ped_death_count":0,"ped_susp_serious_inj_count":0,"bicycle_death_count":0,"bicycle_susp_serious_inj_count":0}},{"type":"Feature","id":5742,"geometry":{"type":"Point","coordinates":[-75.1508197705614,40.0092120770592]},"properties":{"objectid":5742,"crn":2020105735,"crash_year":2020,"pedestrian":1,"bicycle":0,"fatal_count":0,"susp_serious_inj_count":0,"ped_death_count":0,"ped_susp_serious_inj_count":0,"bicycle_death_count":0,"bicycle_susp_serious_inj_count":0}},{"type":"Feature","id":5744,"geometry":{"type":"Point","coordinates":[-75.1638317714021,39.9508550649976]},"properties":{"objectid":5744,"crn":2020094820,"crash_year":2020,"pedestrian":1,"bicycle":0,"fatal_count":0,"susp_serious_inj_count":1,"ped_death_count":0,"ped_susp_serious_inj_count":1,"bicycle_death_count":0,"bicycle_susp_serious_inj_count":0}},{"type":"Feature","id":5775,"geometry":{"type":"Point","coordinates":[-75.1525777706393,40.0031930755918]},"properties":{"objectid":5775,"crn":2020052266,"crash_year":2020,"pedestrian":1,"bicycle":0,"fatal_count":0,"susp_serious_inj_count":0,"ped_death_count":0,"ped_susp_serious_inj_count":0,"bicycle_death_count":0,"bicycle_susp_serious_inj_count":0}},{"type":"Feature","id":5795,"geometry":{"type":"Point","coordinates":[-75.1562657712334,39.9862940718896]},"properties":{"objectid":5795,"crn":2020050897,"crash_year":2020,"pedestrian":1,"bicycle":0,"fatal_count":0,"susp_serious_inj_count":0,"ped_death_count":0,"ped_susp_serious_inj_count":0,"bicycle_death_count":0,"bicycle_susp_serious_inj_count":0}},{"type":"Feature","id":5827,"geometry":{"type":"Point","coordinates":[-75.1874187797257,39.96337106698]},"properties":{"objectid":5827,"crn":2020052334,"crash_year":2020,"pedestrian":1,"bicycle":0,"fatal_count":0,"susp_serious_inj_count":0,"ped_death_count":0,"ped_susp_serious_inj_count":0,"bicycle_death_count":0,"bicycle_susp_serious_inj_count":0}},{"type":"Feature","id":5832,"geometry":{"type":"Point","coordinates":[-75.1621487678833,39.9097020564421]},"properties":{"objectid":5832,"crn":2020097127,"crash_year":2020,"pedestrian":1,"bicycle":0,"fatal_count":0,"susp_serious_inj_count":0,"ped_death_count":0,"ped_susp_serious_inj_count":0,"bicycle_death_count":0,"bicycle_susp_serious_inj_count":0}},{"type":"Feature","id":5851,"geometry":{"type":"Point","coordinates":[-75.197031781756,39.9595680652869]},"properties":{"objectid":5851,"crn":2020050824,"crash_year":2020,"pedestrian":1,"bicycle":0,"fatal_count":0,"susp_serious_inj_count":1,"ped_death_count":0,"ped_susp_serious_inj_count":1,"bicycle_death_count":0,"bicycle_susp_serious_inj_count":0}},{"type":"Feature","id":5874,"geometry":{"type":"Point","coordinates":[-75.2248787915931,39.9666680655433]},"properties":{"objectid":5874,"crn":2020089007,"crash_year":2020,"pedestrian":1,"bicycle":0,"fatal_count":1,"susp_serious_inj_count":0,"ped_death_count":1,"ped_susp_serious_inj_count":0,"bicycle_death_count":0,"bicycle_susp_serious_inj_count":0}},{"type":"Feature","id":5875,"geometry":{"type":"Point","coordinates":[-75.2463207921048,39.8778500475477]},"properties":{"objectid":5875,"crn":2020087798,"crash_year":2020,"pedestrian":1,"bicycle":0,"fatal_count":0,"susp_serious_inj_count":0,"ped_death_count":0,"ped_susp_serious_inj_count":0,"bicycle_death_count":0,"bicycle_susp_serious_inj_count":0}},{"type":"Feature","id":5914,"geometry":{"type":"Point","coordinates":[-75.1902247786263,39.9333030606257]},"properties":{"objectid":5914,"crn":2020054457,"crash_year":2020,"pedestrian":0,"bicycle":1,"fatal_count":0,"susp_serious_inj_count":1,"ped_death_count":0,"ped_susp_serious_inj_count":0,"bicycle_death_count":0,"bicycle_susp_serious_inj_count":1}},{"type":"Feature","id":5959,"geometry":{"type":"Point","coordinates":[-75.2489797991192,39.9719410662644]},"properties":{"objectid":5959,"crn":2020087791,"crash_year":2020,"pedestrian":1,"bicycle":0,"fatal_count":0,"susp_serious_inj_count":0,"ped_death_count":0,"ped_susp_serious_inj_count":0,"bicycle_death_count":0,"bicycle_susp_serious_inj_count":0}},{"type":"Feature","id":5995,"geometry":{"type":"Point","coordinates":[-75.2019017834437,39.9574470652335]},"properties":{"objectid":5995,"crn":2020086898,"crash_year":2020,"pedestrian":1,"bicycle":0,"fatal_count":0,"susp_serious_inj_count":0,"ped_death_count":0,"ped_susp_serious_inj_count":0,"bicycle_death_count":0,"bicycle_susp_serious_inj_count":0}},{"type":"Feature","id":5996,"geometry":{"type":"Point","coordinates":[-75.2114627860133,39.9563290643491]},"properties":{"objectid":5996,"crn":2020050336,"crash_year":2020,"pedestrian":0,"bicycle":1,"fatal_count":0,"susp_serious_inj_count":0,"ped_death_count":0,"ped_susp_serious_inj_count":0,"bicycle_death_count":0,"bicycle_susp_serious_inj_count":0}},{"type":"Feature","id":6047,"geometry":{"type":"Point","coordinates":[-75.247071797961,39.9611930636498]},"properties":{"objectid":6047,"crn":2020098359,"crash_year":2020,"pedestrian":1,"bicycle":0,"fatal_count":0,"susp_serious_inj_count":1,"ped_death_count":0,"ped_susp_serious_inj_count":1,"bicycle_death_count":0,"bicycle_susp_serious_inj_count":0}},{"type":"Feature","id":6075,"geometry":{"type":"Point","coordinates":[-75.1884737773211,39.9197860577237]},"properties":{"objectid":6075,"crn":2020085038,"crash_year":2020,"pedestrian":1,"bicycle":0,"fatal_count":0,"susp_serious_inj_count":0,"ped_death_count":0,"ped_susp_serious_inj_count":0,"bicycle_death_count":0,"bicycle_susp_serious_inj_count":0}},{"type":"Feature","id":6108,"geometry":{"type":"Point","coordinates":[-75.1792907786061,40.0050140749925]},"properties":{"objectid":6108,"crn":2020080528,"crash_year":2020,"pedestrian":0,"bicycle":1,"fatal_count":0,"susp_serious_inj_count":0,"ped_death_count":0,"ped_susp_serious_inj_count":0,"bicycle_death_count":0,"bicycle_susp_serious_inj_count":0}},{"type":"Feature","id":6165,"geometry":{"type":"Point","coordinates":[-75.1557257690504,39.9710460690921]},"properties":{"objectid":6165,"crn":2020081933,"crash_year":2020,"pedestrian":1,"bicycle":0,"fatal_count":0,"susp_serious_inj_count":0,"ped_death_count":0,"ped_susp_serious_inj_count":0,"bicycle_death_count":0,"bicycle_susp_serious_inj_count":0}},{"type":"Feature","id":6203,"geometry":{"type":"Point","coordinates":[-75.1560257725501,40.0098760772975]},"properties":{"objectid":6203,"crn":2020080962,"crash_year":2020,"pedestrian":1,"bicycle":0,"fatal_count":0,"susp_serious_inj_count":0,"ped_death_count":0,"ped_susp_serious_inj_count":0,"bicycle_death_count":0,"bicycle_susp_serious_inj_count":0}},{"type":"Feature","id":6287,"geometry":{"type":"Point","coordinates":[-75.1485947700171,40.021414079448]},"properties":{"objectid":6287,"crn":2020094444,"crash_year":2020,"pedestrian":1,"bicycle":0,"fatal_count":0,"susp_serious_inj_count":0,"ped_death_count":0,"ped_susp_serious_inj_count":0,"bicycle_death_count":0,"bicycle_susp_serious_inj_count":0}},{"type":"Feature","id":6299,"geometry":{"type":"Point","coordinates":[-75.1581827713317,39.9775830702656]},"properties":{"objectid":6299,"crn":2020096604,"crash_year":2020,"pedestrian":1,"bicycle":0,"fatal_count":0,"susp_serious_inj_count":0,"ped_death_count":0,"ped_susp_serious_inj_count":0,"bicycle_death_count":0,"bicycle_susp_serious_inj_count":0}},{"type":"Feature","id":6312,"geometry":{"type":"Point","coordinates":[-75.0830057507787,40.0320650843223]},"properties":{"objectid":6312,"crn":2020102062,"crash_year":2020,"pedestrian":1,"bicycle":0,"fatal_count":0,"susp_serious_inj_count":1,"ped_death_count":0,"ped_susp_serious_inj_count":1,"bicycle_death_count":0,"bicycle_susp_serious_inj_count":0}},{"type":"Feature","id":6313,"geometry":{"type":"Point","coordinates":[-75.1983707808523,39.9381500613626]},"properties":{"objectid":6313,"crn":2020094440,"crash_year":2020,"pedestrian":0,"bicycle":1,"fatal_count":0,"susp_serious_inj_count":0,"ped_death_count":0,"ped_susp_serious_inj_count":0,"bicycle_death_count":0,"bicycle_susp_serious_inj_count":0}},{"type":"Feature","id":6323,"geometry":{"type":"Point","coordinates":[-75.1560937696065,39.9693100692425]},"properties":{"objectid":6323,"crn":2020107685,"crash_year":2020,"pedestrian":1,"bicycle":0,"fatal_count":0,"susp_serious_inj_count":0,"ped_death_count":0,"ped_susp_serious_inj_count":0,"bicycle_death_count":0,"bicycle_susp_serious_inj_count":0}},{"type":"Feature","id":6349,"geometry":{"type":"Point","coordinates":[-75.199211781483,39.9383490608828]},"properties":{"objectid":6349,"crn":2020104795,"crash_year":2020,"pedestrian":1,"bicycle":0,"fatal_count":0,"susp_serious_inj_count":0,"ped_death_count":0,"ped_susp_serious_inj_count":0,"bicycle_death_count":0,"bicycle_susp_serious_inj_count":0}},{"type":"Feature","id":6402,"geometry":{"type":"Point","coordinates":[-75.1700567718557,39.9307230610425]},"properties":{"objectid":6402,"crn":2020100764,"crash_year":2020,"pedestrian":1,"bicycle":0,"fatal_count":0,"susp_serious_inj_count":0,"ped_death_count":0,"ped_susp_serious_inj_count":0,"bicycle_death_count":0,"bicycle_susp_serious_inj_count":0}},{"type":"Feature","id":6408,"geometry":{"type":"Point","coordinates":[-75.1688157709363,39.9280740599398]},"properties":{"objectid":6408,"crn":2020079318,"crash_year":2020,"pedestrian":1,"bicycle":0,"fatal_count":0,"susp_serious_inj_count":0,"ped_death_count":0,"ped_susp_serious_inj_count":0,"bicycle_death_count":0,"bicycle_susp_serious_inj_count":0}},{"type":"Feature","id":6414,"geometry":{"type":"Point","coordinates":[-75.1229227588052,39.9706850701726]},"properties":{"objectid":6414,"crn":2020094298,"crash_year":2020,"pedestrian":0,"bicycle":1,"fatal_count":0,"susp_serious_inj_count":1,"ped_death_count":0,"ped_susp_serious_inj_count":0,"bicycle_death_count":0,"bicycle_susp_serious_inj_count":1}},{"type":"Feature","id":6506,"geometry":{"type":"Point","coordinates":[-75.1991397823987,39.9512570636009]},"properties":{"objectid":6506,"crn":2020103910,"crash_year":2020,"pedestrian":1,"bicycle":0,"fatal_count":0,"susp_serious_inj_count":0,"ped_death_count":0,"ped_susp_serious_inj_count":0,"bicycle_death_count":0,"bicycle_susp_serious_inj_count":0}},{"type":"Feature","id":6561,"geometry":{"type":"Point","coordinates":[-75.1485947700171,40.021414079448]},"properties":{"objectid":6561,"crn":2020096780,"crash_year":2020,"pedestrian":1,"bicycle":0,"fatal_count":0,"susp_serious_inj_count":0,"ped_death_count":0,"ped_susp_serious_inj_count":0,"bicycle_death_count":0,"bicycle_susp_serious_inj_count":0}},{"type":"Feature","id":6607,"geometry":{"type":"Point","coordinates":[-75.1176797576597,39.9741870710213]},"properties":{"objectid":6607,"crn":2020095609,"crash_year":2020,"pedestrian":1,"bicycle":0,"fatal_count":0,"susp_serious_inj_count":1,"ped_death_count":0,"ped_susp_serious_inj_count":1,"bicycle_death_count":0,"bicycle_susp_serious_inj_count":0}},{"type":"Feature","id":6612,"geometry":{"type":"Point","coordinates":[-75.1670267781191,40.0433440831086]},"properties":{"objectid":6612,"crn":2020077118,"crash_year":2020,"pedestrian":0,"bicycle":1,"fatal_count":0,"susp_serious_inj_count":0,"ped_death_count":0,"ped_susp_serious_inj_count":0,"bicycle_death_count":0,"bicycle_susp_serious_inj_count":0}},{"type":"Feature","id":6618,"geometry":{"type":"Point","coordinates":[-75.1909047791175,39.9391800612453]},"properties":{"objectid":6618,"crn":2020098807,"crash_year":2020,"pedestrian":0,"bicycle":1,"fatal_count":0,"susp_serious_inj_count":0,"ped_death_count":0,"ped_susp_serious_inj_count":0,"bicycle_death_count":0,"bicycle_susp_serious_inj_count":0}},{"type":"Feature","id":6624,"geometry":{"type":"Point","coordinates":[-75.1558657702667,39.9882170726945]},"properties":{"objectid":6624,"crn":2020098007,"crash_year":2020,"pedestrian":1,"bicycle":0,"fatal_count":0,"susp_serious_inj_count":0,"ped_death_count":0,"ped_susp_serious_inj_count":0,"bicycle_death_count":0,"bicycle_susp_serious_inj_count":0}},{"type":"Feature","id":6627,"geometry":{"type":"Point","coordinates":[-75.2297147914237,39.9367720599757]},"properties":{"objectid":6627,"crn":2020079172,"crash_year":2020,"pedestrian":1,"bicycle":0,"fatal_count":0,"susp_serious_inj_count":0,"ped_death_count":0,"ped_susp_serious_inj_count":0,"bicycle_death_count":0,"bicycle_susp_serious_inj_count":0}},{"type":"Feature","id":6661,"geometry":{"type":"Point","coordinates":[-75.2153187874354,39.9572680644325]},"properties":{"objectid":6661,"crn":2020097352,"crash_year":2020,"pedestrian":1,"bicycle":0,"fatal_count":0,"susp_serious_inj_count":0,"ped_death_count":0,"ped_susp_serious_inj_count":0,"bicycle_death_count":0,"bicycle_susp_serious_inj_count":0}},{"type":"Feature","id":6671,"geometry":{"type":"Point","coordinates":[-75.1776567740703,39.9254130596011]},"properties":{"objectid":6671,"crn":2020096980,"crash_year":2020,"pedestrian":1,"bicycle":0,"fatal_count":0,"susp_serious_inj_count":0,"ped_death_count":0,"ped_susp_serious_inj_count":0,"bicycle_death_count":0,"bicycle_susp_serious_inj_count":0}},{"type":"Feature","id":6714,"geometry":{"type":"Point","coordinates":[-75.1270507616603,39.9904460743114]},"properties":{"objectid":6714,"crn":2020094297,"crash_year":2020,"pedestrian":1,"bicycle":0,"fatal_count":0,"susp_serious_inj_count":0,"ped_death_count":0,"ped_susp_serious_inj_count":0,"bicycle_death_count":0,"bicycle_susp_serious_inj_count":0}},{"type":"Feature","id":6720,"geometry":{"type":"Point","coordinates":[-75.1465827656955,39.9612380671629]},"properties":{"objectid":6720,"crn":2020103006,"crash_year":2020,"pedestrian":1,"bicycle":0,"fatal_count":0,"susp_serious_inj_count":0,"ped_death_count":0,"ped_susp_serious_inj_count":0,"bicycle_death_count":0,"bicycle_susp_serious_inj_count":0}},{"type":"Feature","id":6733,"geometry":{"type":"Point","coordinates":[-75.1547157718314,40.0097380766234]},"properties":{"objectid":6733,"crn":2020069029,"crash_year":2020,"pedestrian":0,"bicycle":1,"fatal_count":0,"susp_serious_inj_count":0,"ped_death_count":0,"ped_susp_serious_inj_count":0,"bicycle_death_count":0,"bicycle_susp_serious_inj_count":0}},{"type":"Feature","id":6747,"geometry":{"type":"Point","coordinates":[-75.2276397904456,39.9302960589771]},"properties":{"objectid":6747,"crn":2020073160,"crash_year":2020,"pedestrian":1,"bicycle":0,"fatal_count":0,"susp_serious_inj_count":0,"ped_death_count":0,"ped_susp_serious_inj_count":0,"bicycle_death_count":0,"bicycle_susp_serious_inj_count":0}},{"type":"Feature","id":6751,"geometry":{"type":"Point","coordinates":[-75.2449027981975,39.9718680661901]},"properties":{"objectid":6751,"crn":2020070147,"crash_year":2020,"pedestrian":1,"bicycle":0,"fatal_count":0,"susp_serious_inj_count":1,"ped_death_count":0,"ped_susp_serious_inj_count":1,"bicycle_death_count":0,"bicycle_susp_serious_inj_count":0}},{"type":"Feature","id":6773,"geometry":{"type":"Point","coordinates":[-75.2331767933236,39.9594800645129]},"properties":{"objectid":6773,"crn":2020069025,"crash_year":2020,"pedestrian":1,"bicycle":0,"fatal_count":0,"susp_serious_inj_count":0,"ped_death_count":0,"ped_susp_serious_inj_count":0,"bicycle_death_count":0,"bicycle_susp_serious_inj_count":0}},{"type":"Feature","id":6799,"geometry":{"type":"Point","coordinates":[-75.1576087705543,39.9802320706681]},"properties":{"objectid":6799,"crn":2020078190,"crash_year":2020,"pedestrian":1,"bicycle":0,"fatal_count":0,"susp_serious_inj_count":0,"ped_death_count":0,"ped_susp_serious_inj_count":0,"bicycle_death_count":0,"bicycle_susp_serious_inj_count":0}},{"type":"Feature","id":6801,"geometry":{"type":"Point","coordinates":[-75.1527447701699,40.0018470751584]},"properties":{"objectid":6801,"crn":2020076655,"crash_year":2020,"pedestrian":0,"bicycle":1,"fatal_count":0,"susp_serious_inj_count":0,"ped_death_count":0,"ped_susp_serious_inj_count":0,"bicycle_death_count":0,"bicycle_susp_serious_inj_count":0}},{"type":"Feature","id":6841,"geometry":{"type":"Point","coordinates":[-75.1896787779975,39.9332340601445]},"properties":{"objectid":6841,"crn":2020089569,"crash_year":2020,"pedestrian":1,"bicycle":0,"fatal_count":0,"susp_serious_inj_count":0,"ped_death_count":0,"ped_susp_serious_inj_count":0,"bicycle_death_count":0,"bicycle_susp_serious_inj_count":0}},{"type":"Feature","id":6892,"geometry":{"type":"Point","coordinates":[-75.1481447671952,39.9703820697784]},"properties":{"objectid":6892,"crn":2020099851,"crash_year":2020,"pedestrian":1,"bicycle":0,"fatal_count":0,"susp_serious_inj_count":0,"ped_death_count":0,"ped_susp_serious_inj_count":0,"bicycle_death_count":0,"bicycle_susp_serious_inj_count":0}},{"type":"Feature","id":6906,"geometry":{"type":"Point","coordinates":[-75.1509137708706,40.0102320769237]},"properties":{"objectid":6906,"crn":2020073930,"crash_year":2020,"pedestrian":0,"bicycle":1,"fatal_count":0,"susp_serious_inj_count":0,"ped_death_count":0,"ped_susp_serious_inj_count":0,"bicycle_death_count":0,"bicycle_susp_serious_inj_count":0}},{"type":"Feature","id":6924,"geometry":{"type":"Point","coordinates":[-75.1546787655176,39.9032130557357]},"properties":{"objectid":6924,"crn":2020070134,"crash_year":2020,"pedestrian":1,"bicycle":0,"fatal_count":0,"susp_serious_inj_count":1,"ped_death_count":0,"ped_susp_serious_inj_count":1,"bicycle_death_count":0,"bicycle_susp_serious_inj_count":0}},{"type":"Feature","id":7045,"geometry":{"type":"Point","coordinates":[-75.2343657936632,39.9658940651424]},"properties":{"objectid":7045,"crn":2020099987,"crash_year":2020,"pedestrian":1,"bicycle":0,"fatal_count":0,"susp_serious_inj_count":0,"ped_death_count":0,"ped_susp_serious_inj_count":0,"bicycle_death_count":0,"bicycle_susp_serious_inj_count":0}},{"type":"Feature","id":7085,"geometry":{"type":"Point","coordinates":[-75.2033037842646,39.95728806506]},"properties":{"objectid":7085,"crn":2020098763,"crash_year":2020,"pedestrian":1,"bicycle":0,"fatal_count":0,"susp_serious_inj_count":0,"ped_death_count":0,"ped_susp_serious_inj_count":0,"bicycle_death_count":0,"bicycle_susp_serious_inj_count":0}},{"type":"Feature","id":7091,"geometry":{"type":"Point","coordinates":[-75.1832977758389,39.9236080585631]},"properties":{"objectid":7091,"crn":2020105411,"crash_year":2020,"pedestrian":1,"bicycle":0,"fatal_count":0,"susp_serious_inj_count":0,"ped_death_count":0,"ped_susp_serious_inj_count":0,"bicycle_death_count":0,"bicycle_susp_serious_inj_count":0}},{"type":"Feature","id":7097,"geometry":{"type":"Point","coordinates":[-75.2413917958573,39.9589360638528]},"properties":{"objectid":7097,"crn":2020086198,"crash_year":2020,"pedestrian":1,"bicycle":0,"fatal_count":0,"susp_serious_inj_count":0,"ped_death_count":0,"ped_susp_serious_inj_count":0,"bicycle_death_count":0,"bicycle_susp_serious_inj_count":0}},{"type":"Feature","id":7103,"geometry":{"type":"Point","coordinates":[-75.0833927508717,40.033179084237]},"properties":{"objectid":7103,"crn":2020111644,"crash_year":2020,"pedestrian":1,"bicycle":0,"fatal_count":0,"susp_serious_inj_count":0,"ped_death_count":0,"ped_susp_serious_inj_count":0,"bicycle_death_count":0,"bicycle_susp_serious_inj_count":0}},{"type":"Feature","id":7138,"geometry":{"type":"Point","coordinates":[-75.1841207758927,39.9228390590138]},"properties":{"objectid":7138,"crn":2020086342,"crash_year":2020,"pedestrian":0,"bicycle":1,"fatal_count":0,"susp_serious_inj_count":0,"ped_death_count":0,"ped_susp_serious_inj_count":0,"bicycle_death_count":0,"bicycle_susp_serious_inj_count":0}},{"type":"Feature","id":7156,"geometry":{"type":"Point","coordinates":[-75.2413917958573,39.9589360638528]},"properties":{"objectid":7156,"crn":2020084610,"crash_year":2020,"pedestrian":1,"bicycle":0,"fatal_count":0,"susp_serious_inj_count":0,"ped_death_count":0,"ped_susp_serious_inj_count":0,"bicycle_death_count":0,"bicycle_susp_serious_inj_count":0}},{"type":"Feature","id":7166,"geometry":{"type":"Point","coordinates":[-75.1358457661113,40.0119880777053]},"properties":{"objectid":7166,"crn":2020084805,"crash_year":2020,"pedestrian":0,"bicycle":1,"fatal_count":0,"susp_serious_inj_count":0,"ped_death_count":0,"ped_susp_serious_inj_count":0,"bicycle_death_count":0,"bicycle_susp_serious_inj_count":0}},{"type":"Feature","id":7178,"geometry":{"type":"Point","coordinates":[-75.143269770618,40.0477320852617]},"properties":{"objectid":7178,"crn":2020111188,"crash_year":2020,"pedestrian":1,"bicycle":0,"fatal_count":0,"susp_serious_inj_count":1,"ped_death_count":0,"ped_susp_serious_inj_count":1,"bicycle_death_count":0,"bicycle_susp_serious_inj_count":0}},{"type":"Feature","id":7208,"geometry":{"type":"Point","coordinates":[-75.1970847813919,39.951036064123]},"properties":{"objectid":7208,"crn":2020084052,"crash_year":2020,"pedestrian":0,"bicycle":1,"fatal_count":0,"susp_serious_inj_count":0,"ped_death_count":0,"ped_susp_serious_inj_count":0,"bicycle_death_count":0,"bicycle_susp_serious_inj_count":0}},{"type":"Feature","id":7209,"geometry":{"type":"Point","coordinates":[-75.2339057940029,39.9658390651114]},"properties":{"objectid":7209,"crn":2020107395,"crash_year":2020,"pedestrian":1,"bicycle":0,"fatal_count":0,"susp_serious_inj_count":0,"ped_death_count":0,"ped_susp_serious_inj_count":0,"bicycle_death_count":0,"bicycle_susp_serious_inj_count":0}},{"type":"Feature","id":7210,"geometry":{"type":"Point","coordinates":[-75.2219637901328,39.9642540656448]},"properties":{"objectid":7210,"crn":2020086195,"crash_year":2020,"pedestrian":1,"bicycle":0,"fatal_count":0,"susp_serious_inj_count":0,"ped_death_count":0,"ped_susp_serious_inj_count":0,"bicycle_death_count":0,"bicycle_susp_serious_inj_count":0}},{"type":"Feature","id":7211,"geometry":{"type":"Point","coordinates":[-75.1511347707382,40.0092520770262]},"properties":{"objectid":7211,"crn":2020107160,"crash_year":2020,"pedestrian":1,"bicycle":0,"fatal_count":0,"susp_serious_inj_count":0,"ped_death_count":0,"ped_susp_serious_inj_count":0,"bicycle_death_count":0,"bicycle_susp_serious_inj_count":0}},{"type":"Feature","id":7255,"geometry":{"type":"Point","coordinates":[-75.2306577902051,39.9281720578844]},"properties":{"objectid":7255,"crn":2020105881,"crash_year":2020,"pedestrian":1,"bicycle":0,"fatal_count":0,"susp_serious_inj_count":0,"ped_death_count":0,"ped_susp_serious_inj_count":0,"bicycle_death_count":0,"bicycle_susp_serious_inj_count":0}},{"type":"Feature","id":7270,"geometry":{"type":"Point","coordinates":[-75.235998794183,39.9558400631211]},"properties":{"objectid":7270,"crn":2020108260,"crash_year":2020,"pedestrian":1,"bicycle":0,"fatal_count":0,"susp_serious_inj_count":0,"ped_death_count":0,"ped_susp_serious_inj_count":0,"bicycle_death_count":0,"bicycle_susp_serious_inj_count":0}},{"type":"Feature","id":7272,"geometry":{"type":"Point","coordinates":[-75.1847797750829,39.9186470575057]},"properties":{"objectid":7272,"crn":2020102417,"crash_year":2020,"pedestrian":0,"bicycle":1,"fatal_count":0,"susp_serious_inj_count":0,"ped_death_count":0,"ped_susp_serious_inj_count":0,"bicycle_death_count":0,"bicycle_susp_serious_inj_count":0}},{"type":"Feature","id":7388,"geometry":{"type":"Point","coordinates":[-75.0441977383774,40.0387130865574]},"properties":{"objectid":7388,"crn":2020102216,"crash_year":2020,"pedestrian":1,"bicycle":0,"fatal_count":0,"susp_serious_inj_count":0,"ped_death_count":0,"ped_susp_serious_inj_count":0,"bicycle_death_count":0,"bicycle_susp_serious_inj_count":0}},{"type":"Feature","id":7404,"geometry":{"type":"Point","coordinates":[-75.1429457707551,40.0475360844206]},"properties":{"objectid":7404,"crn":2020091349,"crash_year":2020,"pedestrian":0,"bicycle":1,"fatal_count":0,"susp_serious_inj_count":1,"ped_death_count":0,"ped_susp_serious_inj_count":0,"bicycle_death_count":0,"bicycle_susp_serious_inj_count":1}},{"type":"Feature","id":7409,"geometry":{"type":"Point","coordinates":[-75.1697397712006,39.9243930590189]},"properties":{"objectid":7409,"crn":2020113598,"crash_year":2020,"pedestrian":1,"bicycle":0,"fatal_count":0,"susp_serious_inj_count":0,"ped_death_count":0,"ped_susp_serious_inj_count":0,"bicycle_death_count":0,"bicycle_susp_serious_inj_count":0}},{"type":"Feature","id":7411,"geometry":{"type":"Point","coordinates":[-75.2249367907731,39.9596690644995]},"properties":{"objectid":7411,"crn":2020113601,"crash_year":2020,"pedestrian":1,"bicycle":0,"fatal_count":0,"susp_serious_inj_count":0,"ped_death_count":0,"ped_susp_serious_inj_count":0,"bicycle_death_count":0,"bicycle_susp_serious_inj_count":0}},{"type":"Feature","id":7433,"geometry":{"type":"Point","coordinates":[-75.1713677733986,39.9543950649996]},"properties":{"objectid":7433,"crn":2020097580,"crash_year":2020,"pedestrian":1,"bicycle":0,"fatal_count":0,"susp_serious_inj_count":0,"ped_death_count":0,"ped_susp_serious_inj_count":0,"bicycle_death_count":0,"bicycle_susp_serious_inj_count":0}},{"type":"Feature","id":7481,"geometry":{"type":"Point","coordinates":[-75.2252307905844,39.9585010638062]},"properties":{"objectid":7481,"crn":2020101468,"crash_year":2020,"pedestrian":1,"bicycle":0,"fatal_count":0,"susp_serious_inj_count":0,"ped_death_count":0,"ped_susp_serious_inj_count":0,"bicycle_death_count":0,"bicycle_susp_serious_inj_count":0}},{"type":"Feature","id":7534,"geometry":{"type":"Point","coordinates":[-75.247071797961,39.9611930636498]},"properties":{"objectid":7534,"crn":2020103520,"crash_year":2020,"pedestrian":1,"bicycle":0,"fatal_count":0,"susp_serious_inj_count":1,"ped_death_count":0,"ped_susp_serious_inj_count":1,"bicycle_death_count":0,"bicycle_susp_serious_inj_count":0}},{"type":"Feature","id":7555,"geometry":{"type":"Point","coordinates":[-75.1525777706393,40.0031930755918]},"properties":{"objectid":7555,"crn":2020106975,"crash_year":2020,"pedestrian":1,"bicycle":0,"fatal_count":0,"susp_serious_inj_count":0,"ped_death_count":0,"ped_susp_serious_inj_count":0,"bicycle_death_count":0,"bicycle_susp_serious_inj_count":0}},{"type":"Feature","id":7556,"geometry":{"type":"Point","coordinates":[-75.2285517969714,40.0438860812096]},"properties":{"objectid":7556,"crn":2020110361,"crash_year":2020,"pedestrian":1,"bicycle":0,"fatal_count":0,"susp_serious_inj_count":0,"ped_death_count":0,"ped_susp_serious_inj_count":0,"bicycle_death_count":0,"bicycle_susp_serious_inj_count":0}},{"type":"Feature","id":7563,"geometry":{"type":"Point","coordinates":[-75.1531467704602,39.9999980750392]},"properties":{"objectid":7563,"crn":2020112984,"crash_year":2020,"pedestrian":1,"bicycle":0,"fatal_count":0,"susp_serious_inj_count":0,"ped_death_count":0,"ped_susp_serious_inj_count":0,"bicycle_death_count":0,"bicycle_susp_serious_inj_count":0}},{"type":"Feature","id":7566,"geometry":{"type":"Point","coordinates":[-75.1296007626082,39.9875520730808]},"properties":{"objectid":7566,"crn":2020083140,"crash_year":2020,"pedestrian":1,"bicycle":0,"fatal_count":0,"susp_serious_inj_count":0,"ped_death_count":0,"ped_susp_serious_inj_count":0,"bicycle_death_count":0,"bicycle_susp_serious_inj_count":0}},{"type":"Feature","id":7579,"geometry":{"type":"Point","coordinates":[-75.152127770848,40.0046880762729]},"properties":{"objectid":7579,"crn":2020110829,"crash_year":2020,"pedestrian":1,"bicycle":0,"fatal_count":0,"susp_serious_inj_count":0,"ped_death_count":0,"ped_susp_serious_inj_count":0,"bicycle_death_count":0,"bicycle_susp_serious_inj_count":0}},{"type":"Feature","id":7603,"geometry":{"type":"Point","coordinates":[-75.0556847407897,40.0195140826534]},"properties":{"objectid":7603,"crn":2020109079,"crash_year":2020,"pedestrian":1,"bicycle":0,"fatal_count":0,"susp_serious_inj_count":0,"ped_death_count":0,"ped_susp_serious_inj_count":0,"bicycle_death_count":0,"bicycle_susp_serious_inj_count":0}},{"type":"Feature","id":7621,"geometry":{"type":"Point","coordinates":[-75.152127770848,40.0046880762729]},"properties":{"objectid":7621,"crn":2020090850,"crash_year":2020,"pedestrian":1,"bicycle":0,"fatal_count":0,"susp_serious_inj_count":0,"ped_death_count":0,"ped_susp_serious_inj_count":0,"bicycle_death_count":0,"bicycle_susp_serious_inj_count":0}},{"type":"Feature","id":7646,"geometry":{"type":"Point","coordinates":[-75.1914617803937,39.9558650652555]},"properties":{"objectid":7646,"crn":2020087698,"crash_year":2020,"pedestrian":0,"bicycle":1,"fatal_count":0,"susp_serious_inj_count":0,"ped_death_count":0,"ped_susp_serious_inj_count":0,"bicycle_death_count":0,"bicycle_susp_serious_inj_count":0}},{"type":"Feature","id":7655,"geometry":{"type":"Point","coordinates":[-75.1504597666516,39.9581400672549]},"properties":{"objectid":7655,"crn":2020110363,"crash_year":2020,"pedestrian":1,"bicycle":0,"fatal_count":0,"susp_serious_inj_count":0,"ped_death_count":0,"ped_susp_serious_inj_count":0,"bicycle_death_count":0,"bicycle_susp_serious_inj_count":0}},{"type":"Feature","id":7667,"geometry":{"type":"Point","coordinates":[-75.1528497707839,40.0015990756998]},"properties":{"objectid":7667,"crn":2020107401,"crash_year":2020,"pedestrian":1,"bicycle":0,"fatal_count":0,"susp_serious_inj_count":0,"ped_death_count":0,"ped_susp_serious_inj_count":0,"bicycle_death_count":0,"bicycle_susp_serious_inj_count":0}},{"type":"Feature","id":7668,"geometry":{"type":"Point","coordinates":[-75.1401047674005,40.020406079832]},"properties":{"objectid":7668,"crn":2020089882,"crash_year":2020,"pedestrian":0,"bicycle":1,"fatal_count":0,"susp_serious_inj_count":0,"ped_death_count":0,"ped_susp_serious_inj_count":0,"bicycle_death_count":0,"bicycle_susp_serious_inj_count":0}},{"type":"Feature","id":7679,"geometry":{"type":"Point","coordinates":[-75.2331767933236,39.9594800645129]},"properties":{"objectid":7679,"crn":2020099872,"crash_year":2020,"pedestrian":1,"bicycle":0,"fatal_count":0,"susp_serious_inj_count":0,"ped_death_count":0,"ped_susp_serious_inj_count":0,"bicycle_death_count":0,"bicycle_susp_serious_inj_count":0}},{"type":"Feature","id":7800,"geometry":{"type":"Point","coordinates":[-75.1644317712731,39.9482080647791]},"properties":{"objectid":7800,"crn":2020088989,"crash_year":2020,"pedestrian":1,"bicycle":0,"fatal_count":0,"susp_serious_inj_count":0,"ped_death_count":0,"ped_susp_serious_inj_count":0,"bicycle_death_count":0,"bicycle_susp_serious_inj_count":0}},{"type":"Feature","id":7813,"geometry":{"type":"Point","coordinates":[-75.1692197727089,39.9568510661683]},"properties":{"objectid":7813,"crn":2020087336,"crash_year":2020,"pedestrian":1,"bicycle":0,"fatal_count":0,"susp_serious_inj_count":0,"ped_death_count":0,"ped_susp_serious_inj_count":0,"bicycle_death_count":0,"bicycle_susp_serious_inj_count":0}},{"type":"Feature","id":7818,"geometry":{"type":"Point","coordinates":[-75.1520907707422,40.0093740766707]},"properties":{"objectid":7818,"crn":2020088915,"crash_year":2020,"pedestrian":1,"bicycle":0,"fatal_count":0,"susp_serious_inj_count":0,"ped_death_count":0,"ped_susp_serious_inj_count":0,"bicycle_death_count":0,"bicycle_susp_serious_inj_count":0}},{"type":"Feature","id":7882,"geometry":{"type":"Point","coordinates":[-75.1444577667757,39.9816180719198]},"properties":{"objectid":7882,"crn":2020086809,"crash_year":2020,"pedestrian":0,"bicycle":1,"fatal_count":0,"susp_serious_inj_count":0,"ped_death_count":0,"ped_susp_serious_inj_count":0,"bicycle_death_count":0,"bicycle_susp_serious_inj_count":0}},{"type":"Feature","id":7916,"geometry":{"type":"Point","coordinates":[-75.1745857725036,39.9173010581921]},"properties":{"objectid":7916,"crn":2020078861,"crash_year":2020,"pedestrian":0,"bicycle":1,"fatal_count":0,"susp_serious_inj_count":0,"ped_death_count":0,"ped_susp_serious_inj_count":0,"bicycle_death_count":0,"bicycle_susp_serious_inj_count":0}},{"type":"Feature","id":7941,"geometry":{"type":"Point","coordinates":[-75.1874187797257,39.96337106698]},"properties":{"objectid":7941,"crn":2020076802,"crash_year":2020,"pedestrian":1,"bicycle":0,"fatal_count":0,"susp_serious_inj_count":0,"ped_death_count":0,"ped_susp_serious_inj_count":0,"bicycle_death_count":0,"bicycle_susp_serious_inj_count":0}},{"type":"Feature","id":7957,"geometry":{"type":"Point","coordinates":[-75.1580977705689,39.9772630705428]},"properties":{"objectid":7957,"crn":2020065772,"crash_year":2020,"pedestrian":1,"bicycle":0,"fatal_count":0,"susp_serious_inj_count":0,"ped_death_count":0,"ped_susp_serious_inj_count":0,"bicycle_death_count":0,"bicycle_susp_serious_inj_count":0}},{"type":"Feature","id":8023,"geometry":{"type":"Point","coordinates":[-75.1746787747019,39.9631160668917]},"properties":{"objectid":8023,"crn":2020070466,"crash_year":2020,"pedestrian":0,"bicycle":1,"fatal_count":0,"susp_serious_inj_count":0,"ped_death_count":0,"ped_susp_serious_inj_count":0,"bicycle_death_count":0,"bicycle_susp_serious_inj_count":0}},{"type":"Feature","id":8059,"geometry":{"type":"Point","coordinates":[-75.1961297857923,40.0242320785239]},"properties":{"objectid":8059,"crn":2020071751,"crash_year":2020,"pedestrian":0,"bicycle":1,"fatal_count":0,"susp_serious_inj_count":0,"ped_death_count":0,"ped_susp_serious_inj_count":0,"bicycle_death_count":0,"bicycle_susp_serious_inj_count":0}},{"type":"Feature","id":8065,"geometry":{"type":"Point","coordinates":[-75.1692247703953,39.9166110578943]},"properties":{"objectid":8065,"crn":2020070135,"crash_year":2020,"pedestrian":0,"bicycle":1,"fatal_count":0,"susp_serious_inj_count":0,"ped_death_count":0,"ped_susp_serious_inj_count":0,"bicycle_death_count":0,"bicycle_susp_serious_inj_count":0}},{"type":"Feature","id":8072,"geometry":{"type":"Point","coordinates":[-75.1652887711044,39.9525990654588]},"properties":{"objectid":8072,"crn":2020066879,"crash_year":2020,"pedestrian":0,"bicycle":1,"fatal_count":0,"susp_serious_inj_count":1,"ped_death_count":0,"ped_susp_serious_inj_count":0,"bicycle_death_count":0,"bicycle_susp_serious_inj_count":1}},{"type":"Feature","id":8081,"geometry":{"type":"Point","coordinates":[-75.1858287793906,39.9718180682352]},"properties":{"objectid":8081,"crn":2020074445,"crash_year":2020,"pedestrian":0,"bicycle":1,"fatal_count":0,"susp_serious_inj_count":0,"ped_death_count":0,"ped_susp_serious_inj_count":0,"bicycle_death_count":0,"bicycle_susp_serious_inj_count":0}},{"type":"Feature","id":8102,"geometry":{"type":"Point","coordinates":[-75.1406597648463,39.9696190691882]},"properties":{"objectid":8102,"crn":2020073263,"crash_year":2020,"pedestrian":1,"bicycle":0,"fatal_count":0,"susp_serious_inj_count":0,"ped_death_count":0,"ped_susp_serious_inj_count":0,"bicycle_death_count":0,"bicycle_susp_serious_inj_count":0}},{"type":"Feature","id":8121,"geometry":{"type":"Point","coordinates":[-75.2016907828266,39.9571250644013]},"properties":{"objectid":8121,"crn":2020080215,"crash_year":2020,"pedestrian":1,"bicycle":0,"fatal_count":0,"susp_serious_inj_count":0,"ped_death_count":0,"ped_susp_serious_inj_count":0,"bicycle_death_count":0,"bicycle_susp_serious_inj_count":0}},{"type":"Feature","id":8151,"geometry":{"type":"Point","coordinates":[-75.1508487709666,40.0108370775526]},"properties":{"objectid":8151,"crn":2020076654,"crash_year":2020,"pedestrian":1,"bicycle":0,"fatal_count":0,"susp_serious_inj_count":0,"ped_death_count":0,"ped_susp_serious_inj_count":0,"bicycle_death_count":0,"bicycle_susp_serious_inj_count":0}},{"type":"Feature","id":8213,"geometry":{"type":"Point","coordinates":[-75.1624677712809,39.9577620659193]},"properties":{"objectid":8213,"crn":2020075061,"crash_year":2020,"pedestrian":0,"bicycle":1,"fatal_count":0,"susp_serious_inj_count":0,"ped_death_count":0,"ped_susp_serious_inj_count":0,"bicycle_death_count":0,"bicycle_susp_serious_inj_count":0}},{"type":"Feature","id":8239,"geometry":{"type":"Point","coordinates":[-75.1479367709146,40.0244260800292]},"properties":{"objectid":8239,"crn":2020073991,"crash_year":2020,"pedestrian":1,"bicycle":0,"fatal_count":0,"susp_serious_inj_count":0,"ped_death_count":0,"ped_susp_serious_inj_count":0,"bicycle_death_count":0,"bicycle_susp_serious_inj_count":0}},{"type":"Feature","id":8279,"geometry":{"type":"Point","coordinates":[-75.1746787747019,39.9631160668917]},"properties":{"objectid":8279,"crn":2020071204,"crash_year":2020,"pedestrian":0,"bicycle":1,"fatal_count":0,"susp_serious_inj_count":0,"ped_death_count":0,"ped_susp_serious_inj_count":0,"bicycle_death_count":0,"bicycle_susp_serious_inj_count":0}},{"type":"Feature","id":8288,"geometry":{"type":"Point","coordinates":[-75.2013077836832,39.957042064858]},"properties":{"objectid":8288,"crn":2020064129,"crash_year":2020,"pedestrian":0,"bicycle":1,"fatal_count":0,"susp_serious_inj_count":0,"ped_death_count":0,"ped_susp_serious_inj_count":0,"bicycle_death_count":0,"bicycle_susp_serious_inj_count":0}},{"type":"Feature","id":8291,"geometry":{"type":"Point","coordinates":[-75.1341407617699,39.9645490689888]},"properties":{"objectid":8291,"crn":2020075485,"crash_year":2020,"pedestrian":1,"bicycle":0,"fatal_count":0,"susp_serious_inj_count":1,"ped_death_count":0,"ped_susp_serious_inj_count":1,"bicycle_death_count":0,"bicycle_susp_serious_inj_count":0}},{"type":"Feature","id":8304,"geometry":{"type":"Point","coordinates":[-75.1328987639685,39.9912010743944]},"properties":{"objectid":8304,"crn":2020072582,"crash_year":2020,"pedestrian":1,"bicycle":0,"fatal_count":0,"susp_serious_inj_count":1,"ped_death_count":0,"ped_susp_serious_inj_count":1,"bicycle_death_count":0,"bicycle_susp_serious_inj_count":0}},{"type":"Feature","id":8306,"geometry":{"type":"Point","coordinates":[-75.1944187810749,39.9507300638113]},"properties":{"objectid":8306,"crn":2020065002,"crash_year":2020,"pedestrian":0,"bicycle":1,"fatal_count":0,"susp_serious_inj_count":0,"ped_death_count":0,"ped_susp_serious_inj_count":0,"bicycle_death_count":0,"bicycle_susp_serious_inj_count":0}},{"type":"Feature","id":8353,"geometry":{"type":"Point","coordinates":[-75.0533157401429,40.0207380828944]},"properties":{"objectid":8353,"crn":2020112395,"crash_year":2020,"pedestrian":1,"bicycle":0,"fatal_count":0,"susp_serious_inj_count":0,"ped_death_count":0,"ped_susp_serious_inj_count":0,"bicycle_death_count":0,"bicycle_susp_serious_inj_count":0}},{"type":"Feature","id":8366,"geometry":{"type":"Point","coordinates":[-75.226775793046,39.9772290678284]},"properties":{"objectid":8366,"crn":2020070242,"crash_year":2020,"pedestrian":0,"bicycle":1,"fatal_count":0,"susp_serious_inj_count":0,"ped_death_count":0,"ped_susp_serious_inj_count":0,"bicycle_death_count":0,"bicycle_susp_serious_inj_count":0}},{"type":"Feature","id":8380,"geometry":{"type":"Point","coordinates":[-75.1894817788663,39.9556160652515]},"properties":{"objectid":8380,"crn":2020065853,"crash_year":2020,"pedestrian":1,"bicycle":0,"fatal_count":0,"susp_serious_inj_count":1,"ped_death_count":0,"ped_susp_serious_inj_count":1,"bicycle_death_count":0,"bicycle_susp_serious_inj_count":0}},{"type":"Feature","id":8382,"geometry":{"type":"Point","coordinates":[-75.1642547687109,39.9159700582788]},"properties":{"objectid":8382,"crn":2020065119,"crash_year":2020,"pedestrian":0,"bicycle":1,"fatal_count":0,"susp_serious_inj_count":0,"ped_death_count":0,"ped_susp_serious_inj_count":0,"bicycle_death_count":0,"bicycle_susp_serious_inj_count":0}},{"type":"Feature","id":8400,"geometry":{"type":"Point","coordinates":[-75.1467277727943,40.0672740883341]},"properties":{"objectid":8400,"crn":2020063957,"crash_year":2020,"pedestrian":0,"bicycle":1,"fatal_count":0,"susp_serious_inj_count":0,"ped_death_count":0,"ped_susp_serious_inj_count":0,"bicycle_death_count":0,"bicycle_susp_serious_inj_count":0}},{"type":"Feature","id":8410,"geometry":{"type":"Point","coordinates":[-75.2449027981975,39.9718680661901]},"properties":{"objectid":8410,"crn":2020064531,"crash_year":2020,"pedestrian":1,"bicycle":0,"fatal_count":0,"susp_serious_inj_count":0,"ped_death_count":0,"ped_susp_serious_inj_count":0,"bicycle_death_count":0,"bicycle_susp_serious_inj_count":0}},{"type":"Feature","id":8464,"geometry":{"type":"Point","coordinates":[-75.1773567791727,40.0219120787724]},"properties":{"objectid":8464,"crn":2020070948,"crash_year":2020,"pedestrian":0,"bicycle":1,"fatal_count":0,"susp_serious_inj_count":0,"ped_death_count":0,"ped_susp_serious_inj_count":0,"bicycle_death_count":0,"bicycle_susp_serious_inj_count":0}},{"type":"Feature","id":8504,"geometry":{"type":"Point","coordinates":[-75.22458978918,39.9324380586653]},"properties":{"objectid":8504,"crn":2020065838,"crash_year":2020,"pedestrian":1,"bicycle":0,"fatal_count":0,"susp_serious_inj_count":0,"ped_death_count":0,"ped_susp_serious_inj_count":0,"bicycle_death_count":0,"bicycle_susp_serious_inj_count":0}},{"type":"Feature","id":8602,"geometry":{"type":"Point","coordinates":[-75.2189907873492,39.9363910603263]},"properties":{"objectid":8602,"crn":2020073249,"crash_year":2020,"pedestrian":1,"bicycle":0,"fatal_count":0,"susp_serious_inj_count":0,"ped_death_count":0,"ped_susp_serious_inj_count":0,"bicycle_death_count":0,"bicycle_susp_serious_inj_count":0}},{"type":"Feature","id":8609,"geometry":{"type":"Point","coordinates":[-75.1659527710924,39.9418290629711]},"properties":{"objectid":8609,"crn":2021006195,"crash_year":2020,"pedestrian":1,"bicycle":0,"fatal_count":0,"susp_serious_inj_count":0,"ped_death_count":0,"ped_susp_serious_inj_count":0,"bicycle_death_count":0,"bicycle_susp_serious_inj_count":0}},{"type":"Feature","id":8695,"geometry":{"type":"Point","coordinates":[-75.205470784112,39.9544890641127]},"properties":{"objectid":8695,"crn":2021008746,"crash_year":2020,"pedestrian":1,"bicycle":0,"fatal_count":1,"susp_serious_inj_count":0,"ped_death_count":1,"ped_susp_serious_inj_count":0,"bicycle_death_count":0,"bicycle_susp_serious_inj_count":0}},{"type":"Feature","id":8704,"geometry":{"type":"Point","coordinates":[-75.1544637708282,39.9939390736266]},"properties":{"objectid":8704,"crn":2021003671,"crash_year":2020,"pedestrian":1,"bicycle":0,"fatal_count":0,"susp_serious_inj_count":1,"ped_death_count":0,"ped_susp_serious_inj_count":1,"bicycle_death_count":0,"bicycle_susp_serious_inj_count":0}},{"type":"Feature","id":8730,"geometry":{"type":"Point","coordinates":[-75.12930776314,39.9983220753208]},"properties":{"objectid":8730,"crn":2021024847,"crash_year":2020,"pedestrian":1,"bicycle":0,"fatal_count":0,"susp_serious_inj_count":0,"ped_death_count":0,"ped_susp_serious_inj_count":0,"bicycle_death_count":0,"bicycle_susp_serious_inj_count":0}},{"type":"Feature","id":8764,"geometry":{"type":"Point","coordinates":[-75.2320307980162,40.0453360808891]},"properties":{"objectid":8764,"crn":2022039033,"crash_year":2020,"pedestrian":1,"bicycle":0,"fatal_count":0,"susp_serious_inj_count":0,"ped_death_count":0,"ped_susp_serious_inj_count":0,"bicycle_death_count":0,"bicycle_susp_serious_inj_count":0}},{"type":"Feature","id":8871,"geometry":{"type":"Point","coordinates":[-75.1713257707472,39.9168370574312]},"properties":{"objectid":8871,"crn":2021021752,"crash_year":2021,"pedestrian":1,"bicycle":0,"fatal_count":0,"susp_serious_inj_count":0,"ped_death_count":0,"ped_susp_serious_inj_count":0,"bicycle_death_count":0,"bicycle_susp_serious_inj_count":0}},{"type":"Feature","id":8939,"geometry":{"type":"Point","coordinates":[-75.1777097760441,39.9644020673113]},"properties":{"objectid":8939,"crn":2021037154,"crash_year":2021,"pedestrian":0,"bicycle":1,"fatal_count":1,"susp_serious_inj_count":0,"ped_death_count":0,"ped_susp_serious_inj_count":0,"bicycle_death_count":1,"bicycle_susp_serious_inj_count":0}},{"type":"Feature","id":8953,"geometry":{"type":"Point","coordinates":[-75.2331737932323,39.9594790643665]},"properties":{"objectid":8953,"crn":2021013460,"crash_year":2021,"pedestrian":1,"bicycle":0,"fatal_count":0,"susp_serious_inj_count":0,"ped_death_count":0,"ped_susp_serious_inj_count":0,"bicycle_death_count":0,"bicycle_susp_serious_inj_count":0}},{"type":"Feature","id":8954,"geometry":{"type":"Point","coordinates":[-75.1060747547038,39.9886620746721]},"properties":{"objectid":8954,"crn":2021012478,"crash_year":2021,"pedestrian":1,"bicycle":0,"fatal_count":1,"susp_serious_inj_count":0,"ped_death_count":1,"ped_susp_serious_inj_count":0,"bicycle_death_count":0,"bicycle_susp_serious_inj_count":0}},{"type":"Feature","id":8970,"geometry":{"type":"Point","coordinates":[-75.1602157705954,39.9578040667796]},"properties":{"objectid":8970,"crn":2021011513,"crash_year":2021,"pedestrian":1,"bicycle":0,"fatal_count":0,"susp_serious_inj_count":0,"ped_death_count":0,"ped_susp_serious_inj_count":0,"bicycle_death_count":0,"bicycle_susp_serious_inj_count":0}},{"type":"Feature","id":8971,"geometry":{"type":"Point","coordinates":[-75.2438877967317,39.9623890644292]},"properties":{"objectid":8971,"crn":2021015834,"crash_year":2021,"pedestrian":1,"bicycle":0,"fatal_count":0,"susp_serious_inj_count":0,"ped_death_count":0,"ped_susp_serious_inj_count":0,"bicycle_death_count":0,"bicycle_susp_serious_inj_count":0}},{"type":"Feature","id":9183,"geometry":{"type":"Point","coordinates":[-75.1063277545288,39.9885320744316]},"properties":{"objectid":9183,"crn":2021016357,"crash_year":2021,"pedestrian":1,"bicycle":0,"fatal_count":0,"susp_serious_inj_count":0,"ped_death_count":0,"ped_susp_serious_inj_count":0,"bicycle_death_count":0,"bicycle_susp_serious_inj_count":0}},{"type":"Feature","id":9250,"geometry":{"type":"Point","coordinates":[-75.2064307852006,39.9546020638289]},"properties":{"objectid":9250,"crn":2021004227,"crash_year":2021,"pedestrian":1,"bicycle":0,"fatal_count":0,"susp_serious_inj_count":0,"ped_death_count":0,"ped_susp_serious_inj_count":0,"bicycle_death_count":0,"bicycle_susp_serious_inj_count":0}},{"type":"Feature","id":9252,"geometry":{"type":"Point","coordinates":[-75.1511347707382,40.0092520770262]},"properties":{"objectid":9252,"crn":2021025521,"crash_year":2021,"pedestrian":0,"bicycle":1,"fatal_count":0,"susp_serious_inj_count":0,"ped_death_count":0,"ped_susp_serious_inj_count":0,"bicycle_death_count":0,"bicycle_susp_serious_inj_count":0}},{"type":"Feature","id":9264,"geometry":{"type":"Point","coordinates":[-75.1174027591773,39.9969750759356]},"properties":{"objectid":9264,"crn":2021006045,"crash_year":2021,"pedestrian":1,"bicycle":0,"fatal_count":0,"susp_serious_inj_count":0,"ped_death_count":0,"ped_susp_serious_inj_count":0,"bicycle_death_count":0,"bicycle_susp_serious_inj_count":0}},{"type":"Feature","id":9336,"geometry":{"type":"Point","coordinates":[-75.1651957708082,39.9448110634908]},"properties":{"objectid":9336,"crn":2021001066,"crash_year":2021,"pedestrian":0,"bicycle":1,"fatal_count":0,"susp_serious_inj_count":0,"ped_death_count":0,"ped_susp_serious_inj_count":0,"bicycle_death_count":0,"bicycle_susp_serious_inj_count":0}},{"type":"Feature","id":9379,"geometry":{"type":"Point","coordinates":[-75.015784731043,40.0688140937804]},"properties":{"objectid":9379,"crn":2021037232,"crash_year":2021,"pedestrian":1,"bicycle":0,"fatal_count":0,"susp_serious_inj_count":0,"ped_death_count":0,"ped_susp_serious_inj_count":0,"bicycle_death_count":0,"bicycle_susp_serious_inj_count":0}},{"type":"Feature","id":9389,"geometry":{"type":"Point","coordinates":[-75.1562817710057,39.9862980726789]},"properties":{"objectid":9389,"crn":2021008760,"crash_year":2021,"pedestrian":1,"bicycle":0,"fatal_count":0,"susp_serious_inj_count":0,"ped_death_count":0,"ped_susp_serious_inj_count":0,"bicycle_death_count":0,"bicycle_susp_serious_inj_count":0}},{"type":"Feature","id":9391,"geometry":{"type":"Point","coordinates":[-75.0970287538275,40.0179950810167]},"properties":{"objectid":9391,"crn":2021026595,"crash_year":2021,"pedestrian":1,"bicycle":0,"fatal_count":0,"susp_serious_inj_count":0,"ped_death_count":0,"ped_susp_serious_inj_count":0,"bicycle_death_count":0,"bicycle_susp_serious_inj_count":0}},{"type":"Feature","id":9433,"geometry":{"type":"Point","coordinates":[-75.2200487891815,39.9638460650645]},"properties":{"objectid":9433,"crn":2021008849,"crash_year":2021,"pedestrian":1,"bicycle":0,"fatal_count":0,"susp_serious_inj_count":0,"ped_death_count":0,"ped_susp_serious_inj_count":0,"bicycle_death_count":0,"bicycle_susp_serious_inj_count":0}},{"type":"Feature","id":9518,"geometry":{"type":"Point","coordinates":[-75.2300807935784,39.978768067717]},"properties":{"objectid":9518,"crn":2021020010,"crash_year":2021,"pedestrian":1,"bicycle":0,"fatal_count":0,"susp_serious_inj_count":0,"ped_death_count":0,"ped_susp_serious_inj_count":0,"bicycle_death_count":0,"bicycle_susp_serious_inj_count":0}},{"type":"Feature","id":9543,"geometry":{"type":"Point","coordinates":[-75.1916597784871,39.9391790611347]},"properties":{"objectid":9543,"crn":2021010073,"crash_year":2021,"pedestrian":0,"bicycle":1,"fatal_count":0,"susp_serious_inj_count":0,"ped_death_count":0,"ped_susp_serious_inj_count":0,"bicycle_death_count":0,"bicycle_susp_serious_inj_count":0}},{"type":"Feature","id":9561,"geometry":{"type":"Point","coordinates":[-75.1085087581,40.0354790835785]},"properties":{"objectid":9561,"crn":2021035497,"crash_year":2021,"pedestrian":1,"bicycle":0,"fatal_count":0,"susp_serious_inj_count":0,"ped_death_count":0,"ped_susp_serious_inj_count":0,"bicycle_death_count":0,"bicycle_susp_serious_inj_count":0}},{"type":"Feature","id":9596,"geometry":{"type":"Point","coordinates":[-75.1575727712766,39.9803940713546]},"properties":{"objectid":9596,"crn":2021012448,"crash_year":2021,"pedestrian":1,"bicycle":0,"fatal_count":0,"susp_serious_inj_count":0,"ped_death_count":0,"ped_susp_serious_inj_count":0,"bicycle_death_count":0,"bicycle_susp_serious_inj_count":0}},{"type":"Feature","id":9654,"geometry":{"type":"Point","coordinates":[-75.1610847714696,39.9792860708717]},"properties":{"objectid":9654,"crn":2021002756,"crash_year":2021,"pedestrian":1,"bicycle":0,"fatal_count":0,"susp_serious_inj_count":0,"ped_death_count":0,"ped_susp_serious_inj_count":0,"bicycle_death_count":0,"bicycle_susp_serious_inj_count":0}},{"type":"Feature","id":9761,"geometry":{"type":"Point","coordinates":[-75.1136927606998,40.048294085824]},"properties":{"objectid":9761,"crn":2021040788,"crash_year":2021,"pedestrian":1,"bicycle":0,"fatal_count":0,"susp_serious_inj_count":1,"ped_death_count":0,"ped_susp_serious_inj_count":1,"bicycle_death_count":0,"bicycle_susp_serious_inj_count":0}},{"type":"Feature","id":9809,"geometry":{"type":"Point","coordinates":[-75.2343237917453,39.9255800572111]},"properties":{"objectid":9809,"crn":2021024818,"crash_year":2021,"pedestrian":1,"bicycle":0,"fatal_count":0,"susp_serious_inj_count":1,"ped_death_count":0,"ped_susp_serious_inj_count":1,"bicycle_death_count":0,"bicycle_susp_serious_inj_count":0}},{"type":"Feature","id":9851,"geometry":{"type":"Point","coordinates":[-75.226043789336,39.9314140588495]},"properties":{"objectid":9851,"crn":2021008753,"crash_year":2021,"pedestrian":1,"bicycle":0,"fatal_count":0,"susp_serious_inj_count":0,"ped_death_count":0,"ped_susp_serious_inj_count":0,"bicycle_death_count":0,"bicycle_susp_serious_inj_count":0}},{"type":"Feature","id":9858,"geometry":{"type":"Point","coordinates":[-75.1643197711424,39.9493590646131]},"properties":{"objectid":9858,"crn":2021009547,"crash_year":2021,"pedestrian":1,"bicycle":0,"fatal_count":0,"susp_serious_inj_count":0,"ped_death_count":0,"ped_susp_serious_inj_count":0,"bicycle_death_count":0,"bicycle_susp_serious_inj_count":0}},{"type":"Feature","id":9870,"geometry":{"type":"Point","coordinates":[-75.1544637708282,39.9939390736266]},"properties":{"objectid":9870,"crn":2021025277,"crash_year":2021,"pedestrian":1,"bicycle":0,"fatal_count":1,"susp_serious_inj_count":0,"ped_death_count":1,"ped_susp_serious_inj_count":0,"bicycle_death_count":0,"bicycle_susp_serious_inj_count":0}},{"type":"Feature","id":9877,"geometry":{"type":"Point","coordinates":[-75.22518179112,39.9584950642212]},"properties":{"objectid":9877,"crn":2021006910,"crash_year":2021,"pedestrian":1,"bicycle":0,"fatal_count":0,"susp_serious_inj_count":0,"ped_death_count":0,"ped_susp_serious_inj_count":0,"bicycle_death_count":0,"bicycle_susp_serious_inj_count":0}},{"type":"Feature","id":9905,"geometry":{"type":"Point","coordinates":[-75.2170147879304,39.9589690644948]},"properties":{"objectid":9905,"crn":2021006503,"crash_year":2021,"pedestrian":1,"bicycle":0,"fatal_count":0,"susp_serious_inj_count":0,"ped_death_count":0,"ped_susp_serious_inj_count":0,"bicycle_death_count":0,"bicycle_susp_serious_inj_count":0}},{"type":"Feature","id":9929,"geometry":{"type":"Point","coordinates":[-75.0217257303158,40.0312300859337]},"properties":{"objectid":9929,"crn":2021027726,"crash_year":2021,"pedestrian":1,"bicycle":0,"fatal_count":0,"susp_serious_inj_count":1,"ped_death_count":0,"ped_susp_serious_inj_count":1,"bicycle_death_count":0,"bicycle_susp_serious_inj_count":0}},{"type":"Feature","id":9935,"geometry":{"type":"Point","coordinates":[-75.2402927923601,39.9040690525471]},"properties":{"objectid":9935,"crn":2021005993,"crash_year":2021,"pedestrian":0,"bicycle":1,"fatal_count":0,"susp_serious_inj_count":0,"ped_death_count":0,"ped_susp_serious_inj_count":0,"bicycle_death_count":0,"bicycle_susp_serious_inj_count":0}},{"type":"Feature","id":9975,"geometry":{"type":"Point","coordinates":[-75.22518179112,39.9584950642212]},"properties":{"objectid":9975,"crn":2021025270,"crash_year":2021,"pedestrian":1,"bicycle":0,"fatal_count":0,"susp_serious_inj_count":0,"ped_death_count":0,"ped_susp_serious_inj_count":0,"bicycle_death_count":0,"bicycle_susp_serious_inj_count":0}},{"type":"Feature","id":9976,"geometry":{"type":"Point","coordinates":[-75.2336847940607,39.976647067566]},"properties":{"objectid":9976,"crn":2021024913,"crash_year":2021,"pedestrian":1,"bicycle":0,"fatal_count":0,"susp_serious_inj_count":0,"ped_death_count":0,"ped_susp_serious_inj_count":0,"bicycle_death_count":0,"bicycle_susp_serious_inj_count":0}},{"type":"Feature","id":9985,"geometry":{"type":"Point","coordinates":[-75.2258697903331,39.955215063149]},"properties":{"objectid":9985,"crn":2021000788,"crash_year":2021,"pedestrian":1,"bicycle":0,"fatal_count":0,"susp_serious_inj_count":0,"ped_death_count":0,"ped_susp_serious_inj_count":0,"bicycle_death_count":0,"bicycle_susp_serious_inj_count":0}},{"type":"Feature","id":9996,"geometry":{"type":"Point","coordinates":[-75.1529267706518,40.0016090755287]},"properties":{"objectid":9996,"crn":2021024043,"crash_year":2021,"pedestrian":1,"bicycle":0,"fatal_count":0,"susp_serious_inj_count":0,"ped_death_count":0,"ped_susp_serious_inj_count":0,"bicycle_death_count":0,"bicycle_susp_serious_inj_count":0}},{"type":"Feature","id":10018,"geometry":{"type":"Point","coordinates":[-75.1964067846942,40.0089870748571]},"properties":{"objectid":10018,"crn":2021026207,"crash_year":2021,"pedestrian":1,"bicycle":0,"fatal_count":0,"susp_serious_inj_count":0,"ped_death_count":0,"ped_susp_serious_inj_count":0,"bicycle_death_count":0,"bicycle_susp_serious_inj_count":0}},{"type":"Feature","id":10028,"geometry":{"type":"Point","coordinates":[-75.2122277876288,39.9732450676578]},"properties":{"objectid":10028,"crn":2021027014,"crash_year":2021,"pedestrian":1,"bicycle":0,"fatal_count":0,"susp_serious_inj_count":0,"ped_death_count":0,"ped_susp_serious_inj_count":0,"bicycle_death_count":0,"bicycle_susp_serious_inj_count":0}},{"type":"Feature","id":10037,"geometry":{"type":"Point","coordinates":[-75.2139457912831,40.018536076106]},"properties":{"objectid":10037,"crn":2021027647,"crash_year":2021,"pedestrian":0,"bicycle":1,"fatal_count":0,"susp_serious_inj_count":0,"ped_death_count":0,"ped_susp_serious_inj_count":0,"bicycle_death_count":0,"bicycle_susp_serious_inj_count":0}},{"type":"Feature","id":10044,"geometry":{"type":"Point","coordinates":[-75.1421777642505,39.9572160672805]},"properties":{"objectid":10044,"crn":2021027240,"crash_year":2021,"pedestrian":1,"bicycle":0,"fatal_count":0,"susp_serious_inj_count":0,"ped_death_count":0,"ped_susp_serious_inj_count":0,"bicycle_death_count":0,"bicycle_susp_serious_inj_count":0}},{"type":"Feature","id":10048,"geometry":{"type":"Point","coordinates":[-75.1525777706393,40.0031930755918]},"properties":{"objectid":10048,"crn":2021027143,"crash_year":2021,"pedestrian":1,"bicycle":0,"fatal_count":0,"susp_serious_inj_count":0,"ped_death_count":0,"ped_susp_serious_inj_count":0,"bicycle_death_count":0,"bicycle_susp_serious_inj_count":0}},{"type":"Feature","id":10056,"geometry":{"type":"Point","coordinates":[-75.1562787704591,39.9863140718207]},"properties":{"objectid":10056,"crn":2021049279,"crash_year":2021,"pedestrian":1,"bicycle":0,"fatal_count":0,"susp_serious_inj_count":0,"ped_death_count":0,"ped_susp_serious_inj_count":0,"bicycle_death_count":0,"bicycle_susp_serious_inj_count":0}},{"type":"Feature","id":10066,"geometry":{"type":"Point","coordinates":[-75.2458077982348,39.9670330649934]},"properties":{"objectid":10066,"crn":2021044768,"crash_year":2021,"pedestrian":1,"bicycle":0,"fatal_count":1,"susp_serious_inj_count":0,"ped_death_count":1,"ped_susp_serious_inj_count":0,"bicycle_death_count":0,"bicycle_susp_serious_inj_count":0}},{"type":"Feature","id":10067,"geometry":{"type":"Point","coordinates":[-75.1274387607665,39.9768510715103]},"properties":{"objectid":10067,"crn":2021032680,"crash_year":2021,"pedestrian":1,"bicycle":0,"fatal_count":0,"susp_serious_inj_count":0,"ped_death_count":0,"ped_susp_serious_inj_count":0,"bicycle_death_count":0,"bicycle_susp_serious_inj_count":0}},{"type":"Feature","id":10107,"geometry":{"type":"Point","coordinates":[-75.1755377719333,39.899126054224]},"properties":{"objectid":10107,"crn":2021026027,"crash_year":2021,"pedestrian":0,"bicycle":1,"fatal_count":0,"susp_serious_inj_count":0,"ped_death_count":0,"ped_susp_serious_inj_count":0,"bicycle_death_count":0,"bicycle_susp_serious_inj_count":0}},{"type":"Feature","id":10130,"geometry":{"type":"Point","coordinates":[-75.1131727564739,39.9765920720836]},"properties":{"objectid":10130,"crn":2021030244,"crash_year":2021,"pedestrian":0,"bicycle":1,"fatal_count":0,"susp_serious_inj_count":0,"ped_death_count":0,"ped_susp_serious_inj_count":0,"bicycle_death_count":0,"bicycle_susp_serious_inj_count":0}},{"type":"Feature","id":10158,"geometry":{"type":"Point","coordinates":[-75.1544637708282,39.9939390736266]},"properties":{"objectid":10158,"crn":2021054721,"crash_year":2021,"pedestrian":0,"bicycle":1,"fatal_count":1,"susp_serious_inj_count":0,"ped_death_count":0,"ped_susp_serious_inj_count":0,"bicycle_death_count":1,"bicycle_susp_serious_inj_count":0}},{"type":"Feature","id":10219,"geometry":{"type":"Point","coordinates":[-75.1986267817377,39.9536170643838]},"properties":{"objectid":10219,"crn":2021034137,"crash_year":2021,"pedestrian":1,"bicycle":0,"fatal_count":0,"susp_serious_inj_count":1,"ped_death_count":0,"ped_susp_serious_inj_count":1,"bicycle_death_count":0,"bicycle_susp_serious_inj_count":0}},{"type":"Feature","id":10228,"geometry":{"type":"Point","coordinates":[-75.2103937896026,40.0081580743215]},"properties":{"objectid":10228,"crn":2021030240,"crash_year":2021,"pedestrian":1,"bicycle":0,"fatal_count":0,"susp_serious_inj_count":0,"ped_death_count":0,"ped_susp_serious_inj_count":0,"bicycle_death_count":0,"bicycle_susp_serious_inj_count":0}},{"type":"Feature","id":10232,"geometry":{"type":"Point","coordinates":[-75.1398277639212,39.9532860662759]},"properties":{"objectid":10232,"crn":2021049741,"crash_year":2021,"pedestrian":1,"bicycle":0,"fatal_count":1,"susp_serious_inj_count":0,"ped_death_count":1,"ped_susp_serious_inj_count":0,"bicycle_death_count":0,"bicycle_susp_serious_inj_count":0}},{"type":"Feature","id":10255,"geometry":{"type":"Point","coordinates":[-75.1950267885736,40.0764520887141]},"properties":{"objectid":10255,"crn":2021030650,"crash_year":2021,"pedestrian":1,"bicycle":0,"fatal_count":0,"susp_serious_inj_count":0,"ped_death_count":0,"ped_susp_serious_inj_count":0,"bicycle_death_count":0,"bicycle_susp_serious_inj_count":0}},{"type":"Feature","id":10291,"geometry":{"type":"Point","coordinates":[-75.1525397709805,40.0027910760917]},"properties":{"objectid":10291,"crn":2021032242,"crash_year":2021,"pedestrian":1,"bicycle":0,"fatal_count":0,"susp_serious_inj_count":0,"ped_death_count":0,"ped_susp_serious_inj_count":0,"bicycle_death_count":0,"bicycle_susp_serious_inj_count":0}},{"type":"Feature","id":10326,"geometry":{"type":"Point","coordinates":[-75.181779773872,39.9140080568718]},"properties":{"objectid":10326,"crn":2021048595,"crash_year":2021,"pedestrian":1,"bicycle":0,"fatal_count":0,"susp_serious_inj_count":0,"ped_death_count":0,"ped_susp_serious_inj_count":0,"bicycle_death_count":0,"bicycle_susp_serious_inj_count":0}},{"type":"Feature","id":10383,"geometry":{"type":"Point","coordinates":[-75.0598317435465,40.0477020875901]},"properties":{"objectid":10383,"crn":2021047830,"crash_year":2021,"pedestrian":1,"bicycle":0,"fatal_count":0,"susp_serious_inj_count":0,"ped_death_count":0,"ped_susp_serious_inj_count":0,"bicycle_death_count":0,"bicycle_susp_serious_inj_count":0}},{"type":"Feature","id":10423,"geometry":{"type":"Point","coordinates":[-75.1718047709664,39.9168540582105]},"properties":{"objectid":10423,"crn":2021025265,"crash_year":2021,"pedestrian":1,"bicycle":0,"fatal_count":0,"susp_serious_inj_count":0,"ped_death_count":0,"ped_susp_serious_inj_count":0,"bicycle_death_count":0,"bicycle_susp_serious_inj_count":0}},{"type":"Feature","id":10424,"geometry":{"type":"Point","coordinates":[-75.233905793444,39.9658540657733]},"properties":{"objectid":10424,"crn":2021046945,"crash_year":2021,"pedestrian":1,"bicycle":0,"fatal_count":0,"susp_serious_inj_count":0,"ped_death_count":0,"ped_susp_serious_inj_count":0,"bicycle_death_count":0,"bicycle_susp_serious_inj_count":0}},{"type":"Feature","id":10429,"geometry":{"type":"Point","coordinates":[-75.1654007713385,39.9520330649705]},"properties":{"objectid":10429,"crn":2021022254,"crash_year":2021,"pedestrian":1,"bicycle":0,"fatal_count":0,"susp_serious_inj_count":0,"ped_death_count":0,"ped_susp_serious_inj_count":0,"bicycle_death_count":0,"bicycle_susp_serious_inj_count":0}},{"type":"Feature","id":10437,"geometry":{"type":"Point","coordinates":[-75.226241792154,39.9817120688579]},"properties":{"objectid":10437,"crn":2021024538,"crash_year":2021,"pedestrian":0,"bicycle":1,"fatal_count":0,"susp_serious_inj_count":0,"ped_death_count":0,"ped_susp_serious_inj_count":0,"bicycle_death_count":0,"bicycle_susp_serious_inj_count":0}},{"type":"Feature","id":10517,"geometry":{"type":"Point","coordinates":[-75.1928937799762,39.9486870635461]},"properties":{"objectid":10517,"crn":2021022525,"crash_year":2021,"pedestrian":1,"bicycle":0,"fatal_count":0,"susp_serious_inj_count":0,"ped_death_count":0,"ped_susp_serious_inj_count":0,"bicycle_death_count":0,"bicycle_susp_serious_inj_count":0}},{"type":"Feature","id":10542,"geometry":{"type":"Point","coordinates":[-75.1700097708401,39.9231610593392]},"properties":{"objectid":10542,"crn":2021041372,"crash_year":2021,"pedestrian":1,"bicycle":0,"fatal_count":0,"susp_serious_inj_count":0,"ped_death_count":0,"ped_susp_serious_inj_count":0,"bicycle_death_count":0,"bicycle_susp_serious_inj_count":0}},{"type":"Feature","id":10568,"geometry":{"type":"Point","coordinates":[-75.1713257707472,39.9168370574312]},"properties":{"objectid":10568,"crn":2021058291,"crash_year":2021,"pedestrian":1,"bicycle":0,"fatal_count":0,"susp_serious_inj_count":1,"ped_death_count":0,"ped_susp_serious_inj_count":1,"bicycle_death_count":0,"bicycle_susp_serious_inj_count":0}},{"type":"Feature","id":10575,"geometry":{"type":"Point","coordinates":[-75.2301737895696,39.9201600563913]},"properties":{"objectid":10575,"crn":2021032235,"crash_year":2021,"pedestrian":1,"bicycle":0,"fatal_count":0,"susp_serious_inj_count":0,"ped_death_count":0,"ped_susp_serious_inj_count":0,"bicycle_death_count":0,"bicycle_susp_serious_inj_count":0}},{"type":"Feature","id":10579,"geometry":{"type":"Point","coordinates":[-75.1510757706573,40.0101400775511]},"properties":{"objectid":10579,"crn":2021032129,"crash_year":2021,"pedestrian":1,"bicycle":0,"fatal_count":0,"susp_serious_inj_count":1,"ped_death_count":0,"ped_susp_serious_inj_count":1,"bicycle_death_count":0,"bicycle_susp_serious_inj_count":0}},{"type":"Feature","id":10607,"geometry":{"type":"Point","coordinates":[-75.1361937629846,39.9688490694344]},"properties":{"objectid":10607,"crn":2021023784,"crash_year":2021,"pedestrian":1,"bicycle":0,"fatal_count":0,"susp_serious_inj_count":0,"ped_death_count":0,"ped_susp_serious_inj_count":0,"bicycle_death_count":0,"bicycle_susp_serious_inj_count":0}},{"type":"Feature","id":10678,"geometry":{"type":"Point","coordinates":[-75.1446847702509,40.0368800822646]},"properties":{"objectid":10678,"crn":2021029405,"crash_year":2021,"pedestrian":0,"bicycle":1,"fatal_count":0,"susp_serious_inj_count":0,"ped_death_count":0,"ped_susp_serious_inj_count":0,"bicycle_death_count":0,"bicycle_susp_serious_inj_count":0}},{"type":"Feature","id":10683,"geometry":{"type":"Point","coordinates":[-75.1952117810911,39.9597330657401]},"properties":{"objectid":10683,"crn":2021051645,"crash_year":2021,"pedestrian":1,"bicycle":0,"fatal_count":0,"susp_serious_inj_count":1,"ped_death_count":0,"ped_susp_serious_inj_count":1,"bicycle_death_count":0,"bicycle_susp_serious_inj_count":0}},{"type":"Feature","id":10706,"geometry":{"type":"Point","coordinates":[-75.1669427706196,39.9367560617684]},"properties":{"objectid":10706,"crn":2021032417,"crash_year":2021,"pedestrian":1,"bicycle":0,"fatal_count":0,"susp_serious_inj_count":0,"ped_death_count":0,"ped_susp_serious_inj_count":0,"bicycle_death_count":0,"bicycle_susp_serious_inj_count":0}},{"type":"Feature","id":10715,"geometry":{"type":"Point","coordinates":[-75.2344147933882,39.9535430633106]},"properties":{"objectid":10715,"crn":2021053621,"crash_year":2021,"pedestrian":0,"bicycle":1,"fatal_count":0,"susp_serious_inj_count":0,"ped_death_count":0,"ped_susp_serious_inj_count":0,"bicycle_death_count":0,"bicycle_susp_serious_inj_count":0}},{"type":"Feature","id":10797,"geometry":{"type":"Point","coordinates":[-75.235998794183,39.9558400631211]},"properties":{"objectid":10797,"crn":2021029401,"crash_year":2021,"pedestrian":1,"bicycle":0,"fatal_count":0,"susp_serious_inj_count":0,"ped_death_count":0,"ped_susp_serious_inj_count":0,"bicycle_death_count":0,"bicycle_susp_serious_inj_count":0}},{"type":"Feature","id":10841,"geometry":{"type":"Point","coordinates":[-75.2328597937439,39.960939064622]},"properties":{"objectid":10841,"crn":2021045682,"crash_year":2021,"pedestrian":1,"bicycle":0,"fatal_count":0,"susp_serious_inj_count":0,"ped_death_count":0,"ped_susp_serious_inj_count":0,"bicycle_death_count":0,"bicycle_susp_serious_inj_count":0}},{"type":"Feature","id":10852,"geometry":{"type":"Point","coordinates":[-75.1750807745972,39.9613330668009]},"properties":{"objectid":10852,"crn":2021045609,"crash_year":2021,"pedestrian":1,"bicycle":0,"fatal_count":0,"susp_serious_inj_count":0,"ped_death_count":0,"ped_susp_serious_inj_count":0,"bicycle_death_count":0,"bicycle_susp_serious_inj_count":0}},{"type":"Feature","id":10886,"geometry":{"type":"Point","coordinates":[-75.148313768736,39.9915000737277]},"properties":{"objectid":10886,"crn":2021019608,"crash_year":2021,"pedestrian":1,"bicycle":0,"fatal_count":0,"susp_serious_inj_count":0,"ped_death_count":0,"ped_susp_serious_inj_count":0,"bicycle_death_count":0,"bicycle_susp_serious_inj_count":0}},{"type":"Feature","id":10896,"geometry":{"type":"Point","coordinates":[-75.1004727540706,39.9987070771292]},"properties":{"objectid":10896,"crn":2021020856,"crash_year":2021,"pedestrian":1,"bicycle":0,"fatal_count":0,"susp_serious_inj_count":0,"ped_death_count":0,"ped_susp_serious_inj_count":0,"bicycle_death_count":0,"bicycle_susp_serious_inj_count":0}},{"type":"Feature","id":10921,"geometry":{"type":"Point","coordinates":[-75.1644667699925,39.9237130597434]},"properties":{"objectid":10921,"crn":2021045777,"crash_year":2021,"pedestrian":1,"bicycle":0,"fatal_count":0,"susp_serious_inj_count":0,"ped_death_count":0,"ped_susp_serious_inj_count":0,"bicycle_death_count":0,"bicycle_susp_serious_inj_count":0}},{"type":"Feature","id":10929,"geometry":{"type":"Point","coordinates":[-75.1949417884578,40.0765360888815]},"properties":{"objectid":10929,"crn":2021020632,"crash_year":2021,"pedestrian":1,"bicycle":0,"fatal_count":0,"susp_serious_inj_count":0,"ped_death_count":0,"ped_susp_serious_inj_count":0,"bicycle_death_count":0,"bicycle_susp_serious_inj_count":0}},{"type":"Feature","id":10934,"geometry":{"type":"Point","coordinates":[-75.2014457830098,39.9497660629778]},"properties":{"objectid":10934,"crn":2021020855,"crash_year":2021,"pedestrian":1,"bicycle":0,"fatal_count":0,"susp_serious_inj_count":0,"ped_death_count":0,"ped_susp_serious_inj_count":0,"bicycle_death_count":0,"bicycle_susp_serious_inj_count":0}},{"type":"Feature","id":10973,"geometry":{"type":"Point","coordinates":[-75.1435807632464,39.9239940605911]},"properties":{"objectid":10973,"crn":2021019832,"crash_year":2021,"pedestrian":1,"bicycle":0,"fatal_count":0,"susp_serious_inj_count":0,"ped_death_count":0,"ped_susp_serious_inj_count":0,"bicycle_death_count":0,"bicycle_susp_serious_inj_count":0}},{"type":"Feature","id":10999,"geometry":{"type":"Point","coordinates":[-75.2465777992432,39.9806440678224]},"properties":{"objectid":10999,"crn":2021036067,"crash_year":2021,"pedestrian":1,"bicycle":0,"fatal_count":0,"susp_serious_inj_count":0,"ped_death_count":0,"ped_susp_serious_inj_count":0,"bicycle_death_count":0,"bicycle_susp_serious_inj_count":0}},{"type":"Feature","id":11092,"geometry":{"type":"Point","coordinates":[-75.1583987711889,39.9773220708158]},"properties":{"objectid":11092,"crn":2021087996,"crash_year":2021,"pedestrian":1,"bicycle":0,"fatal_count":0,"susp_serious_inj_count":0,"ped_death_count":0,"ped_susp_serious_inj_count":0,"bicycle_death_count":0,"bicycle_susp_serious_inj_count":0}},{"type":"Feature","id":11103,"geometry":{"type":"Point","coordinates":[-75.2640488038452,39.9742690663099]},"properties":{"objectid":11103,"crn":2021071082,"crash_year":2021,"pedestrian":1,"bicycle":0,"fatal_count":0,"susp_serious_inj_count":0,"ped_death_count":0,"ped_susp_serious_inj_count":0,"bicycle_death_count":0,"bicycle_susp_serious_inj_count":0}},{"type":"Feature","id":11104,"geometry":{"type":"Point","coordinates":[-75.1414307641186,39.9606910676423]},"properties":{"objectid":11104,"crn":2021088461,"crash_year":2021,"pedestrian":1,"bicycle":0,"fatal_count":0,"susp_serious_inj_count":0,"ped_death_count":0,"ped_susp_serious_inj_count":0,"bicycle_death_count":0,"bicycle_susp_serious_inj_count":0}},{"type":"Feature","id":11116,"geometry":{"type":"Point","coordinates":[-75.107346755765,39.9896590745652]},"properties":{"objectid":11116,"crn":2021070504,"crash_year":2021,"pedestrian":1,"bicycle":0,"fatal_count":0,"susp_serious_inj_count":0,"ped_death_count":0,"ped_susp_serious_inj_count":0,"bicycle_death_count":0,"bicycle_susp_serious_inj_count":0}},{"type":"Feature","id":11127,"geometry":{"type":"Point","coordinates":[-75.154761770166,39.9925850733597]},"properties":{"objectid":11127,"crn":2021090063,"crash_year":2021,"pedestrian":1,"bicycle":0,"fatal_count":0,"susp_serious_inj_count":0,"ped_death_count":0,"ped_susp_serious_inj_count":0,"bicycle_death_count":0,"bicycle_susp_serious_inj_count":0}},{"type":"Feature","id":11183,"geometry":{"type":"Point","coordinates":[-75.1888207798606,39.9756940688731]},"properties":{"objectid":11183,"crn":2021076279,"crash_year":2021,"pedestrian":1,"bicycle":0,"fatal_count":0,"susp_serious_inj_count":1,"ped_death_count":0,"ped_susp_serious_inj_count":1,"bicycle_death_count":0,"bicycle_susp_serious_inj_count":0}},{"type":"Feature","id":11203,"geometry":{"type":"Point","coordinates":[-75.1165127583533,39.996602075525]},"properties":{"objectid":11203,"crn":2021069885,"crash_year":2021,"pedestrian":1,"bicycle":0,"fatal_count":0,"susp_serious_inj_count":0,"ped_death_count":0,"ped_susp_serious_inj_count":0,"bicycle_death_count":0,"bicycle_susp_serious_inj_count":0}},{"type":"Feature","id":11206,"geometry":{"type":"Point","coordinates":[-75.226241792154,39.9817120688579]},"properties":{"objectid":11206,"crn":2021083503,"crash_year":2021,"pedestrian":0,"bicycle":1,"fatal_count":0,"susp_serious_inj_count":0,"ped_death_count":0,"ped_susp_serious_inj_count":0,"bicycle_death_count":0,"bicycle_susp_serious_inj_count":0}},{"type":"Feature","id":11222,"geometry":{"type":"Point","coordinates":[-75.2264907923148,39.977555068193]},"properties":{"objectid":11222,"crn":2021089364,"crash_year":2021,"pedestrian":1,"bicycle":0,"fatal_count":0,"susp_serious_inj_count":0,"ped_death_count":0,"ped_susp_serious_inj_count":0,"bicycle_death_count":0,"bicycle_susp_serious_inj_count":0}},{"type":"Feature","id":11279,"geometry":{"type":"Point","coordinates":[-75.240667795041,39.9457360609114]},"properties":{"objectid":11279,"crn":2021083690,"crash_year":2021,"pedestrian":0,"bicycle":1,"fatal_count":0,"susp_serious_inj_count":0,"ped_death_count":0,"ped_susp_serious_inj_count":0,"bicycle_death_count":0,"bicycle_susp_serious_inj_count":0}},{"type":"Feature","id":11289,"geometry":{"type":"Point","coordinates":[-75.1249517645211,40.0546260865907]},"properties":{"objectid":11289,"crn":2021084769,"crash_year":2021,"pedestrian":1,"bicycle":0,"fatal_count":0,"susp_serious_inj_count":0,"ped_death_count":0,"ped_susp_serious_inj_count":0,"bicycle_death_count":0,"bicycle_susp_serious_inj_count":0}},{"type":"Feature","id":11303,"geometry":{"type":"Point","coordinates":[-75.1595237704174,39.9714700694944]},"properties":{"objectid":11303,"crn":2021058295,"crash_year":2021,"pedestrian":0,"bicycle":1,"fatal_count":0,"susp_serious_inj_count":0,"ped_death_count":0,"ped_susp_serious_inj_count":0,"bicycle_death_count":0,"bicycle_susp_serious_inj_count":0}},{"type":"Feature","id":11360,"geometry":{"type":"Point","coordinates":[-75.170539771572,39.9357900616898]},"properties":{"objectid":11360,"crn":2021061240,"crash_year":2021,"pedestrian":0,"bicycle":1,"fatal_count":0,"susp_serious_inj_count":0,"ped_death_count":0,"ped_susp_serious_inj_count":0,"bicycle_death_count":0,"bicycle_susp_serious_inj_count":0}},{"type":"Feature","id":11368,"geometry":{"type":"Point","coordinates":[-75.2032357866576,40.0034250742576]},"properties":{"objectid":11368,"crn":2021064299,"crash_year":2021,"pedestrian":1,"bicycle":0,"fatal_count":0,"susp_serious_inj_count":0,"ped_death_count":0,"ped_susp_serious_inj_count":0,"bicycle_death_count":0,"bicycle_susp_serious_inj_count":0}},{"type":"Feature","id":11410,"geometry":{"type":"Point","coordinates":[-75.2245757913372,39.9649670652785]},"properties":{"objectid":11410,"crn":2021057140,"crash_year":2021,"pedestrian":0,"bicycle":1,"fatal_count":0,"susp_serious_inj_count":0,"ped_death_count":0,"ped_susp_serious_inj_count":0,"bicycle_death_count":0,"bicycle_susp_serious_inj_count":0}},{"type":"Feature","id":11424,"geometry":{"type":"Point","coordinates":[-75.1862517816662,40.0078970755651]},"properties":{"objectid":11424,"crn":2021070552,"crash_year":2021,"pedestrian":0,"bicycle":1,"fatal_count":0,"susp_serious_inj_count":0,"ped_death_count":0,"ped_susp_serious_inj_count":0,"bicycle_death_count":0,"bicycle_susp_serious_inj_count":0}},{"type":"Feature","id":11447,"geometry":{"type":"Point","coordinates":[-75.1750567755571,39.9613180669244]},"properties":{"objectid":11447,"crn":2021057109,"crash_year":2021,"pedestrian":0,"bicycle":1,"fatal_count":0,"susp_serious_inj_count":0,"ped_death_count":0,"ped_susp_serious_inj_count":0,"bicycle_death_count":0,"bicycle_susp_serious_inj_count":0}},{"type":"Feature","id":11481,"geometry":{"type":"Point","coordinates":[-75.185175776466,39.9226550583556]},"properties":{"objectid":11481,"crn":2021077260,"crash_year":2021,"pedestrian":1,"bicycle":0,"fatal_count":0,"susp_serious_inj_count":0,"ped_death_count":0,"ped_susp_serious_inj_count":0,"bicycle_death_count":0,"bicycle_susp_serious_inj_count":0}},{"type":"Feature","id":11532,"geometry":{"type":"Point","coordinates":[-75.101579753599,39.9909520753207]},"properties":{"objectid":11532,"crn":2021075970,"crash_year":2021,"pedestrian":1,"bicycle":0,"fatal_count":0,"susp_serious_inj_count":0,"ped_death_count":0,"ped_susp_serious_inj_count":0,"bicycle_death_count":0,"bicycle_susp_serious_inj_count":0}},{"type":"Feature","id":11539,"geometry":{"type":"Point","coordinates":[-75.1194737606248,40.0130510786804]},"properties":{"objectid":11539,"crn":2021104143,"crash_year":2021,"pedestrian":0,"bicycle":1,"fatal_count":0,"susp_serious_inj_count":0,"ped_death_count":0,"ped_susp_serious_inj_count":0,"bicycle_death_count":0,"bicycle_susp_serious_inj_count":0}},{"type":"Feature","id":11554,"geometry":{"type":"Point","coordinates":[-75.2056747852591,39.9739280676235]},"properties":{"objectid":11554,"crn":2021083884,"crash_year":2021,"pedestrian":1,"bicycle":0,"fatal_count":0,"susp_serious_inj_count":0,"ped_death_count":0,"ped_susp_serious_inj_count":0,"bicycle_death_count":0,"bicycle_susp_serious_inj_count":0}},{"type":"Feature","id":11557,"geometry":{"type":"Point","coordinates":[-75.1403487680635,40.0207670792158]},"properties":{"objectid":11557,"crn":2021075100,"crash_year":2021,"pedestrian":1,"bicycle":0,"fatal_count":0,"susp_serious_inj_count":0,"ped_death_count":0,"ped_susp_serious_inj_count":0,"bicycle_death_count":0,"bicycle_susp_serious_inj_count":0}},{"type":"Feature","id":11590,"geometry":{"type":"Point","coordinates":[-75.0945327511002,39.9946390761142]},"properties":{"objectid":11590,"crn":2021078171,"crash_year":2021,"pedestrian":1,"bicycle":0,"fatal_count":0,"susp_serious_inj_count":0,"ped_death_count":0,"ped_susp_serious_inj_count":0,"bicycle_death_count":0,"bicycle_susp_serious_inj_count":0}},{"type":"Feature","id":11608,"geometry":{"type":"Point","coordinates":[-75.165634770714,39.9427960632977]},"properties":{"objectid":11608,"crn":2021076057,"crash_year":2021,"pedestrian":0,"bicycle":1,"fatal_count":0,"susp_serious_inj_count":0,"ped_death_count":0,"ped_susp_serious_inj_count":0,"bicycle_death_count":0,"bicycle_susp_serious_inj_count":0}},{"type":"Feature","id":11656,"geometry":{"type":"Point","coordinates":[-75.1578047707297,39.9786830706578]},"properties":{"objectid":11656,"crn":2021119665,"crash_year":2021,"pedestrian":1,"bicycle":0,"fatal_count":0,"susp_serious_inj_count":0,"ped_death_count":0,"ped_susp_serious_inj_count":0,"bicycle_death_count":0,"bicycle_susp_serious_inj_count":0}},{"type":"Feature","id":11690,"geometry":{"type":"Point","coordinates":[-75.1467947701843,40.0291410813096]},"properties":{"objectid":11690,"crn":2021043123,"crash_year":2021,"pedestrian":1,"bicycle":0,"fatal_count":0,"susp_serious_inj_count":0,"ped_death_count":0,"ped_susp_serious_inj_count":0,"bicycle_death_count":0,"bicycle_susp_serious_inj_count":0}},{"type":"Feature","id":11749,"geometry":{"type":"Point","coordinates":[-75.1615627711498,39.9613690674775]},"properties":{"objectid":11749,"crn":2021073355,"crash_year":2021,"pedestrian":1,"bicycle":0,"fatal_count":0,"susp_serious_inj_count":0,"ped_death_count":0,"ped_susp_serious_inj_count":0,"bicycle_death_count":0,"bicycle_susp_serious_inj_count":0}},{"type":"Feature","id":11812,"geometry":{"type":"Point","coordinates":[-75.1174027591773,39.9969750759356]},"properties":{"objectid":11812,"crn":2021048995,"crash_year":2021,"pedestrian":1,"bicycle":0,"fatal_count":0,"susp_serious_inj_count":0,"ped_death_count":0,"ped_susp_serious_inj_count":0,"bicycle_death_count":0,"bicycle_susp_serious_inj_count":0}},{"type":"Feature","id":11825,"geometry":{"type":"Point","coordinates":[-75.158762770207,39.9743130697306]},"properties":{"objectid":11825,"crn":2021057143,"crash_year":2021,"pedestrian":1,"bicycle":0,"fatal_count":0,"susp_serious_inj_count":0,"ped_death_count":0,"ped_susp_serious_inj_count":0,"bicycle_death_count":0,"bicycle_susp_serious_inj_count":0}},{"type":"Feature","id":11861,"geometry":{"type":"Point","coordinates":[-75.1546147709303,39.9939560735201]},"properties":{"objectid":11861,"crn":2021042616,"crash_year":2021,"pedestrian":1,"bicycle":0,"fatal_count":0,"susp_serious_inj_count":0,"ped_death_count":0,"ped_susp_serious_inj_count":0,"bicycle_death_count":0,"bicycle_susp_serious_inj_count":0}},{"type":"Feature","id":11864,"geometry":{"type":"Point","coordinates":[-75.130357764323,40.0241730808519]},"properties":{"objectid":11864,"crn":2021049078,"crash_year":2021,"pedestrian":1,"bicycle":0,"fatal_count":0,"susp_serious_inj_count":0,"ped_death_count":0,"ped_susp_serious_inj_count":0,"bicycle_death_count":0,"bicycle_susp_serious_inj_count":0}},{"type":"Feature","id":11926,"geometry":{"type":"Point","coordinates":[-75.1223927619013,40.0255190811905]},"properties":{"objectid":11926,"crn":2021072643,"crash_year":2021,"pedestrian":1,"bicycle":0,"fatal_count":0,"susp_serious_inj_count":1,"ped_death_count":0,"ped_susp_serious_inj_count":1,"bicycle_death_count":0,"bicycle_susp_serious_inj_count":0}},{"type":"Feature","id":11937,"geometry":{"type":"Point","coordinates":[-75.1891447774677,39.9331640608849]},"properties":{"objectid":11937,"crn":2021043237,"crash_year":2021,"pedestrian":1,"bicycle":0,"fatal_count":0,"susp_serious_inj_count":0,"ped_death_count":0,"ped_susp_serious_inj_count":0,"bicycle_death_count":0,"bicycle_susp_serious_inj_count":0}},{"type":"Feature","id":11951,"geometry":{"type":"Point","coordinates":[-75.1330707644913,40.0116360781508]},"properties":{"objectid":11951,"crn":2021075261,"crash_year":2021,"pedestrian":1,"bicycle":0,"fatal_count":1,"susp_serious_inj_count":1,"ped_death_count":1,"ped_susp_serious_inj_count":1,"bicycle_death_count":0,"bicycle_susp_serious_inj_count":0}},{"type":"Feature","id":11959,"geometry":{"type":"Point","coordinates":[-75.1687057783394,40.0417030829656]},"properties":{"objectid":11959,"crn":2021085189,"crash_year":2021,"pedestrian":1,"bicycle":0,"fatal_count":1,"susp_serious_inj_count":0,"ped_death_count":1,"ped_susp_serious_inj_count":0,"bicycle_death_count":0,"bicycle_susp_serious_inj_count":0}},{"type":"Feature","id":12005,"geometry":{"type":"Point","coordinates":[-75.0631287439455,40.0365150853036]},"properties":{"objectid":12005,"crn":2021078131,"crash_year":2021,"pedestrian":1,"bicycle":0,"fatal_count":0,"susp_serious_inj_count":0,"ped_death_count":0,"ped_susp_serious_inj_count":0,"bicycle_death_count":0,"bicycle_susp_serious_inj_count":0}},{"type":"Feature","id":12009,"geometry":{"type":"Point","coordinates":[-75.1650507715161,39.9536050653323]},"properties":{"objectid":12009,"crn":2021070390,"crash_year":2021,"pedestrian":1,"bicycle":0,"fatal_count":0,"susp_serious_inj_count":0,"ped_death_count":0,"ped_susp_serious_inj_count":0,"bicycle_death_count":0,"bicycle_susp_serious_inj_count":0}},{"type":"Feature","id":12032,"geometry":{"type":"Point","coordinates":[-75.1643197711424,39.9493590646131]},"properties":{"objectid":12032,"crn":2021049172,"crash_year":2021,"pedestrian":1,"bicycle":0,"fatal_count":0,"susp_serious_inj_count":0,"ped_death_count":0,"ped_susp_serious_inj_count":0,"bicycle_death_count":0,"bicycle_susp_serious_inj_count":0}},{"type":"Feature","id":12034,"geometry":{"type":"Point","coordinates":[-75.2043147850422,39.9741270683332]},"properties":{"objectid":12034,"crn":2021048873,"crash_year":2021,"pedestrian":0,"bicycle":1,"fatal_count":0,"susp_serious_inj_count":0,"ped_death_count":0,"ped_susp_serious_inj_count":0,"bicycle_death_count":0,"bicycle_susp_serious_inj_count":0}},{"type":"Feature","id":12053,"geometry":{"type":"Point","coordinates":[-75.2248847904115,39.959931064666]},"properties":{"objectid":12053,"crn":2021077647,"crash_year":2021,"pedestrian":0,"bicycle":1,"fatal_count":0,"susp_serious_inj_count":0,"ped_death_count":0,"ped_susp_serious_inj_count":0,"bicycle_death_count":0,"bicycle_susp_serious_inj_count":0}},{"type":"Feature","id":12090,"geometry":{"type":"Point","coordinates":[-75.2401798027754,40.0673720848634]},"properties":{"objectid":12090,"crn":2021075966,"crash_year":2021,"pedestrian":1,"bicycle":0,"fatal_count":0,"susp_serious_inj_count":2,"ped_death_count":0,"ped_susp_serious_inj_count":1,"bicycle_death_count":0,"bicycle_susp_serious_inj_count":0}},{"type":"Feature","id":12092,"geometry":{"type":"Point","coordinates":[-75.1608847709586,39.9652060676548]},"properties":{"objectid":12092,"crn":2021046917,"crash_year":2021,"pedestrian":0,"bicycle":1,"fatal_count":0,"susp_serious_inj_count":0,"ped_death_count":0,"ped_susp_serious_inj_count":0,"bicycle_death_count":0,"bicycle_susp_serious_inj_count":0}},{"type":"Feature","id":12113,"geometry":{"type":"Point","coordinates":[-75.1754527710817,39.8994950545782]},"properties":{"objectid":12113,"crn":2021064187,"crash_year":2021,"pedestrian":1,"bicycle":0,"fatal_count":0,"susp_serious_inj_count":0,"ped_death_count":0,"ped_susp_serious_inj_count":0,"bicycle_death_count":0,"bicycle_susp_serious_inj_count":0}},{"type":"Feature","id":12154,"geometry":{"type":"Point","coordinates":[-75.1535707679103,39.9511020655442]},"properties":{"objectid":12154,"crn":2021051170,"crash_year":2021,"pedestrian":1,"bicycle":0,"fatal_count":0,"susp_serious_inj_count":0,"ped_death_count":0,"ped_susp_serious_inj_count":0,"bicycle_death_count":0,"bicycle_susp_serious_inj_count":0}},{"type":"Feature","id":12175,"geometry":{"type":"Point","coordinates":[-75.189726779169,39.9540870649953]},"properties":{"objectid":12175,"crn":2021037797,"crash_year":2021,"pedestrian":1,"bicycle":0,"fatal_count":0,"susp_serious_inj_count":0,"ped_death_count":0,"ped_susp_serious_inj_count":0,"bicycle_death_count":0,"bicycle_susp_serious_inj_count":0}},{"type":"Feature","id":12197,"geometry":{"type":"Point","coordinates":[-75.2396417951332,39.9453600610789]},"properties":{"objectid":12197,"crn":2021038601,"crash_year":2021,"pedestrian":1,"bicycle":0,"fatal_count":0,"susp_serious_inj_count":0,"ped_death_count":0,"ped_susp_serious_inj_count":0,"bicycle_death_count":0,"bicycle_susp_serious_inj_count":0}},{"type":"Feature","id":12278,"geometry":{"type":"Point","coordinates":[-75.2253997911632,39.9574650643046]},"properties":{"objectid":12278,"crn":2021038909,"crash_year":2021,"pedestrian":1,"bicycle":0,"fatal_count":0,"susp_serious_inj_count":1,"ped_death_count":0,"ped_susp_serious_inj_count":1,"bicycle_death_count":0,"bicycle_susp_serious_inj_count":0}},{"type":"Feature","id":12314,"geometry":{"type":"Point","coordinates":[-75.0556847407897,40.0195140826534]},"properties":{"objectid":12314,"crn":2021077900,"crash_year":2021,"pedestrian":1,"bicycle":0,"fatal_count":0,"susp_serious_inj_count":0,"ped_death_count":0,"ped_susp_serious_inj_count":0,"bicycle_death_count":0,"bicycle_susp_serious_inj_count":0}},{"type":"Feature","id":12325,"geometry":{"type":"Point","coordinates":[-75.1700097731786,39.9531860651997]},"properties":{"objectid":12325,"crn":2021077994,"crash_year":2021,"pedestrian":0,"bicycle":1,"fatal_count":0,"susp_serious_inj_count":0,"ped_death_count":0,"ped_susp_serious_inj_count":0,"bicycle_death_count":0,"bicycle_susp_serious_inj_count":0}},{"type":"Feature","id":12369,"geometry":{"type":"Point","coordinates":[-75.161049770764,39.9637210674771]},"properties":{"objectid":12369,"crn":2021079260,"crash_year":2021,"pedestrian":1,"bicycle":0,"fatal_count":0,"susp_serious_inj_count":0,"ped_death_count":0,"ped_susp_serious_inj_count":0,"bicycle_death_count":0,"bicycle_susp_serious_inj_count":0}},{"type":"Feature","id":12510,"geometry":{"type":"Point","coordinates":[-75.1203207594868,39.9973500756095]},"properties":{"objectid":12510,"crn":2021097557,"crash_year":2021,"pedestrian":1,"bicycle":0,"fatal_count":0,"susp_serious_inj_count":0,"ped_death_count":0,"ped_susp_serious_inj_count":0,"bicycle_death_count":0,"bicycle_susp_serious_inj_count":0}},{"type":"Feature","id":12523,"geometry":{"type":"Point","coordinates":[-75.1808977768913,39.9674540674165]},"properties":{"objectid":12523,"crn":2021054938,"crash_year":2021,"pedestrian":0,"bicycle":1,"fatal_count":0,"susp_serious_inj_count":0,"ped_death_count":0,"ped_susp_serious_inj_count":0,"bicycle_death_count":0,"bicycle_susp_serious_inj_count":0}},{"type":"Feature","id":12546,"geometry":{"type":"Point","coordinates":[-75.2248847904115,39.959931064666]},"properties":{"objectid":12546,"crn":2021097929,"crash_year":2021,"pedestrian":1,"bicycle":0,"fatal_count":0,"susp_serious_inj_count":1,"ped_death_count":0,"ped_susp_serious_inj_count":1,"bicycle_death_count":0,"bicycle_susp_serious_inj_count":0}},{"type":"Feature","id":12601,"geometry":{"type":"Point","coordinates":[-75.1467147706796,40.0295100814784]},"properties":{"objectid":12601,"crn":2021055881,"crash_year":2021,"pedestrian":1,"bicycle":0,"fatal_count":0,"susp_serious_inj_count":0,"ped_death_count":0,"ped_susp_serious_inj_count":0,"bicycle_death_count":0,"bicycle_susp_serious_inj_count":0}},{"type":"Feature","id":12602,"geometry":{"type":"Point","coordinates":[-75.1986297825855,39.9543330642626]},"properties":{"objectid":12602,"crn":2021052486,"crash_year":2021,"pedestrian":1,"bicycle":0,"fatal_count":0,"susp_serious_inj_count":0,"ped_death_count":0,"ped_susp_serious_inj_count":0,"bicycle_death_count":0,"bicycle_susp_serious_inj_count":0}},{"type":"Feature","id":12606,"geometry":{"type":"Point","coordinates":[-75.1570297690844,39.9502020649154]},"properties":{"objectid":12606,"crn":2021053937,"crash_year":2021,"pedestrian":0,"bicycle":1,"fatal_count":0,"susp_serious_inj_count":0,"ped_death_count":0,"ped_susp_serious_inj_count":0,"bicycle_death_count":0,"bicycle_susp_serious_inj_count":0}},{"type":"Feature","id":12614,"geometry":{"type":"Point","coordinates":[-75.1487257667002,39.958511066631]},"properties":{"objectid":12614,"crn":2021054020,"crash_year":2021,"pedestrian":0,"bicycle":1,"fatal_count":0,"susp_serious_inj_count":0,"ped_death_count":0,"ped_susp_serious_inj_count":0,"bicycle_death_count":0,"bicycle_susp_serious_inj_count":0}},{"type":"Feature","id":12656,"geometry":{"type":"Point","coordinates":[-75.2339057940029,39.9658390651114]},"properties":{"objectid":12656,"crn":2021071061,"crash_year":2021,"pedestrian":0,"bicycle":1,"fatal_count":0,"susp_serious_inj_count":0,"ped_death_count":0,"ped_susp_serious_inj_count":0,"bicycle_death_count":0,"bicycle_susp_serious_inj_count":0}},{"type":"Feature","id":12660,"geometry":{"type":"Point","coordinates":[-75.1991347816067,39.9512810633201]},"properties":{"objectid":12660,"crn":2021052646,"crash_year":2021,"pedestrian":1,"bicycle":0,"fatal_count":0,"susp_serious_inj_count":0,"ped_death_count":0,"ped_susp_serious_inj_count":0,"bicycle_death_count":0,"bicycle_susp_serious_inj_count":0}},{"type":"Feature","id":12688,"geometry":{"type":"Point","coordinates":[-75.1713257707472,39.9168370574312]},"properties":{"objectid":12688,"crn":2021081324,"crash_year":2021,"pedestrian":1,"bicycle":0,"fatal_count":0,"susp_serious_inj_count":0,"ped_death_count":0,"ped_susp_serious_inj_count":0,"bicycle_death_count":0,"bicycle_susp_serious_inj_count":0}},{"type":"Feature","id":12694,"geometry":{"type":"Point","coordinates":[-75.1656627694333,39.9107370572918]},"properties":{"objectid":12694,"crn":2021055231,"crash_year":2021,"pedestrian":1,"bicycle":0,"fatal_count":0,"susp_serious_inj_count":1,"ped_death_count":0,"ped_susp_serious_inj_count":1,"bicycle_death_count":0,"bicycle_susp_serious_inj_count":0}},{"type":"Feature","id":12695,"geometry":{"type":"Point","coordinates":[-75.2222937885038,39.9442770616552]},"properties":{"objectid":12695,"crn":2021090951,"crash_year":2021,"pedestrian":1,"bicycle":0,"fatal_count":0,"susp_serious_inj_count":1,"ped_death_count":0,"ped_susp_serious_inj_count":1,"bicycle_death_count":0,"bicycle_susp_serious_inj_count":0}},{"type":"Feature","id":12720,"geometry":{"type":"Point","coordinates":[-75.152127770848,40.0046880762729]},"properties":{"objectid":12720,"crn":2021055549,"crash_year":2021,"pedestrian":1,"bicycle":0,"fatal_count":0,"susp_serious_inj_count":0,"ped_death_count":0,"ped_susp_serious_inj_count":0,"bicycle_death_count":0,"bicycle_susp_serious_inj_count":0}},{"type":"Feature","id":12721,"geometry":{"type":"Point","coordinates":[-75.1511347707382,40.0092520770262]},"properties":{"objectid":12721,"crn":2021054110,"crash_year":2021,"pedestrian":1,"bicycle":0,"fatal_count":0,"susp_serious_inj_count":0,"ped_death_count":0,"ped_susp_serious_inj_count":0,"bicycle_death_count":0,"bicycle_susp_serious_inj_count":0}},{"type":"Feature","id":12747,"geometry":{"type":"Point","coordinates":[-75.241187795122,39.9459770608929]},"properties":{"objectid":12747,"crn":2021080918,"crash_year":2021,"pedestrian":1,"bicycle":0,"fatal_count":0,"susp_serious_inj_count":0,"ped_death_count":0,"ped_susp_serious_inj_count":0,"bicycle_death_count":0,"bicycle_susp_serious_inj_count":0}},{"type":"Feature","id":12783,"geometry":{"type":"Point","coordinates":[-75.1644927688069,39.9159070582294]},"properties":{"objectid":12783,"crn":2021055232,"crash_year":2021,"pedestrian":1,"bicycle":0,"fatal_count":0,"susp_serious_inj_count":0,"ped_death_count":0,"ped_susp_serious_inj_count":0,"bicycle_death_count":0,"bicycle_susp_serious_inj_count":0}},{"type":"Feature","id":12793,"geometry":{"type":"Point","coordinates":[-75.1574697707407,39.9802210710934]},"properties":{"objectid":12793,"crn":2021085939,"crash_year":2021,"pedestrian":1,"bicycle":0,"fatal_count":0,"susp_serious_inj_count":0,"ped_death_count":0,"ped_susp_serious_inj_count":0,"bicycle_death_count":0,"bicycle_susp_serious_inj_count":0}},{"type":"Feature","id":12827,"geometry":{"type":"Point","coordinates":[-75.247071797961,39.9611930636498]},"properties":{"objectid":12827,"crn":2021064291,"crash_year":2021,"pedestrian":1,"bicycle":0,"fatal_count":0,"susp_serious_inj_count":0,"ped_death_count":0,"ped_susp_serious_inj_count":0,"bicycle_death_count":0,"bicycle_susp_serious_inj_count":0}},{"type":"Feature","id":12835,"geometry":{"type":"Point","coordinates":[-75.1486117701831,40.020843079773]},"properties":{"objectid":12835,"crn":2021069915,"crash_year":2021,"pedestrian":0,"bicycle":1,"fatal_count":0,"susp_serious_inj_count":1,"ped_death_count":0,"ped_susp_serious_inj_count":0,"bicycle_death_count":0,"bicycle_susp_serious_inj_count":1}},{"type":"Feature","id":12858,"geometry":{"type":"Point","coordinates":[-75.247071797961,39.9611930636498]},"properties":{"objectid":12858,"crn":2021069867,"crash_year":2021,"pedestrian":1,"bicycle":0,"fatal_count":0,"susp_serious_inj_count":0,"ped_death_count":0,"ped_susp_serious_inj_count":0,"bicycle_death_count":0,"bicycle_susp_serious_inj_count":0}},{"type":"Feature","id":12936,"geometry":{"type":"Point","coordinates":[-75.1558027704415,39.9878650725821]},"properties":{"objectid":12936,"crn":2021064314,"crash_year":2021,"pedestrian":1,"bicycle":0,"fatal_count":0,"susp_serious_inj_count":0,"ped_death_count":0,"ped_susp_serious_inj_count":0,"bicycle_death_count":0,"bicycle_susp_serious_inj_count":0}},{"type":"Feature","id":12991,"geometry":{"type":"Point","coordinates":[-75.1600647717768,39.9915170731161]},"properties":{"objectid":12991,"crn":2021064321,"crash_year":2021,"pedestrian":1,"bicycle":0,"fatal_count":0,"susp_serious_inj_count":0,"ped_death_count":0,"ped_susp_serious_inj_count":0,"bicycle_death_count":0,"bicycle_susp_serious_inj_count":0}},{"type":"Feature","id":13022,"geometry":{"type":"Point","coordinates":[-75.2252157903323,39.9583330642382]},"properties":{"objectid":13022,"crn":2021035732,"crash_year":2021,"pedestrian":1,"bicycle":0,"fatal_count":0,"susp_serious_inj_count":0,"ped_death_count":0,"ped_susp_serious_inj_count":0,"bicycle_death_count":0,"bicycle_susp_serious_inj_count":0}},{"type":"Feature","id":13026,"geometry":{"type":"Point","coordinates":[-75.1656377729045,39.9770390704625]},"properties":{"objectid":13026,"crn":2021073840,"crash_year":2021,"pedestrian":1,"bicycle":0,"fatal_count":0,"susp_serious_inj_count":1,"ped_death_count":0,"ped_susp_serious_inj_count":1,"bicycle_death_count":0,"bicycle_susp_serious_inj_count":0}},{"type":"Feature","id":13031,"geometry":{"type":"Point","coordinates":[-75.1694097738969,39.9634010673775]},"properties":{"objectid":13031,"crn":2021038460,"crash_year":2021,"pedestrian":1,"bicycle":0,"fatal_count":0,"susp_serious_inj_count":0,"ped_death_count":0,"ped_susp_serious_inj_count":0,"bicycle_death_count":0,"bicycle_susp_serious_inj_count":0}},{"type":"Feature","id":13081,"geometry":{"type":"Point","coordinates":[-75.2393567968626,39.9814450684308]},"properties":{"objectid":13081,"crn":2021036071,"crash_year":2021,"pedestrian":1,"bicycle":0,"fatal_count":0,"susp_serious_inj_count":0,"ped_death_count":0,"ped_susp_serious_inj_count":0,"bicycle_death_count":0,"bicycle_susp_serious_inj_count":0}},{"type":"Feature","id":13145,"geometry":{"type":"Point","coordinates":[-75.2258707902851,39.9552080636722]},"properties":{"objectid":13145,"crn":2021039934,"crash_year":2021,"pedestrian":1,"bicycle":0,"fatal_count":0,"susp_serious_inj_count":0,"ped_death_count":0,"ped_susp_serious_inj_count":0,"bicycle_death_count":0,"bicycle_susp_serious_inj_count":0}},{"type":"Feature","id":13150,"geometry":{"type":"Point","coordinates":[-75.22458978918,39.9324380586653]},"properties":{"objectid":13150,"crn":2021069817,"crash_year":2021,"pedestrian":1,"bicycle":0,"fatal_count":0,"susp_serious_inj_count":1,"ped_death_count":0,"ped_susp_serious_inj_count":1,"bicycle_death_count":0,"bicycle_susp_serious_inj_count":0}},{"type":"Feature","id":13200,"geometry":{"type":"Point","coordinates":[-75.0144337286991,40.0408420885601]},"properties":{"objectid":13200,"crn":2021040692,"crash_year":2021,"pedestrian":0,"bicycle":1,"fatal_count":0,"susp_serious_inj_count":0,"ped_death_count":0,"ped_susp_serious_inj_count":0,"bicycle_death_count":0,"bicycle_susp_serious_inj_count":0}},{"type":"Feature","id":13213,"geometry":{"type":"Point","coordinates":[-75.1508027709819,40.0107770771327]},"properties":{"objectid":13213,"crn":2021075043,"crash_year":2021,"pedestrian":1,"bicycle":0,"fatal_count":0,"susp_serious_inj_count":1,"ped_death_count":0,"ped_susp_serious_inj_count":1,"bicycle_death_count":0,"bicycle_susp_serious_inj_count":0}},{"type":"Feature","id":13218,"geometry":{"type":"Point","coordinates":[-75.1576227687007,39.9537240655732]},"properties":{"objectid":13218,"crn":2021054937,"crash_year":2021,"pedestrian":1,"bicycle":0,"fatal_count":0,"susp_serious_inj_count":0,"ped_death_count":0,"ped_susp_serious_inj_count":0,"bicycle_death_count":0,"bicycle_susp_serious_inj_count":0}},{"type":"Feature","id":13230,"geometry":{"type":"Point","coordinates":[-75.1189607597208,39.9971750760443]},"properties":{"objectid":13230,"crn":2021041653,"crash_year":2021,"pedestrian":1,"bicycle":0,"fatal_count":0,"susp_serious_inj_count":1,"ped_death_count":0,"ped_susp_serious_inj_count":1,"bicycle_death_count":0,"bicycle_susp_serious_inj_count":0}},{"type":"Feature","id":13264,"geometry":{"type":"Point","coordinates":[-75.1342607618108,39.9644480689138]},"properties":{"objectid":13264,"crn":2021041593,"crash_year":2021,"pedestrian":1,"bicycle":0,"fatal_count":0,"susp_serious_inj_count":0,"ped_death_count":0,"ped_susp_serious_inj_count":0,"bicycle_death_count":0,"bicycle_susp_serious_inj_count":0}},{"type":"Feature","id":13325,"geometry":{"type":"Point","coordinates":[-75.148410770033,40.0217650791258]},"properties":{"objectid":13325,"crn":2021055243,"crash_year":2021,"pedestrian":1,"bicycle":0,"fatal_count":0,"susp_serious_inj_count":0,"ped_death_count":0,"ped_susp_serious_inj_count":0,"bicycle_death_count":0,"bicycle_susp_serious_inj_count":0}},{"type":"Feature","id":13328,"geometry":{"type":"Point","coordinates":[-75.1593727706582,39.9714540687743]},"properties":{"objectid":13328,"crn":2021041651,"crash_year":2021,"pedestrian":1,"bicycle":0,"fatal_count":0,"susp_serious_inj_count":0,"ped_death_count":0,"ped_susp_serious_inj_count":0,"bicycle_death_count":0,"bicycle_susp_serious_inj_count":0}},{"type":"Feature","id":13356,"geometry":{"type":"Point","coordinates":[-75.0996157528211,39.9920960752829]},"properties":{"objectid":13356,"crn":2021041091,"crash_year":2021,"pedestrian":0,"bicycle":1,"fatal_count":0,"susp_serious_inj_count":0,"ped_death_count":0,"ped_susp_serious_inj_count":0,"bicycle_death_count":0,"bicycle_susp_serious_inj_count":0}},{"type":"Feature","id":13438,"geometry":{"type":"Point","coordinates":[-75.0568647420677,40.0423710873475]},"properties":{"objectid":13438,"crn":2021051336,"crash_year":2021,"pedestrian":1,"bicycle":0,"fatal_count":0,"susp_serious_inj_count":1,"ped_death_count":0,"ped_susp_serious_inj_count":1,"bicycle_death_count":0,"bicycle_susp_serious_inj_count":0}},{"type":"Feature","id":13502,"geometry":{"type":"Point","coordinates":[-75.2355437934545,39.953672062688]},"properties":{"objectid":13502,"crn":2021053620,"crash_year":2021,"pedestrian":1,"bicycle":0,"fatal_count":0,"susp_serious_inj_count":0,"ped_death_count":0,"ped_susp_serious_inj_count":0,"bicycle_death_count":0,"bicycle_susp_serious_inj_count":0}},{"type":"Feature","id":13516,"geometry":{"type":"Point","coordinates":[-75.0939737529295,40.0222300814107]},"properties":{"objectid":13516,"crn":2021053604,"crash_year":2021,"pedestrian":1,"bicycle":0,"fatal_count":0,"susp_serious_inj_count":0,"ped_death_count":0,"ped_susp_serious_inj_count":0,"bicycle_death_count":0,"bicycle_susp_serious_inj_count":0}},{"type":"Feature","id":13546,"geometry":{"type":"Point","coordinates":[-75.0945327511002,39.9946390761142]},"properties":{"objectid":13546,"crn":2021049757,"crash_year":2021,"pedestrian":1,"bicycle":0,"fatal_count":0,"susp_serious_inj_count":0,"ped_death_count":0,"ped_susp_serious_inj_count":0,"bicycle_death_count":0,"bicycle_susp_serious_inj_count":0}},{"type":"Feature","id":13595,"geometry":{"type":"Point","coordinates":[-75.1584207703752,39.9758440699753]},"properties":{"objectid":13595,"crn":2021035988,"crash_year":2021,"pedestrian":1,"bicycle":0,"fatal_count":0,"susp_serious_inj_count":0,"ped_death_count":0,"ped_susp_serious_inj_count":0,"bicycle_death_count":0,"bicycle_susp_serious_inj_count":0}},{"type":"Feature","id":13613,"geometry":{"type":"Point","coordinates":[-75.1597907678742,39.9153080578969]},"properties":{"objectid":13613,"crn":2021050365,"crash_year":2021,"pedestrian":1,"bicycle":0,"fatal_count":0,"susp_serious_inj_count":0,"ped_death_count":0,"ped_susp_serious_inj_count":0,"bicycle_death_count":0,"bicycle_susp_serious_inj_count":0}},{"type":"Feature","id":13622,"geometry":{"type":"Point","coordinates":[-75.0620267436921,40.0370320859875]},"properties":{"objectid":13622,"crn":2021064258,"crash_year":2021,"pedestrian":1,"bicycle":0,"fatal_count":0,"susp_serious_inj_count":0,"ped_death_count":0,"ped_susp_serious_inj_count":0,"bicycle_death_count":0,"bicycle_susp_serious_inj_count":0}},{"type":"Feature","id":13798,"geometry":{"type":"Point","coordinates":[-75.1195017595192,39.997245075749]},"properties":{"objectid":13798,"crn":2021115771,"crash_year":2021,"pedestrian":1,"bicycle":0,"fatal_count":1,"susp_serious_inj_count":0,"ped_death_count":1,"ped_susp_serious_inj_count":0,"bicycle_death_count":0,"bicycle_susp_serious_inj_count":0}},{"type":"Feature","id":13812,"geometry":{"type":"Point","coordinates":[-75.0801527465307,39.9938910760746]},"properties":{"objectid":13812,"crn":2021070626,"crash_year":2021,"pedestrian":0,"bicycle":1,"fatal_count":0,"susp_serious_inj_count":0,"ped_death_count":0,"ped_susp_serious_inj_count":0,"bicycle_death_count":0,"bicycle_susp_serious_inj_count":0}},{"type":"Feature","id":13843,"geometry":{"type":"Point","coordinates":[-75.2061137890104,40.0294330786135]},"properties":{"objectid":13843,"crn":2021075098,"crash_year":2021,"pedestrian":1,"bicycle":0,"fatal_count":0,"susp_serious_inj_count":0,"ped_death_count":0,"ped_susp_serious_inj_count":0,"bicycle_death_count":0,"bicycle_susp_serious_inj_count":0}},{"type":"Feature","id":13853,"geometry":{"type":"Point","coordinates":[-75.16682977235,39.9527890653705]},"properties":{"objectid":13853,"crn":2021113687,"crash_year":2021,"pedestrian":1,"bicycle":0,"fatal_count":0,"susp_serious_inj_count":0,"ped_death_count":0,"ped_susp_serious_inj_count":0,"bicycle_death_count":0,"bicycle_susp_serious_inj_count":0}},{"type":"Feature","id":13871,"geometry":{"type":"Point","coordinates":[-75.1420897629705,39.9374010630594]},"properties":{"objectid":13871,"crn":2021116057,"crash_year":2021,"pedestrian":1,"bicycle":0,"fatal_count":0,"susp_serious_inj_count":1,"ped_death_count":0,"ped_susp_serious_inj_count":1,"bicycle_death_count":0,"bicycle_susp_serious_inj_count":0}},{"type":"Feature","id":13876,"geometry":{"type":"Point","coordinates":[-75.185175776466,39.9226550583556]},"properties":{"objectid":13876,"crn":2021114622,"crash_year":2021,"pedestrian":1,"bicycle":0,"fatal_count":0,"susp_serious_inj_count":0,"ped_death_count":0,"ped_susp_serious_inj_count":0,"bicycle_death_count":0,"bicycle_susp_serious_inj_count":0}},{"type":"Feature","id":13890,"geometry":{"type":"Point","coordinates":[-75.2261487907175,39.9570510634941]},"properties":{"objectid":13890,"crn":2021072784,"crash_year":2021,"pedestrian":1,"bicycle":0,"fatal_count":0,"susp_serious_inj_count":0,"ped_death_count":0,"ped_susp_serious_inj_count":0,"bicycle_death_count":0,"bicycle_susp_serious_inj_count":0}},{"type":"Feature","id":13941,"geometry":{"type":"Point","coordinates":[-75.140094766882,40.0156850783133]},"properties":{"objectid":13941,"crn":2021074021,"crash_year":2021,"pedestrian":1,"bicycle":0,"fatal_count":0,"susp_serious_inj_count":0,"ped_death_count":0,"ped_susp_serious_inj_count":0,"bicycle_death_count":0,"bicycle_susp_serious_inj_count":0}},{"type":"Feature","id":13951,"geometry":{"type":"Point","coordinates":[-75.1831467788414,39.97452506927]},"properties":{"objectid":13951,"crn":2021073841,"crash_year":2021,"pedestrian":1,"bicycle":0,"fatal_count":0,"susp_serious_inj_count":0,"ped_death_count":0,"ped_susp_serious_inj_count":0,"bicycle_death_count":0,"bicycle_susp_serious_inj_count":0}},{"type":"Feature","id":13962,"geometry":{"type":"Point","coordinates":[-75.2121097844435,39.9176120561426]},"properties":{"objectid":13962,"crn":2021114709,"crash_year":2021,"pedestrian":1,"bicycle":0,"fatal_count":1,"susp_serious_inj_count":0,"ped_death_count":1,"ped_susp_serious_inj_count":0,"bicycle_death_count":0,"bicycle_susp_serious_inj_count":0}},{"type":"Feature","id":13977,"geometry":{"type":"Point","coordinates":[-75.1527997707186,40.0015930753992]},"properties":{"objectid":13977,"crn":2021074612,"crash_year":2021,"pedestrian":0,"bicycle":1,"fatal_count":0,"susp_serious_inj_count":0,"ped_death_count":0,"ped_susp_serious_inj_count":0,"bicycle_death_count":0,"bicycle_susp_serious_inj_count":0}},{"type":"Feature","id":14037,"geometry":{"type":"Point","coordinates":[-75.1785197755117,39.9511280648331]},"properties":{"objectid":14037,"crn":2021072020,"crash_year":2021,"pedestrian":0,"bicycle":1,"fatal_count":0,"susp_serious_inj_count":0,"ped_death_count":0,"ped_susp_serious_inj_count":0,"bicycle_death_count":0,"bicycle_susp_serious_inj_count":0}},{"type":"Feature","id":14068,"geometry":{"type":"Point","coordinates":[-75.1191467587459,39.9834440733315]},"properties":{"objectid":14068,"crn":2021073415,"crash_year":2021,"pedestrian":0,"bicycle":1,"fatal_count":0,"susp_serious_inj_count":0,"ped_death_count":0,"ped_susp_serious_inj_count":0,"bicycle_death_count":0,"bicycle_susp_serious_inj_count":0}},{"type":"Feature","id":14074,"geometry":{"type":"Point","coordinates":[-75.1737357725815,39.9247200589888]},"properties":{"objectid":14074,"crn":2021075401,"crash_year":2021,"pedestrian":0,"bicycle":1,"fatal_count":0,"susp_serious_inj_count":0,"ped_death_count":0,"ped_susp_serious_inj_count":0,"bicycle_death_count":0,"bicycle_susp_serious_inj_count":0}},{"type":"Feature","id":14077,"geometry":{"type":"Point","coordinates":[-75.1512407710087,40.0092650768922]},"properties":{"objectid":14077,"crn":2021072653,"crash_year":2021,"pedestrian":1,"bicycle":0,"fatal_count":0,"susp_serious_inj_count":0,"ped_death_count":0,"ped_susp_serious_inj_count":0,"bicycle_death_count":0,"bicycle_susp_serious_inj_count":0}},{"type":"Feature","id":14091,"geometry":{"type":"Point","coordinates":[-75.1968777844451,40.0092420752569]},"properties":{"objectid":14091,"crn":2021105321,"crash_year":2021,"pedestrian":1,"bicycle":0,"fatal_count":0,"susp_serious_inj_count":1,"ped_death_count":0,"ped_susp_serious_inj_count":1,"bicycle_death_count":0,"bicycle_susp_serious_inj_count":0}},{"type":"Feature","id":14109,"geometry":{"type":"Point","coordinates":[-75.22518179112,39.9584950642212]},"properties":{"objectid":14109,"crn":2021103711,"crash_year":2021,"pedestrian":1,"bicycle":0,"fatal_count":0,"susp_serious_inj_count":0,"ped_death_count":0,"ped_susp_serious_inj_count":0,"bicycle_death_count":0,"bicycle_susp_serious_inj_count":0}},{"type":"Feature","id":14178,"geometry":{"type":"Point","coordinates":[-75.1259817631701,40.0138480789744]},"properties":{"objectid":14178,"crn":2021104254,"crash_year":2021,"pedestrian":1,"bicycle":0,"fatal_count":0,"susp_serious_inj_count":0,"ped_death_count":0,"ped_susp_serious_inj_count":0,"bicycle_death_count":0,"bicycle_susp_serious_inj_count":0}},{"type":"Feature","id":14180,"geometry":{"type":"Point","coordinates":[-75.1567877761383,40.0686710883421]},"properties":{"objectid":14180,"crn":2021121168,"crash_year":2021,"pedestrian":1,"bicycle":0,"fatal_count":0,"susp_serious_inj_count":0,"ped_death_count":0,"ped_susp_serious_inj_count":0,"bicycle_death_count":0,"bicycle_susp_serious_inj_count":0}},{"type":"Feature","id":14193,"geometry":{"type":"Point","coordinates":[-75.1824797749368,39.9272970594091]},"properties":{"objectid":14193,"crn":2021106993,"crash_year":2021,"pedestrian":0,"bicycle":1,"fatal_count":0,"susp_serious_inj_count":0,"ped_death_count":0,"ped_susp_serious_inj_count":0,"bicycle_death_count":0,"bicycle_susp_serious_inj_count":0}},{"type":"Feature","id":14287,"geometry":{"type":"Point","coordinates":[-75.1617097703442,39.9612770670753]},"properties":{"objectid":14287,"crn":2021104685,"crash_year":2021,"pedestrian":1,"bicycle":0,"fatal_count":0,"susp_serious_inj_count":0,"ped_death_count":0,"ped_susp_serious_inj_count":0,"bicycle_death_count":0,"bicycle_susp_serious_inj_count":0}},{"type":"Feature","id":14298,"geometry":{"type":"Point","coordinates":[-75.1697397712006,39.9243930590189]},"properties":{"objectid":14298,"crn":2021123964,"crash_year":2021,"pedestrian":1,"bicycle":0,"fatal_count":0,"susp_serious_inj_count":0,"ped_death_count":0,"ped_susp_serious_inj_count":0,"bicycle_death_count":0,"bicycle_susp_serious_inj_count":0}},{"type":"Feature","id":14359,"geometry":{"type":"Point","coordinates":[-75.1328987639685,39.9912010743944]},"properties":{"objectid":14359,"crn":2021105765,"crash_year":2021,"pedestrian":1,"bicycle":0,"fatal_count":1,"susp_serious_inj_count":0,"ped_death_count":1,"ped_susp_serious_inj_count":0,"bicycle_death_count":0,"bicycle_susp_serious_inj_count":0}},{"type":"Feature","id":14365,"geometry":{"type":"Point","coordinates":[-75.2189327873528,39.9363360599927]},"properties":{"objectid":14365,"crn":2021112977,"crash_year":2021,"pedestrian":1,"bicycle":0,"fatal_count":0,"susp_serious_inj_count":0,"ped_death_count":0,"ped_susp_serious_inj_count":0,"bicycle_death_count":0,"bicycle_susp_serious_inj_count":0}},{"type":"Feature","id":14395,"geometry":{"type":"Point","coordinates":[-75.1511387707079,40.009233076786]},"properties":{"objectid":14395,"crn":2021112269,"crash_year":2021,"pedestrian":1,"bicycle":0,"fatal_count":0,"susp_serious_inj_count":1,"ped_death_count":0,"ped_susp_serious_inj_count":1,"bicycle_death_count":0,"bicycle_susp_serious_inj_count":0}},{"type":"Feature","id":14398,"geometry":{"type":"Point","coordinates":[-75.085405749821,40.0148430804356]},"properties":{"objectid":14398,"crn":2021110290,"crash_year":2021,"pedestrian":1,"bicycle":0,"fatal_count":0,"susp_serious_inj_count":0,"ped_death_count":0,"ped_susp_serious_inj_count":0,"bicycle_death_count":0,"bicycle_susp_serious_inj_count":0}},{"type":"Feature","id":14403,"geometry":{"type":"Point","coordinates":[-75.10933775652,39.9987540759388]},"properties":{"objectid":14403,"crn":2021110718,"crash_year":2021,"pedestrian":1,"bicycle":0,"fatal_count":0,"susp_serious_inj_count":0,"ped_death_count":0,"ped_susp_serious_inj_count":0,"bicycle_death_count":0,"bicycle_susp_serious_inj_count":0}},{"type":"Feature","id":14415,"geometry":{"type":"Point","coordinates":[-75.1595527672442,39.9166850581681]},"properties":{"objectid":14415,"crn":2021095540,"crash_year":2021,"pedestrian":1,"bicycle":0,"fatal_count":0,"susp_serious_inj_count":0,"ped_death_count":0,"ped_susp_serious_inj_count":0,"bicycle_death_count":0,"bicycle_susp_serious_inj_count":0}},{"type":"Feature","id":14450,"geometry":{"type":"Point","coordinates":[-75.1644927688069,39.9159070582294]},"properties":{"objectid":14450,"crn":2021093779,"crash_year":2021,"pedestrian":1,"bicycle":0,"fatal_count":0,"susp_serious_inj_count":0,"ped_death_count":0,"ped_susp_serious_inj_count":0,"bicycle_death_count":0,"bicycle_susp_serious_inj_count":0}},{"type":"Feature","id":14460,"geometry":{"type":"Point","coordinates":[-75.1510547701574,40.0095840773069]},"properties":{"objectid":14460,"crn":2021102543,"crash_year":2021,"pedestrian":1,"bicycle":0,"fatal_count":0,"susp_serious_inj_count":0,"ped_death_count":0,"ped_susp_serious_inj_count":0,"bicycle_death_count":0,"bicycle_susp_serious_inj_count":0}},{"type":"Feature","id":14464,"geometry":{"type":"Point","coordinates":[-75.1557257690504,39.9710460690921]},"properties":{"objectid":14464,"crn":2021119444,"crash_year":2021,"pedestrian":1,"bicycle":0,"fatal_count":0,"susp_serious_inj_count":0,"ped_death_count":0,"ped_susp_serious_inj_count":0,"bicycle_death_count":0,"bicycle_susp_serious_inj_count":0}},{"type":"Feature","id":14473,"geometry":{"type":"Point","coordinates":[-75.2253497910302,39.9577020644902]},"properties":{"objectid":14473,"crn":2021096407,"crash_year":2021,"pedestrian":1,"bicycle":0,"fatal_count":0,"susp_serious_inj_count":0,"ped_death_count":0,"ped_susp_serious_inj_count":0,"bicycle_death_count":0,"bicycle_susp_serious_inj_count":0}},{"type":"Feature","id":14477,"geometry":{"type":"Point","coordinates":[-75.1845797783744,39.9693340676349]},"properties":{"objectid":14477,"crn":2021092310,"crash_year":2021,"pedestrian":0,"bicycle":1,"fatal_count":0,"susp_serious_inj_count":0,"ped_death_count":0,"ped_susp_serious_inj_count":0,"bicycle_death_count":0,"bicycle_susp_serious_inj_count":0}},{"type":"Feature","id":14496,"geometry":{"type":"Point","coordinates":[-75.1641467717057,39.9579390664681]},"properties":{"objectid":14496,"crn":2021093017,"crash_year":2021,"pedestrian":0,"bicycle":1,"fatal_count":0,"susp_serious_inj_count":0,"ped_death_count":0,"ped_susp_serious_inj_count":0,"bicycle_death_count":0,"bicycle_susp_serious_inj_count":0}},{"type":"Feature","id":14516,"geometry":{"type":"Point","coordinates":[-75.0732917447704,39.9974170772949]},"properties":{"objectid":14516,"crn":2021094678,"crash_year":2021,"pedestrian":1,"bicycle":0,"fatal_count":0,"susp_serious_inj_count":0,"ped_death_count":0,"ped_susp_serious_inj_count":0,"bicycle_death_count":0,"bicycle_susp_serious_inj_count":0}},{"type":"Feature","id":14526,"geometry":{"type":"Point","coordinates":[-75.1364947627916,39.9617420679067]},"properties":{"objectid":14526,"crn":2021098667,"crash_year":2021,"pedestrian":1,"bicycle":0,"fatal_count":0,"susp_serious_inj_count":1,"ped_death_count":0,"ped_susp_serious_inj_count":1,"bicycle_death_count":0,"bicycle_susp_serious_inj_count":0}},{"type":"Feature","id":14532,"geometry":{"type":"Point","coordinates":[-75.22996279106,39.9286610582299]},"properties":{"objectid":14532,"crn":2021095961,"crash_year":2021,"pedestrian":0,"bicycle":1,"fatal_count":0,"susp_serious_inj_count":1,"ped_death_count":0,"ped_susp_serious_inj_count":0,"bicycle_death_count":0,"bicycle_susp_serious_inj_count":1}},{"type":"Feature","id":14536,"geometry":{"type":"Point","coordinates":[-75.1843737758853,39.91855505795]},"properties":{"objectid":14536,"crn":2021095476,"crash_year":2021,"pedestrian":1,"bicycle":0,"fatal_count":0,"susp_serious_inj_count":0,"ped_death_count":0,"ped_susp_serious_inj_count":0,"bicycle_death_count":0,"bicycle_susp_serious_inj_count":0}},{"type":"Feature","id":14543,"geometry":{"type":"Point","coordinates":[-75.1971577816879,39.9510250637974]},"properties":{"objectid":14543,"crn":2021101325,"crash_year":2021,"pedestrian":1,"bicycle":0,"fatal_count":0,"susp_serious_inj_count":0,"ped_death_count":0,"ped_susp_serious_inj_count":0,"bicycle_death_count":0,"bicycle_susp_serious_inj_count":0}},{"type":"Feature","id":14564,"geometry":{"type":"Point","coordinates":[-75.140094766882,40.0156850783133]},"properties":{"objectid":14564,"crn":2021101031,"crash_year":2021,"pedestrian":1,"bicycle":0,"fatal_count":0,"susp_serious_inj_count":0,"ped_death_count":0,"ped_susp_serious_inj_count":0,"bicycle_death_count":0,"bicycle_susp_serious_inj_count":0}},{"type":"Feature","id":14565,"geometry":{"type":"Point","coordinates":[-75.1944687803458,39.9546810641738]},"properties":{"objectid":14565,"crn":2021096343,"crash_year":2021,"pedestrian":0,"bicycle":1,"fatal_count":0,"susp_serious_inj_count":1,"ped_death_count":0,"ped_susp_serious_inj_count":0,"bicycle_death_count":0,"bicycle_susp_serious_inj_count":1}},{"type":"Feature","id":14587,"geometry":{"type":"Point","coordinates":[-75.1564957706075,39.9846890721526]},"properties":{"objectid":14587,"crn":2021095449,"crash_year":2021,"pedestrian":1,"bicycle":0,"fatal_count":0,"susp_serious_inj_count":0,"ped_death_count":0,"ped_susp_serious_inj_count":0,"bicycle_death_count":0,"bicycle_susp_serious_inj_count":0}},{"type":"Feature","id":14712,"geometry":{"type":"Point","coordinates":[-75.1660497704493,39.9239170598329]},"properties":{"objectid":14712,"crn":2021112314,"crash_year":2021,"pedestrian":1,"bicycle":0,"fatal_count":0,"susp_serious_inj_count":0,"ped_death_count":0,"ped_susp_serious_inj_count":0,"bicycle_death_count":0,"bicycle_susp_serious_inj_count":0}},{"type":"Feature","id":14716,"geometry":{"type":"Point","coordinates":[-75.2192887891493,39.9577620639165]},"properties":{"objectid":14716,"crn":2021110385,"crash_year":2021,"pedestrian":1,"bicycle":0,"fatal_count":0,"susp_serious_inj_count":0,"ped_death_count":0,"ped_susp_serious_inj_count":0,"bicycle_death_count":0,"bicycle_susp_serious_inj_count":0}},{"type":"Feature","id":14738,"geometry":{"type":"Point","coordinates":[-75.1917877795692,39.9543470646357]},"properties":{"objectid":14738,"crn":2021110636,"crash_year":2021,"pedestrian":1,"bicycle":0,"fatal_count":0,"susp_serious_inj_count":0,"ped_death_count":0,"ped_susp_serious_inj_count":0,"bicycle_death_count":0,"bicycle_susp_serious_inj_count":0}},{"type":"Feature","id":14798,"geometry":{"type":"Point","coordinates":[-75.1567877761383,40.0686710883421]},"properties":{"objectid":14798,"crn":2021123966,"crash_year":2021,"pedestrian":1,"bicycle":0,"fatal_count":0,"susp_serious_inj_count":0,"ped_death_count":0,"ped_susp_serious_inj_count":0,"bicycle_death_count":0,"bicycle_susp_serious_inj_count":0}},{"type":"Feature","id":14813,"geometry":{"type":"Point","coordinates":[-75.1576717677284,39.9253310605031]},"properties":{"objectid":14813,"crn":2021110610,"crash_year":2021,"pedestrian":1,"bicycle":0,"fatal_count":0,"susp_serious_inj_count":0,"ped_death_count":0,"ped_susp_serious_inj_count":0,"bicycle_death_count":0,"bicycle_susp_serious_inj_count":0}},{"type":"Feature","id":14823,"geometry":{"type":"Point","coordinates":[-75.1481997707459,40.0227270794597]},"properties":{"objectid":14823,"crn":2021113470,"crash_year":2021,"pedestrian":1,"bicycle":0,"fatal_count":0,"susp_serious_inj_count":0,"ped_death_count":0,"ped_susp_serious_inj_count":0,"bicycle_death_count":0,"bicycle_susp_serious_inj_count":0}},{"type":"Feature","id":14856,"geometry":{"type":"Point","coordinates":[-75.1925867799492,39.9504480637839]},"properties":{"objectid":14856,"crn":2021094212,"crash_year":2021,"pedestrian":0,"bicycle":1,"fatal_count":0,"susp_serious_inj_count":0,"ped_death_count":0,"ped_susp_serious_inj_count":0,"bicycle_death_count":0,"bicycle_susp_serious_inj_count":0}},{"type":"Feature","id":14858,"geometry":{"type":"Point","coordinates":[-75.1474627697553,40.0260910803086]},"properties":{"objectid":14858,"crn":2021097959,"crash_year":2021,"pedestrian":1,"bicycle":0,"fatal_count":0,"susp_serious_inj_count":0,"ped_death_count":0,"ped_susp_serious_inj_count":0,"bicycle_death_count":0,"bicycle_susp_serious_inj_count":0}},{"type":"Feature","id":14866,"geometry":{"type":"Point","coordinates":[-75.1294267627181,39.9985360753116]},"properties":{"objectid":14866,"crn":2021092806,"crash_year":2021,"pedestrian":1,"bicycle":0,"fatal_count":0,"susp_serious_inj_count":0,"ped_death_count":0,"ped_susp_serious_inj_count":0,"bicycle_death_count":0,"bicycle_susp_serious_inj_count":0}},{"type":"Feature","id":14870,"geometry":{"type":"Point","coordinates":[-75.1700767715729,39.9365750614144]},"properties":{"objectid":14870,"crn":2021112343,"crash_year":2021,"pedestrian":1,"bicycle":0,"fatal_count":0,"susp_serious_inj_count":0,"ped_death_count":0,"ped_susp_serious_inj_count":0,"bicycle_death_count":0,"bicycle_susp_serious_inj_count":0}},{"type":"Feature","id":14879,"geometry":{"type":"Point","coordinates":[-75.1581367705401,39.9770930707046]},"properties":{"objectid":14879,"crn":2021114020,"crash_year":2021,"pedestrian":1,"bicycle":0,"fatal_count":0,"susp_serious_inj_count":0,"ped_death_count":0,"ped_susp_serious_inj_count":0,"bicycle_death_count":0,"bicycle_susp_serious_inj_count":0}},{"type":"Feature","id":14908,"geometry":{"type":"Point","coordinates":[-75.1688157709363,39.9280740599398]},"properties":{"objectid":14908,"crn":2021116572,"crash_year":2021,"pedestrian":1,"bicycle":0,"fatal_count":0,"susp_serious_inj_count":1,"ped_death_count":0,"ped_susp_serious_inj_count":1,"bicycle_death_count":0,"bicycle_susp_serious_inj_count":0}},{"type":"Feature","id":14923,"geometry":{"type":"Point","coordinates":[-75.1406707651767,39.9696980696559]},"properties":{"objectid":14923,"crn":2021098008,"crash_year":2021,"pedestrian":0,"bicycle":1,"fatal_count":0,"susp_serious_inj_count":0,"ped_death_count":0,"ped_susp_serious_inj_count":0,"bicycle_death_count":0,"bicycle_susp_serious_inj_count":0}},{"type":"Feature","id":14931,"geometry":{"type":"Point","coordinates":[-75.1802867813698,40.0304190801568]},"properties":{"objectid":14931,"crn":2021110208,"crash_year":2021,"pedestrian":1,"bicycle":0,"fatal_count":0,"susp_serious_inj_count":0,"ped_death_count":0,"ped_susp_serious_inj_count":0,"bicycle_death_count":0,"bicycle_susp_serious_inj_count":0}},{"type":"Feature","id":14950,"geometry":{"type":"Point","coordinates":[-75.1652277711895,39.9446700637767]},"properties":{"objectid":14950,"crn":2021097940,"crash_year":2021,"pedestrian":1,"bicycle":0,"fatal_count":0,"susp_serious_inj_count":0,"ped_death_count":0,"ped_susp_serious_inj_count":0,"bicycle_death_count":0,"bicycle_susp_serious_inj_count":0}},{"type":"Feature","id":14978,"geometry":{"type":"Point","coordinates":[-75.189726779169,39.9540870649953]},"properties":{"objectid":14978,"crn":2021114666,"crash_year":2021,"pedestrian":1,"bicycle":0,"fatal_count":0,"susp_serious_inj_count":0,"ped_death_count":0,"ped_susp_serious_inj_count":0,"bicycle_death_count":0,"bicycle_susp_serious_inj_count":0}},{"type":"Feature","id":15054,"geometry":{"type":"Point","coordinates":[-75.189726779169,39.9540870649953]},"properties":{"objectid":15054,"crn":2021097318,"crash_year":2021,"pedestrian":1,"bicycle":0,"fatal_count":0,"susp_serious_inj_count":0,"ped_death_count":0,"ped_susp_serious_inj_count":0,"bicycle_death_count":0,"bicycle_susp_serious_inj_count":0}},{"type":"Feature","id":15063,"geometry":{"type":"Point","coordinates":[-75.1693657724772,39.956954065763]},"properties":{"objectid":15063,"crn":2021093015,"crash_year":2021,"pedestrian":0,"bicycle":1,"fatal_count":0,"susp_serious_inj_count":0,"ped_death_count":0,"ped_susp_serious_inj_count":0,"bicycle_death_count":0,"bicycle_susp_serious_inj_count":0}},{"type":"Feature","id":15093,"geometry":{"type":"Point","coordinates":[-75.2319147932066,39.9655990650321]},"properties":{"objectid":15093,"crn":2021090519,"crash_year":2021,"pedestrian":1,"bicycle":0,"fatal_count":0,"susp_serious_inj_count":0,"ped_death_count":0,"ped_susp_serious_inj_count":0,"bicycle_death_count":0,"bicycle_susp_serious_inj_count":0}},{"type":"Feature","id":15100,"geometry":{"type":"Point","coordinates":[-75.1700117713192,39.9231530591865]},"properties":{"objectid":15100,"crn":2021091267,"crash_year":2021,"pedestrian":1,"bicycle":0,"fatal_count":0,"susp_serious_inj_count":0,"ped_death_count":0,"ped_susp_serious_inj_count":0,"bicycle_death_count":0,"bicycle_susp_serious_inj_count":0}},{"type":"Feature","id":15104,"geometry":{"type":"Point","coordinates":[-75.1328987639685,39.9912010743944]},"properties":{"objectid":15104,"crn":2021092860,"crash_year":2021,"pedestrian":1,"bicycle":0,"fatal_count":0,"susp_serious_inj_count":1,"ped_death_count":0,"ped_susp_serious_inj_count":1,"bicycle_death_count":0,"bicycle_susp_serious_inj_count":0}},{"type":"Feature","id":15131,"geometry":{"type":"Point","coordinates":[-75.1703357738377,39.9728740686605]},"properties":{"objectid":15131,"crn":2021090065,"crash_year":2021,"pedestrian":1,"bicycle":0,"fatal_count":0,"susp_serious_inj_count":1,"ped_death_count":0,"ped_susp_serious_inj_count":1,"bicycle_death_count":0,"bicycle_susp_serious_inj_count":0}},{"type":"Feature","id":15133,"geometry":{"type":"Point","coordinates":[-75.169210770952,39.9166090578791]},"properties":{"objectid":15133,"crn":2021097419,"crash_year":2021,"pedestrian":1,"bicycle":0,"fatal_count":0,"susp_serious_inj_count":0,"ped_death_count":0,"ped_susp_serious_inj_count":0,"bicycle_death_count":0,"bicycle_susp_serious_inj_count":0}},{"type":"Feature","id":15136,"geometry":{"type":"Point","coordinates":[-75.1564447700902,39.984919072186]},"properties":{"objectid":15136,"crn":2021088136,"crash_year":2021,"pedestrian":1,"bicycle":0,"fatal_count":0,"susp_serious_inj_count":1,"ped_death_count":0,"ped_susp_serious_inj_count":1,"bicycle_death_count":0,"bicycle_susp_serious_inj_count":0}},{"type":"Feature","id":15137,"geometry":{"type":"Point","coordinates":[-75.1596057702484,39.9704130685481]},"properties":{"objectid":15137,"crn":2021091072,"crash_year":2021,"pedestrian":1,"bicycle":0,"fatal_count":0,"susp_serious_inj_count":0,"ped_death_count":0,"ped_susp_serious_inj_count":0,"bicycle_death_count":0,"bicycle_susp_serious_inj_count":0}},{"type":"Feature","id":15140,"geometry":{"type":"Point","coordinates":[-75.2110017860882,39.9582370642515]},"properties":{"objectid":15140,"crn":2021098092,"crash_year":2021,"pedestrian":1,"bicycle":0,"fatal_count":0,"susp_serious_inj_count":0,"ped_death_count":0,"ped_susp_serious_inj_count":0,"bicycle_death_count":0,"bicycle_susp_serious_inj_count":0}},{"type":"Feature","id":15149,"geometry":{"type":"Point","coordinates":[-75.2248037910595,39.9662470661018]},"properties":{"objectid":15149,"crn":2021091489,"crash_year":2021,"pedestrian":1,"bicycle":0,"fatal_count":0,"susp_serious_inj_count":0,"ped_death_count":0,"ped_susp_serious_inj_count":0,"bicycle_death_count":0,"bicycle_susp_serious_inj_count":0}},{"type":"Feature","id":15156,"geometry":{"type":"Point","coordinates":[-75.2371257952434,39.9599660645013]},"properties":{"objectid":15156,"crn":2021095447,"crash_year":2021,"pedestrian":0,"bicycle":1,"fatal_count":0,"susp_serious_inj_count":0,"ped_death_count":0,"ped_susp_serious_inj_count":0,"bicycle_death_count":0,"bicycle_susp_serious_inj_count":0}},{"type":"Feature","id":15159,"geometry":{"type":"Point","coordinates":[-75.1673317707412,39.9253320601112]},"properties":{"objectid":15159,"crn":2021098396,"crash_year":2021,"pedestrian":0,"bicycle":1,"fatal_count":0,"susp_serious_inj_count":0,"ped_death_count":0,"ped_susp_serious_inj_count":0,"bicycle_death_count":0,"bicycle_susp_serious_inj_count":0}},{"type":"Feature","id":15205,"geometry":{"type":"Point","coordinates":[-75.1456887660862,39.9576280668872]},"properties":{"objectid":15205,"crn":2021095787,"crash_year":2021,"pedestrian":1,"bicycle":0,"fatal_count":0,"susp_serious_inj_count":0,"ped_death_count":0,"ped_susp_serious_inj_count":0,"bicycle_death_count":0,"bicycle_susp_serious_inj_count":0}},{"type":"Feature","id":15219,"geometry":{"type":"Point","coordinates":[-75.1914687798344,39.9558320651584]},"properties":{"objectid":15219,"crn":2021104474,"crash_year":2021,"pedestrian":1,"bicycle":0,"fatal_count":0,"susp_serious_inj_count":0,"ped_death_count":0,"ped_susp_serious_inj_count":0,"bicycle_death_count":0,"bicycle_susp_serious_inj_count":0}},{"type":"Feature","id":15273,"geometry":{"type":"Point","coordinates":[-75.0537277398962,40.0205250827064]},"properties":{"objectid":15273,"crn":2021106369,"crash_year":2021,"pedestrian":1,"bicycle":0,"fatal_count":0,"susp_serious_inj_count":0,"ped_death_count":0,"ped_susp_serious_inj_count":0,"bicycle_death_count":0,"bicycle_susp_serious_inj_count":0}},{"type":"Feature","id":15274,"geometry":{"type":"Point","coordinates":[-75.1585667696986,39.950175065205]},"properties":{"objectid":15274,"crn":2021127220,"crash_year":2021,"pedestrian":1,"bicycle":0,"fatal_count":0,"susp_serious_inj_count":0,"ped_death_count":0,"ped_susp_serious_inj_count":0,"bicycle_death_count":0,"bicycle_susp_serious_inj_count":0}},{"type":"Feature","id":15288,"geometry":{"type":"Point","coordinates":[-75.1484847706073,40.0214260794423]},"properties":{"objectid":15288,"crn":2021110210,"crash_year":2021,"pedestrian":1,"bicycle":0,"fatal_count":0,"susp_serious_inj_count":1,"ped_death_count":0,"ped_susp_serious_inj_count":1,"bicycle_death_count":0,"bicycle_susp_serious_inj_count":0}},{"type":"Feature","id":15296,"geometry":{"type":"Point","coordinates":[-75.1364487635347,39.9689740691305]},"properties":{"objectid":15296,"crn":2021109392,"crash_year":2021,"pedestrian":1,"bicycle":0,"fatal_count":0,"susp_serious_inj_count":0,"ped_death_count":0,"ped_susp_serious_inj_count":0,"bicycle_death_count":0,"bicycle_susp_serious_inj_count":0}},{"type":"Feature","id":15299,"geometry":{"type":"Point","coordinates":[-75.1599477689859,39.9367830622922]},"properties":{"objectid":15299,"crn":2021105862,"crash_year":2021,"pedestrian":1,"bicycle":0,"fatal_count":0,"susp_serious_inj_count":0,"ped_death_count":0,"ped_susp_serious_inj_count":0,"bicycle_death_count":0,"bicycle_susp_serious_inj_count":0}},{"type":"Feature","id":15322,"geometry":{"type":"Point","coordinates":[-75.2335007933085,39.9579600640394]},"properties":{"objectid":15322,"crn":2021109021,"crash_year":2021,"pedestrian":1,"bicycle":0,"fatal_count":0,"susp_serious_inj_count":0,"ped_death_count":0,"ped_susp_serious_inj_count":0,"bicycle_death_count":0,"bicycle_susp_serious_inj_count":0}},{"type":"Feature","id":15329,"geometry":{"type":"Point","coordinates":[-75.1596577703998,39.9701810690825]},"properties":{"objectid":15329,"crn":2021105830,"crash_year":2021,"pedestrian":1,"bicycle":0,"fatal_count":0,"susp_serious_inj_count":0,"ped_death_count":0,"ped_susp_serious_inj_count":0,"bicycle_death_count":0,"bicycle_susp_serious_inj_count":0}},{"type":"Feature","id":15333,"geometry":{"type":"Point","coordinates":[-75.2018587833189,39.9571100650055]},"properties":{"objectid":15333,"crn":2021109123,"crash_year":2021,"pedestrian":1,"bicycle":0,"fatal_count":0,"susp_serious_inj_count":0,"ped_death_count":0,"ped_susp_serious_inj_count":0,"bicycle_death_count":0,"bicycle_susp_serious_inj_count":0}},{"type":"Feature","id":15356,"geometry":{"type":"Point","coordinates":[-75.087802751394,40.0299060837061]},"properties":{"objectid":15356,"crn":2021108888,"crash_year":2021,"pedestrian":1,"bicycle":0,"fatal_count":0,"susp_serious_inj_count":0,"ped_death_count":0,"ped_susp_serious_inj_count":0,"bicycle_death_count":0,"bicycle_susp_serious_inj_count":0}},{"type":"Feature","id":15370,"geometry":{"type":"Point","coordinates":[-75.1552837706115,39.9908760734722]},"properties":{"objectid":15370,"crn":2021107433,"crash_year":2021,"pedestrian":1,"bicycle":0,"fatal_count":0,"susp_serious_inj_count":0,"ped_death_count":0,"ped_susp_serious_inj_count":0,"bicycle_death_count":0,"bicycle_susp_serious_inj_count":0}},{"type":"Feature","id":15375,"geometry":{"type":"Point","coordinates":[-75.1629647746796,40.0117280774577]},"properties":{"objectid":15375,"crn":2021120790,"crash_year":2021,"pedestrian":1,"bicycle":0,"fatal_count":0,"susp_serious_inj_count":0,"ped_death_count":0,"ped_susp_serious_inj_count":0,"bicycle_death_count":0,"bicycle_susp_serious_inj_count":0}},{"type":"Feature","id":15399,"geometry":{"type":"Point","coordinates":[-75.1494327671227,39.9550550658602]},"properties":{"objectid":15399,"crn":2021106257,"crash_year":2021,"pedestrian":1,"bicycle":0,"fatal_count":0,"susp_serious_inj_count":0,"ped_death_count":0,"ped_susp_serious_inj_count":0,"bicycle_death_count":0,"bicycle_susp_serious_inj_count":0}},{"type":"Feature","id":15410,"geometry":{"type":"Point","coordinates":[-75.1880017796418,39.9605640662713]},"properties":{"objectid":15410,"crn":2021107424,"crash_year":2021,"pedestrian":0,"bicycle":1,"fatal_count":0,"susp_serious_inj_count":0,"ped_death_count":0,"ped_susp_serious_inj_count":0,"bicycle_death_count":0,"bicycle_susp_serious_inj_count":0}},{"type":"Feature","id":15422,"geometry":{"type":"Point","coordinates":[-75.1344257627273,39.9688990699851]},"properties":{"objectid":15422,"crn":2021101646,"crash_year":2021,"pedestrian":1,"bicycle":0,"fatal_count":0,"susp_serious_inj_count":0,"ped_death_count":0,"ped_susp_serious_inj_count":0,"bicycle_death_count":0,"bicycle_susp_serious_inj_count":0}},{"type":"Feature","id":15466,"geometry":{"type":"Point","coordinates":[-75.1814577742748,39.9154580570423]},"properties":{"objectid":15466,"crn":2021099122,"crash_year":2021,"pedestrian":0,"bicycle":1,"fatal_count":0,"susp_serious_inj_count":0,"ped_death_count":0,"ped_susp_serious_inj_count":0,"bicycle_death_count":0,"bicycle_susp_serious_inj_count":0}},{"type":"Feature","id":15467,"geometry":{"type":"Point","coordinates":[-75.1570767688724,39.9500130646569]},"properties":{"objectid":15467,"crn":2021100883,"crash_year":2021,"pedestrian":1,"bicycle":0,"fatal_count":0,"susp_serious_inj_count":0,"ped_death_count":0,"ped_susp_serious_inj_count":0,"bicycle_death_count":0,"bicycle_susp_serious_inj_count":0}},{"type":"Feature","id":15493,"geometry":{"type":"Point","coordinates":[-75.1472927642267,39.9214910600266]},"properties":{"objectid":15493,"crn":2021101220,"crash_year":2021,"pedestrian":1,"bicycle":0,"fatal_count":0,"susp_serious_inj_count":0,"ped_death_count":0,"ped_susp_serious_inj_count":0,"bicycle_death_count":0,"bicycle_susp_serious_inj_count":0}},{"type":"Feature","id":15538,"geometry":{"type":"Point","coordinates":[-75.1938147786931,39.9212720575586]},"properties":{"objectid":15538,"crn":2021102098,"crash_year":2021,"pedestrian":1,"bicycle":0,"fatal_count":0,"susp_serious_inj_count":0,"ped_death_count":0,"ped_susp_serious_inj_count":0,"bicycle_death_count":0,"bicycle_susp_serious_inj_count":0}},{"type":"Feature","id":15539,"geometry":{"type":"Point","coordinates":[-75.2189907873492,39.9363910603263]},"properties":{"objectid":15539,"crn":2021101076,"crash_year":2021,"pedestrian":1,"bicycle":0,"fatal_count":0,"susp_serious_inj_count":1,"ped_death_count":0,"ped_susp_serious_inj_count":1,"bicycle_death_count":0,"bicycle_susp_serious_inj_count":0}},{"type":"Feature","id":15552,"geometry":{"type":"Point","coordinates":[-75.1259817631701,40.0138480789744]},"properties":{"objectid":15552,"crn":2021102837,"crash_year":2021,"pedestrian":1,"bicycle":0,"fatal_count":0,"susp_serious_inj_count":0,"ped_death_count":0,"ped_susp_serious_inj_count":0,"bicycle_death_count":0,"bicycle_susp_serious_inj_count":0}},{"type":"Feature","id":15558,"geometry":{"type":"Point","coordinates":[-75.0896917505067,40.0063260783483]},"properties":{"objectid":15558,"crn":2021128064,"crash_year":2021,"pedestrian":1,"bicycle":0,"fatal_count":0,"susp_serious_inj_count":0,"ped_death_count":0,"ped_susp_serious_inj_count":0,"bicycle_death_count":0,"bicycle_susp_serious_inj_count":0}},{"type":"Feature","id":15590,"geometry":{"type":"Point","coordinates":[-75.1833927748624,39.9067080555982]},"properties":{"objectid":15590,"crn":2021102441,"crash_year":2021,"pedestrian":1,"bicycle":0,"fatal_count":0,"susp_serious_inj_count":0,"ped_death_count":0,"ped_susp_serious_inj_count":0,"bicycle_death_count":0,"bicycle_susp_serious_inj_count":0}},{"type":"Feature","id":15634,"geometry":{"type":"Point","coordinates":[-75.1983997834355,39.9747240686726]},"properties":{"objectid":15634,"crn":2021119292,"crash_year":2021,"pedestrian":1,"bicycle":0,"fatal_count":0,"susp_serious_inj_count":0,"ped_death_count":0,"ped_susp_serious_inj_count":0,"bicycle_death_count":0,"bicycle_susp_serious_inj_count":0}},{"type":"Feature","id":15679,"geometry":{"type":"Point","coordinates":[-75.1625577691603,39.9234670593535]},"properties":{"objectid":15679,"crn":2021102801,"crash_year":2021,"pedestrian":1,"bicycle":0,"fatal_count":0,"susp_serious_inj_count":0,"ped_death_count":0,"ped_susp_serious_inj_count":0,"bicycle_death_count":0,"bicycle_susp_serious_inj_count":0}},{"type":"Feature","id":15691,"geometry":{"type":"Point","coordinates":[-75.168558771048,39.9292950605586]},"properties":{"objectid":15691,"crn":2021085822,"crash_year":2021,"pedestrian":0,"bicycle":1,"fatal_count":0,"susp_serious_inj_count":0,"ped_death_count":0,"ped_susp_serious_inj_count":0,"bicycle_death_count":0,"bicycle_susp_serious_inj_count":0}},{"type":"Feature","id":15707,"geometry":{"type":"Point","coordinates":[-75.2483447994075,39.9722880659989]},"properties":{"objectid":15707,"crn":2021124399,"crash_year":2021,"pedestrian":1,"bicycle":0,"fatal_count":0,"susp_serious_inj_count":0,"ped_death_count":0,"ped_susp_serious_inj_count":0,"bicycle_death_count":0,"bicycle_susp_serious_inj_count":0}},{"type":"Feature","id":15716,"geometry":{"type":"Point","coordinates":[-75.1893347797787,39.9564250652632]},"properties":{"objectid":15716,"crn":2021084029,"crash_year":2021,"pedestrian":0,"bicycle":1,"fatal_count":0,"susp_serious_inj_count":0,"ped_death_count":0,"ped_susp_serious_inj_count":0,"bicycle_death_count":0,"bicycle_susp_serious_inj_count":0}},{"type":"Feature","id":15733,"geometry":{"type":"Point","coordinates":[-75.16920577125,39.9268310599423]},"properties":{"objectid":15733,"crn":2021083758,"crash_year":2021,"pedestrian":0,"bicycle":1,"fatal_count":0,"susp_serious_inj_count":0,"ped_death_count":0,"ped_susp_serious_inj_count":0,"bicycle_death_count":0,"bicycle_susp_serious_inj_count":0}},{"type":"Feature","id":15737,"geometry":{"type":"Point","coordinates":[-75.2215857892729,39.956487063571]},"properties":{"objectid":15737,"crn":2021118702,"crash_year":2021,"pedestrian":1,"bicycle":0,"fatal_count":0,"susp_serious_inj_count":0,"ped_death_count":0,"ped_susp_serious_inj_count":0,"bicycle_death_count":0,"bicycle_susp_serious_inj_count":0}},{"type":"Feature","id":15762,"geometry":{"type":"Point","coordinates":[-75.1564957706075,39.9846890721526]},"properties":{"objectid":15762,"crn":2021116833,"crash_year":2021,"pedestrian":1,"bicycle":0,"fatal_count":0,"susp_serious_inj_count":0,"ped_death_count":0,"ped_susp_serious_inj_count":0,"bicycle_death_count":0,"bicycle_susp_serious_inj_count":0}},{"type":"Feature","id":15802,"geometry":{"type":"Point","coordinates":[-75.094596751132,39.9947120764556]},"properties":{"objectid":15802,"crn":2021093551,"crash_year":2021,"pedestrian":1,"bicycle":0,"fatal_count":0,"susp_serious_inj_count":1,"ped_death_count":0,"ped_susp_serious_inj_count":1,"bicycle_death_count":0,"bicycle_susp_serious_inj_count":0}},{"type":"Feature","id":15807,"geometry":{"type":"Point","coordinates":[-75.184724778738,39.9639510666853]},"properties":{"objectid":15807,"crn":2021123907,"crash_year":2021,"pedestrian":1,"bicycle":0,"fatal_count":0,"susp_serious_inj_count":0,"ped_death_count":0,"ped_susp_serious_inj_count":0,"bicycle_death_count":0,"bicycle_susp_serious_inj_count":0}},{"type":"Feature","id":15857,"geometry":{"type":"Point","coordinates":[-75.1622877709302,39.9580660663202]},"properties":{"objectid":15857,"crn":2021083323,"crash_year":2021,"pedestrian":0,"bicycle":1,"fatal_count":0,"susp_serious_inj_count":0,"ped_death_count":0,"ped_susp_serious_inj_count":0,"bicycle_death_count":0,"bicycle_susp_serious_inj_count":0}},{"type":"Feature","id":15898,"geometry":{"type":"Point","coordinates":[-75.231088793046,39.9608090647866]},"properties":{"objectid":15898,"crn":2021092754,"crash_year":2021,"pedestrian":1,"bicycle":0,"fatal_count":0,"susp_serious_inj_count":0,"ped_death_count":0,"ped_susp_serious_inj_count":0,"bicycle_death_count":0,"bicycle_susp_serious_inj_count":0}},{"type":"Feature","id":15952,"geometry":{"type":"Point","coordinates":[-75.1668517719371,39.9527930648056]},"properties":{"objectid":15952,"crn":2021088281,"crash_year":2021,"pedestrian":1,"bicycle":0,"fatal_count":0,"susp_serious_inj_count":0,"ped_death_count":0,"ped_susp_serious_inj_count":0,"bicycle_death_count":0,"bicycle_susp_serious_inj_count":0}},{"type":"Feature","id":15986,"geometry":{"type":"Point","coordinates":[-75.225607789126,39.9332970593522]},"properties":{"objectid":15986,"crn":2021127137,"crash_year":2021,"pedestrian":1,"bicycle":0,"fatal_count":0,"susp_serious_inj_count":0,"ped_death_count":0,"ped_susp_serious_inj_count":0,"bicycle_death_count":0,"bicycle_susp_serious_inj_count":0}},{"type":"Feature","id":16001,"geometry":{"type":"Point","coordinates":[-75.1481087639466,39.9228170600647]},"properties":{"objectid":16001,"crn":2021085726,"crash_year":2021,"pedestrian":0,"bicycle":1,"fatal_count":0,"susp_serious_inj_count":0,"ped_death_count":0,"ped_susp_serious_inj_count":0,"bicycle_death_count":0,"bicycle_susp_serious_inj_count":0}},{"type":"Feature","id":16018,"geometry":{"type":"Point","coordinates":[-75.1481677661346,39.9614090677647]},"properties":{"objectid":16018,"crn":2021127205,"crash_year":2021,"pedestrian":0,"bicycle":1,"fatal_count":0,"susp_serious_inj_count":0,"ped_death_count":0,"ped_susp_serious_inj_count":0,"bicycle_death_count":0,"bicycle_susp_serious_inj_count":0}},{"type":"Feature","id":16026,"geometry":{"type":"Point","coordinates":[-75.1596577703998,39.9701810690825]},"properties":{"objectid":16026,"crn":2021123967,"crash_year":2021,"pedestrian":1,"bicycle":0,"fatal_count":0,"susp_serious_inj_count":0,"ped_death_count":0,"ped_susp_serious_inj_count":0,"bicycle_death_count":0,"bicycle_susp_serious_inj_count":0}},{"type":"Feature","id":16056,"geometry":{"type":"Point","coordinates":[-75.149299769848,40.0043010762907]},"properties":{"objectid":16056,"crn":2021097539,"crash_year":2021,"pedestrian":1,"bicycle":0,"fatal_count":0,"susp_serious_inj_count":1,"ped_death_count":0,"ped_susp_serious_inj_count":1,"bicycle_death_count":0,"bicycle_susp_serious_inj_count":0}},{"type":"Feature","id":16096,"geometry":{"type":"Point","coordinates":[-75.1614457710713,39.9618990675529]},"properties":{"objectid":16096,"crn":2021083249,"crash_year":2021,"pedestrian":1,"bicycle":0,"fatal_count":0,"susp_serious_inj_count":1,"ped_death_count":0,"ped_susp_serious_inj_count":1,"bicycle_death_count":0,"bicycle_susp_serious_inj_count":0}},{"type":"Feature","id":16221,"geometry":{"type":"Point","coordinates":[-75.1713627741327,39.9672610680814]},"properties":{"objectid":16221,"crn":2021123833,"crash_year":2021,"pedestrian":1,"bicycle":0,"fatal_count":0,"susp_serious_inj_count":0,"ped_death_count":0,"ped_susp_serious_inj_count":0,"bicycle_death_count":0,"bicycle_susp_serious_inj_count":0}},{"type":"Feature","id":16235,"geometry":{"type":"Point","coordinates":[-75.1747577752151,39.9626990673129]},"properties":{"objectid":16235,"crn":2021081829,"crash_year":2021,"pedestrian":0,"bicycle":1,"fatal_count":0,"susp_serious_inj_count":0,"ped_death_count":0,"ped_susp_serious_inj_count":0,"bicycle_death_count":0,"bicycle_susp_serious_inj_count":0}},{"type":"Feature","id":16281,"geometry":{"type":"Point","coordinates":[-75.1334737684252,40.0599840880434]},"properties":{"objectid":16281,"crn":2021124595,"crash_year":2021,"pedestrian":1,"bicycle":0,"fatal_count":1,"susp_serious_inj_count":0,"ped_death_count":1,"ped_susp_serious_inj_count":0,"bicycle_death_count":0,"bicycle_susp_serious_inj_count":0}},{"type":"Feature","id":16318,"geometry":{"type":"Point","coordinates":[-75.1705847720873,39.9355830619341]},"properties":{"objectid":16318,"crn":2021081719,"crash_year":2021,"pedestrian":0,"bicycle":1,"fatal_count":0,"susp_serious_inj_count":0,"ped_death_count":0,"ped_susp_serious_inj_count":0,"bicycle_death_count":0,"bicycle_susp_serious_inj_count":0}},{"type":"Feature","id":16327,"geometry":{"type":"Point","coordinates":[-75.1468307701752,40.0294860812529]},"properties":{"objectid":16327,"crn":2021080721,"crash_year":2021,"pedestrian":1,"bicycle":0,"fatal_count":0,"susp_serious_inj_count":1,"ped_death_count":0,"ped_susp_serious_inj_count":1,"bicycle_death_count":0,"bicycle_susp_serious_inj_count":0}},{"type":"Feature","id":16351,"geometry":{"type":"Point","coordinates":[-75.1609567734387,40.0126570771619]},"properties":{"objectid":16351,"crn":2021085736,"crash_year":2021,"pedestrian":1,"bicycle":0,"fatal_count":0,"susp_serious_inj_count":0,"ped_death_count":0,"ped_susp_serious_inj_count":0,"bicycle_death_count":0,"bicycle_susp_serious_inj_count":0}},{"type":"Feature","id":16395,"geometry":{"type":"Point","coordinates":[-75.1446957699256,40.0370080828228]},"properties":{"objectid":16395,"crn":2022019545,"crash_year":2021,"pedestrian":1,"bicycle":0,"fatal_count":0,"susp_serious_inj_count":0,"ped_death_count":0,"ped_susp_serious_inj_count":0,"bicycle_death_count":0,"bicycle_susp_serious_inj_count":0}},{"type":"Feature","id":16417,"geometry":{"type":"Point","coordinates":[-75.1362357660875,40.0101510775498]},"properties":{"objectid":16417,"crn":2022010813,"crash_year":2021,"pedestrian":1,"bicycle":0,"fatal_count":1,"susp_serious_inj_count":0,"ped_death_count":1,"ped_susp_serious_inj_count":0,"bicycle_death_count":0,"bicycle_susp_serious_inj_count":0}},{"type":"Feature","id":16442,"geometry":{"type":"Point","coordinates":[-75.1446257705889,40.0382690828438]},"properties":{"objectid":16442,"crn":2022000075,"crash_year":2021,"pedestrian":1,"bicycle":0,"fatal_count":0,"susp_serious_inj_count":0,"ped_death_count":0,"ped_susp_serious_inj_count":0,"bicycle_death_count":0,"bicycle_susp_serious_inj_count":0}},{"type":"Feature","id":16467,"geometry":{"type":"Point","coordinates":[-75.207075784368,39.948482062446]},"properties":{"objectid":16467,"crn":2022014508,"crash_year":2021,"pedestrian":1,"bicycle":0,"fatal_count":0,"susp_serious_inj_count":0,"ped_death_count":0,"ped_susp_serious_inj_count":0,"bicycle_death_count":0,"bicycle_susp_serious_inj_count":0}},{"type":"Feature","id":16553,"geometry":{"type":"Point","coordinates":[-75.1580947710193,39.9772770703824]},"properties":{"objectid":16553,"crn":2024009604,"crash_year":2021,"pedestrian":1,"bicycle":0,"fatal_count":0,"susp_serious_inj_count":0,"ped_death_count":0,"ped_susp_serious_inj_count":0,"bicycle_death_count":0,"bicycle_susp_serious_inj_count":0}},{"type":"Feature","id":16623,"geometry":{"type":"Point","coordinates":[-75.153568767302,39.9511690651273]},"properties":{"objectid":16623,"crn":2021006632,"crash_year":2021,"pedestrian":1,"bicycle":0,"fatal_count":0,"susp_serious_inj_count":0,"ped_death_count":0,"ped_susp_serious_inj_count":0,"bicycle_death_count":0,"bicycle_susp_serious_inj_count":0}},{"type":"Feature","id":16676,"geometry":{"type":"Point","coordinates":[-75.1361937629846,39.9688490694344]},"properties":{"objectid":16676,"crn":2021028541,"crash_year":2021,"pedestrian":1,"bicycle":0,"fatal_count":0,"susp_serious_inj_count":0,"ped_death_count":0,"ped_susp_serious_inj_count":0,"bicycle_death_count":0,"bicycle_susp_serious_inj_count":0}},{"type":"Feature","id":16746,"geometry":{"type":"Point","coordinates":[-75.2267957909352,39.9605720648935]},"properties":{"objectid":16746,"crn":2021071630,"crash_year":2021,"pedestrian":1,"bicycle":0,"fatal_count":0,"susp_serious_inj_count":0,"ped_death_count":0,"ped_susp_serious_inj_count":0,"bicycle_death_count":0,"bicycle_susp_serious_inj_count":0}},{"type":"Feature","id":16797,"geometry":{"type":"Point","coordinates":[-75.0968717537767,40.0262860821333]},"properties":{"objectid":16797,"crn":2021096394,"crash_year":2021,"pedestrian":0,"bicycle":1,"fatal_count":1,"susp_serious_inj_count":0,"ped_death_count":0,"ped_susp_serious_inj_count":0,"bicycle_death_count":1,"bicycle_susp_serious_inj_count":0}},{"type":"Feature","id":16818,"geometry":{"type":"Point","coordinates":[-75.2488697990018,39.9723310665206]},"properties":{"objectid":16818,"crn":2021071076,"crash_year":2021,"pedestrian":1,"bicycle":0,"fatal_count":0,"susp_serious_inj_count":0,"ped_death_count":0,"ped_susp_serious_inj_count":0,"bicycle_death_count":0,"bicycle_susp_serious_inj_count":0}},{"type":"Feature","id":16825,"geometry":{"type":"Point","coordinates":[-75.1579397711983,39.9787010705726]},"properties":{"objectid":16825,"crn":2021077857,"crash_year":2021,"pedestrian":1,"bicycle":0,"fatal_count":0,"susp_serious_inj_count":1,"ped_death_count":0,"ped_susp_serious_inj_count":1,"bicycle_death_count":0,"bicycle_susp_serious_inj_count":0}},{"type":"Feature","id":16849,"geometry":{"type":"Point","coordinates":[-75.225503790646,39.9569710641359]},"properties":{"objectid":16849,"crn":2021073838,"crash_year":2021,"pedestrian":1,"bicycle":0,"fatal_count":0,"susp_serious_inj_count":0,"ped_death_count":0,"ped_susp_serious_inj_count":0,"bicycle_death_count":0,"bicycle_susp_serious_inj_count":0}},{"type":"Feature","id":16881,"geometry":{"type":"Point","coordinates":[-75.1713477726604,39.9321410612137]},"properties":{"objectid":16881,"crn":2021117148,"crash_year":2021,"pedestrian":1,"bicycle":0,"fatal_count":0,"susp_serious_inj_count":0,"ped_death_count":0,"ped_susp_serious_inj_count":0,"bicycle_death_count":0,"bicycle_susp_serious_inj_count":0}},{"type":"Feature","id":16886,"geometry":{"type":"Point","coordinates":[-75.1566607707123,39.9845700720943]},"properties":{"objectid":16886,"crn":2021071815,"crash_year":2021,"pedestrian":1,"bicycle":0,"fatal_count":0,"susp_serious_inj_count":1,"ped_death_count":0,"ped_susp_serious_inj_count":1,"bicycle_death_count":0,"bicycle_susp_serious_inj_count":0}},{"type":"Feature","id":16898,"geometry":{"type":"Point","coordinates":[-75.1883227832665,40.0170020774927]},"properties":{"objectid":16898,"crn":2021105319,"crash_year":2021,"pedestrian":1,"bicycle":0,"fatal_count":0,"susp_serious_inj_count":0,"ped_death_count":0,"ped_susp_serious_inj_count":0,"bicycle_death_count":0,"bicycle_susp_serious_inj_count":0}},{"type":"Feature","id":16924,"geometry":{"type":"Point","coordinates":[-75.2259997909767,39.9545870634744]},"properties":{"objectid":16924,"crn":2021091889,"crash_year":2021,"pedestrian":0,"bicycle":1,"fatal_count":0,"susp_serious_inj_count":0,"ped_death_count":0,"ped_susp_serious_inj_count":0,"bicycle_death_count":0,"bicycle_susp_serious_inj_count":0}},{"type":"Feature","id":16935,"geometry":{"type":"Point","coordinates":[-75.1611577723481,39.9859410724044]},"properties":{"objectid":16935,"crn":2021094297,"crash_year":2021,"pedestrian":1,"bicycle":0,"fatal_count":0,"susp_serious_inj_count":0,"ped_death_count":0,"ped_susp_serious_inj_count":0,"bicycle_death_count":0,"bicycle_susp_serious_inj_count":0}},{"type":"Feature","id":16961,"geometry":{"type":"Point","coordinates":[-75.1926167797974,39.9504500633901]},"properties":{"objectid":16961,"crn":2021096341,"crash_year":2021,"pedestrian":1,"bicycle":0,"fatal_count":0,"susp_serious_inj_count":0,"ped_death_count":0,"ped_susp_serious_inj_count":0,"bicycle_death_count":0,"bicycle_susp_serious_inj_count":0}},{"type":"Feature","id":16975,"geometry":{"type":"Point","coordinates":[-75.2072607880127,40.0150700761944]},"properties":{"objectid":16975,"crn":2021091009,"crash_year":2021,"pedestrian":1,"bicycle":0,"fatal_count":0,"susp_serious_inj_count":0,"ped_death_count":0,"ped_susp_serious_inj_count":0,"bicycle_death_count":0,"bicycle_susp_serious_inj_count":0}},{"type":"Feature","id":16986,"geometry":{"type":"Point","coordinates":[-75.2418437917172,39.8812500484691]},"properties":{"objectid":16986,"crn":2021109865,"crash_year":2021,"pedestrian":1,"bicycle":0,"fatal_count":0,"susp_serious_inj_count":0,"ped_death_count":0,"ped_susp_serious_inj_count":0,"bicycle_death_count":0,"bicycle_susp_serious_inj_count":0}},{"type":"Feature","id":17013,"geometry":{"type":"Point","coordinates":[-75.1993867819806,39.950359063084]},"properties":{"objectid":17013,"crn":2021119421,"crash_year":2021,"pedestrian":0,"bicycle":1,"fatal_count":0,"susp_serious_inj_count":0,"ped_death_count":0,"ped_susp_serious_inj_count":0,"bicycle_death_count":0,"bicycle_susp_serious_inj_count":0}},{"type":"Feature","id":17102,"geometry":{"type":"Point","coordinates":[-75.2448847981002,39.9718660658594]},"properties":{"objectid":17102,"crn":2022015513,"crash_year":2022,"pedestrian":1,"bicycle":0,"fatal_count":0,"susp_serious_inj_count":0,"ped_death_count":0,"ped_susp_serious_inj_count":0,"bicycle_death_count":0,"bicycle_susp_serious_inj_count":0}},{"type":"Feature","id":17128,"geometry":{"type":"Point","coordinates":[-75.1511357699051,40.0092330773371]},"properties":{"objectid":17128,"crn":2022010883,"crash_year":2022,"pedestrian":1,"bicycle":0,"fatal_count":0,"susp_serious_inj_count":0,"ped_death_count":0,"ped_susp_serious_inj_count":0,"bicycle_death_count":0,"bicycle_susp_serious_inj_count":0}},{"type":"Feature","id":17137,"geometry":{"type":"Point","coordinates":[-75.1524567707052,40.0031730761281]},"properties":{"objectid":17137,"crn":2022025930,"crash_year":2022,"pedestrian":1,"bicycle":0,"fatal_count":0,"susp_serious_inj_count":0,"ped_death_count":0,"ped_susp_serious_inj_count":0,"bicycle_death_count":0,"bicycle_susp_serious_inj_count":0}},{"type":"Feature","id":17155,"geometry":{"type":"Point","coordinates":[-75.1463177676445,39.9803180713297]},"properties":{"objectid":17155,"crn":2022026356,"crash_year":2022,"pedestrian":1,"bicycle":0,"fatal_count":0,"susp_serious_inj_count":0,"ped_death_count":0,"ped_susp_serious_inj_count":0,"bicycle_death_count":0,"bicycle_susp_serious_inj_count":0}},{"type":"Feature","id":17168,"geometry":{"type":"Point","coordinates":[-75.1407247632001,39.9500460652692]},"properties":{"objectid":17168,"crn":2022019559,"crash_year":2022,"pedestrian":1,"bicycle":0,"fatal_count":0,"susp_serious_inj_count":1,"ped_death_count":0,"ped_susp_serious_inj_count":1,"bicycle_death_count":0,"bicycle_susp_serious_inj_count":0}},{"type":"Feature","id":17220,"geometry":{"type":"Point","coordinates":[-75.22458978918,39.9324380586653]},"properties":{"objectid":17220,"crn":2022023733,"crash_year":2022,"pedestrian":1,"bicycle":0,"fatal_count":0,"susp_serious_inj_count":0,"ped_death_count":0,"ped_susp_serious_inj_count":0,"bicycle_death_count":0,"bicycle_susp_serious_inj_count":0}},{"type":"Feature","id":17241,"geometry":{"type":"Point","coordinates":[-75.1406707651767,39.9696980696559]},"properties":{"objectid":17241,"crn":2022023785,"crash_year":2022,"pedestrian":1,"bicycle":0,"fatal_count":0,"susp_serious_inj_count":1,"ped_death_count":0,"ped_susp_serious_inj_count":1,"bicycle_death_count":0,"bicycle_susp_serious_inj_count":0}},{"type":"Feature","id":17245,"geometry":{"type":"Point","coordinates":[-75.1511387707079,40.009233076786]},"properties":{"objectid":17245,"crn":2022031439,"crash_year":2022,"pedestrian":1,"bicycle":0,"fatal_count":0,"susp_serious_inj_count":0,"ped_death_count":0,"ped_susp_serious_inj_count":0,"bicycle_death_count":0,"bicycle_susp_serious_inj_count":0}},{"type":"Feature","id":17276,"geometry":{"type":"Point","coordinates":[-75.152318768284,39.9705050696783]},"properties":{"objectid":17276,"crn":2022023678,"crash_year":2022,"pedestrian":1,"bicycle":0,"fatal_count":1,"susp_serious_inj_count":0,"ped_death_count":1,"ped_susp_serious_inj_count":0,"bicycle_death_count":0,"bicycle_susp_serious_inj_count":0}},{"type":"Feature","id":17357,"geometry":{"type":"Point","coordinates":[-75.1485737701923,40.0210170796672]},"properties":{"objectid":17357,"crn":2022010903,"crash_year":2022,"pedestrian":0,"bicycle":1,"fatal_count":0,"susp_serious_inj_count":0,"ped_death_count":0,"ped_susp_serious_inj_count":0,"bicycle_death_count":0,"bicycle_susp_serious_inj_count":0}},{"type":"Feature","id":17421,"geometry":{"type":"Point","coordinates":[-75.0510517413285,40.0525350891179]},"properties":{"objectid":17421,"crn":2022014530,"crash_year":2022,"pedestrian":1,"bicycle":0,"fatal_count":0,"susp_serious_inj_count":0,"ped_death_count":0,"ped_susp_serious_inj_count":0,"bicycle_death_count":0,"bicycle_susp_serious_inj_count":0}},{"type":"Feature","id":17425,"geometry":{"type":"Point","coordinates":[-75.1504597666516,39.9581400672549]},"properties":{"objectid":17425,"crn":2022004183,"crash_year":2022,"pedestrian":1,"bicycle":0,"fatal_count":0,"susp_serious_inj_count":0,"ped_death_count":0,"ped_susp_serious_inj_count":0,"bicycle_death_count":0,"bicycle_susp_serious_inj_count":0}},{"type":"Feature","id":17426,"geometry":{"type":"Point","coordinates":[-75.1273437622497,39.998261075789]},"properties":{"objectid":17426,"crn":2022032922,"crash_year":2022,"pedestrian":1,"bicycle":0,"fatal_count":0,"susp_serious_inj_count":1,"ped_death_count":0,"ped_susp_serious_inj_count":1,"bicycle_death_count":0,"bicycle_susp_serious_inj_count":0}},{"type":"Feature","id":17448,"geometry":{"type":"Point","coordinates":[-75.068856744136,40.0086880799791]},"properties":{"objectid":17448,"crn":2022029219,"crash_year":2022,"pedestrian":1,"bicycle":0,"fatal_count":0,"susp_serious_inj_count":0,"ped_death_count":0,"ped_susp_serious_inj_count":0,"bicycle_death_count":0,"bicycle_susp_serious_inj_count":0}},{"type":"Feature","id":17456,"geometry":{"type":"Point","coordinates":[-75.1508197705614,40.0092120770592]},"properties":{"objectid":17456,"crn":2022029255,"crash_year":2022,"pedestrian":1,"bicycle":0,"fatal_count":0,"susp_serious_inj_count":0,"ped_death_count":0,"ped_susp_serious_inj_count":0,"bicycle_death_count":0,"bicycle_susp_serious_inj_count":0}},{"type":"Feature","id":17504,"geometry":{"type":"Point","coordinates":[-75.1850847785698,39.9747700689159]},"properties":{"objectid":17504,"crn":2022032911,"crash_year":2022,"pedestrian":1,"bicycle":0,"fatal_count":1,"susp_serious_inj_count":0,"ped_death_count":1,"ped_susp_serious_inj_count":0,"bicycle_death_count":0,"bicycle_susp_serious_inj_count":0}},{"type":"Feature","id":17505,"geometry":{"type":"Point","coordinates":[-75.2467107984589,39.9627320646285]},"properties":{"objectid":17505,"crn":2022004263,"crash_year":2022,"pedestrian":1,"bicycle":0,"fatal_count":0,"susp_serious_inj_count":0,"ped_death_count":0,"ped_susp_serious_inj_count":0,"bicycle_death_count":0,"bicycle_susp_serious_inj_count":0}},{"type":"Feature","id":17506,"geometry":{"type":"Point","coordinates":[-75.136000767616,40.0462840845312]},"properties":{"objectid":17506,"crn":2022027727,"crash_year":2022,"pedestrian":1,"bicycle":0,"fatal_count":0,"susp_serious_inj_count":0,"ped_death_count":0,"ped_susp_serious_inj_count":0,"bicycle_death_count":0,"bicycle_susp_serious_inj_count":0}},{"type":"Feature","id":17527,"geometry":{"type":"Point","coordinates":[-75.1442047630451,39.9249360601202]},"properties":{"objectid":17527,"crn":2022014559,"crash_year":2022,"pedestrian":1,"bicycle":0,"fatal_count":1,"susp_serious_inj_count":0,"ped_death_count":1,"ped_susp_serious_inj_count":0,"bicycle_death_count":0,"bicycle_susp_serious_inj_count":0}},{"type":"Feature","id":17552,"geometry":{"type":"Point","coordinates":[-75.2418957933027,39.9090390536143]},"properties":{"objectid":17552,"crn":2022014084,"crash_year":2022,"pedestrian":1,"bicycle":0,"fatal_count":1,"susp_serious_inj_count":0,"ped_death_count":1,"ped_susp_serious_inj_count":0,"bicycle_death_count":0,"bicycle_susp_serious_inj_count":0}},{"type":"Feature","id":17579,"geometry":{"type":"Point","coordinates":[-75.1529267706518,40.0016090755287]},"properties":{"objectid":17579,"crn":2022014083,"crash_year":2022,"pedestrian":1,"bicycle":0,"fatal_count":1,"susp_serious_inj_count":0,"ped_death_count":1,"ped_susp_serious_inj_count":0,"bicycle_death_count":0,"bicycle_susp_serious_inj_count":0}},{"type":"Feature","id":17590,"geometry":{"type":"Point","coordinates":[-75.0945327511002,39.9946390761142]},"properties":{"objectid":17590,"crn":2022014802,"crash_year":2022,"pedestrian":1,"bicycle":0,"fatal_count":0,"susp_serious_inj_count":0,"ped_death_count":0,"ped_susp_serious_inj_count":0,"bicycle_death_count":0,"bicycle_susp_serious_inj_count":0}},{"type":"Feature","id":17600,"geometry":{"type":"Point","coordinates":[-75.1817127772679,39.9546690652516]},"properties":{"objectid":17600,"crn":2022004246,"crash_year":2022,"pedestrian":1,"bicycle":0,"fatal_count":1,"susp_serious_inj_count":0,"ped_death_count":1,"ped_susp_serious_inj_count":0,"bicycle_death_count":0,"bicycle_susp_serious_inj_count":0}},{"type":"Feature","id":17601,"geometry":{"type":"Point","coordinates":[-75.1581977708026,39.9787340705943]},"properties":{"objectid":17601,"crn":2022007609,"crash_year":2022,"pedestrian":0,"bicycle":1,"fatal_count":0,"susp_serious_inj_count":0,"ped_death_count":0,"ped_susp_serious_inj_count":0,"bicycle_death_count":0,"bicycle_susp_serious_inj_count":0}},{"type":"Feature","id":17607,"geometry":{"type":"Point","coordinates":[-75.1595237704174,39.9714700694944]},"properties":{"objectid":17607,"crn":2022014801,"crash_year":2022,"pedestrian":1,"bicycle":0,"fatal_count":0,"susp_serious_inj_count":0,"ped_death_count":0,"ped_susp_serious_inj_count":0,"bicycle_death_count":0,"bicycle_susp_serious_inj_count":0}},{"type":"Feature","id":17614,"geometry":{"type":"Point","coordinates":[-75.154953770672,39.9917160737099]},"properties":{"objectid":17614,"crn":2022013565,"crash_year":2022,"pedestrian":1,"bicycle":0,"fatal_count":1,"susp_serious_inj_count":0,"ped_death_count":1,"ped_susp_serious_inj_count":0,"bicycle_death_count":0,"bicycle_susp_serious_inj_count":0}},{"type":"Feature","id":17678,"geometry":{"type":"Point","coordinates":[-75.1292827631707,39.9985170757879]},"properties":{"objectid":17678,"crn":2022020771,"crash_year":2022,"pedestrian":1,"bicycle":0,"fatal_count":0,"susp_serious_inj_count":0,"ped_death_count":0,"ped_susp_serious_inj_count":0,"bicycle_death_count":0,"bicycle_susp_serious_inj_count":0}},{"type":"Feature","id":17686,"geometry":{"type":"Point","coordinates":[-75.1509197722663,40.0481120845633]},"properties":{"objectid":17686,"crn":2022020321,"crash_year":2022,"pedestrian":1,"bicycle":0,"fatal_count":0,"susp_serious_inj_count":0,"ped_death_count":0,"ped_susp_serious_inj_count":0,"bicycle_death_count":0,"bicycle_susp_serious_inj_count":0}},{"type":"Feature","id":17693,"geometry":{"type":"Point","coordinates":[-75.1326997614334,39.9654150693319]},"properties":{"objectid":17693,"crn":2022044067,"crash_year":2022,"pedestrian":1,"bicycle":0,"fatal_count":0,"susp_serious_inj_count":0,"ped_death_count":0,"ped_susp_serious_inj_count":0,"bicycle_death_count":0,"bicycle_susp_serious_inj_count":0}},{"type":"Feature","id":17727,"geometry":{"type":"Point","coordinates":[-75.2264457931246,39.9803970685593]},"properties":{"objectid":17727,"crn":2022014786,"crash_year":2022,"pedestrian":1,"bicycle":0,"fatal_count":0,"susp_serious_inj_count":1,"ped_death_count":0,"ped_susp_serious_inj_count":1,"bicycle_death_count":0,"bicycle_susp_serious_inj_count":0}},{"type":"Feature","id":17738,"geometry":{"type":"Point","coordinates":[-75.1911687796911,39.9575640650459]},"properties":{"objectid":17738,"crn":2022037915,"crash_year":2022,"pedestrian":0,"bicycle":1,"fatal_count":0,"susp_serious_inj_count":0,"ped_death_count":0,"ped_susp_serious_inj_count":0,"bicycle_death_count":0,"bicycle_susp_serious_inj_count":0}},{"type":"Feature","id":17746,"geometry":{"type":"Point","coordinates":[-75.2688158058837,39.9796300671609]},"properties":{"objectid":17746,"crn":2022047195,"crash_year":2022,"pedestrian":1,"bicycle":0,"fatal_count":0,"susp_serious_inj_count":0,"ped_death_count":0,"ped_susp_serious_inj_count":0,"bicycle_death_count":0,"bicycle_susp_serious_inj_count":0}},{"type":"Feature","id":17747,"geometry":{"type":"Point","coordinates":[-75.1793047734544,39.9178030574281]},"properties":{"objectid":17747,"crn":2022026973,"crash_year":2022,"pedestrian":1,"bicycle":0,"fatal_count":0,"susp_serious_inj_count":0,"ped_death_count":0,"ped_susp_serious_inj_count":0,"bicycle_death_count":0,"bicycle_susp_serious_inj_count":0}},{"type":"Feature","id":17796,"geometry":{"type":"Point","coordinates":[-75.1914687798344,39.9558320651584]},"properties":{"objectid":17796,"crn":2022014767,"crash_year":2022,"pedestrian":1,"bicycle":0,"fatal_count":0,"susp_serious_inj_count":0,"ped_death_count":0,"ped_susp_serious_inj_count":0,"bicycle_death_count":0,"bicycle_susp_serious_inj_count":0}},{"type":"Feature","id":17813,"geometry":{"type":"Point","coordinates":[-75.1530617650238,39.9144280580476]},"properties":{"objectid":17813,"crn":2022019556,"crash_year":2022,"pedestrian":1,"bicycle":0,"fatal_count":0,"susp_serious_inj_count":0,"ped_death_count":0,"ped_susp_serious_inj_count":0,"bicycle_death_count":0,"bicycle_susp_serious_inj_count":0}},{"type":"Feature","id":17850,"geometry":{"type":"Point","coordinates":[-75.2138657865157,39.9399800609151]},"properties":{"objectid":17850,"crn":2022015545,"crash_year":2022,"pedestrian":1,"bicycle":0,"fatal_count":0,"susp_serious_inj_count":0,"ped_death_count":0,"ped_susp_serious_inj_count":0,"bicycle_death_count":0,"bicycle_susp_serious_inj_count":0}},{"type":"Feature","id":17862,"geometry":{"type":"Point","coordinates":[-75.15037576635,39.9507150654309]},"properties":{"objectid":17862,"crn":2022016409,"crash_year":2022,"pedestrian":1,"bicycle":0,"fatal_count":0,"susp_serious_inj_count":0,"ped_death_count":0,"ped_susp_serious_inj_count":0,"bicycle_death_count":0,"bicycle_susp_serious_inj_count":0}},{"type":"Feature","id":17876,"geometry":{"type":"Point","coordinates":[-75.1325487632803,39.9830260722049]},"properties":{"objectid":17876,"crn":2022049749,"crash_year":2022,"pedestrian":1,"bicycle":0,"fatal_count":0,"susp_serious_inj_count":0,"ped_death_count":0,"ped_susp_serious_inj_count":0,"bicycle_death_count":0,"bicycle_susp_serious_inj_count":0}},{"type":"Feature","id":17894,"geometry":{"type":"Point","coordinates":[-75.1435687703998,40.0444020837995]},"properties":{"objectid":17894,"crn":2022019667,"crash_year":2022,"pedestrian":1,"bicycle":0,"fatal_count":0,"susp_serious_inj_count":0,"ped_death_count":0,"ped_susp_serious_inj_count":0,"bicycle_death_count":0,"bicycle_susp_serious_inj_count":0}},{"type":"Feature","id":17905,"geometry":{"type":"Point","coordinates":[-75.2456077980546,39.9753070664559]},"properties":{"objectid":17905,"crn":2022022037,"crash_year":2022,"pedestrian":1,"bicycle":0,"fatal_count":0,"susp_serious_inj_count":0,"ped_death_count":0,"ped_susp_serious_inj_count":0,"bicycle_death_count":0,"bicycle_susp_serious_inj_count":0}},{"type":"Feature","id":17935,"geometry":{"type":"Point","coordinates":[-75.0537887420657,40.0553310894526]},"properties":{"objectid":17935,"crn":2022029158,"crash_year":2022,"pedestrian":1,"bicycle":0,"fatal_count":0,"susp_serious_inj_count":0,"ped_death_count":0,"ped_susp_serious_inj_count":0,"bicycle_death_count":0,"bicycle_susp_serious_inj_count":0}},{"type":"Feature","id":17941,"geometry":{"type":"Point","coordinates":[-75.1590517723771,39.9949020739917]},"properties":{"objectid":17941,"crn":2022014897,"crash_year":2022,"pedestrian":1,"bicycle":0,"fatal_count":0,"susp_serious_inj_count":0,"ped_death_count":0,"ped_susp_serious_inj_count":0,"bicycle_death_count":0,"bicycle_susp_serious_inj_count":0}},{"type":"Feature","id":17946,"geometry":{"type":"Point","coordinates":[-75.1564957706075,39.9846890721526]},"properties":{"objectid":17946,"crn":2022036652,"crash_year":2022,"pedestrian":1,"bicycle":0,"fatal_count":0,"susp_serious_inj_count":0,"ped_death_count":0,"ped_susp_serious_inj_count":0,"bicycle_death_count":0,"bicycle_susp_serious_inj_count":0}},{"type":"Feature","id":17969,"geometry":{"type":"Point","coordinates":[-75.1431717700263,40.045714084275]},"properties":{"objectid":17969,"crn":2022016163,"crash_year":2022,"pedestrian":1,"bicycle":0,"fatal_count":0,"susp_serious_inj_count":0,"ped_death_count":0,"ped_susp_serious_inj_count":0,"bicycle_death_count":0,"bicycle_susp_serious_inj_count":0}},{"type":"Feature","id":17986,"geometry":{"type":"Point","coordinates":[-75.2035297843842,39.9639040662426]},"properties":{"objectid":17986,"crn":2022025064,"crash_year":2022,"pedestrian":0,"bicycle":1,"fatal_count":0,"susp_serious_inj_count":1,"ped_death_count":0,"ped_susp_serious_inj_count":0,"bicycle_death_count":0,"bicycle_susp_serious_inj_count":1}},{"type":"Feature","id":17991,"geometry":{"type":"Point","coordinates":[-75.1987647819825,39.9536610643901]},"properties":{"objectid":17991,"crn":2022037292,"crash_year":2022,"pedestrian":1,"bicycle":0,"fatal_count":0,"susp_serious_inj_count":0,"ped_death_count":0,"ped_susp_serious_inj_count":0,"bicycle_death_count":0,"bicycle_susp_serious_inj_count":0}},{"type":"Feature","id":18004,"geometry":{"type":"Point","coordinates":[-75.1544637708282,39.9939390736266]},"properties":{"objectid":18004,"crn":2022014798,"crash_year":2022,"pedestrian":1,"bicycle":0,"fatal_count":0,"susp_serious_inj_count":0,"ped_death_count":0,"ped_susp_serious_inj_count":0,"bicycle_death_count":0,"bicycle_susp_serious_inj_count":0}},{"type":"Feature","id":18007,"geometry":{"type":"Point","coordinates":[-75.2329157901538,39.9089130542576]},"properties":{"objectid":18007,"crn":2022014648,"crash_year":2022,"pedestrian":1,"bicycle":0,"fatal_count":0,"susp_serious_inj_count":0,"ped_death_count":0,"ped_susp_serious_inj_count":0,"bicycle_death_count":0,"bicycle_susp_serious_inj_count":0}},{"type":"Feature","id":18014,"geometry":{"type":"Point","coordinates":[-75.1597267716469,39.9929980732297]},"properties":{"objectid":18014,"crn":2022014435,"crash_year":2022,"pedestrian":1,"bicycle":0,"fatal_count":0,"susp_serious_inj_count":0,"ped_death_count":0,"ped_susp_serious_inj_count":0,"bicycle_death_count":0,"bicycle_susp_serious_inj_count":0}},{"type":"Feature","id":18050,"geometry":{"type":"Point","coordinates":[-75.2331737932323,39.9594790643665]},"properties":{"objectid":18050,"crn":2022019850,"crash_year":2022,"pedestrian":1,"bicycle":0,"fatal_count":0,"susp_serious_inj_count":0,"ped_death_count":0,"ped_susp_serious_inj_count":0,"bicycle_death_count":0,"bicycle_susp_serious_inj_count":0}},{"type":"Feature","id":18067,"geometry":{"type":"Point","coordinates":[-75.1289697622635,39.9905940740648]},"properties":{"objectid":18067,"crn":2022044088,"crash_year":2022,"pedestrian":1,"bicycle":0,"fatal_count":0,"susp_serious_inj_count":1,"ped_death_count":0,"ped_susp_serious_inj_count":1,"bicycle_death_count":0,"bicycle_susp_serious_inj_count":0}},{"type":"Feature","id":18087,"geometry":{"type":"Point","coordinates":[-75.1524567707052,40.0031730761281]},"properties":{"objectid":18087,"crn":2022030410,"crash_year":2022,"pedestrian":1,"bicycle":0,"fatal_count":0,"susp_serious_inj_count":1,"ped_death_count":0,"ped_susp_serious_inj_count":1,"bicycle_death_count":0,"bicycle_susp_serious_inj_count":0}},{"type":"Feature","id":18117,"geometry":{"type":"Point","coordinates":[-75.1588577710999,39.9744980701113]},"properties":{"objectid":18117,"crn":2022031228,"crash_year":2022,"pedestrian":1,"bicycle":0,"fatal_count":0,"susp_serious_inj_count":0,"ped_death_count":0,"ped_susp_serious_inj_count":0,"bicycle_death_count":0,"bicycle_susp_serious_inj_count":0}},{"type":"Feature","id":18126,"geometry":{"type":"Point","coordinates":[-75.1650257705683,39.9455690641762]},"properties":{"objectid":18126,"crn":2022032873,"crash_year":2022,"pedestrian":1,"bicycle":0,"fatal_count":0,"susp_serious_inj_count":0,"ped_death_count":0,"ped_susp_serious_inj_count":0,"bicycle_death_count":0,"bicycle_susp_serious_inj_count":0}},{"type":"Feature","id":18136,"geometry":{"type":"Point","coordinates":[-75.1365017663428,40.0152220784951]},"properties":{"objectid":18136,"crn":2022031241,"crash_year":2022,"pedestrian":1,"bicycle":0,"fatal_count":0,"susp_serious_inj_count":0,"ped_death_count":0,"ped_susp_serious_inj_count":0,"bicycle_death_count":0,"bicycle_susp_serious_inj_count":0}},{"type":"Feature","id":18141,"geometry":{"type":"Point","coordinates":[-75.2413917958573,39.9589360638528]},"properties":{"objectid":18141,"crn":2022024133,"crash_year":2022,"pedestrian":1,"bicycle":0,"fatal_count":0,"susp_serious_inj_count":0,"ped_death_count":0,"ped_susp_serious_inj_count":0,"bicycle_death_count":0,"bicycle_susp_serious_inj_count":0}},{"type":"Feature","id":18207,"geometry":{"type":"Point","coordinates":[-75.1593877687821,39.9467440643423]},"properties":{"objectid":18207,"crn":2022047543,"crash_year":2022,"pedestrian":1,"bicycle":0,"fatal_count":0,"susp_serious_inj_count":0,"ped_death_count":0,"ped_susp_serious_inj_count":0,"bicycle_death_count":0,"bicycle_susp_serious_inj_count":0}},{"type":"Feature","id":18210,"geometry":{"type":"Point","coordinates":[-75.1824447748143,39.9260270589113]},"properties":{"objectid":18210,"crn":2022029156,"crash_year":2022,"pedestrian":0,"bicycle":1,"fatal_count":0,"susp_serious_inj_count":0,"ped_death_count":0,"ped_susp_serious_inj_count":0,"bicycle_death_count":0,"bicycle_susp_serious_inj_count":0}},{"type":"Feature","id":18226,"geometry":{"type":"Point","coordinates":[-75.1579287671161,39.9241040595158]},"properties":{"objectid":18226,"crn":2022025703,"crash_year":2022,"pedestrian":1,"bicycle":0,"fatal_count":0,"susp_serious_inj_count":0,"ped_death_count":0,"ped_susp_serious_inj_count":0,"bicycle_death_count":0,"bicycle_susp_serious_inj_count":0}},{"type":"Feature","id":18234,"geometry":{"type":"Point","coordinates":[-75.189482779893,39.9556160650687]},"properties":{"objectid":18234,"crn":2022037571,"crash_year":2022,"pedestrian":0,"bicycle":1,"fatal_count":0,"susp_serious_inj_count":0,"ped_death_count":0,"ped_susp_serious_inj_count":0,"bicycle_death_count":0,"bicycle_susp_serious_inj_count":0}},{"type":"Feature","id":18259,"geometry":{"type":"Point","coordinates":[-75.1884737795647,39.9605080659337]},"properties":{"objectid":18259,"crn":2022022828,"crash_year":2022,"pedestrian":1,"bicycle":0,"fatal_count":0,"susp_serious_inj_count":0,"ped_death_count":0,"ped_susp_serious_inj_count":0,"bicycle_death_count":0,"bicycle_susp_serious_inj_count":0}},{"type":"Feature","id":18263,"geometry":{"type":"Point","coordinates":[-75.1562937710053,39.9856150722682]},"properties":{"objectid":18263,"crn":2022015624,"crash_year":2022,"pedestrian":1,"bicycle":0,"fatal_count":0,"susp_serious_inj_count":0,"ped_death_count":0,"ped_susp_serious_inj_count":0,"bicycle_death_count":0,"bicycle_susp_serious_inj_count":0}},{"type":"Feature","id":18309,"geometry":{"type":"Point","coordinates":[-75.1667077705488,39.9383490618985]},"properties":{"objectid":18309,"crn":2022026200,"crash_year":2022,"pedestrian":0,"bicycle":1,"fatal_count":0,"susp_serious_inj_count":0,"ped_death_count":0,"ped_susp_serious_inj_count":0,"bicycle_death_count":0,"bicycle_susp_serious_inj_count":0}},{"type":"Feature","id":18311,"geometry":{"type":"Point","coordinates":[-75.2245757913372,39.9649670652785]},"properties":{"objectid":18311,"crn":2022032900,"crash_year":2022,"pedestrian":1,"bicycle":0,"fatal_count":0,"susp_serious_inj_count":0,"ped_death_count":0,"ped_susp_serious_inj_count":0,"bicycle_death_count":0,"bicycle_susp_serious_inj_count":0}},{"type":"Feature","id":18324,"geometry":{"type":"Point","coordinates":[-75.1408117699144,40.056705086922]},"properties":{"objectid":18324,"crn":2022044544,"crash_year":2022,"pedestrian":1,"bicycle":0,"fatal_count":1,"susp_serious_inj_count":0,"ped_death_count":1,"ped_susp_serious_inj_count":0,"bicycle_death_count":0,"bicycle_susp_serious_inj_count":0}},{"type":"Feature","id":18339,"geometry":{"type":"Point","coordinates":[-75.1563077728496,40.0130910771692]},"properties":{"objectid":18339,"crn":2022029656,"crash_year":2022,"pedestrian":1,"bicycle":0,"fatal_count":0,"susp_serious_inj_count":0,"ped_death_count":0,"ped_susp_serious_inj_count":0,"bicycle_death_count":0,"bicycle_susp_serious_inj_count":0}},{"type":"Feature","id":18344,"geometry":{"type":"Point","coordinates":[-75.1949457822926,39.975098069023]},"properties":{"objectid":18344,"crn":2022043951,"crash_year":2022,"pedestrian":1,"bicycle":0,"fatal_count":0,"susp_serious_inj_count":0,"ped_death_count":0,"ped_susp_serious_inj_count":0,"bicycle_death_count":0,"bicycle_susp_serious_inj_count":0}},{"type":"Feature","id":18383,"geometry":{"type":"Point","coordinates":[-75.2086877851031,39.9548900640639]},"properties":{"objectid":18383,"crn":2022021474,"crash_year":2022,"pedestrian":1,"bicycle":0,"fatal_count":0,"susp_serious_inj_count":1,"ped_death_count":0,"ped_susp_serious_inj_count":1,"bicycle_death_count":0,"bicycle_susp_serious_inj_count":0}},{"type":"Feature","id":18408,"geometry":{"type":"Point","coordinates":[-75.1623687707161,39.9576880660863]},"properties":{"objectid":18408,"crn":2022029178,"crash_year":2022,"pedestrian":1,"bicycle":0,"fatal_count":0,"susp_serious_inj_count":0,"ped_death_count":0,"ped_susp_serious_inj_count":0,"bicycle_death_count":0,"bicycle_susp_serious_inj_count":0}},{"type":"Feature","id":18412,"geometry":{"type":"Point","coordinates":[-75.1931957797563,39.9505360634467]},"properties":{"objectid":18412,"crn":2022019624,"crash_year":2022,"pedestrian":1,"bicycle":0,"fatal_count":0,"susp_serious_inj_count":0,"ped_death_count":0,"ped_susp_serious_inj_count":0,"bicycle_death_count":0,"bicycle_susp_serious_inj_count":0}},{"type":"Feature","id":18417,"geometry":{"type":"Point","coordinates":[-75.1609117732306,40.012612077548]},"properties":{"objectid":18417,"crn":2022050592,"crash_year":2022,"pedestrian":1,"bicycle":0,"fatal_count":1,"susp_serious_inj_count":0,"ped_death_count":1,"ped_susp_serious_inj_count":0,"bicycle_death_count":0,"bicycle_susp_serious_inj_count":0}},{"type":"Feature","id":18472,"geometry":{"type":"Point","coordinates":[-75.1597767711096,39.9702430685054]},"properties":{"objectid":18472,"crn":2022020138,"crash_year":2022,"pedestrian":1,"bicycle":0,"fatal_count":0,"susp_serious_inj_count":0,"ped_death_count":0,"ped_susp_serious_inj_count":0,"bicycle_death_count":0,"bicycle_susp_serious_inj_count":0}},{"type":"Feature","id":18571,"geometry":{"type":"Point","coordinates":[-75.1818747744678,39.9232540585566]},"properties":{"objectid":18571,"crn":2022014527,"crash_year":2022,"pedestrian":1,"bicycle":0,"fatal_count":0,"susp_serious_inj_count":0,"ped_death_count":0,"ped_susp_serious_inj_count":0,"bicycle_death_count":0,"bicycle_susp_serious_inj_count":0}},{"type":"Feature","id":18721,"geometry":{"type":"Point","coordinates":[-75.22600579055,39.9545890632421]},"properties":{"objectid":18721,"crn":2022044530,"crash_year":2022,"pedestrian":1,"bicycle":0,"fatal_count":0,"susp_serious_inj_count":0,"ped_death_count":0,"ped_susp_serious_inj_count":0,"bicycle_death_count":0,"bicycle_susp_serious_inj_count":0}},{"type":"Feature","id":18724,"geometry":{"type":"Point","coordinates":[-75.1991397823987,39.9512570636009]},"properties":{"objectid":18724,"crn":2022043512,"crash_year":2022,"pedestrian":1,"bicycle":0,"fatal_count":0,"susp_serious_inj_count":0,"ped_death_count":0,"ped_susp_serious_inj_count":0,"bicycle_death_count":0,"bicycle_susp_serious_inj_count":0}},{"type":"Feature","id":18761,"geometry":{"type":"Point","coordinates":[-75.2418197972935,39.9714570657939]},"properties":{"objectid":18761,"crn":2022029757,"crash_year":2022,"pedestrian":1,"bicycle":0,"fatal_count":0,"susp_serious_inj_count":0,"ped_death_count":0,"ped_susp_serious_inj_count":0,"bicycle_death_count":0,"bicycle_susp_serious_inj_count":0}},{"type":"Feature","id":18781,"geometry":{"type":"Point","coordinates":[-75.170160773402,39.9672480681376]},"properties":{"objectid":18781,"crn":2022055584,"crash_year":2022,"pedestrian":1,"bicycle":0,"fatal_count":0,"susp_serious_inj_count":0,"ped_death_count":0,"ped_susp_serious_inj_count":0,"bicycle_death_count":0,"bicycle_susp_serious_inj_count":0}},{"type":"Feature","id":18802,"geometry":{"type":"Point","coordinates":[-75.1645647705305,39.9482280647475]},"properties":{"objectid":18802,"crn":2022055583,"crash_year":2022,"pedestrian":1,"bicycle":0,"fatal_count":1,"susp_serious_inj_count":0,"ped_death_count":1,"ped_susp_serious_inj_count":0,"bicycle_death_count":0,"bicycle_susp_serious_inj_count":0}},{"type":"Feature","id":18808,"geometry":{"type":"Point","coordinates":[-75.1327227630683,39.9910790738489]},"properties":{"objectid":18808,"crn":2022047218,"crash_year":2022,"pedestrian":1,"bicycle":0,"fatal_count":0,"susp_serious_inj_count":0,"ped_death_count":0,"ped_susp_serious_inj_count":0,"bicycle_death_count":0,"bicycle_susp_serious_inj_count":0}},{"type":"Feature","id":18854,"geometry":{"type":"Point","coordinates":[-75.1647887704329,39.9471960643344]},"properties":{"objectid":18854,"crn":2022065090,"crash_year":2022,"pedestrian":0,"bicycle":1,"fatal_count":0,"susp_serious_inj_count":0,"ped_death_count":0,"ped_susp_serious_inj_count":0,"bicycle_death_count":0,"bicycle_susp_serious_inj_count":0}},{"type":"Feature","id":18898,"geometry":{"type":"Point","coordinates":[-75.1413947641542,39.9606870675955]},"properties":{"objectid":18898,"crn":2022050524,"crash_year":2022,"pedestrian":1,"bicycle":0,"fatal_count":0,"susp_serious_inj_count":0,"ped_death_count":0,"ped_susp_serious_inj_count":0,"bicycle_death_count":0,"bicycle_susp_serious_inj_count":0}},{"type":"Feature","id":18930,"geometry":{"type":"Point","coordinates":[-75.1994117818463,39.9502990632419]},"properties":{"objectid":18930,"crn":2022062937,"crash_year":2022,"pedestrian":0,"bicycle":1,"fatal_count":0,"susp_serious_inj_count":0,"ped_death_count":0,"ped_susp_serious_inj_count":0,"bicycle_death_count":0,"bicycle_susp_serious_inj_count":0}},{"type":"Feature","id":18935,"geometry":{"type":"Point","coordinates":[-75.1292827631707,39.9985170757879]},"properties":{"objectid":18935,"crn":2022049676,"crash_year":2022,"pedestrian":1,"bicycle":0,"fatal_count":0,"susp_serious_inj_count":0,"ped_death_count":0,"ped_susp_serious_inj_count":0,"bicycle_death_count":0,"bicycle_susp_serious_inj_count":0}},{"type":"Feature","id":18970,"geometry":{"type":"Point","coordinates":[-75.2173437888289,39.9590240646172]},"properties":{"objectid":18970,"crn":2022068591,"crash_year":2022,"pedestrian":0,"bicycle":1,"fatal_count":0,"susp_serious_inj_count":0,"ped_death_count":0,"ped_susp_serious_inj_count":0,"bicycle_death_count":0,"bicycle_susp_serious_inj_count":0}},{"type":"Feature","id":18988,"geometry":{"type":"Point","coordinates":[-75.1653367714072,39.9446690637156]},"properties":{"objectid":18988,"crn":2022049638,"crash_year":2022,"pedestrian":1,"bicycle":0,"fatal_count":0,"susp_serious_inj_count":0,"ped_death_count":0,"ped_susp_serious_inj_count":0,"bicycle_death_count":0,"bicycle_susp_serious_inj_count":0}},{"type":"Feature","id":19020,"geometry":{"type":"Point","coordinates":[-75.0899687514192,40.0062780786849]},"properties":{"objectid":19020,"crn":2022049748,"crash_year":2022,"pedestrian":1,"bicycle":0,"fatal_count":0,"susp_serious_inj_count":0,"ped_death_count":0,"ped_susp_serious_inj_count":0,"bicycle_death_count":0,"bicycle_susp_serious_inj_count":0}},{"type":"Feature","id":19033,"geometry":{"type":"Point","coordinates":[-75.241907791561,39.8919500500327]},"properties":{"objectid":19033,"crn":2022051514,"crash_year":2022,"pedestrian":1,"bicycle":0,"fatal_count":0,"susp_serious_inj_count":0,"ped_death_count":0,"ped_susp_serious_inj_count":0,"bicycle_death_count":0,"bicycle_susp_serious_inj_count":0}},{"type":"Feature","id":19063,"geometry":{"type":"Point","coordinates":[-75.1174027591773,39.9969750759356]},"properties":{"objectid":19063,"crn":2022066386,"crash_year":2022,"pedestrian":1,"bicycle":0,"fatal_count":0,"susp_serious_inj_count":0,"ped_death_count":0,"ped_susp_serious_inj_count":0,"bicycle_death_count":0,"bicycle_susp_serious_inj_count":0}},{"type":"Feature","id":19069,"geometry":{"type":"Point","coordinates":[-75.1662277710659,39.9400570626685]},"properties":{"objectid":19069,"crn":2022066496,"crash_year":2022,"pedestrian":1,"bicycle":0,"fatal_count":0,"susp_serious_inj_count":0,"ped_death_count":0,"ped_susp_serious_inj_count":0,"bicycle_death_count":0,"bicycle_susp_serious_inj_count":0}},{"type":"Feature","id":19136,"geometry":{"type":"Point","coordinates":[-75.1487257667002,39.958511066631]},"properties":{"objectid":19136,"crn":2022060012,"crash_year":2022,"pedestrian":0,"bicycle":1,"fatal_count":0,"susp_serious_inj_count":0,"ped_death_count":0,"ped_susp_serious_inj_count":0,"bicycle_death_count":0,"bicycle_susp_serious_inj_count":0}},{"type":"Feature","id":19148,"geometry":{"type":"Point","coordinates":[-75.0838017486529,40.0003490772474]},"properties":{"objectid":19148,"crn":2022066170,"crash_year":2022,"pedestrian":1,"bicycle":0,"fatal_count":1,"susp_serious_inj_count":0,"ped_death_count":1,"ped_susp_serious_inj_count":0,"bicycle_death_count":0,"bicycle_susp_serious_inj_count":0}},{"type":"Feature","id":19186,"geometry":{"type":"Point","coordinates":[-75.2189907873492,39.9363910603263]},"properties":{"objectid":19186,"crn":2022058532,"crash_year":2022,"pedestrian":1,"bicycle":0,"fatal_count":0,"susp_serious_inj_count":0,"ped_death_count":0,"ped_susp_serious_inj_count":0,"bicycle_death_count":0,"bicycle_susp_serious_inj_count":0}},{"type":"Feature","id":19199,"geometry":{"type":"Point","coordinates":[-75.1685577746989,39.9909800729478]},"properties":{"objectid":19199,"crn":2022068800,"crash_year":2022,"pedestrian":1,"bicycle":0,"fatal_count":0,"susp_serious_inj_count":1,"ped_death_count":0,"ped_susp_serious_inj_count":1,"bicycle_death_count":0,"bicycle_susp_serious_inj_count":0}},{"type":"Feature","id":19200,"geometry":{"type":"Point","coordinates":[-75.1535207710454,40.0030160754754]},"properties":{"objectid":19200,"crn":2022052016,"crash_year":2022,"pedestrian":1,"bicycle":0,"fatal_count":0,"susp_serious_inj_count":0,"ped_death_count":0,"ped_susp_serious_inj_count":0,"bicycle_death_count":0,"bicycle_susp_serious_inj_count":0}},{"type":"Feature","id":19208,"geometry":{"type":"Point","coordinates":[-75.1580347687418,39.9531190655399]},"properties":{"objectid":19208,"crn":2022069565,"crash_year":2022,"pedestrian":1,"bicycle":0,"fatal_count":0,"susp_serious_inj_count":0,"ped_death_count":0,"ped_susp_serious_inj_count":0,"bicycle_death_count":0,"bicycle_susp_serious_inj_count":0}},{"type":"Feature","id":19265,"geometry":{"type":"Point","coordinates":[-75.099050754183,40.0057560778983]},"properties":{"objectid":19265,"crn":2022056902,"crash_year":2022,"pedestrian":0,"bicycle":1,"fatal_count":0,"susp_serious_inj_count":0,"ped_death_count":0,"ped_susp_serious_inj_count":0,"bicycle_death_count":0,"bicycle_susp_serious_inj_count":0}},{"type":"Feature","id":19290,"geometry":{"type":"Point","coordinates":[-75.1593727706582,39.9714540687743]},"properties":{"objectid":19290,"crn":2022068801,"crash_year":2022,"pedestrian":1,"bicycle":0,"fatal_count":0,"susp_serious_inj_count":0,"ped_death_count":0,"ped_susp_serious_inj_count":0,"bicycle_death_count":0,"bicycle_susp_serious_inj_count":0}},{"type":"Feature","id":19324,"geometry":{"type":"Point","coordinates":[-75.1531467704602,39.9999980750392]},"properties":{"objectid":19324,"crn":2022060122,"crash_year":2022,"pedestrian":1,"bicycle":0,"fatal_count":0,"susp_serious_inj_count":0,"ped_death_count":0,"ped_susp_serious_inj_count":0,"bicycle_death_count":0,"bicycle_susp_serious_inj_count":0}},{"type":"Feature","id":19336,"geometry":{"type":"Point","coordinates":[-75.157842767003,39.9245380598194]},"properties":{"objectid":19336,"crn":2022051860,"crash_year":2022,"pedestrian":1,"bicycle":0,"fatal_count":0,"susp_serious_inj_count":0,"ped_death_count":0,"ped_susp_serious_inj_count":0,"bicycle_death_count":0,"bicycle_susp_serious_inj_count":0}},{"type":"Feature","id":19359,"geometry":{"type":"Point","coordinates":[-75.1285197610804,39.9708060703187]},"properties":{"objectid":19359,"crn":2022070546,"crash_year":2022,"pedestrian":1,"bicycle":0,"fatal_count":0,"susp_serious_inj_count":1,"ped_death_count":0,"ped_susp_serious_inj_count":1,"bicycle_death_count":0,"bicycle_susp_serious_inj_count":0}},{"type":"Feature","id":19370,"geometry":{"type":"Point","coordinates":[-75.2251877904288,39.9584720640212]},"properties":{"objectid":19370,"crn":2022060062,"crash_year":2022,"pedestrian":1,"bicycle":0,"fatal_count":0,"susp_serious_inj_count":0,"ped_death_count":0,"ped_susp_serious_inj_count":0,"bicycle_death_count":0,"bicycle_susp_serious_inj_count":0}},{"type":"Feature","id":19382,"geometry":{"type":"Point","coordinates":[-75.2267627932278,39.9822860686208]},"properties":{"objectid":19382,"crn":2022061576,"crash_year":2022,"pedestrian":1,"bicycle":0,"fatal_count":0,"susp_serious_inj_count":0,"ped_death_count":0,"ped_susp_serious_inj_count":0,"bicycle_death_count":0,"bicycle_susp_serious_inj_count":0}},{"type":"Feature","id":19410,"geometry":{"type":"Point","coordinates":[-75.1431807697074,40.0456730848808]},"properties":{"objectid":19410,"crn":2022069706,"crash_year":2022,"pedestrian":1,"bicycle":0,"fatal_count":0,"susp_serious_inj_count":0,"ped_death_count":0,"ped_susp_serious_inj_count":0,"bicycle_death_count":0,"bicycle_susp_serious_inj_count":0}},{"type":"Feature","id":19421,"geometry":{"type":"Point","coordinates":[-75.0635577443556,40.0363880850583]},"properties":{"objectid":19421,"crn":2022069693,"crash_year":2022,"pedestrian":1,"bicycle":0,"fatal_count":0,"susp_serious_inj_count":0,"ped_death_count":0,"ped_susp_serious_inj_count":0,"bicycle_death_count":0,"bicycle_susp_serious_inj_count":0}},{"type":"Feature","id":19446,"geometry":{"type":"Point","coordinates":[-75.1084947586268,40.0354450837892]},"properties":{"objectid":19446,"crn":2022060980,"crash_year":2022,"pedestrian":1,"bicycle":0,"fatal_count":0,"susp_serious_inj_count":0,"ped_death_count":0,"ped_susp_serious_inj_count":0,"bicycle_death_count":0,"bicycle_susp_serious_inj_count":0}},{"type":"Feature","id":19528,"geometry":{"type":"Point","coordinates":[-75.1292827631707,39.9985170757879]},"properties":{"objectid":19528,"crn":2022060077,"crash_year":2022,"pedestrian":1,"bicycle":0,"fatal_count":0,"susp_serious_inj_count":1,"ped_death_count":0,"ped_susp_serious_inj_count":1,"bicycle_death_count":0,"bicycle_susp_serious_inj_count":0}},{"type":"Feature","id":19578,"geometry":{"type":"Point","coordinates":[-75.1087507566696,39.9990780760542]},"properties":{"objectid":19578,"crn":2022044044,"crash_year":2022,"pedestrian":1,"bicycle":0,"fatal_count":0,"susp_serious_inj_count":0,"ped_death_count":0,"ped_susp_serious_inj_count":0,"bicycle_death_count":0,"bicycle_susp_serious_inj_count":0}},{"type":"Feature","id":19598,"geometry":{"type":"Point","coordinates":[-75.24395779875,39.9929620704998]},"properties":{"objectid":19598,"crn":2022058157,"crash_year":2022,"pedestrian":1,"bicycle":0,"fatal_count":0,"susp_serious_inj_count":0,"ped_death_count":0,"ped_susp_serious_inj_count":0,"bicycle_death_count":0,"bicycle_susp_serious_inj_count":0}},{"type":"Feature","id":19605,"geometry":{"type":"Point","coordinates":[-75.1344247621442,39.968736069787]},"properties":{"objectid":19605,"crn":2022044086,"crash_year":2022,"pedestrian":1,"bicycle":0,"fatal_count":0,"susp_serious_inj_count":0,"ped_death_count":0,"ped_susp_serious_inj_count":0,"bicycle_death_count":0,"bicycle_susp_serious_inj_count":0}},{"type":"Feature","id":19614,"geometry":{"type":"Point","coordinates":[-75.2347297937597,39.9619000645708]},"properties":{"objectid":19614,"crn":2022043990,"crash_year":2022,"pedestrian":0,"bicycle":1,"fatal_count":0,"susp_serious_inj_count":0,"ped_death_count":0,"ped_susp_serious_inj_count":0,"bicycle_death_count":0,"bicycle_susp_serious_inj_count":0}},{"type":"Feature","id":19632,"geometry":{"type":"Point","coordinates":[-75.1593197726458,39.9945530737049]},"properties":{"objectid":19632,"crn":2022044137,"crash_year":2022,"pedestrian":1,"bicycle":0,"fatal_count":0,"susp_serious_inj_count":0,"ped_death_count":0,"ped_susp_serious_inj_count":0,"bicycle_death_count":0,"bicycle_susp_serious_inj_count":0}},{"type":"Feature","id":19673,"geometry":{"type":"Point","coordinates":[-75.1317257616551,39.9696810699587]},"properties":{"objectid":19673,"crn":2022056802,"crash_year":2022,"pedestrian":1,"bicycle":0,"fatal_count":0,"susp_serious_inj_count":0,"ped_death_count":0,"ped_susp_serious_inj_count":0,"bicycle_death_count":0,"bicycle_susp_serious_inj_count":0}},{"type":"Feature","id":19714,"geometry":{"type":"Point","coordinates":[-75.1552827705781,39.9908820732699]},"properties":{"objectid":19714,"crn":2022060141,"crash_year":2022,"pedestrian":1,"bicycle":0,"fatal_count":0,"susp_serious_inj_count":0,"ped_death_count":0,"ped_susp_serious_inj_count":0,"bicycle_death_count":0,"bicycle_susp_serious_inj_count":0}},{"type":"Feature","id":19742,"geometry":{"type":"Point","coordinates":[-75.1064617561817,40.0003270768442]},"properties":{"objectid":19742,"crn":2022060070,"crash_year":2022,"pedestrian":1,"bicycle":0,"fatal_count":0,"susp_serious_inj_count":0,"ped_death_count":0,"ped_susp_serious_inj_count":0,"bicycle_death_count":0,"bicycle_susp_serious_inj_count":0}},{"type":"Feature","id":19752,"geometry":{"type":"Point","coordinates":[-75.142783770161,40.0474910852042]},"properties":{"objectid":19752,"crn":2022047228,"crash_year":2022,"pedestrian":1,"bicycle":0,"fatal_count":0,"susp_serious_inj_count":0,"ped_death_count":0,"ped_susp_serious_inj_count":0,"bicycle_death_count":0,"bicycle_susp_serious_inj_count":0}},{"type":"Feature","id":19754,"geometry":{"type":"Point","coordinates":[-75.1672197734965,39.9734100690344]},"properties":{"objectid":19754,"crn":2022068776,"crash_year":2022,"pedestrian":1,"bicycle":0,"fatal_count":0,"susp_serious_inj_count":1,"ped_death_count":0,"ped_susp_serious_inj_count":1,"bicycle_death_count":0,"bicycle_susp_serious_inj_count":0}},{"type":"Feature","id":19761,"geometry":{"type":"Point","coordinates":[-75.1984637816286,39.9551810645151]},"properties":{"objectid":19761,"crn":2022060254,"crash_year":2022,"pedestrian":1,"bicycle":0,"fatal_count":0,"susp_serious_inj_count":1,"ped_death_count":0,"ped_susp_serious_inj_count":1,"bicycle_death_count":0,"bicycle_susp_serious_inj_count":0}},{"type":"Feature","id":19767,"geometry":{"type":"Point","coordinates":[-75.1561487707667,39.9862780719453]},"properties":{"objectid":19767,"crn":2022049432,"crash_year":2022,"pedestrian":1,"bicycle":0,"fatal_count":0,"susp_serious_inj_count":0,"ped_death_count":0,"ped_susp_serious_inj_count":0,"bicycle_death_count":0,"bicycle_susp_serious_inj_count":0}},{"type":"Feature","id":19797,"geometry":{"type":"Point","coordinates":[-75.1460677654965,39.9610690676494]},"properties":{"objectid":19797,"crn":2022045945,"crash_year":2022,"pedestrian":1,"bicycle":0,"fatal_count":0,"susp_serious_inj_count":0,"ped_death_count":0,"ped_susp_serious_inj_count":0,"bicycle_death_count":0,"bicycle_susp_serious_inj_count":0}},{"type":"Feature","id":19798,"geometry":{"type":"Point","coordinates":[-75.1317707636039,39.9909560739384]},"properties":{"objectid":19798,"crn":2022060101,"crash_year":2022,"pedestrian":1,"bicycle":0,"fatal_count":1,"susp_serious_inj_count":0,"ped_death_count":1,"ped_susp_serious_inj_count":0,"bicycle_death_count":0,"bicycle_susp_serious_inj_count":0}},{"type":"Feature","id":19824,"geometry":{"type":"Point","coordinates":[-75.1720907801883,40.063323086613]},"properties":{"objectid":19824,"crn":2022055601,"crash_year":2022,"pedestrian":0,"bicycle":1,"fatal_count":0,"susp_serious_inj_count":0,"ped_death_count":0,"ped_susp_serious_inj_count":0,"bicycle_death_count":0,"bicycle_susp_serious_inj_count":0}},{"type":"Feature","id":19835,"geometry":{"type":"Point","coordinates":[-75.2392077942399,39.9460920614463]},"properties":{"objectid":19835,"crn":2022068570,"crash_year":2022,"pedestrian":1,"bicycle":0,"fatal_count":0,"susp_serious_inj_count":1,"ped_death_count":0,"ped_susp_serious_inj_count":1,"bicycle_death_count":0,"bicycle_susp_serious_inj_count":0}},{"type":"Feature","id":19920,"geometry":{"type":"Point","coordinates":[-75.2467997974909,39.9596040633274]},"properties":{"objectid":19920,"crn":2022026057,"crash_year":2022,"pedestrian":1,"bicycle":0,"fatal_count":0,"susp_serious_inj_count":0,"ped_death_count":0,"ped_susp_serious_inj_count":0,"bicycle_death_count":0,"bicycle_susp_serious_inj_count":0}},{"type":"Feature","id":19922,"geometry":{"type":"Point","coordinates":[-75.1713677733986,39.9543950649996]},"properties":{"objectid":19922,"crn":2022029710,"crash_year":2022,"pedestrian":1,"bicycle":0,"fatal_count":0,"susp_serious_inj_count":0,"ped_death_count":0,"ped_susp_serious_inj_count":0,"bicycle_death_count":0,"bicycle_susp_serious_inj_count":0}},{"type":"Feature","id":19960,"geometry":{"type":"Point","coordinates":[-75.2426877913995,39.879339048175]},"properties":{"objectid":19960,"crn":2022020419,"crash_year":2022,"pedestrian":1,"bicycle":0,"fatal_count":0,"susp_serious_inj_count":1,"ped_death_count":0,"ped_susp_serious_inj_count":1,"bicycle_death_count":0,"bicycle_susp_serious_inj_count":0}},{"type":"Feature","id":20003,"geometry":{"type":"Point","coordinates":[-75.1405857630468,39.950616066056]},"properties":{"objectid":20003,"crn":2022043830,"crash_year":2022,"pedestrian":1,"bicycle":0,"fatal_count":0,"susp_serious_inj_count":0,"ped_death_count":0,"ped_susp_serious_inj_count":0,"bicycle_death_count":0,"bicycle_susp_serious_inj_count":0}},{"type":"Feature","id":20064,"geometry":{"type":"Point","coordinates":[-75.1996447832287,39.9631750656485]},"properties":{"objectid":20064,"crn":2022029227,"crash_year":2022,"pedestrian":1,"bicycle":0,"fatal_count":0,"susp_serious_inj_count":0,"ped_death_count":0,"ped_susp_serious_inj_count":0,"bicycle_death_count":0,"bicycle_susp_serious_inj_count":0}},{"type":"Feature","id":20087,"geometry":{"type":"Point","coordinates":[-75.2346597944375,39.959666064275]},"properties":{"objectid":20087,"crn":2022044529,"crash_year":2022,"pedestrian":1,"bicycle":0,"fatal_count":0,"susp_serious_inj_count":0,"ped_death_count":0,"ped_susp_serious_inj_count":0,"bicycle_death_count":0,"bicycle_susp_serious_inj_count":0}},{"type":"Feature","id":20090,"geometry":{"type":"Point","coordinates":[-75.2253567912779,39.957702064467]},"properties":{"objectid":20090,"crn":2022076452,"crash_year":2022,"pedestrian":0,"bicycle":1,"fatal_count":0,"susp_serious_inj_count":0,"ped_death_count":0,"ped_susp_serious_inj_count":0,"bicycle_death_count":0,"bicycle_susp_serious_inj_count":0}},{"type":"Feature","id":20092,"geometry":{"type":"Point","coordinates":[-75.192096779693,39.9528130644483]},"properties":{"objectid":20092,"crn":2022077072,"crash_year":2022,"pedestrian":0,"bicycle":1,"fatal_count":0,"susp_serious_inj_count":0,"ped_death_count":0,"ped_susp_serious_inj_count":0,"bicycle_death_count":0,"bicycle_susp_serious_inj_count":0}},{"type":"Feature","id":20112,"geometry":{"type":"Point","coordinates":[-75.2200157890125,39.9638190651496]},"properties":{"objectid":20112,"crn":2022066425,"crash_year":2022,"pedestrian":1,"bicycle":0,"fatal_count":0,"susp_serious_inj_count":1,"ped_death_count":0,"ped_susp_serious_inj_count":1,"bicycle_death_count":0,"bicycle_susp_serious_inj_count":0}},{"type":"Feature","id":20129,"geometry":{"type":"Point","coordinates":[-75.165137770902,39.9455870640352]},"properties":{"objectid":20129,"crn":2022072207,"crash_year":2022,"pedestrian":0,"bicycle":1,"fatal_count":0,"susp_serious_inj_count":0,"ped_death_count":0,"ped_susp_serious_inj_count":0,"bicycle_death_count":0,"bicycle_susp_serious_inj_count":0}},{"type":"Feature","id":20159,"geometry":{"type":"Point","coordinates":[-75.0592847437064,40.0483370881939]},"properties":{"objectid":20159,"crn":2022077584,"crash_year":2022,"pedestrian":0,"bicycle":1,"fatal_count":1,"susp_serious_inj_count":0,"ped_death_count":0,"ped_susp_serious_inj_count":0,"bicycle_death_count":1,"bicycle_susp_serious_inj_count":0}},{"type":"Feature","id":20169,"geometry":{"type":"Point","coordinates":[-75.1532377711141,40.0001740751814]},"properties":{"objectid":20169,"crn":2022065461,"crash_year":2022,"pedestrian":0,"bicycle":1,"fatal_count":0,"susp_serious_inj_count":0,"ped_death_count":0,"ped_susp_serious_inj_count":0,"bicycle_death_count":0,"bicycle_susp_serious_inj_count":0}},{"type":"Feature","id":20183,"geometry":{"type":"Point","coordinates":[-75.152127770848,40.0046880762729]},"properties":{"objectid":20183,"crn":2022072297,"crash_year":2022,"pedestrian":1,"bicycle":0,"fatal_count":0,"susp_serious_inj_count":0,"ped_death_count":0,"ped_susp_serious_inj_count":0,"bicycle_death_count":0,"bicycle_susp_serious_inj_count":0}},{"type":"Feature","id":20192,"geometry":{"type":"Point","coordinates":[-75.1670447709649,39.9265520604189]},"properties":{"objectid":20192,"crn":2022076167,"crash_year":2022,"pedestrian":0,"bicycle":1,"fatal_count":0,"susp_serious_inj_count":0,"ped_death_count":0,"ped_susp_serious_inj_count":0,"bicycle_death_count":0,"bicycle_susp_serious_inj_count":0}},{"type":"Feature","id":20227,"geometry":{"type":"Point","coordinates":[-75.1501017723709,40.0515540855063]},"properties":{"objectid":20227,"crn":2022074019,"crash_year":2022,"pedestrian":1,"bicycle":0,"fatal_count":0,"susp_serious_inj_count":0,"ped_death_count":0,"ped_susp_serious_inj_count":0,"bicycle_death_count":0,"bicycle_susp_serious_inj_count":0}},{"type":"Feature","id":20232,"geometry":{"type":"Point","coordinates":[-75.2093137868371,39.973622067596]},"properties":{"objectid":20232,"crn":2022063787,"crash_year":2022,"pedestrian":1,"bicycle":0,"fatal_count":0,"susp_serious_inj_count":1,"ped_death_count":0,"ped_susp_serious_inj_count":1,"bicycle_death_count":0,"bicycle_susp_serious_inj_count":0}},{"type":"Feature","id":20266,"geometry":{"type":"Point","coordinates":[-75.158558770379,39.9758760703625]},"properties":{"objectid":20266,"crn":2022063788,"crash_year":2022,"pedestrian":1,"bicycle":0,"fatal_count":0,"susp_serious_inj_count":0,"ped_death_count":0,"ped_susp_serious_inj_count":0,"bicycle_death_count":0,"bicycle_susp_serious_inj_count":0}},{"type":"Feature","id":20319,"geometry":{"type":"Point","coordinates":[-75.1421147638415,39.9391250637461]},"properties":{"objectid":20319,"crn":2022069745,"crash_year":2022,"pedestrian":1,"bicycle":0,"fatal_count":0,"susp_serious_inj_count":0,"ped_death_count":0,"ped_susp_serious_inj_count":0,"bicycle_death_count":0,"bicycle_susp_serious_inj_count":0}},{"type":"Feature","id":20330,"geometry":{"type":"Point","coordinates":[-75.1174057586414,39.9815670730549]},"properties":{"objectid":20330,"crn":2022063101,"crash_year":2022,"pedestrian":1,"bicycle":0,"fatal_count":0,"susp_serious_inj_count":0,"ped_death_count":0,"ped_susp_serious_inj_count":0,"bicycle_death_count":0,"bicycle_susp_serious_inj_count":0}},{"type":"Feature","id":20350,"geometry":{"type":"Point","coordinates":[-75.1991397823987,39.9512570636009]},"properties":{"objectid":20350,"crn":2022074414,"crash_year":2022,"pedestrian":1,"bicycle":0,"fatal_count":0,"susp_serious_inj_count":0,"ped_death_count":0,"ped_susp_serious_inj_count":0,"bicycle_death_count":0,"bicycle_susp_serious_inj_count":0}},{"type":"Feature","id":20372,"geometry":{"type":"Point","coordinates":[-75.2030767832768,39.9517630632513]},"properties":{"objectid":20372,"crn":2022070329,"crash_year":2022,"pedestrian":1,"bicycle":0,"fatal_count":0,"susp_serious_inj_count":0,"ped_death_count":0,"ped_susp_serious_inj_count":0,"bicycle_death_count":0,"bicycle_susp_serious_inj_count":0}},{"type":"Feature","id":20434,"geometry":{"type":"Point","coordinates":[-75.1542417700377,39.9949620738579]},"properties":{"objectid":20434,"crn":2022078367,"crash_year":2022,"pedestrian":1,"bicycle":0,"fatal_count":0,"susp_serious_inj_count":1,"ped_death_count":0,"ped_susp_serious_inj_count":1,"bicycle_death_count":0,"bicycle_susp_serious_inj_count":0}},{"type":"Feature","id":20458,"geometry":{"type":"Point","coordinates":[-75.2319147932066,39.9655990650321]},"properties":{"objectid":20458,"crn":2022080650,"crash_year":2022,"pedestrian":1,"bicycle":0,"fatal_count":0,"susp_serious_inj_count":2,"ped_death_count":0,"ped_susp_serious_inj_count":2,"bicycle_death_count":0,"bicycle_susp_serious_inj_count":0}},{"type":"Feature","id":20466,"geometry":{"type":"Point","coordinates":[-75.1453087635565,39.9212330596166]},"properties":{"objectid":20466,"crn":2022079835,"crash_year":2022,"pedestrian":1,"bicycle":0,"fatal_count":0,"susp_serious_inj_count":0,"ped_death_count":0,"ped_susp_serious_inj_count":0,"bicycle_death_count":0,"bicycle_susp_serious_inj_count":0}},{"type":"Feature","id":20467,"geometry":{"type":"Point","coordinates":[-75.1241607611402,39.9978440753198]},"properties":{"objectid":20467,"crn":2022070079,"crash_year":2022,"pedestrian":1,"bicycle":0,"fatal_count":0,"susp_serious_inj_count":1,"ped_death_count":0,"ped_susp_serious_inj_count":1,"bicycle_death_count":0,"bicycle_susp_serious_inj_count":0}},{"type":"Feature","id":20476,"geometry":{"type":"Point","coordinates":[-75.2374297906505,39.8942870511943]},"properties":{"objectid":20476,"crn":2022069977,"crash_year":2022,"pedestrian":1,"bicycle":0,"fatal_count":0,"susp_serious_inj_count":0,"ped_death_count":0,"ped_susp_serious_inj_count":0,"bicycle_death_count":0,"bicycle_susp_serious_inj_count":0}},{"type":"Feature","id":20488,"geometry":{"type":"Point","coordinates":[-75.216993787781,39.9589810643861]},"properties":{"objectid":20488,"crn":2022069851,"crash_year":2022,"pedestrian":1,"bicycle":0,"fatal_count":0,"susp_serious_inj_count":0,"ped_death_count":0,"ped_susp_serious_inj_count":0,"bicycle_death_count":0,"bicycle_susp_serious_inj_count":0}},{"type":"Feature","id":20493,"geometry":{"type":"Point","coordinates":[-75.208447785031,39.9564120647763]},"properties":{"objectid":20493,"crn":2022079327,"crash_year":2022,"pedestrian":1,"bicycle":0,"fatal_count":0,"susp_serious_inj_count":0,"ped_death_count":0,"ped_susp_serious_inj_count":0,"bicycle_death_count":0,"bicycle_susp_serious_inj_count":0}},{"type":"Feature","id":20511,"geometry":{"type":"Point","coordinates":[-75.2222827972456,40.083537089317]},"properties":{"objectid":20511,"crn":2022083609,"crash_year":2022,"pedestrian":1,"bicycle":0,"fatal_count":0,"susp_serious_inj_count":1,"ped_death_count":0,"ped_susp_serious_inj_count":1,"bicycle_death_count":0,"bicycle_susp_serious_inj_count":0}},{"type":"Feature","id":20523,"geometry":{"type":"Point","coordinates":[-75.0897047516159,40.0103330792898]},"properties":{"objectid":20523,"crn":2022073034,"crash_year":2022,"pedestrian":1,"bicycle":0,"fatal_count":0,"susp_serious_inj_count":0,"ped_death_count":0,"ped_susp_serious_inj_count":0,"bicycle_death_count":0,"bicycle_susp_serious_inj_count":0}},{"type":"Feature","id":20527,"geometry":{"type":"Point","coordinates":[-75.1513687711853,40.0107880771627]},"properties":{"objectid":20527,"crn":2022084689,"crash_year":2022,"pedestrian":1,"bicycle":0,"fatal_count":0,"susp_serious_inj_count":1,"ped_death_count":0,"ped_susp_serious_inj_count":1,"bicycle_death_count":0,"bicycle_susp_serious_inj_count":0}},{"type":"Feature","id":20542,"geometry":{"type":"Point","coordinates":[-75.1785017754387,39.9511260647372]},"properties":{"objectid":20542,"crn":2022079611,"crash_year":2022,"pedestrian":1,"bicycle":0,"fatal_count":0,"susp_serious_inj_count":1,"ped_death_count":0,"ped_susp_serious_inj_count":1,"bicycle_death_count":0,"bicycle_susp_serious_inj_count":0}},{"type":"Feature","id":20555,"geometry":{"type":"Point","coordinates":[-75.1067237564184,40.0004250765819]},"properties":{"objectid":20555,"crn":2022074342,"crash_year":2022,"pedestrian":0,"bicycle":1,"fatal_count":0,"susp_serious_inj_count":0,"ped_death_count":0,"ped_susp_serious_inj_count":0,"bicycle_death_count":0,"bicycle_susp_serious_inj_count":0}},{"type":"Feature","id":20556,"geometry":{"type":"Point","coordinates":[-75.1989697822532,39.9526790640142]},"properties":{"objectid":20556,"crn":2022070328,"crash_year":2022,"pedestrian":1,"bicycle":0,"fatal_count":0,"susp_serious_inj_count":0,"ped_death_count":0,"ped_susp_serious_inj_count":0,"bicycle_death_count":0,"bicycle_susp_serious_inj_count":0}},{"type":"Feature","id":20624,"geometry":{"type":"Point","coordinates":[-75.1883227832665,40.0170020774927]},"properties":{"objectid":20624,"crn":2022079341,"crash_year":2022,"pedestrian":1,"bicycle":0,"fatal_count":0,"susp_serious_inj_count":0,"ped_death_count":0,"ped_susp_serious_inj_count":0,"bicycle_death_count":0,"bicycle_susp_serious_inj_count":0}},{"type":"Feature","id":20626,"geometry":{"type":"Point","coordinates":[-75.2338687909268,39.918044055928]},"properties":{"objectid":20626,"crn":2022080815,"crash_year":2022,"pedestrian":1,"bicycle":0,"fatal_count":0,"susp_serious_inj_count":0,"ped_death_count":0,"ped_susp_serious_inj_count":0,"bicycle_death_count":0,"bicycle_susp_serious_inj_count":0}},{"type":"Feature","id":20638,"geometry":{"type":"Point","coordinates":[-75.2134517877107,39.9777760688662]},"properties":{"objectid":20638,"crn":2022097443,"crash_year":2022,"pedestrian":1,"bicycle":0,"fatal_count":0,"susp_serious_inj_count":0,"ped_death_count":0,"ped_susp_serious_inj_count":0,"bicycle_death_count":0,"bicycle_susp_serious_inj_count":0}},{"type":"Feature","id":20672,"geometry":{"type":"Point","coordinates":[-75.2245757913372,39.9649670652785]},"properties":{"objectid":20672,"crn":2022092152,"crash_year":2022,"pedestrian":1,"bicycle":0,"fatal_count":0,"susp_serious_inj_count":1,"ped_death_count":0,"ped_susp_serious_inj_count":1,"bicycle_death_count":0,"bicycle_susp_serious_inj_count":0}},{"type":"Feature","id":20710,"geometry":{"type":"Point","coordinates":[-75.1958397817379,39.9563690648277]},"properties":{"objectid":20710,"crn":2022090380,"crash_year":2022,"pedestrian":0,"bicycle":1,"fatal_count":0,"susp_serious_inj_count":0,"ped_death_count":0,"ped_susp_serious_inj_count":0,"bicycle_death_count":0,"bicycle_susp_serious_inj_count":0}},{"type":"Feature","id":20720,"geometry":{"type":"Point","coordinates":[-75.1527997707186,40.0015930753992]},"properties":{"objectid":20720,"crn":2022084564,"crash_year":2022,"pedestrian":1,"bicycle":0,"fatal_count":0,"susp_serious_inj_count":0,"ped_death_count":0,"ped_susp_serious_inj_count":0,"bicycle_death_count":0,"bicycle_susp_serious_inj_count":0}},{"type":"Feature","id":20802,"geometry":{"type":"Point","coordinates":[-75.1928507816355,39.9753330684489]},"properties":{"objectid":20802,"crn":2022079174,"crash_year":2022,"pedestrian":0,"bicycle":1,"fatal_count":0,"susp_serious_inj_count":0,"ped_death_count":0,"ped_susp_serious_inj_count":0,"bicycle_death_count":0,"bicycle_susp_serious_inj_count":0}},{"type":"Feature","id":20813,"geometry":{"type":"Point","coordinates":[-75.1668177707409,39.9378770618406]},"properties":{"objectid":20813,"crn":2022072253,"crash_year":2022,"pedestrian":1,"bicycle":0,"fatal_count":0,"susp_serious_inj_count":0,"ped_death_count":0,"ped_susp_serious_inj_count":0,"bicycle_death_count":0,"bicycle_susp_serious_inj_count":0}},{"type":"Feature","id":20820,"geometry":{"type":"Point","coordinates":[-75.1566317703587,39.9847050722357]},"properties":{"objectid":20820,"crn":2022081035,"crash_year":2022,"pedestrian":1,"bicycle":0,"fatal_count":0,"susp_serious_inj_count":1,"ped_death_count":0,"ped_susp_serious_inj_count":1,"bicycle_death_count":0,"bicycle_susp_serious_inj_count":0}},{"type":"Feature","id":20835,"geometry":{"type":"Point","coordinates":[-75.1193477590823,39.9972250757936]},"properties":{"objectid":20835,"crn":2022072491,"crash_year":2022,"pedestrian":0,"bicycle":1,"fatal_count":0,"susp_serious_inj_count":0,"ped_death_count":0,"ped_susp_serious_inj_count":0,"bicycle_death_count":0,"bicycle_susp_serious_inj_count":0}},{"type":"Feature","id":20836,"geometry":{"type":"Point","coordinates":[-75.1885007798499,39.9632630665388]},"properties":{"objectid":20836,"crn":2022072249,"crash_year":2022,"pedestrian":0,"bicycle":1,"fatal_count":0,"susp_serious_inj_count":0,"ped_death_count":0,"ped_susp_serious_inj_count":0,"bicycle_death_count":0,"bicycle_susp_serious_inj_count":0}},{"type":"Feature","id":20840,"geometry":{"type":"Point","coordinates":[-75.1925867799492,39.9504480637839]},"properties":{"objectid":20840,"crn":2022077074,"crash_year":2022,"pedestrian":1,"bicycle":0,"fatal_count":0,"susp_serious_inj_count":0,"ped_death_count":0,"ped_susp_serious_inj_count":0,"bicycle_death_count":0,"bicycle_susp_serious_inj_count":0}},{"type":"Feature","id":20852,"geometry":{"type":"Point","coordinates":[-75.2251857904902,39.9584830644442]},"properties":{"objectid":20852,"crn":2022070432,"crash_year":2022,"pedestrian":1,"bicycle":0,"fatal_count":0,"susp_serious_inj_count":0,"ped_death_count":0,"ped_susp_serious_inj_count":0,"bicycle_death_count":0,"bicycle_susp_serious_inj_count":0}},{"type":"Feature","id":20887,"geometry":{"type":"Point","coordinates":[-75.1562817710057,39.9862980726789]},"properties":{"objectid":20887,"crn":2022077708,"crash_year":2022,"pedestrian":1,"bicycle":0,"fatal_count":0,"susp_serious_inj_count":0,"ped_death_count":0,"ped_susp_serious_inj_count":0,"bicycle_death_count":0,"bicycle_susp_serious_inj_count":0}},{"type":"Feature","id":20932,"geometry":{"type":"Point","coordinates":[-75.2474057974518,39.9596790637514]},"properties":{"objectid":20932,"crn":2022088169,"crash_year":2022,"pedestrian":1,"bicycle":0,"fatal_count":0,"susp_serious_inj_count":0,"ped_death_count":0,"ped_susp_serious_inj_count":0,"bicycle_death_count":0,"bicycle_susp_serious_inj_count":0}},{"type":"Feature","id":20962,"geometry":{"type":"Point","coordinates":[-75.127700762489,39.9983080758005]},"properties":{"objectid":20962,"crn":2022078423,"crash_year":2022,"pedestrian":1,"bicycle":0,"fatal_count":0,"susp_serious_inj_count":0,"ped_death_count":0,"ped_susp_serious_inj_count":0,"bicycle_death_count":0,"bicycle_susp_serious_inj_count":0}},{"type":"Feature","id":20976,"geometry":{"type":"Point","coordinates":[-75.1087837554035,39.9872450742858]},"properties":{"objectid":20976,"crn":2022075870,"crash_year":2022,"pedestrian":1,"bicycle":0,"fatal_count":0,"susp_serious_inj_count":1,"ped_death_count":0,"ped_susp_serious_inj_count":1,"bicycle_death_count":0,"bicycle_susp_serious_inj_count":0}},{"type":"Feature","id":20986,"geometry":{"type":"Point","coordinates":[-75.1670767706502,39.9367640623068]},"properties":{"objectid":20986,"crn":2022089518,"crash_year":2022,"pedestrian":1,"bicycle":0,"fatal_count":0,"susp_serious_inj_count":0,"ped_death_count":0,"ped_susp_serious_inj_count":0,"bicycle_death_count":0,"bicycle_susp_serious_inj_count":0}},{"type":"Feature","id":20994,"geometry":{"type":"Point","coordinates":[-75.1672117770814,40.0431630830237]},"properties":{"objectid":20994,"crn":2022089164,"crash_year":2022,"pedestrian":1,"bicycle":0,"fatal_count":1,"susp_serious_inj_count":0,"ped_death_count":1,"ped_susp_serious_inj_count":0,"bicycle_death_count":0,"bicycle_susp_serious_inj_count":0}},{"type":"Feature","id":20999,"geometry":{"type":"Point","coordinates":[-75.1680247706726,39.9317420605621]},"properties":{"objectid":20999,"crn":2022094617,"crash_year":2022,"pedestrian":1,"bicycle":0,"fatal_count":0,"susp_serious_inj_count":0,"ped_death_count":0,"ped_susp_serious_inj_count":0,"bicycle_death_count":0,"bicycle_susp_serious_inj_count":0}},{"type":"Feature","id":21008,"geometry":{"type":"Point","coordinates":[-75.1601437665888,39.9036770560841]},"properties":{"objectid":21008,"crn":2022086681,"crash_year":2022,"pedestrian":1,"bicycle":0,"fatal_count":1,"susp_serious_inj_count":0,"ped_death_count":1,"ped_susp_serious_inj_count":0,"bicycle_death_count":0,"bicycle_susp_serious_inj_count":0}},{"type":"Feature","id":21034,"geometry":{"type":"Point","coordinates":[-75.0989547532095,40.0062070778914]},"properties":{"objectid":21034,"crn":2022072611,"crash_year":2022,"pedestrian":1,"bicycle":0,"fatal_count":0,"susp_serious_inj_count":1,"ped_death_count":0,"ped_susp_serious_inj_count":1,"bicycle_death_count":0,"bicycle_susp_serious_inj_count":0}},{"type":"Feature","id":21036,"geometry":{"type":"Point","coordinates":[-75.1661957715915,39.9402060627198]},"properties":{"objectid":21036,"crn":2022080736,"crash_year":2022,"pedestrian":0,"bicycle":1,"fatal_count":0,"susp_serious_inj_count":0,"ped_death_count":0,"ped_susp_serious_inj_count":0,"bicycle_death_count":0,"bicycle_susp_serious_inj_count":0}},{"type":"Feature","id":21056,"geometry":{"type":"Point","coordinates":[-75.1735467716652,39.9054250551385]},"properties":{"objectid":21056,"crn":2022096716,"crash_year":2022,"pedestrian":1,"bicycle":0,"fatal_count":0,"susp_serious_inj_count":0,"ped_death_count":0,"ped_susp_serious_inj_count":0,"bicycle_death_count":0,"bicycle_susp_serious_inj_count":0}},{"type":"Feature","id":21066,"geometry":{"type":"Point","coordinates":[-75.1174027591773,39.9969750759356]},"properties":{"objectid":21066,"crn":2022081285,"crash_year":2022,"pedestrian":1,"bicycle":0,"fatal_count":0,"susp_serious_inj_count":0,"ped_death_count":0,"ped_susp_serious_inj_count":0,"bicycle_death_count":0,"bicycle_susp_serious_inj_count":0}},{"type":"Feature","id":21085,"geometry":{"type":"Point","coordinates":[-75.1785017754387,39.9511260647372]},"properties":{"objectid":21085,"crn":2022093469,"crash_year":2022,"pedestrian":0,"bicycle":1,"fatal_count":0,"susp_serious_inj_count":0,"ped_death_count":0,"ped_susp_serious_inj_count":0,"bicycle_death_count":0,"bicycle_susp_serious_inj_count":0}},{"type":"Feature","id":21102,"geometry":{"type":"Point","coordinates":[-75.1840467751425,39.922849058545]},"properties":{"objectid":21102,"crn":2022079811,"crash_year":2022,"pedestrian":0,"bicycle":1,"fatal_count":0,"susp_serious_inj_count":0,"ped_death_count":0,"ped_susp_serious_inj_count":0,"bicycle_death_count":0,"bicycle_susp_serious_inj_count":0}},{"type":"Feature","id":21108,"geometry":{"type":"Point","coordinates":[-75.1232357607029,39.9977250759211]},"properties":{"objectid":21108,"crn":2022068821,"crash_year":2022,"pedestrian":1,"bicycle":0,"fatal_count":0,"susp_serious_inj_count":0,"ped_death_count":0,"ped_susp_serious_inj_count":0,"bicycle_death_count":0,"bicycle_susp_serious_inj_count":0}},{"type":"Feature","id":21142,"geometry":{"type":"Point","coordinates":[-75.1100397583212,40.0280540818719]},"properties":{"objectid":21142,"crn":2022084915,"crash_year":2022,"pedestrian":0,"bicycle":1,"fatal_count":0,"susp_serious_inj_count":1,"ped_death_count":0,"ped_susp_serious_inj_count":0,"bicycle_death_count":0,"bicycle_susp_serious_inj_count":1}},{"type":"Feature","id":21150,"geometry":{"type":"Point","coordinates":[-75.1458087699069,40.0336460821539]},"properties":{"objectid":21150,"crn":2022086452,"crash_year":2022,"pedestrian":1,"bicycle":0,"fatal_count":0,"susp_serious_inj_count":0,"ped_death_count":0,"ped_susp_serious_inj_count":0,"bicycle_death_count":0,"bicycle_susp_serious_inj_count":0}},{"type":"Feature","id":21168,"geometry":{"type":"Point","coordinates":[-75.0569717423586,40.0422770867973]},"properties":{"objectid":21168,"crn":2022087015,"crash_year":2022,"pedestrian":1,"bicycle":0,"fatal_count":1,"susp_serious_inj_count":0,"ped_death_count":1,"ped_susp_serious_inj_count":0,"bicycle_death_count":0,"bicycle_susp_serious_inj_count":0}},{"type":"Feature","id":21174,"geometry":{"type":"Point","coordinates":[-75.1995797816432,39.9492120633195]},"properties":{"objectid":21174,"crn":2022077151,"crash_year":2022,"pedestrian":1,"bicycle":0,"fatal_count":0,"susp_serious_inj_count":0,"ped_death_count":0,"ped_susp_serious_inj_count":0,"bicycle_death_count":0,"bicycle_susp_serious_inj_count":0}},{"type":"Feature","id":21201,"geometry":{"type":"Point","coordinates":[-75.2262197907593,39.9535330633198]},"properties":{"objectid":21201,"crn":2022078459,"crash_year":2022,"pedestrian":0,"bicycle":1,"fatal_count":0,"susp_serious_inj_count":0,"ped_death_count":0,"ped_susp_serious_inj_count":0,"bicycle_death_count":0,"bicycle_susp_serious_inj_count":0}},{"type":"Feature","id":21202,"geometry":{"type":"Point","coordinates":[-75.1745857725036,39.9173010581921]},"properties":{"objectid":21202,"crn":2022083578,"crash_year":2022,"pedestrian":1,"bicycle":0,"fatal_count":0,"susp_serious_inj_count":0,"ped_death_count":0,"ped_susp_serious_inj_count":0,"bicycle_death_count":0,"bicycle_susp_serious_inj_count":0}},{"type":"Feature","id":21257,"geometry":{"type":"Point","coordinates":[-75.1415417639415,39.9464730650753]},"properties":{"objectid":21257,"crn":2022115629,"crash_year":2022,"pedestrian":0,"bicycle":1,"fatal_count":0,"susp_serious_inj_count":0,"ped_death_count":0,"ped_susp_serious_inj_count":0,"bicycle_death_count":0,"bicycle_susp_serious_inj_count":0}},{"type":"Feature","id":21259,"geometry":{"type":"Point","coordinates":[-75.191457779457,39.9558670645627]},"properties":{"objectid":21259,"crn":2022114103,"crash_year":2022,"pedestrian":1,"bicycle":0,"fatal_count":0,"susp_serious_inj_count":0,"ped_death_count":0,"ped_susp_serious_inj_count":0,"bicycle_death_count":0,"bicycle_susp_serious_inj_count":0}},{"type":"Feature","id":21269,"geometry":{"type":"Point","coordinates":[-75.1956187815038,39.9563420651251]},"properties":{"objectid":21269,"crn":2022089779,"crash_year":2022,"pedestrian":1,"bicycle":0,"fatal_count":0,"susp_serious_inj_count":1,"ped_death_count":0,"ped_susp_serious_inj_count":1,"bicycle_death_count":0,"bicycle_susp_serious_inj_count":0}},{"type":"Feature","id":21283,"geometry":{"type":"Point","coordinates":[-75.1945597821287,39.9734410683883]},"properties":{"objectid":21283,"crn":2022089991,"crash_year":2022,"pedestrian":0,"bicycle":1,"fatal_count":0,"susp_serious_inj_count":0,"ped_death_count":0,"ped_susp_serious_inj_count":0,"bicycle_death_count":0,"bicycle_susp_serious_inj_count":0}},{"type":"Feature","id":21302,"geometry":{"type":"Point","coordinates":[-75.2251857904902,39.9584830644442]},"properties":{"objectid":21302,"crn":2022117264,"crash_year":2022,"pedestrian":1,"bicycle":0,"fatal_count":0,"susp_serious_inj_count":1,"ped_death_count":0,"ped_susp_serious_inj_count":1,"bicycle_death_count":0,"bicycle_susp_serious_inj_count":0}},{"type":"Feature","id":21303,"geometry":{"type":"Point","coordinates":[-75.1393077647854,39.9694280697124]},"properties":{"objectid":21303,"crn":2022120512,"crash_year":2022,"pedestrian":1,"bicycle":0,"fatal_count":0,"susp_serious_inj_count":0,"ped_death_count":0,"ped_susp_serious_inj_count":0,"bicycle_death_count":0,"bicycle_susp_serious_inj_count":0}},{"type":"Feature","id":21357,"geometry":{"type":"Point","coordinates":[-75.163828771148,39.9534390657296]},"properties":{"objectid":21357,"crn":2022090474,"crash_year":2022,"pedestrian":0,"bicycle":1,"fatal_count":0,"susp_serious_inj_count":1,"ped_death_count":0,"ped_susp_serious_inj_count":0,"bicycle_death_count":0,"bicycle_susp_serious_inj_count":1}},{"type":"Feature","id":21392,"geometry":{"type":"Point","coordinates":[-75.2045307855806,39.9740570684794]},"properties":{"objectid":21392,"crn":2022119020,"crash_year":2022,"pedestrian":1,"bicycle":0,"fatal_count":0,"susp_serious_inj_count":0,"ped_death_count":0,"ped_susp_serious_inj_count":0,"bicycle_death_count":0,"bicycle_susp_serious_inj_count":0}},{"type":"Feature","id":21410,"geometry":{"type":"Point","coordinates":[-75.1462807661951,39.9548150660254]},"properties":{"objectid":21410,"crn":2022117046,"crash_year":2022,"pedestrian":0,"bicycle":1,"fatal_count":0,"susp_serious_inj_count":0,"ped_death_count":0,"ped_susp_serious_inj_count":0,"bicycle_death_count":0,"bicycle_susp_serious_inj_count":0}},{"type":"Feature","id":21420,"geometry":{"type":"Point","coordinates":[-75.2058167890225,40.0290610785325]},"properties":{"objectid":21420,"crn":2022088039,"crash_year":2022,"pedestrian":1,"bicycle":0,"fatal_count":0,"susp_serious_inj_count":1,"ped_death_count":0,"ped_susp_serious_inj_count":1,"bicycle_death_count":0,"bicycle_susp_serious_inj_count":0}},{"type":"Feature","id":21426,"geometry":{"type":"Point","coordinates":[-75.2255517913952,39.9585300641638]},"properties":{"objectid":21426,"crn":2022110245,"crash_year":2022,"pedestrian":1,"bicycle":0,"fatal_count":0,"susp_serious_inj_count":0,"ped_death_count":0,"ped_susp_serious_inj_count":0,"bicycle_death_count":0,"bicycle_susp_serious_inj_count":0}},{"type":"Feature","id":21435,"geometry":{"type":"Point","coordinates":[-75.2030767832768,39.9517630632513]},"properties":{"objectid":21435,"crn":2022114293,"crash_year":2022,"pedestrian":0,"bicycle":1,"fatal_count":0,"susp_serious_inj_count":0,"ped_death_count":0,"ped_susp_serious_inj_count":0,"bicycle_death_count":0,"bicycle_susp_serious_inj_count":0}},{"type":"Feature","id":21449,"geometry":{"type":"Point","coordinates":[-75.2061927890211,40.0295410790701]},"properties":{"objectid":21449,"crn":2022116649,"crash_year":2022,"pedestrian":1,"bicycle":0,"fatal_count":0,"susp_serious_inj_count":0,"ped_death_count":0,"ped_susp_serious_inj_count":0,"bicycle_death_count":0,"bicycle_susp_serious_inj_count":0}},{"type":"Feature","id":21457,"geometry":{"type":"Point","coordinates":[-75.1238057616235,39.9977980758637]},"properties":{"objectid":21457,"crn":2022122408,"crash_year":2022,"pedestrian":1,"bicycle":0,"fatal_count":0,"susp_serious_inj_count":0,"ped_death_count":0,"ped_susp_serious_inj_count":0,"bicycle_death_count":0,"bicycle_susp_serious_inj_count":0}},{"type":"Feature","id":21458,"geometry":{"type":"Point","coordinates":[-75.1614937696913,39.9371820624459]},"properties":{"objectid":21458,"crn":2022090973,"crash_year":2022,"pedestrian":1,"bicycle":0,"fatal_count":0,"susp_serious_inj_count":0,"ped_death_count":0,"ped_susp_serious_inj_count":0,"bicycle_death_count":0,"bicycle_susp_serious_inj_count":0}},{"type":"Feature","id":21480,"geometry":{"type":"Point","coordinates":[-75.0945327511002,39.9946390761142]},"properties":{"objectid":21480,"crn":2022121358,"crash_year":2022,"pedestrian":1,"bicycle":0,"fatal_count":1,"susp_serious_inj_count":0,"ped_death_count":1,"ped_susp_serious_inj_count":0,"bicycle_death_count":0,"bicycle_susp_serious_inj_count":0}},{"type":"Feature","id":21505,"geometry":{"type":"Point","coordinates":[-75.1642987747925,40.0030740748995]},"properties":{"objectid":21505,"crn":2022121803,"crash_year":2022,"pedestrian":0,"bicycle":1,"fatal_count":0,"susp_serious_inj_count":0,"ped_death_count":0,"ped_susp_serious_inj_count":0,"bicycle_death_count":0,"bicycle_susp_serious_inj_count":0}},{"type":"Feature","id":21511,"geometry":{"type":"Point","coordinates":[-75.1996727825997,39.9496150633253]},"properties":{"objectid":21511,"crn":2022106158,"crash_year":2022,"pedestrian":0,"bicycle":1,"fatal_count":0,"susp_serious_inj_count":0,"ped_death_count":0,"ped_susp_serious_inj_count":0,"bicycle_death_count":0,"bicycle_susp_serious_inj_count":0}},{"type":"Feature","id":21537,"geometry":{"type":"Point","coordinates":[-75.1826987746736,39.9187500578316]},"properties":{"objectid":21537,"crn":2022120112,"crash_year":2022,"pedestrian":1,"bicycle":0,"fatal_count":0,"susp_serious_inj_count":0,"ped_death_count":0,"ped_susp_serious_inj_count":0,"bicycle_death_count":0,"bicycle_susp_serious_inj_count":0}},{"type":"Feature","id":21541,"geometry":{"type":"Point","coordinates":[-75.1908637792132,39.9558390650875]},"properties":{"objectid":21541,"crn":2022082484,"crash_year":2022,"pedestrian":1,"bicycle":0,"fatal_count":0,"susp_serious_inj_count":0,"ped_death_count":0,"ped_susp_serious_inj_count":0,"bicycle_death_count":0,"bicycle_susp_serious_inj_count":0}},{"type":"Feature","id":21555,"geometry":{"type":"Point","coordinates":[-75.1986797822953,39.9540850642914]},"properties":{"objectid":21555,"crn":2022101932,"crash_year":2022,"pedestrian":1,"bicycle":0,"fatal_count":0,"susp_serious_inj_count":0,"ped_death_count":0,"ped_susp_serious_inj_count":0,"bicycle_death_count":0,"bicycle_susp_serious_inj_count":0}},{"type":"Feature","id":21571,"geometry":{"type":"Point","coordinates":[-75.1569267705378,39.9827120712255]},"properties":{"objectid":21571,"crn":2022121355,"crash_year":2022,"pedestrian":1,"bicycle":0,"fatal_count":1,"susp_serious_inj_count":0,"ped_death_count":1,"ped_susp_serious_inj_count":0,"bicycle_death_count":0,"bicycle_susp_serious_inj_count":0}},{"type":"Feature","id":21573,"geometry":{"type":"Point","coordinates":[-75.1030927566966,40.0296090829532]},"properties":{"objectid":21573,"crn":2022093133,"crash_year":2022,"pedestrian":1,"bicycle":0,"fatal_count":0,"susp_serious_inj_count":1,"ped_death_count":0,"ped_susp_serious_inj_count":1,"bicycle_death_count":0,"bicycle_susp_serious_inj_count":0}},{"type":"Feature","id":21599,"geometry":{"type":"Point","coordinates":[-75.1443607629997,39.9303050610981]},"properties":{"objectid":21599,"crn":2022083549,"crash_year":2022,"pedestrian":0,"bicycle":1,"fatal_count":0,"susp_serious_inj_count":0,"ped_death_count":0,"ped_susp_serious_inj_count":0,"bicycle_death_count":0,"bicycle_susp_serious_inj_count":0}},{"type":"Feature","id":21675,"geometry":{"type":"Point","coordinates":[-75.0695657442552,40.0120320800084]},"properties":{"objectid":21675,"crn":2022084547,"crash_year":2022,"pedestrian":1,"bicycle":0,"fatal_count":0,"susp_serious_inj_count":0,"ped_death_count":0,"ped_susp_serious_inj_count":0,"bicycle_death_count":0,"bicycle_susp_serious_inj_count":0}},{"type":"Feature","id":21680,"geometry":{"type":"Point","coordinates":[-75.2162167885664,39.9624880650292]},"properties":{"objectid":21680,"crn":2022085389,"crash_year":2022,"pedestrian":1,"bicycle":0,"fatal_count":0,"susp_serious_inj_count":0,"ped_death_count":0,"ped_susp_serious_inj_count":0,"bicycle_death_count":0,"bicycle_susp_serious_inj_count":0}},{"type":"Feature","id":21713,"geometry":{"type":"Point","coordinates":[-75.1682897715833,39.9305160609489]},"properties":{"objectid":21713,"crn":2022085363,"crash_year":2022,"pedestrian":1,"bicycle":0,"fatal_count":0,"susp_serious_inj_count":0,"ped_death_count":0,"ped_susp_serious_inj_count":0,"bicycle_death_count":0,"bicycle_susp_serious_inj_count":0}},{"type":"Feature","id":21724,"geometry":{"type":"Point","coordinates":[-75.0540387416769,40.0443740876705]},"properties":{"objectid":21724,"crn":2022109017,"crash_year":2022,"pedestrian":1,"bicycle":0,"fatal_count":0,"susp_serious_inj_count":0,"ped_death_count":0,"ped_susp_serious_inj_count":0,"bicycle_death_count":0,"bicycle_susp_serious_inj_count":0}},{"type":"Feature","id":21764,"geometry":{"type":"Point","coordinates":[-75.1561487707667,39.9862780719453]},"properties":{"objectid":21764,"crn":2022110554,"crash_year":2022,"pedestrian":1,"bicycle":0,"fatal_count":1,"susp_serious_inj_count":0,"ped_death_count":1,"ped_susp_serious_inj_count":0,"bicycle_death_count":0,"bicycle_susp_serious_inj_count":0}},{"type":"Feature","id":21769,"geometry":{"type":"Point","coordinates":[-75.1572767705325,39.9817520712985]},"properties":{"objectid":21769,"crn":2022085281,"crash_year":2022,"pedestrian":1,"bicycle":0,"fatal_count":0,"susp_serious_inj_count":0,"ped_death_count":0,"ped_susp_serious_inj_count":0,"bicycle_death_count":0,"bicycle_susp_serious_inj_count":0}},{"type":"Feature","id":21813,"geometry":{"type":"Point","coordinates":[-75.2432557935152,39.9126680541782]},"properties":{"objectid":21813,"crn":2022112399,"crash_year":2022,"pedestrian":1,"bicycle":0,"fatal_count":1,"susp_serious_inj_count":0,"ped_death_count":1,"ped_susp_serious_inj_count":0,"bicycle_death_count":0,"bicycle_susp_serious_inj_count":0}},{"type":"Feature","id":21817,"geometry":{"type":"Point","coordinates":[-75.2724878068813,39.9769680664338]},"properties":{"objectid":21817,"crn":2022086694,"crash_year":2022,"pedestrian":1,"bicycle":0,"fatal_count":0,"susp_serious_inj_count":0,"ped_death_count":0,"ped_susp_serious_inj_count":0,"bicycle_death_count":0,"bicycle_susp_serious_inj_count":0}},{"type":"Feature","id":21821,"geometry":{"type":"Point","coordinates":[-75.2061237850373,39.9561170647334]},"properties":{"objectid":21821,"crn":2022098810,"crash_year":2022,"pedestrian":1,"bicycle":0,"fatal_count":0,"susp_serious_inj_count":0,"ped_death_count":0,"ped_susp_serious_inj_count":0,"bicycle_death_count":0,"bicycle_susp_serious_inj_count":0}},{"type":"Feature","id":21830,"geometry":{"type":"Point","coordinates":[-75.1628877687364,39.923509059345]},"properties":{"objectid":21830,"crn":2022087564,"crash_year":2022,"pedestrian":1,"bicycle":0,"fatal_count":0,"susp_serious_inj_count":0,"ped_death_count":0,"ped_susp_serious_inj_count":0,"bicycle_death_count":0,"bicycle_susp_serious_inj_count":0}},{"type":"Feature","id":21859,"geometry":{"type":"Point","coordinates":[-75.150481772311,40.0500730852268]},"properties":{"objectid":21859,"crn":2022107528,"crash_year":2022,"pedestrian":1,"bicycle":0,"fatal_count":1,"susp_serious_inj_count":0,"ped_death_count":1,"ped_susp_serious_inj_count":0,"bicycle_death_count":0,"bicycle_susp_serious_inj_count":0}},{"type":"Feature","id":21861,"geometry":{"type":"Point","coordinates":[-75.2156247880194,39.9624090652459]},"properties":{"objectid":21861,"crn":2022087938,"crash_year":2022,"pedestrian":1,"bicycle":0,"fatal_count":0,"susp_serious_inj_count":0,"ped_death_count":0,"ped_susp_serious_inj_count":0,"bicycle_death_count":0,"bicycle_susp_serious_inj_count":0}},{"type":"Feature","id":21865,"geometry":{"type":"Point","coordinates":[-75.2355067936864,39.9582090638899]},"properties":{"objectid":21865,"crn":2022106148,"crash_year":2022,"pedestrian":1,"bicycle":0,"fatal_count":0,"susp_serious_inj_count":0,"ped_death_count":0,"ped_susp_serious_inj_count":0,"bicycle_death_count":0,"bicycle_susp_serious_inj_count":0}},{"type":"Feature","id":21870,"geometry":{"type":"Point","coordinates":[-75.1991397823987,39.9512570636009]},"properties":{"objectid":21870,"crn":2022088683,"crash_year":2022,"pedestrian":1,"bicycle":0,"fatal_count":0,"susp_serious_inj_count":0,"ped_death_count":0,"ped_susp_serious_inj_count":0,"bicycle_death_count":0,"bicycle_susp_serious_inj_count":0}},{"type":"Feature","id":21892,"geometry":{"type":"Point","coordinates":[-75.2251857904902,39.9584830644442]},"properties":{"objectid":21892,"crn":2022106149,"crash_year":2022,"pedestrian":1,"bicycle":0,"fatal_count":0,"susp_serious_inj_count":1,"ped_death_count":0,"ped_susp_serious_inj_count":1,"bicycle_death_count":0,"bicycle_susp_serious_inj_count":0}},{"type":"Feature","id":21898,"geometry":{"type":"Point","coordinates":[-75.0552987405554,40.0197130820383]},"properties":{"objectid":21898,"crn":2022098393,"crash_year":2022,"pedestrian":0,"bicycle":1,"fatal_count":0,"susp_serious_inj_count":0,"ped_death_count":0,"ped_susp_serious_inj_count":0,"bicycle_death_count":0,"bicycle_susp_serious_inj_count":0}},{"type":"Feature","id":21899,"geometry":{"type":"Point","coordinates":[-75.1061047561911,40.0113020792421]},"properties":{"objectid":21899,"crn":2022098735,"crash_year":2022,"pedestrian":1,"bicycle":0,"fatal_count":0,"susp_serious_inj_count":0,"ped_death_count":0,"ped_susp_serious_inj_count":0,"bicycle_death_count":0,"bicycle_susp_serious_inj_count":0}},{"type":"Feature","id":21914,"geometry":{"type":"Point","coordinates":[-75.1311207639989,40.0145260789135]},"properties":{"objectid":21914,"crn":2022099321,"crash_year":2022,"pedestrian":1,"bicycle":0,"fatal_count":0,"susp_serious_inj_count":0,"ped_death_count":0,"ped_susp_serious_inj_count":0,"bicycle_death_count":0,"bicycle_susp_serious_inj_count":0}},{"type":"Feature","id":21926,"geometry":{"type":"Point","coordinates":[-75.0217257303158,40.0312300859337]},"properties":{"objectid":21926,"crn":2022087535,"crash_year":2022,"pedestrian":0,"bicycle":1,"fatal_count":0,"susp_serious_inj_count":0,"ped_death_count":0,"ped_susp_serious_inj_count":0,"bicycle_death_count":0,"bicycle_susp_serious_inj_count":0}},{"type":"Feature","id":21970,"geometry":{"type":"Point","coordinates":[-75.1546147709303,39.9939560735201]},"properties":{"objectid":21970,"crn":2022101111,"crash_year":2022,"pedestrian":1,"bicycle":0,"fatal_count":0,"susp_serious_inj_count":0,"ped_death_count":0,"ped_susp_serious_inj_count":0,"bicycle_death_count":0,"bicycle_susp_serious_inj_count":0}},{"type":"Feature","id":22040,"geometry":{"type":"Point","coordinates":[-75.1427767643728,39.9537890663323]},"properties":{"objectid":22040,"crn":2022112212,"crash_year":2022,"pedestrian":0,"bicycle":1,"fatal_count":0,"susp_serious_inj_count":1,"ped_death_count":0,"ped_susp_serious_inj_count":0,"bicycle_death_count":0,"bicycle_susp_serious_inj_count":1}},{"type":"Feature","id":22049,"geometry":{"type":"Point","coordinates":[-75.191457779457,39.9558670645627]},"properties":{"objectid":22049,"crn":2022097707,"crash_year":2022,"pedestrian":0,"bicycle":1,"fatal_count":0,"susp_serious_inj_count":0,"ped_death_count":0,"ped_susp_serious_inj_count":0,"bicycle_death_count":0,"bicycle_susp_serious_inj_count":0}},{"type":"Feature","id":22057,"geometry":{"type":"Point","coordinates":[-75.1623687707161,39.9576880660863]},"properties":{"objectid":22057,"crn":2022114339,"crash_year":2022,"pedestrian":1,"bicycle":0,"fatal_count":0,"susp_serious_inj_count":0,"ped_death_count":0,"ped_susp_serious_inj_count":0,"bicycle_death_count":0,"bicycle_susp_serious_inj_count":0}},{"type":"Feature","id":22087,"geometry":{"type":"Point","coordinates":[-75.1406707651767,39.9696980696559]},"properties":{"objectid":22087,"crn":2022122411,"crash_year":2022,"pedestrian":1,"bicycle":0,"fatal_count":0,"susp_serious_inj_count":0,"ped_death_count":0,"ped_susp_serious_inj_count":0,"bicycle_death_count":0,"bicycle_susp_serious_inj_count":0}},{"type":"Feature","id":22124,"geometry":{"type":"Point","coordinates":[-75.1541847711035,39.9952240741255]},"properties":{"objectid":22124,"crn":2022098740,"crash_year":2022,"pedestrian":0,"bicycle":1,"fatal_count":0,"susp_serious_inj_count":0,"ped_death_count":0,"ped_susp_serious_inj_count":0,"bicycle_death_count":0,"bicycle_susp_serious_inj_count":0}},{"type":"Feature","id":22151,"geometry":{"type":"Point","coordinates":[-75.2136537873529,39.9555050643865]},"properties":{"objectid":22151,"crn":2022108071,"crash_year":2022,"pedestrian":1,"bicycle":0,"fatal_count":0,"susp_serious_inj_count":1,"ped_death_count":0,"ped_susp_serious_inj_count":1,"bicycle_death_count":0,"bicycle_susp_serious_inj_count":0}},{"type":"Feature","id":22159,"geometry":{"type":"Point","coordinates":[-75.1729437736954,39.9548690658238]},"properties":{"objectid":22159,"crn":2022119016,"crash_year":2022,"pedestrian":1,"bicycle":0,"fatal_count":0,"susp_serious_inj_count":1,"ped_death_count":0,"ped_susp_serious_inj_count":1,"bicycle_death_count":0,"bicycle_susp_serious_inj_count":0}},{"type":"Feature","id":22164,"geometry":{"type":"Point","coordinates":[-75.2455297972875,39.9673140651878]},"properties":{"objectid":22164,"crn":2022120903,"crash_year":2022,"pedestrian":1,"bicycle":0,"fatal_count":0,"susp_serious_inj_count":0,"ped_death_count":0,"ped_susp_serious_inj_count":0,"bicycle_death_count":0,"bicycle_susp_serious_inj_count":0}},{"type":"Feature","id":22171,"geometry":{"type":"Point","coordinates":[-75.2345517922457,39.9254390569879]},"properties":{"objectid":22171,"crn":2022120320,"crash_year":2022,"pedestrian":1,"bicycle":0,"fatal_count":0,"susp_serious_inj_count":0,"ped_death_count":0,"ped_susp_serious_inj_count":0,"bicycle_death_count":0,"bicycle_susp_serious_inj_count":0}},{"type":"Feature","id":22188,"geometry":{"type":"Point","coordinates":[-75.2319147932066,39.9655990650321]},"properties":{"objectid":22188,"crn":2022097027,"crash_year":2022,"pedestrian":1,"bicycle":0,"fatal_count":0,"susp_serious_inj_count":0,"ped_death_count":0,"ped_susp_serious_inj_count":0,"bicycle_death_count":0,"bicycle_susp_serious_inj_count":0}},{"type":"Feature","id":22216,"geometry":{"type":"Point","coordinates":[-75.1846077757488,39.9254730591714]},"properties":{"objectid":22216,"crn":2022120114,"crash_year":2022,"pedestrian":1,"bicycle":0,"fatal_count":0,"susp_serious_inj_count":0,"ped_death_count":0,"ped_susp_serious_inj_count":0,"bicycle_death_count":0,"bicycle_susp_serious_inj_count":0}},{"type":"Feature","id":22231,"geometry":{"type":"Point","coordinates":[-75.2467367977399,39.9630670647403]},"properties":{"objectid":22231,"crn":2022120904,"crash_year":2022,"pedestrian":1,"bicycle":0,"fatal_count":0,"susp_serious_inj_count":0,"ped_death_count":0,"ped_susp_serious_inj_count":0,"bicycle_death_count":0,"bicycle_susp_serious_inj_count":0}},{"type":"Feature","id":22250,"geometry":{"type":"Point","coordinates":[-75.1641767709029,39.949341064475]},"properties":{"objectid":22250,"crn":2022123023,"crash_year":2022,"pedestrian":1,"bicycle":0,"fatal_count":0,"susp_serious_inj_count":1,"ped_death_count":0,"ped_susp_serious_inj_count":1,"bicycle_death_count":0,"bicycle_susp_serious_inj_count":0}},{"type":"Feature","id":22263,"geometry":{"type":"Point","coordinates":[-75.1499207665939,39.952764065619]},"properties":{"objectid":22263,"crn":2022115927,"crash_year":2022,"pedestrian":1,"bicycle":0,"fatal_count":0,"susp_serious_inj_count":0,"ped_death_count":0,"ped_susp_serious_inj_count":0,"bicycle_death_count":0,"bicycle_susp_serious_inj_count":0}},{"type":"Feature","id":22265,"geometry":{"type":"Point","coordinates":[-75.1562817710057,39.9862980726789]},"properties":{"objectid":22265,"crn":2022114166,"crash_year":2022,"pedestrian":1,"bicycle":0,"fatal_count":0,"susp_serious_inj_count":0,"ped_death_count":0,"ped_susp_serious_inj_count":0,"bicycle_death_count":0,"bicycle_susp_serious_inj_count":0}},{"type":"Feature","id":22301,"geometry":{"type":"Point","coordinates":[-75.1695587733489,39.9552180656884]},"properties":{"objectid":22301,"crn":2022117758,"crash_year":2022,"pedestrian":1,"bicycle":0,"fatal_count":0,"susp_serious_inj_count":0,"ped_death_count":0,"ped_susp_serious_inj_count":0,"bicycle_death_count":0,"bicycle_susp_serious_inj_count":0}},{"type":"Feature","id":22318,"geometry":{"type":"Point","coordinates":[-75.1463177676445,39.9803180713297]},"properties":{"objectid":22318,"crn":2022093818,"crash_year":2022,"pedestrian":1,"bicycle":0,"fatal_count":0,"susp_serious_inj_count":0,"ped_death_count":0,"ped_susp_serious_inj_count":0,"bicycle_death_count":0,"bicycle_susp_serious_inj_count":0}},{"type":"Feature","id":22323,"geometry":{"type":"Point","coordinates":[-75.1533637671423,39.9511440654793]},"properties":{"objectid":22323,"crn":2022103214,"crash_year":2022,"pedestrian":1,"bicycle":0,"fatal_count":0,"susp_serious_inj_count":0,"ped_death_count":0,"ped_susp_serious_inj_count":0,"bicycle_death_count":0,"bicycle_susp_serious_inj_count":0}},{"type":"Feature","id":22336,"geometry":{"type":"Point","coordinates":[-75.1505047703426,40.0107860775743]},"properties":{"objectid":22336,"crn":2022103700,"crash_year":2022,"pedestrian":1,"bicycle":0,"fatal_count":0,"susp_serious_inj_count":0,"ped_death_count":0,"ped_susp_serious_inj_count":0,"bicycle_death_count":0,"bicycle_susp_serious_inj_count":0}},{"type":"Feature","id":22362,"geometry":{"type":"Point","coordinates":[-75.1529267706518,40.0016090755287]},"properties":{"objectid":22362,"crn":2022101859,"crash_year":2022,"pedestrian":1,"bicycle":0,"fatal_count":0,"susp_serious_inj_count":0,"ped_death_count":0,"ped_susp_serious_inj_count":0,"bicycle_death_count":0,"bicycle_susp_serious_inj_count":0}},{"type":"Feature","id":22371,"geometry":{"type":"Point","coordinates":[-75.22600579055,39.9545890632421]},"properties":{"objectid":22371,"crn":2022093414,"crash_year":2022,"pedestrian":1,"bicycle":0,"fatal_count":0,"susp_serious_inj_count":0,"ped_death_count":0,"ped_susp_serious_inj_count":0,"bicycle_death_count":0,"bicycle_susp_serious_inj_count":0}},{"type":"Feature","id":22407,"geometry":{"type":"Point","coordinates":[-75.2450257969691,39.9609370642115]},"properties":{"objectid":22407,"crn":2022093137,"crash_year":2022,"pedestrian":0,"bicycle":1,"fatal_count":0,"susp_serious_inj_count":0,"ped_death_count":0,"ped_susp_serious_inj_count":0,"bicycle_death_count":0,"bicycle_susp_serious_inj_count":0}},{"type":"Feature","id":22410,"geometry":{"type":"Point","coordinates":[-75.1211967584992,39.9753080709198]},"properties":{"objectid":22410,"crn":2022110569,"crash_year":2022,"pedestrian":1,"bicycle":0,"fatal_count":0,"susp_serious_inj_count":0,"ped_death_count":0,"ped_susp_serious_inj_count":0,"bicycle_death_count":0,"bicycle_susp_serious_inj_count":0}},{"type":"Feature","id":22419,"geometry":{"type":"Point","coordinates":[-75.2245187913165,39.964672065413]},"properties":{"objectid":22419,"crn":2022104612,"crash_year":2022,"pedestrian":0,"bicycle":1,"fatal_count":0,"susp_serious_inj_count":0,"ped_death_count":0,"ped_susp_serious_inj_count":0,"bicycle_death_count":0,"bicycle_susp_serious_inj_count":0}},{"type":"Feature","id":22431,"geometry":{"type":"Point","coordinates":[-75.1885997776767,39.9230080581388]},"properties":{"objectid":22431,"crn":2022108267,"crash_year":2022,"pedestrian":0,"bicycle":1,"fatal_count":0,"susp_serious_inj_count":0,"ped_death_count":0,"ped_susp_serious_inj_count":0,"bicycle_death_count":0,"bicycle_susp_serious_inj_count":0}},{"type":"Feature","id":22453,"geometry":{"type":"Point","coordinates":[-75.1503627686481,39.9807020717377]},"properties":{"objectid":22453,"crn":2022104736,"crash_year":2022,"pedestrian":0,"bicycle":1,"fatal_count":0,"susp_serious_inj_count":0,"ped_death_count":0,"ped_susp_serious_inj_count":0,"bicycle_death_count":0,"bicycle_susp_serious_inj_count":0}},{"type":"Feature","id":22481,"geometry":{"type":"Point","coordinates":[-75.1507377708065,40.0089800770221]},"properties":{"objectid":22481,"crn":2022104972,"crash_year":2022,"pedestrian":1,"bicycle":0,"fatal_count":0,"susp_serious_inj_count":1,"ped_death_count":0,"ped_susp_serious_inj_count":1,"bicycle_death_count":0,"bicycle_susp_serious_inj_count":0}},{"type":"Feature","id":22494,"geometry":{"type":"Point","coordinates":[-75.2295867918203,39.9453100615488]},"properties":{"objectid":22494,"crn":2022093805,"crash_year":2022,"pedestrian":1,"bicycle":0,"fatal_count":0,"susp_serious_inj_count":0,"ped_death_count":0,"ped_susp_serious_inj_count":0,"bicycle_death_count":0,"bicycle_susp_serious_inj_count":0}},{"type":"Feature","id":22503,"geometry":{"type":"Point","coordinates":[-75.1463177676445,39.9803180713297]},"properties":{"objectid":22503,"crn":2022097030,"crash_year":2022,"pedestrian":1,"bicycle":0,"fatal_count":0,"susp_serious_inj_count":0,"ped_death_count":0,"ped_susp_serious_inj_count":0,"bicycle_death_count":0,"bicycle_susp_serious_inj_count":0}},{"type":"Feature","id":22504,"geometry":{"type":"Point","coordinates":[-75.1999497828068,39.955359064745]},"properties":{"objectid":22504,"crn":2022108437,"crash_year":2022,"pedestrian":1,"bicycle":0,"fatal_count":0,"susp_serious_inj_count":0,"ped_death_count":0,"ped_susp_serious_inj_count":0,"bicycle_death_count":0,"bicycle_susp_serious_inj_count":0}},{"type":"Feature","id":22511,"geometry":{"type":"Point","coordinates":[-75.1834687783716,39.9745740693412]},"properties":{"objectid":22511,"crn":2022102231,"crash_year":2022,"pedestrian":1,"bicycle":0,"fatal_count":0,"susp_serious_inj_count":0,"ped_death_count":0,"ped_susp_serious_inj_count":0,"bicycle_death_count":0,"bicycle_susp_serious_inj_count":0}},{"type":"Feature","id":22586,"geometry":{"type":"Point","coordinates":[-75.1494237720764,40.0363860821414]},"properties":{"objectid":22586,"crn":2022113619,"crash_year":2022,"pedestrian":1,"bicycle":0,"fatal_count":0,"susp_serious_inj_count":0,"ped_death_count":0,"ped_susp_serious_inj_count":0,"bicycle_death_count":0,"bicycle_susp_serious_inj_count":0}},{"type":"Feature","id":22619,"geometry":{"type":"Point","coordinates":[-75.0918527516989,40.0060120781241]},"properties":{"objectid":22619,"crn":2022113607,"crash_year":2022,"pedestrian":1,"bicycle":0,"fatal_count":0,"susp_serious_inj_count":0,"ped_death_count":0,"ped_susp_serious_inj_count":0,"bicycle_death_count":0,"bicycle_susp_serious_inj_count":0}},{"type":"Feature","id":22623,"geometry":{"type":"Point","coordinates":[-75.202545783325,39.9572270643467]},"properties":{"objectid":22623,"crn":2022121354,"crash_year":2022,"pedestrian":1,"bicycle":0,"fatal_count":0,"susp_serious_inj_count":0,"ped_death_count":0,"ped_susp_serious_inj_count":0,"bicycle_death_count":0,"bicycle_susp_serious_inj_count":0}},{"type":"Feature","id":22639,"geometry":{"type":"Point","coordinates":[-75.2268627906755,39.9472580619051]},"properties":{"objectid":22639,"crn":2022119017,"crash_year":2022,"pedestrian":1,"bicycle":0,"fatal_count":0,"susp_serious_inj_count":0,"ped_death_count":0,"ped_susp_serious_inj_count":0,"bicycle_death_count":0,"bicycle_susp_serious_inj_count":0}},{"type":"Feature","id":22652,"geometry":{"type":"Point","coordinates":[-75.1405297672129,40.0078990769157]},"properties":{"objectid":22652,"crn":2022117055,"crash_year":2022,"pedestrian":1,"bicycle":0,"fatal_count":0,"susp_serious_inj_count":0,"ped_death_count":0,"ped_susp_serious_inj_count":0,"bicycle_death_count":0,"bicycle_susp_serious_inj_count":0}},{"type":"Feature","id":22659,"geometry":{"type":"Point","coordinates":[-75.2319147932066,39.9655990650321]},"properties":{"objectid":22659,"crn":2022120901,"crash_year":2022,"pedestrian":1,"bicycle":0,"fatal_count":0,"susp_serious_inj_count":0,"ped_death_count":0,"ped_susp_serious_inj_count":0,"bicycle_death_count":0,"bicycle_susp_serious_inj_count":0}},{"type":"Feature","id":22705,"geometry":{"type":"Point","coordinates":[-75.154418770413,39.9941440738723]},"properties":{"objectid":22705,"crn":2022125107,"crash_year":2022,"pedestrian":1,"bicycle":0,"fatal_count":1,"susp_serious_inj_count":0,"ped_death_count":1,"ped_susp_serious_inj_count":0,"bicycle_death_count":0,"bicycle_susp_serious_inj_count":0}},{"type":"Feature","id":22753,"geometry":{"type":"Point","coordinates":[-75.0729547481599,40.044035086955]},"properties":{"objectid":22753,"crn":2022114075,"crash_year":2022,"pedestrian":1,"bicycle":0,"fatal_count":0,"susp_serious_inj_count":0,"ped_death_count":0,"ped_susp_serious_inj_count":0,"bicycle_death_count":0,"bicycle_susp_serious_inj_count":0}},{"type":"Feature","id":22768,"geometry":{"type":"Point","coordinates":[-75.1613477708459,39.9623440672069]},"properties":{"objectid":22768,"crn":2022124064,"crash_year":2022,"pedestrian":0,"bicycle":1,"fatal_count":0,"susp_serious_inj_count":0,"ped_death_count":0,"ped_susp_serious_inj_count":0,"bicycle_death_count":0,"bicycle_susp_serious_inj_count":0}},{"type":"Feature","id":22819,"geometry":{"type":"Point","coordinates":[-75.1644927688069,39.9159070582294]},"properties":{"objectid":22819,"crn":2022097575,"crash_year":2022,"pedestrian":1,"bicycle":0,"fatal_count":0,"susp_serious_inj_count":1,"ped_death_count":0,"ped_susp_serious_inj_count":1,"bicycle_death_count":0,"bicycle_susp_serious_inj_count":0}},{"type":"Feature","id":22823,"geometry":{"type":"Point","coordinates":[-75.1914457796694,39.9558690647777]},"properties":{"objectid":22823,"crn":2022124551,"crash_year":2022,"pedestrian":1,"bicycle":0,"fatal_count":0,"susp_serious_inj_count":0,"ped_death_count":0,"ped_susp_serious_inj_count":0,"bicycle_death_count":0,"bicycle_susp_serious_inj_count":0}},{"type":"Feature","id":22828,"geometry":{"type":"Point","coordinates":[-75.127082760456,39.9713100705588]},"properties":{"objectid":22828,"crn":2022120914,"crash_year":2022,"pedestrian":1,"bicycle":0,"fatal_count":0,"susp_serious_inj_count":0,"ped_death_count":0,"ped_susp_serious_inj_count":0,"bicycle_death_count":0,"bicycle_susp_serious_inj_count":0}},{"type":"Feature","id":22849,"geometry":{"type":"Point","coordinates":[-75.2136537873529,39.9555050643865]},"properties":{"objectid":22849,"crn":2022100960,"crash_year":2022,"pedestrian":0,"bicycle":1,"fatal_count":0,"susp_serious_inj_count":0,"ped_death_count":0,"ped_susp_serious_inj_count":0,"bicycle_death_count":0,"bicycle_susp_serious_inj_count":0}},{"type":"Feature","id":22895,"geometry":{"type":"Point","coordinates":[-75.1288647604036,39.9673700694266]},"properties":{"objectid":22895,"crn":2022099887,"crash_year":2022,"pedestrian":1,"bicycle":0,"fatal_count":0,"susp_serious_inj_count":0,"ped_death_count":0,"ped_susp_serious_inj_count":0,"bicycle_death_count":0,"bicycle_susp_serious_inj_count":0}},{"type":"Feature","id":22896,"geometry":{"type":"Point","coordinates":[-75.2478757984945,39.9573000635563]},"properties":{"objectid":22896,"crn":2022107518,"crash_year":2022,"pedestrian":0,"bicycle":1,"fatal_count":0,"susp_serious_inj_count":0,"ped_death_count":0,"ped_susp_serious_inj_count":0,"bicycle_death_count":0,"bicycle_susp_serious_inj_count":0}},{"type":"Feature","id":22900,"geometry":{"type":"Point","coordinates":[-75.2453557976301,39.9594260633863]},"properties":{"objectid":22900,"crn":2022100958,"crash_year":2022,"pedestrian":1,"bicycle":0,"fatal_count":0,"susp_serious_inj_count":0,"ped_death_count":0,"ped_susp_serious_inj_count":0,"bicycle_death_count":0,"bicycle_susp_serious_inj_count":0}},{"type":"Feature","id":22907,"geometry":{"type":"Point","coordinates":[-75.1991397823987,39.9512570636009]},"properties":{"objectid":22907,"crn":2022100631,"crash_year":2022,"pedestrian":1,"bicycle":1,"fatal_count":0,"susp_serious_inj_count":0,"ped_death_count":0,"ped_susp_serious_inj_count":0,"bicycle_death_count":0,"bicycle_susp_serious_inj_count":0}},{"type":"Feature","id":22914,"geometry":{"type":"Point","coordinates":[-75.1558317711797,39.9877320728649]},"properties":{"objectid":22914,"crn":2022101851,"crash_year":2022,"pedestrian":1,"bicycle":0,"fatal_count":0,"susp_serious_inj_count":0,"ped_death_count":0,"ped_susp_serious_inj_count":0,"bicycle_death_count":0,"bicycle_susp_serious_inj_count":0}},{"type":"Feature","id":22951,"geometry":{"type":"Point","coordinates":[-75.2215867891089,39.9564870639827]},"properties":{"objectid":22951,"crn":2022100957,"crash_year":2022,"pedestrian":1,"bicycle":0,"fatal_count":0,"susp_serious_inj_count":0,"ped_death_count":0,"ped_susp_serious_inj_count":0,"bicycle_death_count":0,"bicycle_susp_serious_inj_count":0}},{"type":"Feature","id":22964,"geometry":{"type":"Point","coordinates":[-75.1499207665939,39.952764065619]},"properties":{"objectid":22964,"crn":2022098151,"crash_year":2022,"pedestrian":1,"bicycle":0,"fatal_count":0,"susp_serious_inj_count":0,"ped_death_count":0,"ped_susp_serious_inj_count":0,"bicycle_death_count":0,"bicycle_susp_serious_inj_count":0}},{"type":"Feature","id":22971,"geometry":{"type":"Point","coordinates":[-75.1535707679103,39.9511020655442]},"properties":{"objectid":22971,"crn":2022098726,"crash_year":2022,"pedestrian":0,"bicycle":1,"fatal_count":0,"susp_serious_inj_count":1,"ped_death_count":0,"ped_susp_serious_inj_count":0,"bicycle_death_count":0,"bicycle_susp_serious_inj_count":0}},{"type":"Feature","id":23000,"geometry":{"type":"Point","coordinates":[-75.1956447815894,39.9596110654636]},"properties":{"objectid":23000,"crn":2022095231,"crash_year":2022,"pedestrian":1,"bicycle":0,"fatal_count":0,"susp_serious_inj_count":1,"ped_death_count":0,"ped_susp_serious_inj_count":1,"bicycle_death_count":0,"bicycle_susp_serious_inj_count":0}},{"type":"Feature","id":23033,"geometry":{"type":"Point","coordinates":[-75.2079217851401,39.9579410650053]},"properties":{"objectid":23033,"crn":2022102014,"crash_year":2022,"pedestrian":0,"bicycle":1,"fatal_count":0,"susp_serious_inj_count":0,"ped_death_count":0,"ped_susp_serious_inj_count":0,"bicycle_death_count":0,"bicycle_susp_serious_inj_count":0}},{"type":"Feature","id":23038,"geometry":{"type":"Point","coordinates":[-75.1342097619612,39.9644910690418]},"properties":{"objectid":23038,"crn":2022124513,"crash_year":2022,"pedestrian":1,"bicycle":0,"fatal_count":0,"susp_serious_inj_count":1,"ped_death_count":0,"ped_susp_serious_inj_count":1,"bicycle_death_count":0,"bicycle_susp_serious_inj_count":0}},{"type":"Feature","id":23046,"geometry":{"type":"Point","coordinates":[-75.1289717619253,39.9905950739147]},"properties":{"objectid":23046,"crn":2022100098,"crash_year":2022,"pedestrian":1,"bicycle":0,"fatal_count":0,"susp_serious_inj_count":0,"ped_death_count":0,"ped_susp_serious_inj_count":0,"bicycle_death_count":0,"bicycle_susp_serious_inj_count":0}},{"type":"Feature","id":23062,"geometry":{"type":"Point","coordinates":[-75.1618077690264,39.9372860623353]},"properties":{"objectid":23062,"crn":2022100090,"crash_year":2022,"pedestrian":1,"bicycle":0,"fatal_count":0,"susp_serious_inj_count":0,"ped_death_count":0,"ped_susp_serious_inj_count":0,"bicycle_death_count":0,"bicycle_susp_serious_inj_count":0}},{"type":"Feature","id":23066,"geometry":{"type":"Point","coordinates":[-75.1827237745113,39.9182580581112]},"properties":{"objectid":23066,"crn":2022100086,"crash_year":2022,"pedestrian":1,"bicycle":0,"fatal_count":0,"susp_serious_inj_count":0,"ped_death_count":0,"ped_susp_serious_inj_count":0,"bicycle_death_count":0,"bicycle_susp_serious_inj_count":0}},{"type":"Feature","id":23067,"geometry":{"type":"Point","coordinates":[-75.083519751669,40.0612790893482]},"properties":{"objectid":23067,"crn":2022094517,"crash_year":2022,"pedestrian":0,"bicycle":1,"fatal_count":0,"susp_serious_inj_count":0,"ped_death_count":0,"ped_susp_serious_inj_count":0,"bicycle_death_count":0,"bicycle_susp_serious_inj_count":0}},{"type":"Feature","id":23074,"geometry":{"type":"Point","coordinates":[-75.1109737568743,39.9978510761556]},"properties":{"objectid":23074,"crn":2022108080,"crash_year":2022,"pedestrian":1,"bicycle":0,"fatal_count":0,"susp_serious_inj_count":0,"ped_death_count":0,"ped_susp_serious_inj_count":0,"bicycle_death_count":0,"bicycle_susp_serious_inj_count":0}},{"type":"Feature","id":23078,"geometry":{"type":"Point","coordinates":[-75.1468407645282,39.9276660612478]},"properties":{"objectid":23078,"crn":2022098257,"crash_year":2022,"pedestrian":0,"bicycle":1,"fatal_count":0,"susp_serious_inj_count":0,"ped_death_count":0,"ped_susp_serious_inj_count":0,"bicycle_death_count":0,"bicycle_susp_serious_inj_count":0}},{"type":"Feature","id":23083,"geometry":{"type":"Point","coordinates":[-75.1977717825119,39.9574040648171]},"properties":{"objectid":23083,"crn":2022092151,"crash_year":2022,"pedestrian":1,"bicycle":0,"fatal_count":0,"susp_serious_inj_count":0,"ped_death_count":0,"ped_susp_serious_inj_count":0,"bicycle_death_count":0,"bicycle_susp_serious_inj_count":0}},{"type":"Feature","id":23098,"geometry":{"type":"Point","coordinates":[-75.1601877682114,39.916358058018]},"properties":{"objectid":23098,"crn":2022098378,"crash_year":2022,"pedestrian":1,"bicycle":0,"fatal_count":0,"susp_serious_inj_count":0,"ped_death_count":0,"ped_susp_serious_inj_count":0,"bicycle_death_count":0,"bicycle_susp_serious_inj_count":0}},{"type":"Feature","id":23105,"geometry":{"type":"Point","coordinates":[-75.1484957639602,39.9138260580331]},"properties":{"objectid":23105,"crn":2022095010,"crash_year":2022,"pedestrian":0,"bicycle":1,"fatal_count":0,"susp_serious_inj_count":0,"ped_death_count":0,"ped_susp_serious_inj_count":0,"bicycle_death_count":0,"bicycle_susp_serious_inj_count":0}},{"type":"Feature","id":23113,"geometry":{"type":"Point","coordinates":[-75.2384347962445,39.9817550685082]},"properties":{"objectid":23113,"crn":2022105132,"crash_year":2022,"pedestrian":1,"bicycle":0,"fatal_count":0,"susp_serious_inj_count":1,"ped_death_count":0,"ped_susp_serious_inj_count":1,"bicycle_death_count":0,"bicycle_susp_serious_inj_count":0}},{"type":"Feature","id":23122,"geometry":{"type":"Point","coordinates":[-75.1495227664909,39.9546690661422]},"properties":{"objectid":23122,"crn":2022092608,"crash_year":2022,"pedestrian":1,"bicycle":0,"fatal_count":0,"susp_serious_inj_count":0,"ped_death_count":0,"ped_susp_serious_inj_count":0,"bicycle_death_count":0,"bicycle_susp_serious_inj_count":0}},{"type":"Feature","id":23136,"geometry":{"type":"Point","coordinates":[-75.1494407667597,39.9613680672901]},"properties":{"objectid":23136,"crn":2022091218,"crash_year":2022,"pedestrian":0,"bicycle":1,"fatal_count":0,"susp_serious_inj_count":0,"ped_death_count":0,"ped_susp_serious_inj_count":0,"bicycle_death_count":0,"bicycle_susp_serious_inj_count":0}},{"type":"Feature","id":23175,"geometry":{"type":"Point","coordinates":[-75.1434197705372,40.0445790842764]},"properties":{"objectid":23175,"crn":2023005839,"crash_year":2022,"pedestrian":1,"bicycle":0,"fatal_count":0,"susp_serious_inj_count":1,"ped_death_count":0,"ped_susp_serious_inj_count":1,"bicycle_death_count":0,"bicycle_susp_serious_inj_count":0}},{"type":"Feature","id":23194,"geometry":{"type":"Point","coordinates":[-75.1956447815894,39.9596110654636]},"properties":{"objectid":23194,"crn":2023006181,"crash_year":2022,"pedestrian":0,"bicycle":1,"fatal_count":0,"susp_serious_inj_count":1,"ped_death_count":0,"ped_susp_serious_inj_count":0,"bicycle_death_count":0,"bicycle_susp_serious_inj_count":1}},{"type":"Feature","id":23226,"geometry":{"type":"Point","coordinates":[-75.2467107984589,39.9627320646285]},"properties":{"objectid":23226,"crn":2023003529,"crash_year":2022,"pedestrian":1,"bicycle":0,"fatal_count":0,"susp_serious_inj_count":0,"ped_death_count":0,"ped_susp_serious_inj_count":0,"bicycle_death_count":0,"bicycle_susp_serious_inj_count":0}},{"type":"Feature","id":23229,"geometry":{"type":"Point","coordinates":[-75.2019497833199,39.95719306491]},"properties":{"objectid":23229,"crn":2023001979,"crash_year":2022,"pedestrian":1,"bicycle":0,"fatal_count":0,"susp_serious_inj_count":0,"ped_death_count":0,"ped_susp_serious_inj_count":0,"bicycle_death_count":0,"bicycle_susp_serious_inj_count":0}},{"type":"Feature","id":23230,"geometry":{"type":"Point","coordinates":[-75.1653367714072,39.9446690637156]},"properties":{"objectid":23230,"crn":2023012097,"crash_year":2022,"pedestrian":1,"bicycle":0,"fatal_count":0,"susp_serious_inj_count":0,"ped_death_count":0,"ped_susp_serious_inj_count":0,"bicycle_death_count":0,"bicycle_susp_serious_inj_count":0}},{"type":"Feature","id":23239,"geometry":{"type":"Point","coordinates":[-75.1174027591773,39.9969750759356]},"properties":{"objectid":23239,"crn":2023000783,"crash_year":2022,"pedestrian":1,"bicycle":0,"fatal_count":0,"susp_serious_inj_count":0,"ped_death_count":0,"ped_susp_serious_inj_count":0,"bicycle_death_count":0,"bicycle_susp_serious_inj_count":0}},{"type":"Feature","id":23248,"geometry":{"type":"Point","coordinates":[-75.1336297629955,39.9691730696907]},"properties":{"objectid":23248,"crn":2023000084,"crash_year":2022,"pedestrian":1,"bicycle":0,"fatal_count":0,"susp_serious_inj_count":0,"ped_death_count":0,"ped_susp_serious_inj_count":0,"bicycle_death_count":0,"bicycle_susp_serious_inj_count":0}},{"type":"Feature","id":23252,"geometry":{"type":"Point","coordinates":[-75.1656627694333,39.9107370572918]},"properties":{"objectid":23252,"crn":2023000605,"crash_year":2022,"pedestrian":1,"bicycle":0,"fatal_count":0,"susp_serious_inj_count":0,"ped_death_count":0,"ped_susp_serious_inj_count":0,"bicycle_death_count":0,"bicycle_susp_serious_inj_count":0}},{"type":"Feature","id":23268,"geometry":{"type":"Point","coordinates":[-75.2019497833199,39.95719306491]},"properties":{"objectid":23268,"crn":2023001981,"crash_year":2022,"pedestrian":1,"bicycle":0,"fatal_count":0,"susp_serious_inj_count":0,"ped_death_count":0,"ped_susp_serious_inj_count":0,"bicycle_death_count":0,"bicycle_susp_serious_inj_count":0}},{"type":"Feature","id":23330,"geometry":{"type":"Point","coordinates":[-75.2328677934699,39.9609400645429]},"properties":{"objectid":23330,"crn":2024031415,"crash_year":2022,"pedestrian":1,"bicycle":0,"fatal_count":0,"susp_serious_inj_count":0,"ped_death_count":0,"ped_susp_serious_inj_count":0,"bicycle_death_count":0,"bicycle_susp_serious_inj_count":0}},{"type":"Feature","id":23353,"geometry":{"type":"Point","coordinates":[-75.1519307702569,40.0061960760708]},"properties":{"objectid":23353,"crn":2022001494,"crash_year":2022,"pedestrian":0,"bicycle":1,"fatal_count":0,"susp_serious_inj_count":0,"ped_death_count":0,"ped_susp_serious_inj_count":0,"bicycle_death_count":0,"bicycle_susp_serious_inj_count":0}},{"type":"Feature","id":23402,"geometry":{"type":"Point","coordinates":[-75.1523477668555,39.9347220621636]},"properties":{"objectid":23402,"crn":2022023712,"crash_year":2022,"pedestrian":1,"bicycle":0,"fatal_count":0,"susp_serious_inj_count":0,"ped_death_count":0,"ped_susp_serious_inj_count":0,"bicycle_death_count":0,"bicycle_susp_serious_inj_count":0}},{"type":"Feature","id":23406,"geometry":{"type":"Point","coordinates":[-75.127364762231,39.9982630756076]},"properties":{"objectid":23406,"crn":2022044017,"crash_year":2022,"pedestrian":1,"bicycle":0,"fatal_count":0,"susp_serious_inj_count":0,"ped_death_count":0,"ped_susp_serious_inj_count":0,"bicycle_death_count":0,"bicycle_susp_serious_inj_count":0}},{"type":"Feature","id":23424,"geometry":{"type":"Point","coordinates":[-75.1624797712349,39.9577050661441]},"properties":{"objectid":23424,"crn":2022047639,"crash_year":2022,"pedestrian":1,"bicycle":0,"fatal_count":0,"susp_serious_inj_count":0,"ped_death_count":0,"ped_susp_serious_inj_count":0,"bicycle_death_count":0,"bicycle_susp_serious_inj_count":0}},{"type":"Feature","id":23435,"geometry":{"type":"Point","coordinates":[-75.2392997950207,39.9450650612551]},"properties":{"objectid":23435,"crn":2022029670,"crash_year":2022,"pedestrian":1,"bicycle":0,"fatal_count":0,"susp_serious_inj_count":0,"ped_death_count":0,"ped_susp_serious_inj_count":0,"bicycle_death_count":0,"bicycle_susp_serious_inj_count":0}},{"type":"Feature","id":23453,"geometry":{"type":"Point","coordinates":[-75.1444457637134,39.9299280610286]},"properties":{"objectid":23453,"crn":2022029168,"crash_year":2022,"pedestrian":1,"bicycle":0,"fatal_count":0,"susp_serious_inj_count":0,"ped_death_count":0,"ped_susp_serious_inj_count":0,"bicycle_death_count":0,"bicycle_susp_serious_inj_count":0}},{"type":"Feature","id":23481,"geometry":{"type":"Point","coordinates":[-75.2303457902306,39.9200410563592]},"properties":{"objectid":23481,"crn":2022061700,"crash_year":2022,"pedestrian":1,"bicycle":0,"fatal_count":0,"susp_serious_inj_count":0,"ped_death_count":0,"ped_susp_serious_inj_count":0,"bicycle_death_count":0,"bicycle_susp_serious_inj_count":0}},{"type":"Feature","id":23506,"geometry":{"type":"Point","coordinates":[-75.1970937817201,39.9463300624844]},"properties":{"objectid":23506,"crn":2022060256,"crash_year":2022,"pedestrian":1,"bicycle":0,"fatal_count":0,"susp_serious_inj_count":0,"ped_death_count":0,"ped_susp_serious_inj_count":0,"bicycle_death_count":0,"bicycle_susp_serious_inj_count":0}},{"type":"Feature","id":23512,"geometry":{"type":"Point","coordinates":[-75.1290447628336,39.9984860753551]},"properties":{"objectid":23512,"crn":2022050565,"crash_year":2022,"pedestrian":1,"bicycle":0,"fatal_count":1,"susp_serious_inj_count":0,"ped_death_count":1,"ped_susp_serious_inj_count":0,"bicycle_death_count":0,"bicycle_susp_serious_inj_count":0}},{"type":"Feature","id":23534,"geometry":{"type":"Point","coordinates":[-75.2349457945318,39.9659800652027]},"properties":{"objectid":23534,"crn":2022060065,"crash_year":2022,"pedestrian":1,"bicycle":0,"fatal_count":0,"susp_serious_inj_count":0,"ped_death_count":0,"ped_susp_serious_inj_count":0,"bicycle_death_count":0,"bicycle_susp_serious_inj_count":0}},{"type":"Feature","id":23537,"geometry":{"type":"Point","coordinates":[-75.1063497549564,39.9885210740876]},"properties":{"objectid":23537,"crn":2022079947,"crash_year":2022,"pedestrian":1,"bicycle":0,"fatal_count":0,"susp_serious_inj_count":0,"ped_death_count":0,"ped_susp_serious_inj_count":0,"bicycle_death_count":0,"bicycle_susp_serious_inj_count":0}},{"type":"Feature","id":23580,"geometry":{"type":"Point","coordinates":[-75.1519327702368,40.0061870760055]},"properties":{"objectid":23580,"crn":2022074503,"crash_year":2022,"pedestrian":1,"bicycle":0,"fatal_count":0,"susp_serious_inj_count":1,"ped_death_count":0,"ped_susp_serious_inj_count":1,"bicycle_death_count":0,"bicycle_susp_serious_inj_count":0}},{"type":"Feature","id":23607,"geometry":{"type":"Point","coordinates":[-75.2258017899559,39.9315830586439]},"properties":{"objectid":23607,"crn":2022072495,"crash_year":2022,"pedestrian":0,"bicycle":1,"fatal_count":0,"susp_serious_inj_count":0,"ped_death_count":0,"ped_susp_serious_inj_count":0,"bicycle_death_count":0,"bicycle_susp_serious_inj_count":0}},{"type":"Feature","id":23608,"geometry":{"type":"Point","coordinates":[-75.2019497833199,39.95719306491]},"properties":{"objectid":23608,"crn":2022090313,"crash_year":2022,"pedestrian":0,"bicycle":1,"fatal_count":0,"susp_serious_inj_count":0,"ped_death_count":0,"ped_susp_serious_inj_count":0,"bicycle_death_count":0,"bicycle_susp_serious_inj_count":0}},{"type":"Feature","id":23627,"geometry":{"type":"Point","coordinates":[-75.1270477616617,39.9904450740929]},"properties":{"objectid":23627,"crn":2022096756,"crash_year":2022,"pedestrian":0,"bicycle":1,"fatal_count":0,"susp_serious_inj_count":0,"ped_death_count":0,"ped_susp_serious_inj_count":0,"bicycle_death_count":0,"bicycle_susp_serious_inj_count":0}},{"type":"Feature","id":23636,"geometry":{"type":"Point","coordinates":[-75.1292827631707,39.9985170757879]},"properties":{"objectid":23636,"crn":2022092141,"crash_year":2022,"pedestrian":1,"bicycle":0,"fatal_count":0,"susp_serious_inj_count":1,"ped_death_count":0,"ped_susp_serious_inj_count":1,"bicycle_death_count":0,"bicycle_susp_serious_inj_count":0}},{"type":"Feature","id":23637,"geometry":{"type":"Point","coordinates":[-75.1422157665942,39.9828500718721]},"properties":{"objectid":23637,"crn":2022083645,"crash_year":2022,"pedestrian":1,"bicycle":0,"fatal_count":0,"susp_serious_inj_count":0,"ped_death_count":0,"ped_susp_serious_inj_count":0,"bicycle_death_count":0,"bicycle_susp_serious_inj_count":0}},{"type":"Feature","id":23649,"geometry":{"type":"Point","coordinates":[-75.1647627711787,39.9467340643229]},"properties":{"objectid":23649,"crn":2022081591,"crash_year":2022,"pedestrian":0,"bicycle":1,"fatal_count":0,"susp_serious_inj_count":0,"ped_death_count":0,"ped_susp_serious_inj_count":0,"bicycle_death_count":0,"bicycle_susp_serious_inj_count":0}},{"type":"Feature","id":23654,"geometry":{"type":"Point","coordinates":[-75.2254827910115,39.9653010652849]},"properties":{"objectid":23654,"crn":2022083629,"crash_year":2022,"pedestrian":1,"bicycle":0,"fatal_count":0,"susp_serious_inj_count":0,"ped_death_count":0,"ped_susp_serious_inj_count":0,"bicycle_death_count":0,"bicycle_susp_serious_inj_count":0}},{"type":"Feature","id":23660,"geometry":{"type":"Point","coordinates":[-75.1663437711178,39.9400530623465]},"properties":{"objectid":23660,"crn":2022091345,"crash_year":2022,"pedestrian":1,"bicycle":0,"fatal_count":0,"susp_serious_inj_count":0,"ped_death_count":0,"ped_susp_serious_inj_count":0,"bicycle_death_count":0,"bicycle_susp_serious_inj_count":0}},{"type":"Feature","id":23664,"geometry":{"type":"Point","coordinates":[-75.198321781718,39.9551600644337]},"properties":{"objectid":23664,"crn":2022105897,"crash_year":2022,"pedestrian":1,"bicycle":0,"fatal_count":0,"susp_serious_inj_count":0,"ped_death_count":0,"ped_susp_serious_inj_count":0,"bicycle_death_count":0,"bicycle_susp_serious_inj_count":0}},{"type":"Feature","id":23670,"geometry":{"type":"Point","coordinates":[-75.2362007913527,39.9138070548685]},"properties":{"objectid":23670,"crn":2022085260,"crash_year":2022,"pedestrian":1,"bicycle":0,"fatal_count":0,"susp_serious_inj_count":0,"ped_death_count":0,"ped_susp_serious_inj_count":0,"bicycle_death_count":0,"bicycle_susp_serious_inj_count":0}},{"type":"Feature","id":23723,"geometry":{"type":"Point","coordinates":[-75.2461347989022,39.9782970673539]},"properties":{"objectid":23723,"crn":2022122783,"crash_year":2022,"pedestrian":1,"bicycle":0,"fatal_count":0,"susp_serious_inj_count":0,"ped_death_count":0,"ped_susp_serious_inj_count":0,"bicycle_death_count":0,"bicycle_susp_serious_inj_count":0}},{"type":"Feature","id":23777,"geometry":{"type":"Point","coordinates":[-75.2170007892687,39.979107068428]},"properties":{"objectid":23777,"crn":2023118622,"crash_year":2022,"pedestrian":1,"bicycle":0,"fatal_count":0,"susp_serious_inj_count":0,"ped_death_count":0,"ped_susp_serious_inj_count":0,"bicycle_death_count":0,"bicycle_susp_serious_inj_count":0}},{"type":"Feature","id":23780,"geometry":{"type":"Point","coordinates":[-75.1594147702706,39.9712680694017]},"properties":{"objectid":23780,"crn":2023004894,"crash_year":2023,"pedestrian":1,"bicycle":0,"fatal_count":0,"susp_serious_inj_count":0,"ped_death_count":0,"ped_susp_serious_inj_count":0,"bicycle_death_count":0,"bicycle_susp_serious_inj_count":0}},{"type":"Feature","id":23797,"geometry":{"type":"Point","coordinates":[-75.2059977890825,40.029124079372]},"properties":{"objectid":23797,"crn":2023002384,"crash_year":2023,"pedestrian":1,"bicycle":0,"fatal_count":1,"susp_serious_inj_count":0,"ped_death_count":1,"ped_susp_serious_inj_count":0,"bicycle_death_count":0,"bicycle_susp_serious_inj_count":0}},{"type":"Feature","id":23803,"geometry":{"type":"Point","coordinates":[-75.152905770991,40.0016060757976]},"properties":{"objectid":23803,"crn":2023005151,"crash_year":2023,"pedestrian":1,"bicycle":0,"fatal_count":0,"susp_serious_inj_count":0,"ped_death_count":0,"ped_susp_serious_inj_count":0,"bicycle_death_count":0,"bicycle_susp_serious_inj_count":0}},{"type":"Feature","id":23806,"geometry":{"type":"Point","coordinates":[-75.1578757704727,39.9786920708415]},"properties":{"objectid":23806,"crn":2023004895,"crash_year":2023,"pedestrian":1,"bicycle":0,"fatal_count":0,"susp_serious_inj_count":1,"ped_death_count":0,"ped_susp_serious_inj_count":1,"bicycle_death_count":0,"bicycle_susp_serious_inj_count":0}},{"type":"Feature","id":23812,"geometry":{"type":"Point","coordinates":[-75.2306567912107,39.9281610581879]},"properties":{"objectid":23812,"crn":2023017835,"crash_year":2023,"pedestrian":1,"bicycle":0,"fatal_count":0,"susp_serious_inj_count":0,"ped_death_count":0,"ped_susp_serious_inj_count":0,"bicycle_death_count":0,"bicycle_susp_serious_inj_count":0}},{"type":"Feature","id":23836,"geometry":{"type":"Point","coordinates":[-75.1552527696041,39.9708590691462]},"properties":{"objectid":23836,"crn":2023016075,"crash_year":2023,"pedestrian":1,"bicycle":0,"fatal_count":0,"susp_serious_inj_count":0,"ped_death_count":0,"ped_susp_serious_inj_count":0,"bicycle_death_count":0,"bicycle_susp_serious_inj_count":0}},{"type":"Feature","id":23849,"geometry":{"type":"Point","coordinates":[-75.2022997835698,39.9622340657564]},"properties":{"objectid":23849,"crn":2023000787,"crash_year":2023,"pedestrian":1,"bicycle":0,"fatal_count":0,"susp_serious_inj_count":1,"ped_death_count":0,"ped_susp_serious_inj_count":1,"bicycle_death_count":0,"bicycle_susp_serious_inj_count":0}},{"type":"Feature","id":23920,"geometry":{"type":"Point","coordinates":[-75.1900307787836,39.9525650646008]},"properties":{"objectid":23920,"crn":2023009399,"crash_year":2023,"pedestrian":1,"bicycle":0,"fatal_count":0,"susp_serious_inj_count":1,"ped_death_count":0,"ped_susp_serious_inj_count":1,"bicycle_death_count":0,"bicycle_susp_serious_inj_count":0}},{"type":"Feature","id":23946,"geometry":{"type":"Point","coordinates":[-75.1362027637425,39.9689280699543]},"properties":{"objectid":23946,"crn":2023012389,"crash_year":2023,"pedestrian":1,"bicycle":0,"fatal_count":0,"susp_serious_inj_count":0,"ped_death_count":0,"ped_susp_serious_inj_count":0,"bicycle_death_count":0,"bicycle_susp_serious_inj_count":0}},{"type":"Feature","id":23954,"geometry":{"type":"Point","coordinates":[-75.1645347727041,39.9857610714791]},"properties":{"objectid":23954,"crn":2023008150,"crash_year":2023,"pedestrian":1,"bicycle":0,"fatal_count":0,"susp_serious_inj_count":0,"ped_death_count":0,"ped_susp_serious_inj_count":0,"bicycle_death_count":0,"bicycle_susp_serious_inj_count":0}},{"type":"Feature","id":23979,"geometry":{"type":"Point","coordinates":[-75.1913147802276,39.9527190645483]},"properties":{"objectid":23979,"crn":2023007514,"crash_year":2023,"pedestrian":1,"bicycle":0,"fatal_count":0,"susp_serious_inj_count":0,"ped_death_count":0,"ped_susp_serious_inj_count":0,"bicycle_death_count":0,"bicycle_susp_serious_inj_count":0}},{"type":"Feature","id":23984,"geometry":{"type":"Point","coordinates":[-75.2299427923581,39.965354065757]},"properties":{"objectid":23984,"crn":2023026541,"crash_year":2023,"pedestrian":1,"bicycle":0,"fatal_count":0,"susp_serious_inj_count":0,"ped_death_count":0,"ped_susp_serious_inj_count":0,"bicycle_death_count":0,"bicycle_susp_serious_inj_count":0}},{"type":"Feature","id":23994,"geometry":{"type":"Point","coordinates":[-75.1012497541053,39.9981970764499]},"properties":{"objectid":23994,"crn":2023026543,"crash_year":2023,"pedestrian":1,"bicycle":0,"fatal_count":0,"susp_serious_inj_count":0,"ped_death_count":0,"ped_susp_serious_inj_count":0,"bicycle_death_count":0,"bicycle_susp_serious_inj_count":0}},{"type":"Feature","id":24004,"geometry":{"type":"Point","coordinates":[-75.1628877687364,39.923509059345]},"properties":{"objectid":24004,"crn":2023007302,"crash_year":2023,"pedestrian":1,"bicycle":0,"fatal_count":0,"susp_serious_inj_count":0,"ped_death_count":0,"ped_susp_serious_inj_count":0,"bicycle_death_count":0,"bicycle_susp_serious_inj_count":0}},{"type":"Feature","id":24013,"geometry":{"type":"Point","coordinates":[-75.2372367965268,39.9848570694462]},"properties":{"objectid":24013,"crn":2023008942,"crash_year":2023,"pedestrian":1,"bicycle":0,"fatal_count":0,"susp_serious_inj_count":0,"ped_death_count":0,"ped_susp_serious_inj_count":0,"bicycle_death_count":0,"bicycle_susp_serious_inj_count":0}},{"type":"Feature","id":24020,"geometry":{"type":"Point","coordinates":[-75.1039907564318,40.0295880829325]},"properties":{"objectid":24020,"crn":2023002591,"crash_year":2023,"pedestrian":1,"bicycle":0,"fatal_count":0,"susp_serious_inj_count":0,"ped_death_count":0,"ped_susp_serious_inj_count":0,"bicycle_death_count":0,"bicycle_susp_serious_inj_count":0}},{"type":"Feature","id":24040,"geometry":{"type":"Point","coordinates":[-75.1475737702819,40.0260880806603]},"properties":{"objectid":24040,"crn":2023020266,"crash_year":2023,"pedestrian":1,"bicycle":0,"fatal_count":0,"susp_serious_inj_count":0,"ped_death_count":0,"ped_susp_serious_inj_count":0,"bicycle_death_count":0,"bicycle_susp_serious_inj_count":0}},{"type":"Feature","id":24051,"geometry":{"type":"Point","coordinates":[-75.0881997520937,40.0405310850681]},"properties":{"objectid":24051,"crn":2023013119,"crash_year":2023,"pedestrian":1,"bicycle":0,"fatal_count":0,"susp_serious_inj_count":0,"ped_death_count":0,"ped_susp_serious_inj_count":0,"bicycle_death_count":0,"bicycle_susp_serious_inj_count":0}},{"type":"Feature","id":24059,"geometry":{"type":"Point","coordinates":[-75.247071797961,39.9611930636498]},"properties":{"objectid":24059,"crn":2023009400,"crash_year":2023,"pedestrian":1,"bicycle":0,"fatal_count":0,"susp_serious_inj_count":0,"ped_death_count":0,"ped_susp_serious_inj_count":0,"bicycle_death_count":0,"bicycle_susp_serious_inj_count":0}},{"type":"Feature","id":24090,"geometry":{"type":"Point","coordinates":[-75.1913887809677,39.9629340659694]},"properties":{"objectid":24090,"crn":2023014856,"crash_year":2023,"pedestrian":1,"bicycle":0,"fatal_count":0,"susp_serious_inj_count":0,"ped_death_count":0,"ped_susp_serious_inj_count":0,"bicycle_death_count":0,"bicycle_susp_serious_inj_count":0}},{"type":"Feature","id":24095,"geometry":{"type":"Point","coordinates":[-75.1894887794241,39.9555770645606]},"properties":{"objectid":24095,"crn":2023010442,"crash_year":2023,"pedestrian":1,"bicycle":0,"fatal_count":0,"susp_serious_inj_count":0,"ped_death_count":0,"ped_susp_serious_inj_count":0,"bicycle_death_count":0,"bicycle_susp_serious_inj_count":0}},{"type":"Feature","id":24096,"geometry":{"type":"Point","coordinates":[-75.121291759837,39.9974750753578]},"properties":{"objectid":24096,"crn":2023009646,"crash_year":2023,"pedestrian":1,"bicycle":0,"fatal_count":0,"susp_serious_inj_count":0,"ped_death_count":0,"ped_susp_serious_inj_count":0,"bicycle_death_count":0,"bicycle_susp_serious_inj_count":0}},{"type":"Feature","id":24116,"geometry":{"type":"Point","coordinates":[-75.0341677354764,40.049873089072]},"properties":{"objectid":24116,"crn":2023015962,"crash_year":2023,"pedestrian":0,"bicycle":1,"fatal_count":0,"susp_serious_inj_count":0,"ped_death_count":0,"ped_susp_serious_inj_count":0,"bicycle_death_count":0,"bicycle_susp_serious_inj_count":0}},{"type":"Feature","id":24163,"geometry":{"type":"Point","coordinates":[-75.0695057464147,40.035126085477]},"properties":{"objectid":24163,"crn":2023011061,"crash_year":2023,"pedestrian":1,"bicycle":0,"fatal_count":0,"susp_serious_inj_count":1,"ped_death_count":0,"ped_susp_serious_inj_count":1,"bicycle_death_count":0,"bicycle_susp_serious_inj_count":0}},{"type":"Feature","id":24198,"geometry":{"type":"Point","coordinates":[-75.1897257794298,39.9540920649058]},"properties":{"objectid":24198,"crn":2023019884,"crash_year":2023,"pedestrian":1,"bicycle":0,"fatal_count":0,"susp_serious_inj_count":0,"ped_death_count":0,"ped_susp_serious_inj_count":0,"bicycle_death_count":0,"bicycle_susp_serious_inj_count":0}},{"type":"Feature","id":24206,"geometry":{"type":"Point","coordinates":[-75.1268047621954,40.007650077585]},"properties":{"objectid":24206,"crn":2023012383,"crash_year":2023,"pedestrian":1,"bicycle":0,"fatal_count":0,"susp_serious_inj_count":0,"ped_death_count":0,"ped_susp_serious_inj_count":0,"bicycle_death_count":0,"bicycle_susp_serious_inj_count":0}},{"type":"Feature","id":24220,"geometry":{"type":"Point","coordinates":[-75.1792417745967,39.9256160593407]},"properties":{"objectid":24220,"crn":2023011039,"crash_year":2023,"pedestrian":0,"bicycle":1,"fatal_count":0,"susp_serious_inj_count":0,"ped_death_count":0,"ped_susp_serious_inj_count":0,"bicycle_death_count":0,"bicycle_susp_serious_inj_count":0}},{"type":"Feature","id":24269,"geometry":{"type":"Point","coordinates":[-75.0541127420236,40.0443050877535]},"properties":{"objectid":24269,"crn":2023002879,"crash_year":2023,"pedestrian":1,"bicycle":0,"fatal_count":0,"susp_serious_inj_count":0,"ped_death_count":0,"ped_susp_serious_inj_count":0,"bicycle_death_count":0,"bicycle_susp_serious_inj_count":0}},{"type":"Feature","id":24300,"geometry":{"type":"Point","coordinates":[-75.2064287843229,39.9546010644013]},"properties":{"objectid":24300,"crn":2023023788,"crash_year":2023,"pedestrian":1,"bicycle":0,"fatal_count":0,"susp_serious_inj_count":0,"ped_death_count":0,"ped_susp_serious_inj_count":0,"bicycle_death_count":0,"bicycle_susp_serious_inj_count":0}},{"type":"Feature","id":24332,"geometry":{"type":"Point","coordinates":[-75.1453647702505,40.0336770823689]},"properties":{"objectid":24332,"crn":2023007430,"crash_year":2023,"pedestrian":1,"bicycle":0,"fatal_count":0,"susp_serious_inj_count":0,"ped_death_count":0,"ped_susp_serious_inj_count":0,"bicycle_death_count":0,"bicycle_susp_serious_inj_count":0}},{"type":"Feature","id":24333,"geometry":{"type":"Point","coordinates":[-75.1591877693347,39.9477940643559]},"properties":{"objectid":24333,"crn":2023009636,"crash_year":2023,"pedestrian":1,"bicycle":0,"fatal_count":0,"susp_serious_inj_count":0,"ped_death_count":0,"ped_susp_serious_inj_count":0,"bicycle_death_count":0,"bicycle_susp_serious_inj_count":0}},{"type":"Feature","id":24341,"geometry":{"type":"Point","coordinates":[-75.134925762954,39.9687590691423]},"properties":{"objectid":24341,"crn":2023006922,"crash_year":2023,"pedestrian":1,"bicycle":0,"fatal_count":0,"susp_serious_inj_count":0,"ped_death_count":0,"ped_susp_serious_inj_count":0,"bicycle_death_count":0,"bicycle_susp_serious_inj_count":0}},{"type":"Feature","id":24342,"geometry":{"type":"Point","coordinates":[-75.1193477590823,39.9972250757936]},"properties":{"objectid":24342,"crn":2023023196,"crash_year":2023,"pedestrian":1,"bicycle":0,"fatal_count":0,"susp_serious_inj_count":1,"ped_death_count":0,"ped_susp_serious_inj_count":1,"bicycle_death_count":0,"bicycle_susp_serious_inj_count":0}},{"type":"Feature","id":24350,"geometry":{"type":"Point","coordinates":[-75.1915297803741,39.9557020649026]},"properties":{"objectid":24350,"crn":2023004731,"crash_year":2023,"pedestrian":1,"bicycle":0,"fatal_count":0,"susp_serious_inj_count":0,"ped_death_count":0,"ped_susp_serious_inj_count":0,"bicycle_death_count":0,"bicycle_susp_serious_inj_count":0}},{"type":"Feature","id":24353,"geometry":{"type":"Point","coordinates":[-75.1475737702819,40.0260880806603]},"properties":{"objectid":24353,"crn":2023004896,"crash_year":2023,"pedestrian":1,"bicycle":0,"fatal_count":0,"susp_serious_inj_count":0,"ped_death_count":0,"ped_susp_serious_inj_count":0,"bicycle_death_count":0,"bicycle_susp_serious_inj_count":0}},{"type":"Feature","id":24375,"geometry":{"type":"Point","coordinates":[-75.2412747951143,39.945514060812]},"properties":{"objectid":24375,"crn":2023006186,"crash_year":2023,"pedestrian":1,"bicycle":0,"fatal_count":0,"susp_serious_inj_count":0,"ped_death_count":0,"ped_susp_serious_inj_count":0,"bicycle_death_count":0,"bicycle_susp_serious_inj_count":0}},{"type":"Feature","id":24380,"geometry":{"type":"Point","coordinates":[-75.1198407585916,39.9844000732561]},"properties":{"objectid":24380,"crn":2023006311,"crash_year":2023,"pedestrian":1,"bicycle":0,"fatal_count":0,"susp_serious_inj_count":1,"ped_death_count":0,"ped_susp_serious_inj_count":1,"bicycle_death_count":0,"bicycle_susp_serious_inj_count":0}},{"type":"Feature","id":24392,"geometry":{"type":"Point","coordinates":[-75.1749697781709,40.0198940781976]},"properties":{"objectid":24392,"crn":2023007432,"crash_year":2023,"pedestrian":1,"bicycle":0,"fatal_count":0,"susp_serious_inj_count":0,"ped_death_count":0,"ped_susp_serious_inj_count":0,"bicycle_death_count":0,"bicycle_susp_serious_inj_count":0}},{"type":"Feature","id":24412,"geometry":{"type":"Point","coordinates":[-75.1360127653386,40.0112270779273]},"properties":{"objectid":24412,"crn":2023009645,"crash_year":2023,"pedestrian":1,"bicycle":0,"fatal_count":0,"susp_serious_inj_count":0,"ped_death_count":0,"ped_susp_serious_inj_count":0,"bicycle_death_count":0,"bicycle_susp_serious_inj_count":0}},{"type":"Feature","id":24432,"geometry":{"type":"Point","coordinates":[-75.2462497993161,39.9793380674108]},"properties":{"objectid":24432,"crn":2023005965,"crash_year":2023,"pedestrian":1,"bicycle":0,"fatal_count":0,"susp_serious_inj_count":0,"ped_death_count":0,"ped_susp_serious_inj_count":0,"bicycle_death_count":0,"bicycle_susp_serious_inj_count":0}},{"type":"Feature","id":24444,"geometry":{"type":"Point","coordinates":[-75.1447797638897,39.9273460608927]},"properties":{"objectid":24444,"crn":2023005143,"crash_year":2023,"pedestrian":0,"bicycle":1,"fatal_count":1,"susp_serious_inj_count":0,"ped_death_count":0,"ped_susp_serious_inj_count":0,"bicycle_death_count":1,"bicycle_susp_serious_inj_count":0}},{"type":"Feature","id":24487,"geometry":{"type":"Point","coordinates":[-75.1640707713107,39.958294066656]},"properties":{"objectid":24487,"crn":2023009068,"crash_year":2023,"pedestrian":1,"bicycle":0,"fatal_count":0,"susp_serious_inj_count":0,"ped_death_count":0,"ped_susp_serious_inj_count":0,"bicycle_death_count":0,"bicycle_susp_serious_inj_count":0}},{"type":"Feature","id":24520,"geometry":{"type":"Point","coordinates":[-75.0876607514659,40.0298410834912]},"properties":{"objectid":24520,"crn":2023014743,"crash_year":2023,"pedestrian":1,"bicycle":0,"fatal_count":0,"susp_serious_inj_count":0,"ped_death_count":0,"ped_susp_serious_inj_count":0,"bicycle_death_count":0,"bicycle_susp_serious_inj_count":0}},{"type":"Feature","id":24538,"geometry":{"type":"Point","coordinates":[-75.1440787619418,39.9133600584621]},"properties":{"objectid":24538,"crn":2023026536,"crash_year":2023,"pedestrian":1,"bicycle":0,"fatal_count":1,"susp_serious_inj_count":0,"ped_death_count":1,"ped_susp_serious_inj_count":0,"bicycle_death_count":0,"bicycle_susp_serious_inj_count":0}},{"type":"Feature","id":24570,"geometry":{"type":"Point","coordinates":[-75.0619407452661,40.0555270897001]},"properties":{"objectid":24570,"crn":2023027646,"crash_year":2023,"pedestrian":1,"bicycle":0,"fatal_count":0,"susp_serious_inj_count":0,"ped_death_count":0,"ped_susp_serious_inj_count":0,"bicycle_death_count":0,"bicycle_susp_serious_inj_count":0}},{"type":"Feature","id":24578,"geometry":{"type":"Point","coordinates":[-75.1603167679718,39.9203940591999]},"properties":{"objectid":24578,"crn":2023014493,"crash_year":2023,"pedestrian":0,"bicycle":1,"fatal_count":0,"susp_serious_inj_count":0,"ped_death_count":0,"ped_susp_serious_inj_count":0,"bicycle_death_count":0,"bicycle_susp_serious_inj_count":0}},{"type":"Feature","id":24579,"geometry":{"type":"Point","coordinates":[-75.099278753154,39.9921550751629]},"properties":{"objectid":24579,"crn":2023012997,"crash_year":2023,"pedestrian":1,"bicycle":0,"fatal_count":0,"susp_serious_inj_count":1,"ped_death_count":0,"ped_susp_serious_inj_count":1,"bicycle_death_count":0,"bicycle_susp_serious_inj_count":0}},{"type":"Feature","id":24623,"geometry":{"type":"Point","coordinates":[-75.1660627714954,39.940819063167]},"properties":{"objectid":24623,"crn":2023013122,"crash_year":2023,"pedestrian":1,"bicycle":0,"fatal_count":0,"susp_serious_inj_count":1,"ped_death_count":0,"ped_susp_serious_inj_count":1,"bicycle_death_count":0,"bicycle_susp_serious_inj_count":0}},{"type":"Feature","id":24626,"geometry":{"type":"Point","coordinates":[-75.2343327921279,39.9255880572889]},"properties":{"objectid":24626,"crn":2023013126,"crash_year":2023,"pedestrian":1,"bicycle":0,"fatal_count":0,"susp_serious_inj_count":0,"ped_death_count":0,"ped_susp_serious_inj_count":0,"bicycle_death_count":0,"bicycle_susp_serious_inj_count":0}},{"type":"Feature","id":24710,"geometry":{"type":"Point","coordinates":[-75.2020357866582,40.0130720757355]},"properties":{"objectid":24710,"crn":2023038858,"crash_year":2023,"pedestrian":1,"bicycle":0,"fatal_count":0,"susp_serious_inj_count":0,"ped_death_count":0,"ped_susp_serious_inj_count":0,"bicycle_death_count":0,"bicycle_susp_serious_inj_count":0}},{"type":"Feature","id":24740,"geometry":{"type":"Point","coordinates":[-75.2047637842864,39.9559530645167]},"properties":{"objectid":24740,"crn":2023027885,"crash_year":2023,"pedestrian":1,"bicycle":0,"fatal_count":0,"susp_serious_inj_count":0,"ped_death_count":0,"ped_susp_serious_inj_count":0,"bicycle_death_count":0,"bicycle_susp_serious_inj_count":0}},{"type":"Feature","id":24773,"geometry":{"type":"Point","coordinates":[-75.099050754183,40.0057560778983]},"properties":{"objectid":24773,"crn":2023025560,"crash_year":2023,"pedestrian":1,"bicycle":0,"fatal_count":0,"susp_serious_inj_count":0,"ped_death_count":0,"ped_susp_serious_inj_count":0,"bicycle_death_count":0,"bicycle_susp_serious_inj_count":0}},{"type":"Feature","id":24796,"geometry":{"type":"Point","coordinates":[-75.1100037595189,40.0391590846892]},"properties":{"objectid":24796,"crn":2023027056,"crash_year":2023,"pedestrian":1,"bicycle":0,"fatal_count":0,"susp_serious_inj_count":0,"ped_death_count":0,"ped_susp_serious_inj_count":0,"bicycle_death_count":0,"bicycle_susp_serious_inj_count":0}},{"type":"Feature","id":24805,"geometry":{"type":"Point","coordinates":[-75.1522427707197,40.0047130760598]},"properties":{"objectid":24805,"crn":2023025262,"crash_year":2023,"pedestrian":1,"bicycle":0,"fatal_count":0,"susp_serious_inj_count":0,"ped_death_count":0,"ped_susp_serious_inj_count":0,"bicycle_death_count":0,"bicycle_susp_serious_inj_count":0}},{"type":"Feature","id":24827,"geometry":{"type":"Point","coordinates":[-75.1846867762244,39.9275760591401]},"properties":{"objectid":24827,"crn":2023033101,"crash_year":2023,"pedestrian":0,"bicycle":1,"fatal_count":0,"susp_serious_inj_count":0,"ped_death_count":0,"ped_susp_serious_inj_count":0,"bicycle_death_count":0,"bicycle_susp_serious_inj_count":0}},{"type":"Feature","id":24832,"geometry":{"type":"Point","coordinates":[-75.1543977705105,39.9939300739128]},"properties":{"objectid":24832,"crn":2023040191,"crash_year":2023,"pedestrian":1,"bicycle":0,"fatal_count":0,"susp_serious_inj_count":0,"ped_death_count":0,"ped_susp_serious_inj_count":0,"bicycle_death_count":0,"bicycle_susp_serious_inj_count":0}},{"type":"Feature","id":24839,"geometry":{"type":"Point","coordinates":[-75.2342097938376,39.9596090637028]},"properties":{"objectid":24839,"crn":2023026004,"crash_year":2023,"pedestrian":1,"bicycle":0,"fatal_count":0,"susp_serious_inj_count":0,"ped_death_count":0,"ped_susp_serious_inj_count":0,"bicycle_death_count":0,"bicycle_susp_serious_inj_count":0}},{"type":"Feature","id":24841,"geometry":{"type":"Point","coordinates":[-75.1964487814466,39.9509360640242]},"properties":{"objectid":24841,"crn":2023031653,"crash_year":2023,"pedestrian":0,"bicycle":1,"fatal_count":0,"susp_serious_inj_count":0,"ped_death_count":0,"ped_susp_serious_inj_count":0,"bicycle_death_count":0,"bicycle_susp_serious_inj_count":0}},{"type":"Feature","id":24846,"geometry":{"type":"Point","coordinates":[-75.1601397703945,39.9573740659884]},"properties":{"objectid":24846,"crn":2023032218,"crash_year":2023,"pedestrian":1,"bicycle":0,"fatal_count":0,"susp_serious_inj_count":0,"ped_death_count":0,"ped_susp_serious_inj_count":0,"bicycle_death_count":0,"bicycle_susp_serious_inj_count":0}},{"type":"Feature","id":24851,"geometry":{"type":"Point","coordinates":[-75.24466779777,39.962482064603]},"properties":{"objectid":24851,"crn":2023032116,"crash_year":2023,"pedestrian":1,"bicycle":0,"fatal_count":0,"susp_serious_inj_count":0,"ped_death_count":0,"ped_susp_serious_inj_count":0,"bicycle_death_count":0,"bicycle_susp_serious_inj_count":0}},{"type":"Feature","id":24872,"geometry":{"type":"Point","coordinates":[-75.1910897798362,39.9557730645541]},"properties":{"objectid":24872,"crn":2023031862,"crash_year":2023,"pedestrian":1,"bicycle":0,"fatal_count":0,"susp_serious_inj_count":0,"ped_death_count":0,"ped_susp_serious_inj_count":0,"bicycle_death_count":0,"bicycle_susp_serious_inj_count":0}},{"type":"Feature","id":24894,"geometry":{"type":"Point","coordinates":[-75.0849497507837,40.0313560841335]},"properties":{"objectid":24894,"crn":2023032475,"crash_year":2023,"pedestrian":0,"bicycle":1,"fatal_count":0,"susp_serious_inj_count":0,"ped_death_count":0,"ped_susp_serious_inj_count":0,"bicycle_death_count":0,"bicycle_susp_serious_inj_count":0}},{"type":"Feature","id":24911,"geometry":{"type":"Point","coordinates":[-75.2308077932198,39.9606850645721]},"properties":{"objectid":24911,"crn":2023041112,"crash_year":2023,"pedestrian":0,"bicycle":1,"fatal_count":0,"susp_serious_inj_count":1,"ped_death_count":0,"ped_susp_serious_inj_count":0,"bicycle_death_count":0,"bicycle_susp_serious_inj_count":1}},{"type":"Feature","id":24966,"geometry":{"type":"Point","coordinates":[-75.1578047707297,39.9786830706578]},"properties":{"objectid":24966,"crn":2023046013,"crash_year":2023,"pedestrian":1,"bicycle":0,"fatal_count":1,"susp_serious_inj_count":0,"ped_death_count":1,"ped_susp_serious_inj_count":0,"bicycle_death_count":0,"bicycle_susp_serious_inj_count":0}},{"type":"Feature","id":24994,"geometry":{"type":"Point","coordinates":[-75.0537277398962,40.0205250827064]},"properties":{"objectid":24994,"crn":2023031744,"crash_year":2023,"pedestrian":1,"bicycle":0,"fatal_count":1,"susp_serious_inj_count":0,"ped_death_count":1,"ped_susp_serious_inj_count":0,"bicycle_death_count":0,"bicycle_susp_serious_inj_count":0}},{"type":"Feature","id":25014,"geometry":{"type":"Point","coordinates":[-75.1513447707061,40.0107350775452]},"properties":{"objectid":25014,"crn":2023033606,"crash_year":2023,"pedestrian":1,"bicycle":0,"fatal_count":0,"susp_serious_inj_count":0,"ped_death_count":0,"ped_susp_serious_inj_count":0,"bicycle_death_count":0,"bicycle_susp_serious_inj_count":0}},{"type":"Feature","id":25028,"geometry":{"type":"Point","coordinates":[-75.2461347989022,39.9782970673539]},"properties":{"objectid":25028,"crn":2023025538,"crash_year":2023,"pedestrian":1,"bicycle":0,"fatal_count":0,"susp_serious_inj_count":1,"ped_death_count":0,"ped_susp_serious_inj_count":1,"bicycle_death_count":0,"bicycle_susp_serious_inj_count":0}},{"type":"Feature","id":25032,"geometry":{"type":"Point","coordinates":[-75.1373487636693,39.9652110688796]},"properties":{"objectid":25032,"crn":2023025716,"crash_year":2023,"pedestrian":1,"bicycle":0,"fatal_count":0,"susp_serious_inj_count":0,"ped_death_count":0,"ped_susp_serious_inj_count":0,"bicycle_death_count":0,"bicycle_susp_serious_inj_count":0}},{"type":"Feature","id":25056,"geometry":{"type":"Point","coordinates":[-75.2295657903131,39.9289410580057]},"properties":{"objectid":25056,"crn":2023031269,"crash_year":2023,"pedestrian":1,"bicycle":0,"fatal_count":0,"susp_serious_inj_count":0,"ped_death_count":0,"ped_susp_serious_inj_count":0,"bicycle_death_count":0,"bicycle_susp_serious_inj_count":0}},{"type":"Feature","id":25090,"geometry":{"type":"Point","coordinates":[-75.2019497833199,39.95719306491]},"properties":{"objectid":25090,"crn":2023024472,"crash_year":2023,"pedestrian":1,"bicycle":0,"fatal_count":0,"susp_serious_inj_count":0,"ped_death_count":0,"ped_susp_serious_inj_count":0,"bicycle_death_count":0,"bicycle_susp_serious_inj_count":0}},{"type":"Feature","id":25097,"geometry":{"type":"Point","coordinates":[-75.1709457720189,39.9320910612041]},"properties":{"objectid":25097,"crn":2023030236,"crash_year":2023,"pedestrian":1,"bicycle":0,"fatal_count":0,"susp_serious_inj_count":0,"ped_death_count":0,"ped_susp_serious_inj_count":0,"bicycle_death_count":0,"bicycle_susp_serious_inj_count":0}},{"type":"Feature","id":25101,"geometry":{"type":"Point","coordinates":[-75.2268857906526,39.950331062612]},"properties":{"objectid":25101,"crn":2023021733,"crash_year":2023,"pedestrian":1,"bicycle":0,"fatal_count":0,"susp_serious_inj_count":1,"ped_death_count":0,"ped_susp_serious_inj_count":1,"bicycle_death_count":0,"bicycle_susp_serious_inj_count":0}},{"type":"Feature","id":25102,"geometry":{"type":"Point","coordinates":[-75.219591788539,39.9593010642664]},"properties":{"objectid":25102,"crn":2023022365,"crash_year":2023,"pedestrian":1,"bicycle":0,"fatal_count":0,"susp_serious_inj_count":0,"ped_death_count":0,"ped_susp_serious_inj_count":0,"bicycle_death_count":0,"bicycle_susp_serious_inj_count":0}},{"type":"Feature","id":25105,"geometry":{"type":"Point","coordinates":[-75.1362027637425,39.9689280699543]},"properties":{"objectid":25105,"crn":2023017625,"crash_year":2023,"pedestrian":1,"bicycle":0,"fatal_count":0,"susp_serious_inj_count":1,"ped_death_count":0,"ped_susp_serious_inj_count":1,"bicycle_death_count":0,"bicycle_susp_serious_inj_count":0}},{"type":"Feature","id":25132,"geometry":{"type":"Point","coordinates":[-75.191973779779,39.950108064188]},"properties":{"objectid":25132,"crn":2023019509,"crash_year":2023,"pedestrian":0,"bicycle":1,"fatal_count":0,"susp_serious_inj_count":0,"ped_death_count":0,"ped_susp_serious_inj_count":0,"bicycle_death_count":0,"bicycle_susp_serious_inj_count":0}},{"type":"Feature","id":25134,"geometry":{"type":"Point","coordinates":[-75.1700097731786,39.9531860651997]},"properties":{"objectid":25134,"crn":2023034428,"crash_year":2023,"pedestrian":1,"bicycle":0,"fatal_count":0,"susp_serious_inj_count":0,"ped_death_count":0,"ped_susp_serious_inj_count":0,"bicycle_death_count":0,"bicycle_susp_serious_inj_count":0}},{"type":"Feature","id":25164,"geometry":{"type":"Point","coordinates":[-75.1358457661113,40.0119880777053]},"properties":{"objectid":25164,"crn":2023042928,"crash_year":2023,"pedestrian":1,"bicycle":0,"fatal_count":0,"susp_serious_inj_count":0,"ped_death_count":0,"ped_susp_serious_inj_count":0,"bicycle_death_count":0,"bicycle_susp_serious_inj_count":0}},{"type":"Feature","id":25166,"geometry":{"type":"Point","coordinates":[-75.2014397830857,39.9497700634892]},"properties":{"objectid":25166,"crn":2023036895,"crash_year":2023,"pedestrian":1,"bicycle":0,"fatal_count":0,"susp_serious_inj_count":0,"ped_death_count":0,"ped_susp_serious_inj_count":0,"bicycle_death_count":0,"bicycle_susp_serious_inj_count":0}},{"type":"Feature","id":25196,"geometry":{"type":"Point","coordinates":[-75.1914697796393,39.9558200653041]},"properties":{"objectid":25196,"crn":2023029896,"crash_year":2023,"pedestrian":0,"bicycle":1,"fatal_count":0,"susp_serious_inj_count":0,"ped_death_count":0,"ped_susp_serious_inj_count":0,"bicycle_death_count":0,"bicycle_susp_serious_inj_count":0}},{"type":"Feature","id":25202,"geometry":{"type":"Point","coordinates":[-75.1914297802749,39.9560730647177]},"properties":{"objectid":25202,"crn":2023037376,"crash_year":2023,"pedestrian":1,"bicycle":0,"fatal_count":0,"susp_serious_inj_count":0,"ped_death_count":0,"ped_susp_serious_inj_count":0,"bicycle_death_count":0,"bicycle_susp_serious_inj_count":0}},{"type":"Feature","id":25212,"geometry":{"type":"Point","coordinates":[-75.2404737918077,39.903814052973]},"properties":{"objectid":25212,"crn":2023023878,"crash_year":2023,"pedestrian":1,"bicycle":0,"fatal_count":0,"susp_serious_inj_count":0,"ped_death_count":0,"ped_susp_serious_inj_count":0,"bicycle_death_count":0,"bicycle_susp_serious_inj_count":0}},{"type":"Feature","id":25219,"geometry":{"type":"Point","coordinates":[-75.1881597818416,40.0064640751218]},"properties":{"objectid":25219,"crn":2023030499,"crash_year":2023,"pedestrian":0,"bicycle":1,"fatal_count":0,"susp_serious_inj_count":0,"ped_death_count":0,"ped_susp_serious_inj_count":0,"bicycle_death_count":0,"bicycle_susp_serious_inj_count":0}},{"type":"Feature","id":25243,"geometry":{"type":"Point","coordinates":[-75.1566317703587,39.9847050722357]},"properties":{"objectid":25243,"crn":2023031411,"crash_year":2023,"pedestrian":0,"bicycle":1,"fatal_count":0,"susp_serious_inj_count":0,"ped_death_count":0,"ped_susp_serious_inj_count":0,"bicycle_death_count":0,"bicycle_susp_serious_inj_count":0}},{"type":"Feature","id":25251,"geometry":{"type":"Point","coordinates":[-75.1584207703752,39.9758440699753]},"properties":{"objectid":25251,"crn":2023030035,"crash_year":2023,"pedestrian":1,"bicycle":0,"fatal_count":0,"susp_serious_inj_count":0,"ped_death_count":0,"ped_susp_serious_inj_count":0,"bicycle_death_count":0,"bicycle_susp_serious_inj_count":0}},{"type":"Feature","id":25280,"geometry":{"type":"Point","coordinates":[-75.0377617354837,40.03325608573]},"properties":{"objectid":25280,"crn":2023020692,"crash_year":2023,"pedestrian":1,"bicycle":0,"fatal_count":0,"susp_serious_inj_count":0,"ped_death_count":0,"ped_susp_serious_inj_count":0,"bicycle_death_count":0,"bicycle_susp_serious_inj_count":0}},{"type":"Feature","id":25284,"geometry":{"type":"Point","coordinates":[-75.1507437701666,40.0090020769675]},"properties":{"objectid":25284,"crn":2023034413,"crash_year":2023,"pedestrian":1,"bicycle":0,"fatal_count":0,"susp_serious_inj_count":0,"ped_death_count":0,"ped_susp_serious_inj_count":0,"bicycle_death_count":0,"bicycle_susp_serious_inj_count":0}},{"type":"Feature","id":25288,"geometry":{"type":"Point","coordinates":[-75.1707047738594,39.9573660658724]},"properties":{"objectid":25288,"crn":2023022363,"crash_year":2023,"pedestrian":0,"bicycle":1,"fatal_count":0,"susp_serious_inj_count":0,"ped_death_count":0,"ped_susp_serious_inj_count":0,"bicycle_death_count":0,"bicycle_susp_serious_inj_count":0}},{"type":"Feature","id":25292,"geometry":{"type":"Point","coordinates":[-75.1934197783429,39.9211870582701]},"properties":{"objectid":25292,"crn":2023042649,"crash_year":2023,"pedestrian":0,"bicycle":1,"fatal_count":0,"susp_serious_inj_count":0,"ped_death_count":0,"ped_susp_serious_inj_count":0,"bicycle_death_count":0,"bicycle_susp_serious_inj_count":0}},{"type":"Feature","id":25325,"geometry":{"type":"Point","coordinates":[-75.2463047944189,39.9171910549878]},"properties":{"objectid":25325,"crn":2023037091,"crash_year":2023,"pedestrian":1,"bicycle":0,"fatal_count":1,"susp_serious_inj_count":0,"ped_death_count":1,"ped_susp_serious_inj_count":0,"bicycle_death_count":0,"bicycle_susp_serious_inj_count":0}},{"type":"Feature","id":25337,"geometry":{"type":"Point","coordinates":[-75.1657797687244,39.9104520568518]},"properties":{"objectid":25337,"crn":2023031737,"crash_year":2023,"pedestrian":1,"bicycle":0,"fatal_count":0,"susp_serious_inj_count":0,"ped_death_count":0,"ped_susp_serious_inj_count":0,"bicycle_death_count":0,"bicycle_susp_serious_inj_count":0}},{"type":"Feature","id":25343,"geometry":{"type":"Point","coordinates":[-75.1836847755347,39.9268550594632]},"properties":{"objectid":25343,"crn":2023021703,"crash_year":2023,"pedestrian":1,"bicycle":0,"fatal_count":0,"susp_serious_inj_count":1,"ped_death_count":0,"ped_susp_serious_inj_count":1,"bicycle_death_count":0,"bicycle_susp_serious_inj_count":0}},{"type":"Feature","id":25369,"geometry":{"type":"Point","coordinates":[-75.1999497828068,39.955359064745]},"properties":{"objectid":25369,"crn":2023018951,"crash_year":2023,"pedestrian":0,"bicycle":1,"fatal_count":0,"susp_serious_inj_count":0,"ped_death_count":0,"ped_susp_serious_inj_count":0,"bicycle_death_count":0,"bicycle_susp_serious_inj_count":0}},{"type":"Feature","id":25429,"geometry":{"type":"Point","coordinates":[-75.1917407802989,39.9503070636418]},"properties":{"objectid":25429,"crn":2023023054,"crash_year":2023,"pedestrian":0,"bicycle":1,"fatal_count":0,"susp_serious_inj_count":0,"ped_death_count":0,"ped_susp_serious_inj_count":0,"bicycle_death_count":0,"bicycle_susp_serious_inj_count":0}},{"type":"Feature","id":25432,"geometry":{"type":"Point","coordinates":[-75.1549267700941,39.9923700736422]},"properties":{"objectid":25432,"crn":2023040268,"crash_year":2023,"pedestrian":1,"bicycle":0,"fatal_count":1,"susp_serious_inj_count":0,"ped_death_count":1,"ped_susp_serious_inj_count":0,"bicycle_death_count":0,"bicycle_susp_serious_inj_count":0}},{"type":"Feature","id":25440,"geometry":{"type":"Point","coordinates":[-75.231579797737,40.0451210813905]},"properties":{"objectid":25440,"crn":2023040492,"crash_year":2023,"pedestrian":1,"bicycle":0,"fatal_count":0,"susp_serious_inj_count":1,"ped_death_count":0,"ped_susp_serious_inj_count":1,"bicycle_death_count":0,"bicycle_susp_serious_inj_count":0}},{"type":"Feature","id":25458,"geometry":{"type":"Point","coordinates":[-75.1064617561817,40.0003270768442]},"properties":{"objectid":25458,"crn":2023030733,"crash_year":2023,"pedestrian":1,"bicycle":0,"fatal_count":0,"susp_serious_inj_count":0,"ped_death_count":0,"ped_susp_serious_inj_count":0,"bicycle_death_count":0,"bicycle_susp_serious_inj_count":0}},{"type":"Feature","id":25493,"geometry":{"type":"Point","coordinates":[-75.1940097801403,39.9506330634443]},"properties":{"objectid":25493,"crn":2023033959,"crash_year":2023,"pedestrian":1,"bicycle":0,"fatal_count":0,"susp_serious_inj_count":0,"ped_death_count":0,"ped_susp_serious_inj_count":0,"bicycle_death_count":0,"bicycle_susp_serious_inj_count":0}},{"type":"Feature","id":25497,"geometry":{"type":"Point","coordinates":[-75.1551427700413,39.9908580731817]},"properties":{"objectid":25497,"crn":2023032222,"crash_year":2023,"pedestrian":1,"bicycle":0,"fatal_count":0,"susp_serious_inj_count":0,"ped_death_count":0,"ped_susp_serious_inj_count":0,"bicycle_death_count":0,"bicycle_susp_serious_inj_count":0}},{"type":"Feature","id":25500,"geometry":{"type":"Point","coordinates":[-75.1798597738599,39.9179770574261]},"properties":{"objectid":25500,"crn":2023029094,"crash_year":2023,"pedestrian":1,"bicycle":0,"fatal_count":0,"susp_serious_inj_count":0,"ped_death_count":0,"ped_susp_serious_inj_count":0,"bicycle_death_count":0,"bicycle_susp_serious_inj_count":0}},{"type":"Feature","id":25514,"geometry":{"type":"Point","coordinates":[-75.2007517826642,39.9514660639383]},"properties":{"objectid":25514,"crn":2023027886,"crash_year":2023,"pedestrian":1,"bicycle":0,"fatal_count":0,"susp_serious_inj_count":0,"ped_death_count":0,"ped_susp_serious_inj_count":0,"bicycle_death_count":0,"bicycle_susp_serious_inj_count":0}},{"type":"Feature","id":25533,"geometry":{"type":"Point","coordinates":[-75.171635781869,40.0819160904148]},"properties":{"objectid":25533,"crn":2023034402,"crash_year":2023,"pedestrian":1,"bicycle":0,"fatal_count":0,"susp_serious_inj_count":0,"ped_death_count":0,"ped_susp_serious_inj_count":0,"bicycle_death_count":0,"bicycle_susp_serious_inj_count":0}},{"type":"Feature","id":25538,"geometry":{"type":"Point","coordinates":[-75.2367377951756,39.9618220644428]},"properties":{"objectid":25538,"crn":2023039574,"crash_year":2023,"pedestrian":1,"bicycle":0,"fatal_count":0,"susp_serious_inj_count":0,"ped_death_count":0,"ped_susp_serious_inj_count":0,"bicycle_death_count":0,"bicycle_susp_serious_inj_count":0}},{"type":"Feature","id":25558,"geometry":{"type":"Point","coordinates":[-75.0217257303158,40.0312300859337]},"properties":{"objectid":25558,"crn":2023028363,"crash_year":2023,"pedestrian":1,"bicycle":0,"fatal_count":0,"susp_serious_inj_count":0,"ped_death_count":0,"ped_susp_serious_inj_count":0,"bicycle_death_count":0,"bicycle_susp_serious_inj_count":0}},{"type":"Feature","id":25575,"geometry":{"type":"Point","coordinates":[-75.2335257915818,39.9249080568174]},"properties":{"objectid":25575,"crn":2023048512,"crash_year":2023,"pedestrian":1,"bicycle":0,"fatal_count":0,"susp_serious_inj_count":0,"ped_death_count":0,"ped_susp_serious_inj_count":0,"bicycle_death_count":0,"bicycle_susp_serious_inj_count":0}},{"type":"Feature","id":25576,"geometry":{"type":"Point","coordinates":[-75.1579397711983,39.9787010705726]},"properties":{"objectid":25576,"crn":2023027765,"crash_year":2023,"pedestrian":1,"bicycle":0,"fatal_count":0,"susp_serious_inj_count":1,"ped_death_count":0,"ped_susp_serious_inj_count":1,"bicycle_death_count":0,"bicycle_susp_serious_inj_count":0}},{"type":"Feature","id":25602,"geometry":{"type":"Point","coordinates":[-75.2097217873739,39.9735770680742]},"properties":{"objectid":25602,"crn":2023035812,"crash_year":2023,"pedestrian":1,"bicycle":0,"fatal_count":0,"susp_serious_inj_count":0,"ped_death_count":0,"ped_susp_serious_inj_count":0,"bicycle_death_count":0,"bicycle_susp_serious_inj_count":0}},{"type":"Feature","id":25625,"geometry":{"type":"Point","coordinates":[-75.1696127706059,39.9243770598651]},"properties":{"objectid":25625,"crn":2023032884,"crash_year":2023,"pedestrian":1,"bicycle":0,"fatal_count":0,"susp_serious_inj_count":0,"ped_death_count":0,"ped_susp_serious_inj_count":0,"bicycle_death_count":0,"bicycle_susp_serious_inj_count":0}},{"type":"Feature","id":25629,"geometry":{"type":"Point","coordinates":[-75.2467107984589,39.9627320646285]},"properties":{"objectid":25629,"crn":2023048132,"crash_year":2023,"pedestrian":0,"bicycle":1,"fatal_count":1,"susp_serious_inj_count":0,"ped_death_count":0,"ped_susp_serious_inj_count":0,"bicycle_death_count":1,"bicycle_susp_serious_inj_count":0}},{"type":"Feature","id":25651,"geometry":{"type":"Point","coordinates":[-75.1513277704103,40.0083670771562]},"properties":{"objectid":25651,"crn":2023035822,"crash_year":2023,"pedestrian":1,"bicycle":0,"fatal_count":0,"susp_serious_inj_count":1,"ped_death_count":0,"ped_susp_serious_inj_count":1,"bicycle_death_count":0,"bicycle_susp_serious_inj_count":0}},{"type":"Feature","id":25652,"geometry":{"type":"Point","coordinates":[-75.1325077629025,39.9832170725789]},"properties":{"objectid":25652,"crn":2023049026,"crash_year":2023,"pedestrian":1,"bicycle":0,"fatal_count":0,"susp_serious_inj_count":0,"ped_death_count":0,"ped_susp_serious_inj_count":0,"bicycle_death_count":0,"bicycle_susp_serious_inj_count":0}},{"type":"Feature","id":25655,"geometry":{"type":"Point","coordinates":[-75.2058957866168,39.9850970701843]},"properties":{"objectid":25655,"crn":2023035630,"crash_year":2023,"pedestrian":1,"bicycle":0,"fatal_count":0,"susp_serious_inj_count":0,"ped_death_count":0,"ped_susp_serious_inj_count":0,"bicycle_death_count":0,"bicycle_susp_serious_inj_count":0}},{"type":"Feature","id":25659,"geometry":{"type":"Point","coordinates":[-75.2317287904086,39.9233920568191]},"properties":{"objectid":25659,"crn":2023034781,"crash_year":2023,"pedestrian":1,"bicycle":0,"fatal_count":0,"susp_serious_inj_count":0,"ped_death_count":0,"ped_susp_serious_inj_count":0,"bicycle_death_count":0,"bicycle_susp_serious_inj_count":0}},{"type":"Feature","id":25665,"geometry":{"type":"Point","coordinates":[-75.1435617700591,40.0444350842808]},"properties":{"objectid":25665,"crn":2023035541,"crash_year":2023,"pedestrian":1,"bicycle":0,"fatal_count":0,"susp_serious_inj_count":0,"ped_death_count":0,"ped_susp_serious_inj_count":0,"bicycle_death_count":0,"bicycle_susp_serious_inj_count":0}},{"type":"Feature","id":25685,"geometry":{"type":"Point","coordinates":[-75.1690157714614,39.9318340608927]},"properties":{"objectid":25685,"crn":2023036999,"crash_year":2023,"pedestrian":1,"bicycle":0,"fatal_count":0,"susp_serious_inj_count":0,"ped_death_count":0,"ped_susp_serious_inj_count":0,"bicycle_death_count":0,"bicycle_susp_serious_inj_count":0}},{"type":"Feature","id":25686,"geometry":{"type":"Point","coordinates":[-75.2262197907593,39.9535330633198]},"properties":{"objectid":25686,"crn":2023036736,"crash_year":2023,"pedestrian":1,"bicycle":0,"fatal_count":0,"susp_serious_inj_count":0,"ped_death_count":0,"ped_susp_serious_inj_count":0,"bicycle_death_count":0,"bicycle_susp_serious_inj_count":0}},{"type":"Feature","id":25690,"geometry":{"type":"Point","coordinates":[-75.128121761744,39.9904850740906]},"properties":{"objectid":25690,"crn":2023035069,"crash_year":2023,"pedestrian":1,"bicycle":0,"fatal_count":0,"susp_serious_inj_count":0,"ped_death_count":0,"ped_susp_serious_inj_count":0,"bicycle_death_count":0,"bicycle_susp_serious_inj_count":0}},{"type":"Feature","id":25696,"geometry":{"type":"Point","coordinates":[-75.1289407609814,39.9674250697687]},"properties":{"objectid":25696,"crn":2023034793,"crash_year":2023,"pedestrian":1,"bicycle":0,"fatal_count":0,"susp_serious_inj_count":0,"ped_death_count":0,"ped_susp_serious_inj_count":0,"bicycle_death_count":0,"bicycle_susp_serious_inj_count":0}},{"type":"Feature","id":25711,"geometry":{"type":"Point","coordinates":[-75.1640707713107,39.958294066656]},"properties":{"objectid":25711,"crn":2023038844,"crash_year":2023,"pedestrian":1,"bicycle":0,"fatal_count":0,"susp_serious_inj_count":0,"ped_death_count":0,"ped_susp_serious_inj_count":0,"bicycle_death_count":0,"bicycle_susp_serious_inj_count":0}},{"type":"Feature","id":25733,"geometry":{"type":"Point","coordinates":[-75.0217257303158,40.0312300859337]},"properties":{"objectid":25733,"crn":2023034779,"crash_year":2023,"pedestrian":1,"bicycle":0,"fatal_count":0,"susp_serious_inj_count":0,"ped_death_count":0,"ped_susp_serious_inj_count":0,"bicycle_death_count":0,"bicycle_susp_serious_inj_count":0}},{"type":"Feature","id":25740,"geometry":{"type":"Point","coordinates":[-75.1653367714072,39.9446690637156]},"properties":{"objectid":25740,"crn":2023029707,"crash_year":2023,"pedestrian":1,"bicycle":0,"fatal_count":1,"susp_serious_inj_count":0,"ped_death_count":1,"ped_susp_serious_inj_count":0,"bicycle_death_count":0,"bicycle_susp_serious_inj_count":0}},{"type":"Feature","id":25742,"geometry":{"type":"Point","coordinates":[-75.189482779893,39.9556160650687]},"properties":{"objectid":25742,"crn":2023034860,"crash_year":2023,"pedestrian":1,"bicycle":0,"fatal_count":0,"susp_serious_inj_count":0,"ped_death_count":0,"ped_susp_serious_inj_count":0,"bicycle_death_count":0,"bicycle_susp_serious_inj_count":0}},{"type":"Feature","id":25764,"geometry":{"type":"Point","coordinates":[-75.2235497904719,39.9567290642603]},"properties":{"objectid":25764,"crn":2023035932,"crash_year":2023,"pedestrian":1,"bicycle":0,"fatal_count":0,"susp_serious_inj_count":1,"ped_death_count":0,"ped_susp_serious_inj_count":1,"bicycle_death_count":0,"bicycle_susp_serious_inj_count":0}},{"type":"Feature","id":25771,"geometry":{"type":"Point","coordinates":[-75.1677457727075,39.955906065901]},"properties":{"objectid":25771,"crn":2023015462,"crash_year":2023,"pedestrian":1,"bicycle":0,"fatal_count":0,"susp_serious_inj_count":0,"ped_death_count":0,"ped_susp_serious_inj_count":0,"bicycle_death_count":0,"bicycle_susp_serious_inj_count":0}},{"type":"Feature","id":25817,"geometry":{"type":"Point","coordinates":[-75.146916770097,40.0244440805419]},"properties":{"objectid":25817,"crn":2023024551,"crash_year":2023,"pedestrian":1,"bicycle":0,"fatal_count":0,"susp_serious_inj_count":0,"ped_death_count":0,"ped_susp_serious_inj_count":0,"bicycle_death_count":0,"bicycle_susp_serious_inj_count":0}},{"type":"Feature","id":25824,"geometry":{"type":"Point","coordinates":[-75.1128237599993,40.0273500816598]},"properties":{"objectid":25824,"crn":2023035297,"crash_year":2023,"pedestrian":1,"bicycle":0,"fatal_count":1,"susp_serious_inj_count":0,"ped_death_count":1,"ped_susp_serious_inj_count":0,"bicycle_death_count":0,"bicycle_susp_serious_inj_count":0}},{"type":"Feature","id":25835,"geometry":{"type":"Point","coordinates":[-75.245499794665,39.924086056659]},"properties":{"objectid":25835,"crn":2023033177,"crash_year":2023,"pedestrian":1,"bicycle":0,"fatal_count":1,"susp_serious_inj_count":0,"ped_death_count":1,"ped_susp_serious_inj_count":0,"bicycle_death_count":0,"bicycle_susp_serious_inj_count":0}},{"type":"Feature","id":25840,"geometry":{"type":"Point","coordinates":[-75.1497927717882,40.0436870838872]},"properties":{"objectid":25840,"crn":2023024330,"crash_year":2023,"pedestrian":1,"bicycle":0,"fatal_count":0,"susp_serious_inj_count":0,"ped_death_count":0,"ped_susp_serious_inj_count":0,"bicycle_death_count":0,"bicycle_susp_serious_inj_count":0}},{"type":"Feature","id":25847,"geometry":{"type":"Point","coordinates":[-75.1632707679632,39.9100750571928]},"properties":{"objectid":25847,"crn":2023025501,"crash_year":2023,"pedestrian":1,"bicycle":0,"fatal_count":0,"susp_serious_inj_count":0,"ped_death_count":0,"ped_susp_serious_inj_count":0,"bicycle_death_count":0,"bicycle_susp_serious_inj_count":0}},{"type":"Feature","id":25879,"geometry":{"type":"Point","coordinates":[-75.0946707520672,40.0059160785755]},"properties":{"objectid":25879,"crn":2023062191,"crash_year":2023,"pedestrian":1,"bicycle":0,"fatal_count":0,"susp_serious_inj_count":0,"ped_death_count":0,"ped_susp_serious_inj_count":0,"bicycle_death_count":0,"bicycle_susp_serious_inj_count":0}},{"type":"Feature","id":25925,"geometry":{"type":"Point","coordinates":[-75.2348707942322,39.9611880644626]},"properties":{"objectid":25925,"crn":2023042103,"crash_year":2023,"pedestrian":0,"bicycle":1,"fatal_count":0,"susp_serious_inj_count":0,"ped_death_count":0,"ped_susp_serious_inj_count":0,"bicycle_death_count":0,"bicycle_susp_serious_inj_count":0}},{"type":"Feature","id":25929,"geometry":{"type":"Point","coordinates":[-75.1746187735838,39.9319640611108]},"properties":{"objectid":25929,"crn":2023042443,"crash_year":2023,"pedestrian":0,"bicycle":1,"fatal_count":0,"susp_serious_inj_count":0,"ped_death_count":0,"ped_susp_serious_inj_count":0,"bicycle_death_count":0,"bicycle_susp_serious_inj_count":0}},{"type":"Feature","id":25949,"geometry":{"type":"Point","coordinates":[-75.22458978918,39.9324380586653]},"properties":{"objectid":25949,"crn":2023045112,"crash_year":2023,"pedestrian":1,"bicycle":0,"fatal_count":0,"susp_serious_inj_count":1,"ped_death_count":0,"ped_susp_serious_inj_count":1,"bicycle_death_count":0,"bicycle_susp_serious_inj_count":0}},{"type":"Feature","id":25972,"geometry":{"type":"Point","coordinates":[-75.1715897731667,39.9384740620374]},"properties":{"objectid":25972,"crn":2023068059,"crash_year":2023,"pedestrian":1,"bicycle":0,"fatal_count":0,"susp_serious_inj_count":0,"ped_death_count":0,"ped_susp_serious_inj_count":0,"bicycle_death_count":0,"bicycle_susp_serious_inj_count":0}},{"type":"Feature","id":25984,"geometry":{"type":"Point","coordinates":[-75.2511057998842,39.971105066188]},"properties":{"objectid":25984,"crn":2023048012,"crash_year":2023,"pedestrian":1,"bicycle":0,"fatal_count":0,"susp_serious_inj_count":0,"ped_death_count":0,"ped_susp_serious_inj_count":0,"bicycle_death_count":0,"bicycle_susp_serious_inj_count":0}},{"type":"Feature","id":25999,"geometry":{"type":"Point","coordinates":[-75.1711437734957,39.9554090660042]},"properties":{"objectid":25999,"crn":2023047780,"crash_year":2023,"pedestrian":1,"bicycle":0,"fatal_count":0,"susp_serious_inj_count":0,"ped_death_count":0,"ped_susp_serious_inj_count":0,"bicycle_death_count":0,"bicycle_susp_serious_inj_count":0}},{"type":"Feature","id":26006,"geometry":{"type":"Point","coordinates":[-75.2107457903707,40.0165290762236]},"properties":{"objectid":26006,"crn":2023047777,"crash_year":2023,"pedestrian":0,"bicycle":1,"fatal_count":0,"susp_serious_inj_count":0,"ped_death_count":0,"ped_susp_serious_inj_count":0,"bicycle_death_count":0,"bicycle_susp_serious_inj_count":0}},{"type":"Feature","id":26009,"geometry":{"type":"Point","coordinates":[-75.1064617561817,40.0003270768442]},"properties":{"objectid":26009,"crn":2023046662,"crash_year":2023,"pedestrian":1,"bicycle":0,"fatal_count":0,"susp_serious_inj_count":0,"ped_death_count":0,"ped_susp_serious_inj_count":0,"bicycle_death_count":0,"bicycle_susp_serious_inj_count":0}},{"type":"Feature","id":26024,"geometry":{"type":"Point","coordinates":[-75.0686367439772,39.9997920784515]},"properties":{"objectid":26024,"crn":2023068647,"crash_year":2023,"pedestrian":0,"bicycle":1,"fatal_count":0,"susp_serious_inj_count":0,"ped_death_count":0,"ped_susp_serious_inj_count":0,"bicycle_death_count":0,"bicycle_susp_serious_inj_count":0}},{"type":"Feature","id":26060,"geometry":{"type":"Point","coordinates":[-75.1656767723536,39.9580710662103]},"properties":{"objectid":26060,"crn":2023047781,"crash_year":2023,"pedestrian":1,"bicycle":0,"fatal_count":0,"susp_serious_inj_count":0,"ped_death_count":0,"ped_susp_serious_inj_count":0,"bicycle_death_count":0,"bicycle_susp_serious_inj_count":0}},{"type":"Feature","id":26099,"geometry":{"type":"Point","coordinates":[-75.2274817917975,39.9572160638327]},"properties":{"objectid":26099,"crn":2023042104,"crash_year":2023,"pedestrian":1,"bicycle":0,"fatal_count":0,"susp_serious_inj_count":0,"ped_death_count":0,"ped_susp_serious_inj_count":0,"bicycle_death_count":0,"bicycle_susp_serious_inj_count":0}},{"type":"Feature","id":26101,"geometry":{"type":"Point","coordinates":[-75.1511347707382,40.0092520770262]},"properties":{"objectid":26101,"crn":2023056142,"crash_year":2023,"pedestrian":1,"bicycle":0,"fatal_count":1,"susp_serious_inj_count":0,"ped_death_count":1,"ped_susp_serious_inj_count":0,"bicycle_death_count":0,"bicycle_susp_serious_inj_count":0}},{"type":"Feature","id":26105,"geometry":{"type":"Point","coordinates":[-75.1649847715848,39.9539970653582]},"properties":{"objectid":26105,"crn":2023057695,"crash_year":2023,"pedestrian":1,"bicycle":0,"fatal_count":0,"susp_serious_inj_count":0,"ped_death_count":0,"ped_susp_serious_inj_count":0,"bicycle_death_count":0,"bicycle_susp_serious_inj_count":0}},{"type":"Feature","id":26114,"geometry":{"type":"Point","coordinates":[-75.2316107931385,39.9592870644265]},"properties":{"objectid":26114,"crn":2023073216,"crash_year":2023,"pedestrian":0,"bicycle":1,"fatal_count":0,"susp_serious_inj_count":0,"ped_death_count":0,"ped_susp_serious_inj_count":0,"bicycle_death_count":0,"bicycle_susp_serious_inj_count":0}},{"type":"Feature","id":26131,"geometry":{"type":"Point","coordinates":[-75.1639557743257,40.0030320751343]},"properties":{"objectid":26131,"crn":2023054165,"crash_year":2023,"pedestrian":1,"bicycle":0,"fatal_count":0,"susp_serious_inj_count":0,"ped_death_count":0,"ped_susp_serious_inj_count":0,"bicycle_death_count":0,"bicycle_susp_serious_inj_count":0}},{"type":"Feature","id":26146,"geometry":{"type":"Point","coordinates":[-75.1560627703693,39.9866730726547]},"properties":{"objectid":26146,"crn":2023042921,"crash_year":2023,"pedestrian":1,"bicycle":0,"fatal_count":0,"susp_serious_inj_count":0,"ped_death_count":0,"ped_susp_serious_inj_count":0,"bicycle_death_count":0,"bicycle_susp_serious_inj_count":0}},{"type":"Feature","id":26155,"geometry":{"type":"Point","coordinates":[-75.2064207852312,39.9738440681932]},"properties":{"objectid":26155,"crn":2023057726,"crash_year":2023,"pedestrian":1,"bicycle":0,"fatal_count":1,"susp_serious_inj_count":0,"ped_death_count":1,"ped_susp_serious_inj_count":0,"bicycle_death_count":0,"bicycle_susp_serious_inj_count":0}},{"type":"Feature","id":26166,"geometry":{"type":"Point","coordinates":[-75.2342177933867,39.9580490634666]},"properties":{"objectid":26166,"crn":2023057735,"crash_year":2023,"pedestrian":1,"bicycle":0,"fatal_count":0,"susp_serious_inj_count":0,"ped_death_count":0,"ped_susp_serious_inj_count":0,"bicycle_death_count":0,"bicycle_susp_serious_inj_count":0}},{"type":"Feature","id":26175,"geometry":{"type":"Point","coordinates":[-75.1575627676722,39.9257440605444]},"properties":{"objectid":26175,"crn":2023040973,"crash_year":2023,"pedestrian":0,"bicycle":1,"fatal_count":0,"susp_serious_inj_count":0,"ped_death_count":0,"ped_susp_serious_inj_count":0,"bicycle_death_count":0,"bicycle_susp_serious_inj_count":0}},{"type":"Feature","id":26177,"geometry":{"type":"Point","coordinates":[-75.198304783823,39.974844068672]},"properties":{"objectid":26177,"crn":2023041639,"crash_year":2023,"pedestrian":0,"bicycle":1,"fatal_count":0,"susp_serious_inj_count":0,"ped_death_count":0,"ped_susp_serious_inj_count":0,"bicycle_death_count":0,"bicycle_susp_serious_inj_count":0}},{"type":"Feature","id":26192,"geometry":{"type":"Point","coordinates":[-75.2089937854594,39.9496010632864]},"properties":{"objectid":26192,"crn":2023057732,"crash_year":2023,"pedestrian":0,"bicycle":1,"fatal_count":0,"susp_serious_inj_count":0,"ped_death_count":0,"ped_susp_serious_inj_count":0,"bicycle_death_count":0,"bicycle_susp_serious_inj_count":0}},{"type":"Feature","id":26218,"geometry":{"type":"Point","coordinates":[-75.1941547807964,39.9562440653415]},"properties":{"objectid":26218,"crn":2023053649,"crash_year":2023,"pedestrian":0,"bicycle":1,"fatal_count":0,"susp_serious_inj_count":0,"ped_death_count":0,"ped_susp_serious_inj_count":0,"bicycle_death_count":0,"bicycle_susp_serious_inj_count":0}},{"type":"Feature","id":26224,"geometry":{"type":"Point","coordinates":[-75.1532677700477,40.0000360753393]},"properties":{"objectid":26224,"crn":2023042592,"crash_year":2023,"pedestrian":1,"bicycle":0,"fatal_count":0,"susp_serious_inj_count":0,"ped_death_count":0,"ped_susp_serious_inj_count":0,"bicycle_death_count":0,"bicycle_susp_serious_inj_count":0}},{"type":"Feature","id":26232,"geometry":{"type":"Point","coordinates":[-75.1885007798499,39.9632630665388]},"properties":{"objectid":26232,"crn":2023063398,"crash_year":2023,"pedestrian":1,"bicycle":0,"fatal_count":0,"susp_serious_inj_count":0,"ped_death_count":0,"ped_susp_serious_inj_count":0,"bicycle_death_count":0,"bicycle_susp_serious_inj_count":0}},{"type":"Feature","id":26276,"geometry":{"type":"Point","coordinates":[-75.1424427701425,40.0490740848039]},"properties":{"objectid":26276,"crn":2023058466,"crash_year":2023,"pedestrian":1,"bicycle":0,"fatal_count":0,"susp_serious_inj_count":0,"ped_death_count":0,"ped_susp_serious_inj_count":0,"bicycle_death_count":0,"bicycle_susp_serious_inj_count":0}},{"type":"Feature","id":26282,"geometry":{"type":"Point","coordinates":[-75.183421775566,39.9229570586533]},"properties":{"objectid":26282,"crn":2023068921,"crash_year":2023,"pedestrian":0,"bicycle":1,"fatal_count":0,"susp_serious_inj_count":0,"ped_death_count":0,"ped_susp_serious_inj_count":0,"bicycle_death_count":0,"bicycle_susp_serious_inj_count":0}},{"type":"Feature","id":26284,"geometry":{"type":"Point","coordinates":[-75.1680047761617,40.011449077028]},"properties":{"objectid":26284,"crn":2023042992,"crash_year":2023,"pedestrian":1,"bicycle":0,"fatal_count":0,"susp_serious_inj_count":0,"ped_death_count":0,"ped_susp_serious_inj_count":0,"bicycle_death_count":0,"bicycle_susp_serious_inj_count":0}},{"type":"Feature","id":26339,"geometry":{"type":"Point","coordinates":[-75.2440607963654,39.9463310613899]},"properties":{"objectid":26339,"crn":2023042658,"crash_year":2023,"pedestrian":1,"bicycle":0,"fatal_count":0,"susp_serious_inj_count":0,"ped_death_count":0,"ped_susp_serious_inj_count":0,"bicycle_death_count":0,"bicycle_susp_serious_inj_count":0}},{"type":"Feature","id":26390,"geometry":{"type":"Point","coordinates":[-75.2245757913372,39.9649670652785]},"properties":{"objectid":26390,"crn":2023047311,"crash_year":2023,"pedestrian":1,"bicycle":0,"fatal_count":0,"susp_serious_inj_count":0,"ped_death_count":0,"ped_susp_serious_inj_count":0,"bicycle_death_count":0,"bicycle_susp_serious_inj_count":0}},{"type":"Feature","id":26406,"geometry":{"type":"Point","coordinates":[-75.1722217737349,39.9503440643813]},"properties":{"objectid":26406,"crn":2023068926,"crash_year":2023,"pedestrian":0,"bicycle":1,"fatal_count":0,"susp_serious_inj_count":0,"ped_death_count":0,"ped_susp_serious_inj_count":0,"bicycle_death_count":0,"bicycle_susp_serious_inj_count":0}},{"type":"Feature","id":26417,"geometry":{"type":"Point","coordinates":[-75.1631617772675,40.0582360862294]},"properties":{"objectid":26417,"crn":2023049294,"crash_year":2023,"pedestrian":1,"bicycle":0,"fatal_count":0,"susp_serious_inj_count":0,"ped_death_count":0,"ped_susp_serious_inj_count":0,"bicycle_death_count":0,"bicycle_susp_serious_inj_count":0}},{"type":"Feature","id":26445,"geometry":{"type":"Point","coordinates":[-75.1551427700413,39.9908580731817]},"properties":{"objectid":26445,"crn":2023050272,"crash_year":2023,"pedestrian":1,"bicycle":0,"fatal_count":0,"susp_serious_inj_count":0,"ped_death_count":0,"ped_susp_serious_inj_count":0,"bicycle_death_count":0,"bicycle_susp_serious_inj_count":0}},{"type":"Feature","id":26460,"geometry":{"type":"Point","coordinates":[-75.1673037711887,39.9357220616994]},"properties":{"objectid":26460,"crn":2023038854,"crash_year":2023,"pedestrian":0,"bicycle":1,"fatal_count":0,"susp_serious_inj_count":1,"ped_death_count":0,"ped_susp_serious_inj_count":0,"bicycle_death_count":0,"bicycle_susp_serious_inj_count":1}},{"type":"Feature","id":26464,"geometry":{"type":"Point","coordinates":[-75.0838067523337,40.0614980897249]},"properties":{"objectid":26464,"crn":2023052773,"crash_year":2023,"pedestrian":1,"bicycle":0,"fatal_count":0,"susp_serious_inj_count":0,"ped_death_count":0,"ped_susp_serious_inj_count":0,"bicycle_death_count":0,"bicycle_susp_serious_inj_count":0}},{"type":"Feature","id":26516,"geometry":{"type":"Point","coordinates":[-75.2161957882478,39.9627580654601]},"properties":{"objectid":26516,"crn":2023039938,"crash_year":2023,"pedestrian":1,"bicycle":0,"fatal_count":0,"susp_serious_inj_count":0,"ped_death_count":0,"ped_susp_serious_inj_count":0,"bicycle_death_count":0,"bicycle_susp_serious_inj_count":0}},{"type":"Feature","id":26529,"geometry":{"type":"Point","coordinates":[-75.2454077974481,39.9591690633825]},"properties":{"objectid":26529,"crn":2023038324,"crash_year":2023,"pedestrian":1,"bicycle":0,"fatal_count":0,"susp_serious_inj_count":0,"ped_death_count":0,"ped_susp_serious_inj_count":0,"bicycle_death_count":0,"bicycle_susp_serious_inj_count":0}},{"type":"Feature","id":26531,"geometry":{"type":"Point","coordinates":[-75.1176487584987,39.9842550735888]},"properties":{"objectid":26531,"crn":2023051541,"crash_year":2023,"pedestrian":1,"bicycle":0,"fatal_count":1,"susp_serious_inj_count":0,"ped_death_count":1,"ped_susp_serious_inj_count":0,"bicycle_death_count":0,"bicycle_susp_serious_inj_count":0}},{"type":"Feature","id":26580,"geometry":{"type":"Point","coordinates":[-75.1845267756722,39.9250470592597]},"properties":{"objectid":26580,"crn":2023039233,"crash_year":2023,"pedestrian":1,"bicycle":0,"fatal_count":0,"susp_serious_inj_count":0,"ped_death_count":0,"ped_susp_serious_inj_count":0,"bicycle_death_count":0,"bicycle_susp_serious_inj_count":0}},{"type":"Feature","id":26581,"geometry":{"type":"Point","coordinates":[-75.2445987932321,39.9034360529111]},"properties":{"objectid":26581,"crn":2023065203,"crash_year":2023,"pedestrian":0,"bicycle":1,"fatal_count":0,"susp_serious_inj_count":0,"ped_death_count":0,"ped_susp_serious_inj_count":0,"bicycle_death_count":0,"bicycle_susp_serious_inj_count":0}},{"type":"Feature","id":26611,"geometry":{"type":"Point","coordinates":[-75.1956447815894,39.9596110654636]},"properties":{"objectid":26611,"crn":2023037864,"crash_year":2023,"pedestrian":1,"bicycle":0,"fatal_count":0,"susp_serious_inj_count":0,"ped_death_count":0,"ped_susp_serious_inj_count":0,"bicycle_death_count":0,"bicycle_susp_serious_inj_count":0}},{"type":"Feature","id":26636,"geometry":{"type":"Point","coordinates":[-75.1511347707382,40.0092520770262]},"properties":{"objectid":26636,"crn":2023048931,"crash_year":2023,"pedestrian":1,"bicycle":0,"fatal_count":1,"susp_serious_inj_count":0,"ped_death_count":1,"ped_susp_serious_inj_count":0,"bicycle_death_count":0,"bicycle_susp_serious_inj_count":0}},{"type":"Feature","id":26669,"geometry":{"type":"Point","coordinates":[-75.1888237775445,39.9220610585777]},"properties":{"objectid":26669,"crn":2023067068,"crash_year":2023,"pedestrian":0,"bicycle":1,"fatal_count":0,"susp_serious_inj_count":1,"ped_death_count":0,"ped_susp_serious_inj_count":0,"bicycle_death_count":0,"bicycle_susp_serious_inj_count":1}},{"type":"Feature","id":26688,"geometry":{"type":"Point","coordinates":[-75.1586577691049,39.9501860653415]},"properties":{"objectid":26688,"crn":2023067074,"crash_year":2023,"pedestrian":1,"bicycle":0,"fatal_count":0,"susp_serious_inj_count":0,"ped_death_count":0,"ped_susp_serious_inj_count":0,"bicycle_death_count":0,"bicycle_susp_serious_inj_count":0}},{"type":"Feature","id":26704,"geometry":{"type":"Point","coordinates":[-75.1456727641957,39.9336500621656]},"properties":{"objectid":26704,"crn":2023036205,"crash_year":2023,"pedestrian":1,"bicycle":0,"fatal_count":0,"susp_serious_inj_count":0,"ped_death_count":0,"ped_susp_serious_inj_count":0,"bicycle_death_count":0,"bicycle_susp_serious_inj_count":0}},{"type":"Feature","id":26721,"geometry":{"type":"Point","coordinates":[-75.1087937562958,39.9912890745753]},"properties":{"objectid":26721,"crn":2023037579,"crash_year":2023,"pedestrian":1,"bicycle":0,"fatal_count":0,"susp_serious_inj_count":0,"ped_death_count":0,"ped_susp_serious_inj_count":0,"bicycle_death_count":0,"bicycle_susp_serious_inj_count":0}},{"type":"Feature","id":26730,"geometry":{"type":"Point","coordinates":[-75.0559237405898,40.0193900828295]},"properties":{"objectid":26730,"crn":2023068651,"crash_year":2023,"pedestrian":1,"bicycle":0,"fatal_count":0,"susp_serious_inj_count":0,"ped_death_count":0,"ped_susp_serious_inj_count":0,"bicycle_death_count":0,"bicycle_susp_serious_inj_count":0}},{"type":"Feature","id":26738,"geometry":{"type":"Point","coordinates":[-75.0945327511002,39.9946390761142]},"properties":{"objectid":26738,"crn":2023078971,"crash_year":2023,"pedestrian":1,"bicycle":0,"fatal_count":1,"susp_serious_inj_count":0,"ped_death_count":1,"ped_susp_serious_inj_count":0,"bicycle_death_count":0,"bicycle_susp_serious_inj_count":0}},{"type":"Feature","id":26756,"geometry":{"type":"Point","coordinates":[-75.2254777911868,39.9571390642672]},"properties":{"objectid":26756,"crn":2023051752,"crash_year":2023,"pedestrian":1,"bicycle":0,"fatal_count":0,"susp_serious_inj_count":0,"ped_death_count":0,"ped_susp_serious_inj_count":0,"bicycle_death_count":0,"bicycle_susp_serious_inj_count":0}},{"type":"Feature","id":26757,"geometry":{"type":"Point","coordinates":[-75.2393977918847,39.9016110527365]},"properties":{"objectid":26757,"crn":2023077762,"crash_year":2023,"pedestrian":1,"bicycle":0,"fatal_count":0,"susp_serious_inj_count":0,"ped_death_count":0,"ped_susp_serious_inj_count":0,"bicycle_death_count":0,"bicycle_susp_serious_inj_count":0}},{"type":"Feature","id":26759,"geometry":{"type":"Point","coordinates":[-75.1533557708227,39.9996300749203]},"properties":{"objectid":26759,"crn":2023066574,"crash_year":2023,"pedestrian":1,"bicycle":0,"fatal_count":0,"susp_serious_inj_count":1,"ped_death_count":0,"ped_susp_serious_inj_count":1,"bicycle_death_count":0,"bicycle_susp_serious_inj_count":0}},{"type":"Feature","id":26781,"geometry":{"type":"Point","coordinates":[-75.2094637903591,40.0335170792982]},"properties":{"objectid":26781,"crn":2023087499,"crash_year":2023,"pedestrian":0,"bicycle":1,"fatal_count":0,"susp_serious_inj_count":0,"ped_death_count":0,"ped_susp_serious_inj_count":0,"bicycle_death_count":0,"bicycle_susp_serious_inj_count":0}},{"type":"Feature","id":26812,"geometry":{"type":"Point","coordinates":[-75.1624257705496,39.9579560662003]},"properties":{"objectid":26812,"crn":2023066485,"crash_year":2023,"pedestrian":1,"bicycle":0,"fatal_count":0,"susp_serious_inj_count":0,"ped_death_count":0,"ped_susp_serious_inj_count":0,"bicycle_death_count":0,"bicycle_susp_serious_inj_count":0}},{"type":"Feature","id":26837,"geometry":{"type":"Point","coordinates":[-75.1687057713076,39.9292040602691]},"properties":{"objectid":26837,"crn":2023087518,"crash_year":2023,"pedestrian":1,"bicycle":0,"fatal_count":0,"susp_serious_inj_count":0,"ped_death_count":0,"ped_susp_serious_inj_count":0,"bicycle_death_count":0,"bicycle_susp_serious_inj_count":0}},{"type":"Feature","id":26868,"geometry":{"type":"Point","coordinates":[-75.2233557898172,39.9479450623175]},"properties":{"objectid":26868,"crn":2023067009,"crash_year":2023,"pedestrian":1,"bicycle":0,"fatal_count":0,"susp_serious_inj_count":0,"ped_death_count":0,"ped_susp_serious_inj_count":0,"bicycle_death_count":0,"bicycle_susp_serious_inj_count":0}},{"type":"Feature","id":26948,"geometry":{"type":"Point","coordinates":[-75.1495327670638,39.954678066077]},"properties":{"objectid":26948,"crn":2023067766,"crash_year":2023,"pedestrian":0,"bicycle":1,"fatal_count":0,"susp_serious_inj_count":0,"ped_death_count":0,"ped_susp_serious_inj_count":0,"bicycle_death_count":0,"bicycle_susp_serious_inj_count":0}},{"type":"Feature","id":26967,"geometry":{"type":"Point","coordinates":[-75.1039117537891,39.9897800746676]},"properties":{"objectid":26967,"crn":2023091106,"crash_year":2023,"pedestrian":1,"bicycle":0,"fatal_count":0,"susp_serious_inj_count":1,"ped_death_count":0,"ped_susp_serious_inj_count":1,"bicycle_death_count":0,"bicycle_susp_serious_inj_count":0}},{"type":"Feature","id":26971,"geometry":{"type":"Point","coordinates":[-75.1936917809124,39.9545840650141]},"properties":{"objectid":26971,"crn":2023057729,"crash_year":2023,"pedestrian":1,"bicycle":0,"fatal_count":0,"susp_serious_inj_count":0,"ped_death_count":0,"ped_susp_serious_inj_count":0,"bicycle_death_count":0,"bicycle_susp_serious_inj_count":0}},{"type":"Feature","id":26972,"geometry":{"type":"Point","coordinates":[-75.1496557674845,39.9623540680134]},"properties":{"objectid":26972,"crn":2023065288,"crash_year":2023,"pedestrian":0,"bicycle":1,"fatal_count":0,"susp_serious_inj_count":0,"ped_death_count":0,"ped_susp_serious_inj_count":0,"bicycle_death_count":0,"bicycle_susp_serious_inj_count":0}},{"type":"Feature","id":26981,"geometry":{"type":"Point","coordinates":[-75.2212567900214,39.9746490673495]},"properties":{"objectid":26981,"crn":2023091202,"crash_year":2023,"pedestrian":1,"bicycle":0,"fatal_count":0,"susp_serious_inj_count":1,"ped_death_count":0,"ped_susp_serious_inj_count":1,"bicycle_death_count":0,"bicycle_susp_serious_inj_count":0}},{"type":"Feature","id":26995,"geometry":{"type":"Point","coordinates":[-75.1344257627273,39.9688990699851]},"properties":{"objectid":26995,"crn":2023061817,"crash_year":2023,"pedestrian":1,"bicycle":0,"fatal_count":0,"susp_serious_inj_count":0,"ped_death_count":0,"ped_susp_serious_inj_count":0,"bicycle_death_count":0,"bicycle_susp_serious_inj_count":0}},{"type":"Feature","id":26999,"geometry":{"type":"Point","coordinates":[-75.1482857706257,40.0228410795667]},"properties":{"objectid":26999,"crn":2023055943,"crash_year":2023,"pedestrian":1,"bicycle":0,"fatal_count":0,"susp_serious_inj_count":0,"ped_death_count":0,"ped_susp_serious_inj_count":0,"bicycle_death_count":0,"bicycle_susp_serious_inj_count":0}},{"type":"Feature","id":27010,"geometry":{"type":"Point","coordinates":[-75.1603207679534,39.9154620578615]},"properties":{"objectid":27010,"crn":2023071116,"crash_year":2023,"pedestrian":0,"bicycle":1,"fatal_count":0,"susp_serious_inj_count":0,"ped_death_count":0,"ped_susp_serious_inj_count":0,"bicycle_death_count":0,"bicycle_susp_serious_inj_count":0}},{"type":"Feature","id":27016,"geometry":{"type":"Point","coordinates":[-75.1638317714021,39.9508550649976]},"properties":{"objectid":27016,"crn":2023048995,"crash_year":2023,"pedestrian":1,"bicycle":0,"fatal_count":0,"susp_serious_inj_count":0,"ped_death_count":0,"ped_susp_serious_inj_count":0,"bicycle_death_count":0,"bicycle_susp_serious_inj_count":0}},{"type":"Feature","id":27018,"geometry":{"type":"Point","coordinates":[-75.156780776255,40.0686790881598]},"properties":{"objectid":27018,"crn":2023065206,"crash_year":2023,"pedestrian":1,"bicycle":0,"fatal_count":0,"susp_serious_inj_count":0,"ped_death_count":0,"ped_susp_serious_inj_count":0,"bicycle_death_count":0,"bicycle_susp_serious_inj_count":0}},{"type":"Feature","id":27021,"geometry":{"type":"Point","coordinates":[-75.1600437713357,39.9690450688044]},"properties":{"objectid":27021,"crn":2023061527,"crash_year":2023,"pedestrian":1,"bicycle":0,"fatal_count":0,"susp_serious_inj_count":0,"ped_death_count":0,"ped_susp_serious_inj_count":0,"bicycle_death_count":0,"bicycle_susp_serious_inj_count":0}},{"type":"Feature","id":27030,"geometry":{"type":"Point","coordinates":[-75.1597907686365,39.9367410620383]},"properties":{"objectid":27030,"crn":2023067069,"crash_year":2023,"pedestrian":1,"bicycle":0,"fatal_count":0,"susp_serious_inj_count":0,"ped_death_count":0,"ped_susp_serious_inj_count":0,"bicycle_death_count":0,"bicycle_susp_serious_inj_count":0}},{"type":"Feature","id":27042,"geometry":{"type":"Point","coordinates":[-75.1446327636513,39.92618506109]},"properties":{"objectid":27042,"crn":2023051428,"crash_year":2023,"pedestrian":0,"bicycle":1,"fatal_count":0,"susp_serious_inj_count":0,"ped_death_count":0,"ped_susp_serious_inj_count":0,"bicycle_death_count":0,"bicycle_susp_serious_inj_count":0}},{"type":"Feature","id":27044,"geometry":{"type":"Point","coordinates":[-75.177901772149,39.8996440538465]},"properties":{"objectid":27044,"crn":2023075195,"crash_year":2023,"pedestrian":1,"bicycle":1,"fatal_count":1,"susp_serious_inj_count":0,"ped_death_count":0,"ped_susp_serious_inj_count":0,"bicycle_death_count":1,"bicycle_susp_serious_inj_count":0}},{"type":"Feature","id":27046,"geometry":{"type":"Point","coordinates":[-75.1623687697363,39.9479460642353]},"properties":{"objectid":27046,"crn":2023050945,"crash_year":2023,"pedestrian":1,"bicycle":0,"fatal_count":0,"susp_serious_inj_count":0,"ped_death_count":0,"ped_susp_serious_inj_count":0,"bicycle_death_count":0,"bicycle_susp_serious_inj_count":0}},{"type":"Feature","id":27074,"geometry":{"type":"Point","coordinates":[-75.1717187728581,39.9378780622973]},"properties":{"objectid":27074,"crn":2023074451,"crash_year":2023,"pedestrian":1,"bicycle":0,"fatal_count":0,"susp_serious_inj_count":0,"ped_death_count":0,"ped_susp_serious_inj_count":0,"bicycle_death_count":0,"bicycle_susp_serious_inj_count":0}},{"type":"Feature","id":27080,"geometry":{"type":"Point","coordinates":[-75.1949847822458,39.9750940683294]},"properties":{"objectid":27080,"crn":2023073673,"crash_year":2023,"pedestrian":1,"bicycle":0,"fatal_count":0,"susp_serious_inj_count":0,"ped_death_count":0,"ped_susp_serious_inj_count":0,"bicycle_death_count":0,"bicycle_susp_serious_inj_count":0}},{"type":"Feature","id":27097,"geometry":{"type":"Point","coordinates":[-75.0305997355708,40.0565470910866]},"properties":{"objectid":27097,"crn":2023073790,"crash_year":2023,"pedestrian":1,"bicycle":0,"fatal_count":0,"susp_serious_inj_count":1,"ped_death_count":0,"ped_susp_serious_inj_count":1,"bicycle_death_count":0,"bicycle_susp_serious_inj_count":0}},{"type":"Feature","id":27107,"geometry":{"type":"Point","coordinates":[-75.1837707788221,39.9732080688544]},"properties":{"objectid":27107,"crn":2023052383,"crash_year":2023,"pedestrian":0,"bicycle":1,"fatal_count":0,"susp_serious_inj_count":0,"ped_death_count":0,"ped_susp_serious_inj_count":0,"bicycle_death_count":0,"bicycle_susp_serious_inj_count":0}},{"type":"Feature","id":27137,"geometry":{"type":"Point","coordinates":[-75.146916770097,40.0244440805419]},"properties":{"objectid":27137,"crn":2023075239,"crash_year":2023,"pedestrian":0,"bicycle":1,"fatal_count":0,"susp_serious_inj_count":0,"ped_death_count":0,"ped_susp_serious_inj_count":0,"bicycle_death_count":0,"bicycle_susp_serious_inj_count":0}},{"type":"Feature","id":27142,"geometry":{"type":"Point","coordinates":[-75.1337707626928,39.9691250695268]},"properties":{"objectid":27142,"crn":2023074588,"crash_year":2023,"pedestrian":1,"bicycle":0,"fatal_count":0,"susp_serious_inj_count":0,"ped_death_count":0,"ped_susp_serious_inj_count":0,"bicycle_death_count":0,"bicycle_susp_serious_inj_count":0}},{"type":"Feature","id":27155,"geometry":{"type":"Point","coordinates":[-75.2260027910499,39.9546000633073]},"properties":{"objectid":27155,"crn":2023073438,"crash_year":2023,"pedestrian":1,"bicycle":0,"fatal_count":0,"susp_serious_inj_count":0,"ped_death_count":0,"ped_susp_serious_inj_count":0,"bicycle_death_count":0,"bicycle_susp_serious_inj_count":0}},{"type":"Feature","id":27165,"geometry":{"type":"Point","coordinates":[-75.16682977235,39.9527890653705]},"properties":{"objectid":27165,"crn":2023095781,"crash_year":2023,"pedestrian":0,"bicycle":1,"fatal_count":0,"susp_serious_inj_count":0,"ped_death_count":0,"ped_susp_serious_inj_count":0,"bicycle_death_count":0,"bicycle_susp_serious_inj_count":0}},{"type":"Feature","id":27173,"geometry":{"type":"Point","coordinates":[-75.1174057586414,39.9815670730549]},"properties":{"objectid":27173,"crn":2023093882,"crash_year":2023,"pedestrian":1,"bicycle":0,"fatal_count":1,"susp_serious_inj_count":0,"ped_death_count":1,"ped_susp_serious_inj_count":0,"bicycle_death_count":0,"bicycle_susp_serious_inj_count":0}},{"type":"Feature","id":27176,"geometry":{"type":"Point","coordinates":[-75.1582427706108,39.977306070393]},"properties":{"objectid":27176,"crn":2023048943,"crash_year":2023,"pedestrian":1,"bicycle":0,"fatal_count":0,"susp_serious_inj_count":0,"ped_death_count":0,"ped_susp_serious_inj_count":0,"bicycle_death_count":0,"bicycle_susp_serious_inj_count":0}},{"type":"Feature","id":27202,"geometry":{"type":"Point","coordinates":[-75.1607367706061,39.9651630677475]},"properties":{"objectid":27202,"crn":2023095474,"crash_year":2023,"pedestrian":1,"bicycle":0,"fatal_count":0,"susp_serious_inj_count":0,"ped_death_count":0,"ped_susp_serious_inj_count":0,"bicycle_death_count":0,"bicycle_susp_serious_inj_count":0}},{"type":"Feature","id":27211,"geometry":{"type":"Point","coordinates":[-75.1648297714759,39.947007064079]},"properties":{"objectid":27211,"crn":2023091468,"crash_year":2023,"pedestrian":1,"bicycle":0,"fatal_count":1,"susp_serious_inj_count":0,"ped_death_count":1,"ped_susp_serious_inj_count":0,"bicycle_death_count":0,"bicycle_susp_serious_inj_count":0}},{"type":"Feature","id":27216,"geometry":{"type":"Point","coordinates":[-75.2318907904187,39.9189520564086]},"properties":{"objectid":27216,"crn":2023071122,"crash_year":2023,"pedestrian":1,"bicycle":0,"fatal_count":0,"susp_serious_inj_count":0,"ped_death_count":0,"ped_susp_serious_inj_count":0,"bicycle_death_count":0,"bicycle_susp_serious_inj_count":0}},{"type":"Feature","id":27218,"geometry":{"type":"Point","coordinates":[-75.147919769875,40.0245050799896]},"properties":{"objectid":27218,"crn":2023070329,"crash_year":2023,"pedestrian":0,"bicycle":1,"fatal_count":0,"susp_serious_inj_count":0,"ped_death_count":0,"ped_susp_serious_inj_count":0,"bicycle_death_count":0,"bicycle_susp_serious_inj_count":0}},{"type":"Feature","id":27245,"geometry":{"type":"Point","coordinates":[-75.1628697693168,39.9235070593384]},"properties":{"objectid":27245,"crn":2023095777,"crash_year":2023,"pedestrian":1,"bicycle":0,"fatal_count":0,"susp_serious_inj_count":0,"ped_death_count":0,"ped_susp_serious_inj_count":0,"bicycle_death_count":0,"bicycle_susp_serious_inj_count":0}},{"type":"Feature","id":27250,"geometry":{"type":"Point","coordinates":[-75.197780781703,39.9573770645401]},"properties":{"objectid":27250,"crn":2023096110,"crash_year":2023,"pedestrian":1,"bicycle":0,"fatal_count":0,"susp_serious_inj_count":0,"ped_death_count":0,"ped_susp_serious_inj_count":0,"bicycle_death_count":0,"bicycle_susp_serious_inj_count":0}},{"type":"Feature","id":27265,"geometry":{"type":"Point","coordinates":[-75.1222617620516,40.0133790785792]},"properties":{"objectid":27265,"crn":2023070322,"crash_year":2023,"pedestrian":1,"bicycle":0,"fatal_count":0,"susp_serious_inj_count":0,"ped_death_count":0,"ped_susp_serious_inj_count":0,"bicycle_death_count":0,"bicycle_susp_serious_inj_count":0}},{"type":"Feature","id":27285,"geometry":{"type":"Point","coordinates":[-75.1411197673863,40.0158160784345]},"properties":{"objectid":27285,"crn":2023060609,"crash_year":2023,"pedestrian":1,"bicycle":0,"fatal_count":0,"susp_serious_inj_count":0,"ped_death_count":0,"ped_susp_serious_inj_count":0,"bicycle_death_count":0,"bicycle_susp_serious_inj_count":0}},{"type":"Feature","id":27288,"geometry":{"type":"Point","coordinates":[-75.235184794269,39.9597320636711]},"properties":{"objectid":27288,"crn":2023049856,"crash_year":2023,"pedestrian":1,"bicycle":0,"fatal_count":0,"susp_serious_inj_count":0,"ped_death_count":0,"ped_susp_serious_inj_count":0,"bicycle_death_count":0,"bicycle_susp_serious_inj_count":0}},{"type":"Feature","id":27318,"geometry":{"type":"Point","coordinates":[-75.209777784,39.9181410571789]},"properties":{"objectid":27318,"crn":2023076955,"crash_year":2023,"pedestrian":1,"bicycle":0,"fatal_count":1,"susp_serious_inj_count":0,"ped_death_count":1,"ped_susp_serious_inj_count":0,"bicycle_death_count":0,"bicycle_susp_serious_inj_count":0}},{"type":"Feature","id":27339,"geometry":{"type":"Point","coordinates":[-75.2216557899463,39.9641880652649]},"properties":{"objectid":27339,"crn":2023075956,"crash_year":2023,"pedestrian":1,"bicycle":0,"fatal_count":0,"susp_serious_inj_count":0,"ped_death_count":0,"ped_susp_serious_inj_count":0,"bicycle_death_count":0,"bicycle_susp_serious_inj_count":0}},{"type":"Feature","id":27342,"geometry":{"type":"Point","coordinates":[-75.1623687707161,39.9576880660863]},"properties":{"objectid":27342,"crn":2023050946,"crash_year":2023,"pedestrian":1,"bicycle":0,"fatal_count":0,"susp_serious_inj_count":1,"ped_death_count":0,"ped_susp_serious_inj_count":1,"bicycle_death_count":0,"bicycle_susp_serious_inj_count":0}},{"type":"Feature","id":27394,"geometry":{"type":"Point","coordinates":[-75.1333787628307,39.9692600696864]},"properties":{"objectid":27394,"crn":2023092048,"crash_year":2023,"pedestrian":1,"bicycle":0,"fatal_count":0,"susp_serious_inj_count":0,"ped_death_count":0,"ped_susp_serious_inj_count":0,"bicycle_death_count":0,"bicycle_susp_serious_inj_count":0}},{"type":"Feature","id":27402,"geometry":{"type":"Point","coordinates":[-75.1644317712731,39.9482080647791]},"properties":{"objectid":27402,"crn":2023051522,"crash_year":2023,"pedestrian":1,"bicycle":0,"fatal_count":0,"susp_serious_inj_count":0,"ped_death_count":0,"ped_susp_serious_inj_count":0,"bicycle_death_count":0,"bicycle_susp_serious_inj_count":0}},{"type":"Feature","id":27429,"geometry":{"type":"Point","coordinates":[-75.1448317654259,39.9540270660788]},"properties":{"objectid":27429,"crn":2023057687,"crash_year":2023,"pedestrian":1,"bicycle":0,"fatal_count":0,"susp_serious_inj_count":0,"ped_death_count":0,"ped_susp_serious_inj_count":0,"bicycle_death_count":0,"bicycle_susp_serious_inj_count":0}},{"type":"Feature","id":27443,"geometry":{"type":"Point","coordinates":[-75.1517237704781,40.0070790767642]},"properties":{"objectid":27443,"crn":2023058165,"crash_year":2023,"pedestrian":1,"bicycle":0,"fatal_count":0,"susp_serious_inj_count":0,"ped_death_count":0,"ped_susp_serious_inj_count":0,"bicycle_death_count":0,"bicycle_susp_serious_inj_count":0}},{"type":"Feature","id":27444,"geometry":{"type":"Point","coordinates":[-75.2096527830791,39.9181640564441]},"properties":{"objectid":27444,"crn":2023086051,"crash_year":2023,"pedestrian":0,"bicycle":1,"fatal_count":0,"susp_serious_inj_count":1,"ped_death_count":0,"ped_susp_serious_inj_count":0,"bicycle_death_count":0,"bicycle_susp_serious_inj_count":1}},{"type":"Feature","id":27493,"geometry":{"type":"Point","coordinates":[-75.102559754511,39.9904380748541]},"properties":{"objectid":27493,"crn":2023062198,"crash_year":2023,"pedestrian":1,"bicycle":0,"fatal_count":0,"susp_serious_inj_count":1,"ped_death_count":0,"ped_susp_serious_inj_count":1,"bicycle_death_count":0,"bicycle_susp_serious_inj_count":0}},{"type":"Feature","id":27497,"geometry":{"type":"Point","coordinates":[-75.2371447948616,39.9662430651038]},"properties":{"objectid":27497,"crn":2023058458,"crash_year":2023,"pedestrian":1,"bicycle":0,"fatal_count":0,"susp_serious_inj_count":0,"ped_death_count":0,"ped_susp_serious_inj_count":0,"bicycle_death_count":0,"bicycle_susp_serious_inj_count":0}},{"type":"Feature","id":27513,"geometry":{"type":"Point","coordinates":[-75.1503417684067,39.9808270711501]},"properties":{"objectid":27513,"crn":2023057403,"crash_year":2023,"pedestrian":1,"bicycle":0,"fatal_count":0,"susp_serious_inj_count":0,"ped_death_count":0,"ped_susp_serious_inj_count":0,"bicycle_death_count":0,"bicycle_susp_serious_inj_count":0}},{"type":"Feature","id":27521,"geometry":{"type":"Point","coordinates":[-75.1393577636768,39.9554150665938]},"properties":{"objectid":27521,"crn":2023059048,"crash_year":2023,"pedestrian":1,"bicycle":0,"fatal_count":0,"susp_serious_inj_count":0,"ped_death_count":0,"ped_susp_serious_inj_count":0,"bicycle_death_count":0,"bicycle_susp_serious_inj_count":0}},{"type":"Feature","id":27539,"geometry":{"type":"Point","coordinates":[-75.1400187695118,40.0603770877597]},"properties":{"objectid":27539,"crn":2023055422,"crash_year":2023,"pedestrian":1,"bicycle":0,"fatal_count":0,"susp_serious_inj_count":2,"ped_death_count":0,"ped_susp_serious_inj_count":2,"bicycle_death_count":0,"bicycle_susp_serious_inj_count":0}},{"type":"Feature","id":27540,"geometry":{"type":"Point","coordinates":[-75.1641767709029,39.949341064475]},"properties":{"objectid":27540,"crn":2023058866,"crash_year":2023,"pedestrian":1,"bicycle":0,"fatal_count":0,"susp_serious_inj_count":1,"ped_death_count":0,"ped_susp_serious_inj_count":1,"bicycle_death_count":0,"bicycle_susp_serious_inj_count":0}},{"type":"Feature","id":27629,"geometry":{"type":"Point","coordinates":[-75.1436907650498,39.9538800658399]},"properties":{"objectid":27629,"crn":2023054011,"crash_year":2023,"pedestrian":1,"bicycle":0,"fatal_count":0,"susp_serious_inj_count":1,"ped_death_count":0,"ped_susp_serious_inj_count":1,"bicycle_death_count":0,"bicycle_susp_serious_inj_count":0}},{"type":"Feature","id":27642,"geometry":{"type":"Point","coordinates":[-75.1993997826768,39.9503250634699]},"properties":{"objectid":27642,"crn":2023081318,"crash_year":2023,"pedestrian":1,"bicycle":0,"fatal_count":0,"susp_serious_inj_count":0,"ped_death_count":0,"ped_susp_serious_inj_count":0,"bicycle_death_count":0,"bicycle_susp_serious_inj_count":0}},{"type":"Feature","id":27667,"geometry":{"type":"Point","coordinates":[-75.1411197673863,40.0158160784345]},"properties":{"objectid":27667,"crn":2023079735,"crash_year":2023,"pedestrian":0,"bicycle":1,"fatal_count":0,"susp_serious_inj_count":1,"ped_death_count":0,"ped_susp_serious_inj_count":0,"bicycle_death_count":0,"bicycle_susp_serious_inj_count":1}},{"type":"Feature","id":27674,"geometry":{"type":"Point","coordinates":[-75.1518767701762,40.0061720762782]},"properties":{"objectid":27674,"crn":2023064045,"crash_year":2023,"pedestrian":1,"bicycle":0,"fatal_count":0,"susp_serious_inj_count":0,"ped_death_count":0,"ped_susp_serious_inj_count":0,"bicycle_death_count":0,"bicycle_susp_serious_inj_count":0}},{"type":"Feature","id":27719,"geometry":{"type":"Point","coordinates":[-75.163828771148,39.9534390657296]},"properties":{"objectid":27719,"crn":2023096530,"crash_year":2023,"pedestrian":1,"bicycle":0,"fatal_count":0,"susp_serious_inj_count":0,"ped_death_count":0,"ped_susp_serious_inj_count":0,"bicycle_death_count":0,"bicycle_susp_serious_inj_count":0}},{"type":"Feature","id":27769,"geometry":{"type":"Point","coordinates":[-75.1991347816067,39.9512810633201]},"properties":{"objectid":27769,"crn":2023087387,"crash_year":2023,"pedestrian":1,"bicycle":0,"fatal_count":0,"susp_serious_inj_count":0,"ped_death_count":0,"ped_susp_serious_inj_count":0,"bicycle_death_count":0,"bicycle_susp_serious_inj_count":0}},{"type":"Feature","id":27835,"geometry":{"type":"Point","coordinates":[-75.1441817632767,39.9297740612931]},"properties":{"objectid":27835,"crn":2023070849,"crash_year":2023,"pedestrian":1,"bicycle":0,"fatal_count":0,"susp_serious_inj_count":0,"ped_death_count":0,"ped_susp_serious_inj_count":0,"bicycle_death_count":0,"bicycle_susp_serious_inj_count":0}},{"type":"Feature","id":27836,"geometry":{"type":"Point","coordinates":[-75.1653097714308,39.9446690634872]},"properties":{"objectid":27836,"crn":2023064724,"crash_year":2023,"pedestrian":1,"bicycle":0,"fatal_count":0,"susp_serious_inj_count":0,"ped_death_count":0,"ped_susp_serious_inj_count":0,"bicycle_death_count":0,"bicycle_susp_serious_inj_count":0}},{"type":"Feature","id":27841,"geometry":{"type":"Point","coordinates":[-75.1811637768903,39.9545920652025]},"properties":{"objectid":27841,"crn":2023061943,"crash_year":2023,"pedestrian":1,"bicycle":0,"fatal_count":0,"susp_serious_inj_count":0,"ped_death_count":0,"ped_susp_serious_inj_count":0,"bicycle_death_count":0,"bicycle_susp_serious_inj_count":0}},{"type":"Feature","id":27862,"geometry":{"type":"Point","coordinates":[-75.1696127706059,39.9243770598651]},"properties":{"objectid":27862,"crn":2023088716,"crash_year":2023,"pedestrian":1,"bicycle":0,"fatal_count":0,"susp_serious_inj_count":0,"ped_death_count":0,"ped_susp_serious_inj_count":0,"bicycle_death_count":0,"bicycle_susp_serious_inj_count":0}},{"type":"Feature","id":27873,"geometry":{"type":"Point","coordinates":[-75.2488727991153,39.9723290659393]},"properties":{"objectid":27873,"crn":2023062725,"crash_year":2023,"pedestrian":1,"bicycle":0,"fatal_count":0,"susp_serious_inj_count":0,"ped_death_count":0,"ped_susp_serious_inj_count":0,"bicycle_death_count":0,"bicycle_susp_serious_inj_count":0}},{"type":"Feature","id":27893,"geometry":{"type":"Point","coordinates":[-75.1494717668272,39.9614700671975]},"properties":{"objectid":27893,"crn":2023064432,"crash_year":2023,"pedestrian":1,"bicycle":0,"fatal_count":0,"susp_serious_inj_count":0,"ped_death_count":0,"ped_susp_serious_inj_count":0,"bicycle_death_count":0,"bicycle_susp_serious_inj_count":0}},{"type":"Feature","id":27898,"geometry":{"type":"Point","coordinates":[-75.1669427706196,39.9367560617684]},"properties":{"objectid":27898,"crn":2023070848,"crash_year":2023,"pedestrian":1,"bicycle":0,"fatal_count":0,"susp_serious_inj_count":0,"ped_death_count":0,"ped_susp_serious_inj_count":0,"bicycle_death_count":0,"bicycle_susp_serious_inj_count":0}},{"type":"Feature","id":27937,"geometry":{"type":"Point","coordinates":[-75.1598097677113,39.915547057842]},"properties":{"objectid":27937,"crn":2023075204,"crash_year":2023,"pedestrian":1,"bicycle":0,"fatal_count":0,"susp_serious_inj_count":0,"ped_death_count":0,"ped_susp_serious_inj_count":0,"bicycle_death_count":0,"bicycle_susp_serious_inj_count":0}},{"type":"Feature","id":27956,"geometry":{"type":"Point","coordinates":[-75.1837517752765,39.9183690576885]},"properties":{"objectid":27956,"crn":2023074049,"crash_year":2023,"pedestrian":0,"bicycle":1,"fatal_count":0,"susp_serious_inj_count":0,"ped_death_count":0,"ped_susp_serious_inj_count":0,"bicycle_death_count":0,"bicycle_susp_serious_inj_count":0}},{"type":"Feature","id":27962,"geometry":{"type":"Point","coordinates":[-75.1712217714325,39.9170330578496]},"properties":{"objectid":27962,"crn":2023075412,"crash_year":2023,"pedestrian":0,"bicycle":1,"fatal_count":0,"susp_serious_inj_count":0,"ped_death_count":0,"ped_susp_serious_inj_count":0,"bicycle_death_count":0,"bicycle_susp_serious_inj_count":0}},{"type":"Feature","id":27994,"geometry":{"type":"Point","coordinates":[-75.2426127925126,39.903841052382]},"properties":{"objectid":27994,"crn":2023075215,"crash_year":2023,"pedestrian":1,"bicycle":0,"fatal_count":0,"susp_serious_inj_count":0,"ped_death_count":0,"ped_susp_serious_inj_count":0,"bicycle_death_count":0,"bicycle_susp_serious_inj_count":0}},{"type":"Feature","id":27995,"geometry":{"type":"Point","coordinates":[-75.1569507709084,39.9832240717334]},"properties":{"objectid":27995,"crn":2023103641,"crash_year":2023,"pedestrian":1,"bicycle":0,"fatal_count":0,"susp_serious_inj_count":0,"ped_death_count":0,"ped_susp_serious_inj_count":0,"bicycle_death_count":0,"bicycle_susp_serious_inj_count":0}},{"type":"Feature","id":28005,"geometry":{"type":"Point","coordinates":[-75.1806997771068,39.9557840648555]},"properties":{"objectid":28005,"crn":2023101771,"crash_year":2023,"pedestrian":1,"bicycle":0,"fatal_count":1,"susp_serious_inj_count":0,"ped_death_count":1,"ped_susp_serious_inj_count":0,"bicycle_death_count":0,"bicycle_susp_serious_inj_count":0}},{"type":"Feature","id":28038,"geometry":{"type":"Point","coordinates":[-75.0978817530499,39.9928860752349]},"properties":{"objectid":28038,"crn":2023078180,"crash_year":2023,"pedestrian":1,"bicycle":0,"fatal_count":0,"susp_serious_inj_count":0,"ped_death_count":0,"ped_susp_serious_inj_count":0,"bicycle_death_count":0,"bicycle_susp_serious_inj_count":0}},{"type":"Feature","id":28109,"geometry":{"type":"Point","coordinates":[-75.1362057627654,39.9689280697934]},"properties":{"objectid":28109,"crn":2023075233,"crash_year":2023,"pedestrian":1,"bicycle":0,"fatal_count":0,"susp_serious_inj_count":0,"ped_death_count":0,"ped_susp_serious_inj_count":0,"bicycle_death_count":0,"bicycle_susp_serious_inj_count":0}},{"type":"Feature","id":28116,"geometry":{"type":"Point","coordinates":[-75.1399167646922,39.9696040698181]},"properties":{"objectid":28116,"crn":2023075234,"crash_year":2023,"pedestrian":1,"bicycle":0,"fatal_count":0,"susp_serious_inj_count":0,"ped_death_count":0,"ped_susp_serious_inj_count":0,"bicycle_death_count":0,"bicycle_susp_serious_inj_count":0}},{"type":"Feature","id":28139,"geometry":{"type":"Point","coordinates":[-75.1574717703924,39.98021207095]},"properties":{"objectid":28139,"crn":2023112834,"crash_year":2023,"pedestrian":1,"bicycle":0,"fatal_count":0,"susp_serious_inj_count":0,"ped_death_count":0,"ped_susp_serious_inj_count":0,"bicycle_death_count":0,"bicycle_susp_serious_inj_count":0}},{"type":"Feature","id":28159,"geometry":{"type":"Point","coordinates":[-75.0376947363124,40.033304085691]},"properties":{"objectid":28159,"crn":2023079084,"crash_year":2023,"pedestrian":1,"bicycle":0,"fatal_count":0,"susp_serious_inj_count":0,"ped_death_count":0,"ped_susp_serious_inj_count":0,"bicycle_death_count":0,"bicycle_susp_serious_inj_count":0}},{"type":"Feature","id":28177,"geometry":{"type":"Point","coordinates":[-75.1396077645066,39.9692660694225]},"properties":{"objectid":28177,"crn":2023085378,"crash_year":2023,"pedestrian":1,"bicycle":0,"fatal_count":0,"susp_serious_inj_count":0,"ped_death_count":0,"ped_susp_serious_inj_count":0,"bicycle_death_count":0,"bicycle_susp_serious_inj_count":0}},{"type":"Feature","id":28278,"geometry":{"type":"Point","coordinates":[-75.1289817623618,39.9906950737867]},"properties":{"objectid":28278,"crn":2023078974,"crash_year":2023,"pedestrian":1,"bicycle":0,"fatal_count":0,"susp_serious_inj_count":0,"ped_death_count":0,"ped_susp_serious_inj_count":0,"bicycle_death_count":0,"bicycle_susp_serious_inj_count":0}},{"type":"Feature","id":28284,"geometry":{"type":"Point","coordinates":[-75.150054767596,39.9602140669397]},"properties":{"objectid":28284,"crn":2023067622,"crash_year":2023,"pedestrian":1,"bicycle":0,"fatal_count":0,"susp_serious_inj_count":0,"ped_death_count":0,"ped_susp_serious_inj_count":0,"bicycle_death_count":0,"bicycle_susp_serious_inj_count":0}},{"type":"Feature","id":28313,"geometry":{"type":"Point","coordinates":[-75.189579777605,39.920966058124]},"properties":{"objectid":28313,"crn":2023082628,"crash_year":2023,"pedestrian":1,"bicycle":0,"fatal_count":0,"susp_serious_inj_count":0,"ped_death_count":0,"ped_susp_serious_inj_count":0,"bicycle_death_count":0,"bicycle_susp_serious_inj_count":0}},{"type":"Feature","id":28320,"geometry":{"type":"Point","coordinates":[-75.1318367624421,39.9697910699183]},"properties":{"objectid":28320,"crn":2023081147,"crash_year":2023,"pedestrian":1,"bicycle":0,"fatal_count":0,"susp_serious_inj_count":0,"ped_death_count":0,"ped_susp_serious_inj_count":0,"bicycle_death_count":0,"bicycle_susp_serious_inj_count":0}},{"type":"Feature","id":28334,"geometry":{"type":"Point","coordinates":[-75.145238766629,39.9817180720674]},"properties":{"objectid":28334,"crn":2023082813,"crash_year":2023,"pedestrian":1,"bicycle":0,"fatal_count":0,"susp_serious_inj_count":0,"ped_death_count":0,"ped_susp_serious_inj_count":0,"bicycle_death_count":0,"bicycle_susp_serious_inj_count":0}},{"type":"Feature","id":28346,"geometry":{"type":"Point","coordinates":[-75.1508117700399,40.0107340770095]},"properties":{"objectid":28346,"crn":2023077283,"crash_year":2023,"pedestrian":1,"bicycle":0,"fatal_count":0,"susp_serious_inj_count":0,"ped_death_count":0,"ped_susp_serious_inj_count":0,"bicycle_death_count":0,"bicycle_susp_serious_inj_count":0}},{"type":"Feature","id":28357,"geometry":{"type":"Point","coordinates":[-75.2272187928818,39.9801370682038]},"properties":{"objectid":28357,"crn":2023079730,"crash_year":2023,"pedestrian":1,"bicycle":0,"fatal_count":0,"susp_serious_inj_count":0,"ped_death_count":0,"ped_susp_serious_inj_count":0,"bicycle_death_count":0,"bicycle_susp_serious_inj_count":0}},{"type":"Feature","id":28369,"geometry":{"type":"Point","coordinates":[-75.1833937780329,39.9749170687944]},"properties":{"objectid":28369,"crn":2023078970,"crash_year":2023,"pedestrian":1,"bicycle":0,"fatal_count":0,"susp_serious_inj_count":0,"ped_death_count":0,"ped_susp_serious_inj_count":0,"bicycle_death_count":0,"bicycle_susp_serious_inj_count":0}},{"type":"Feature","id":28454,"geometry":{"type":"Point","coordinates":[-75.1750677748347,39.9548080651469]},"properties":{"objectid":28454,"crn":2023104581,"crash_year":2023,"pedestrian":1,"bicycle":0,"fatal_count":0,"susp_serious_inj_count":1,"ped_death_count":0,"ped_susp_serious_inj_count":1,"bicycle_death_count":0,"bicycle_susp_serious_inj_count":0}},{"type":"Feature","id":28455,"geometry":{"type":"Point","coordinates":[-75.1508267729862,40.0485200846918]},"properties":{"objectid":28455,"crn":2023080705,"crash_year":2023,"pedestrian":1,"bicycle":0,"fatal_count":0,"susp_serious_inj_count":1,"ped_death_count":0,"ped_susp_serious_inj_count":1,"bicycle_death_count":0,"bicycle_susp_serious_inj_count":0}},{"type":"Feature","id":28463,"geometry":{"type":"Point","coordinates":[-75.1623347696653,39.9372580623127]},"properties":{"objectid":28463,"crn":2023106766,"crash_year":2023,"pedestrian":1,"bicycle":0,"fatal_count":0,"susp_serious_inj_count":0,"ped_death_count":0,"ped_susp_serious_inj_count":0,"bicycle_death_count":0,"bicycle_susp_serious_inj_count":0}},{"type":"Feature","id":28474,"geometry":{"type":"Point","coordinates":[-75.1672747719,39.9582740661605]},"properties":{"objectid":28474,"crn":2023106426,"crash_year":2023,"pedestrian":1,"bicycle":0,"fatal_count":0,"susp_serious_inj_count":0,"ped_death_count":0,"ped_susp_serious_inj_count":0,"bicycle_death_count":0,"bicycle_susp_serious_inj_count":0}},{"type":"Feature","id":28496,"geometry":{"type":"Point","coordinates":[-75.1658747719683,39.9495530644813]},"properties":{"objectid":28496,"crn":2023117176,"crash_year":2023,"pedestrian":1,"bicycle":0,"fatal_count":0,"susp_serious_inj_count":0,"ped_death_count":0,"ped_susp_serious_inj_count":0,"bicycle_death_count":0,"bicycle_susp_serious_inj_count":0}},{"type":"Feature","id":28513,"geometry":{"type":"Point","coordinates":[-75.175422771148,39.89740105384]},"properties":{"objectid":28513,"crn":2023099971,"crash_year":2023,"pedestrian":1,"bicycle":0,"fatal_count":0,"susp_serious_inj_count":0,"ped_death_count":0,"ped_susp_serious_inj_count":0,"bicycle_death_count":0,"bicycle_susp_serious_inj_count":0}},{"type":"Feature","id":28524,"geometry":{"type":"Point","coordinates":[-75.1508117700399,40.0107340770095]},"properties":{"objectid":28524,"crn":2023078572,"crash_year":2023,"pedestrian":1,"bicycle":0,"fatal_count":0,"susp_serious_inj_count":1,"ped_death_count":0,"ped_susp_serious_inj_count":1,"bicycle_death_count":0,"bicycle_susp_serious_inj_count":0}},{"type":"Feature","id":28527,"geometry":{"type":"Point","coordinates":[-75.1561447707551,39.9862960721826]},"properties":{"objectid":28527,"crn":2023109790,"crash_year":2023,"pedestrian":1,"bicycle":0,"fatal_count":0,"susp_serious_inj_count":0,"ped_death_count":0,"ped_susp_serious_inj_count":0,"bicycle_death_count":0,"bicycle_susp_serious_inj_count":0}},{"type":"Feature","id":28537,"geometry":{"type":"Point","coordinates":[-75.2021207832788,39.9563830642026]},"properties":{"objectid":28537,"crn":2023111708,"crash_year":2023,"pedestrian":0,"bicycle":1,"fatal_count":0,"susp_serious_inj_count":0,"ped_death_count":0,"ped_susp_serious_inj_count":0,"bicycle_death_count":0,"bicycle_susp_serious_inj_count":0}},{"type":"Feature","id":28542,"geometry":{"type":"Point","coordinates":[-75.1860507755803,39.9187660575667]},"properties":{"objectid":28542,"crn":2023106681,"crash_year":2023,"pedestrian":1,"bicycle":0,"fatal_count":0,"susp_serious_inj_count":0,"ped_death_count":0,"ped_susp_serious_inj_count":0,"bicycle_death_count":0,"bicycle_susp_serious_inj_count":0}},{"type":"Feature","id":28584,"geometry":{"type":"Point","coordinates":[-75.095807753312,40.0061910784419]},"properties":{"objectid":28584,"crn":2023113244,"crash_year":2023,"pedestrian":1,"bicycle":0,"fatal_count":0,"susp_serious_inj_count":1,"ped_death_count":0,"ped_susp_serious_inj_count":1,"bicycle_death_count":0,"bicycle_susp_serious_inj_count":0}},{"type":"Feature","id":28591,"geometry":{"type":"Point","coordinates":[-75.149215771415,40.0368190825445]},"properties":{"objectid":28591,"crn":2023080707,"crash_year":2023,"pedestrian":1,"bicycle":0,"fatal_count":0,"susp_serious_inj_count":0,"ped_death_count":0,"ped_susp_serious_inj_count":0,"bicycle_death_count":0,"bicycle_susp_serious_inj_count":0}},{"type":"Feature","id":28598,"geometry":{"type":"Point","coordinates":[-75.2467107984589,39.9627320646285]},"properties":{"objectid":28598,"crn":2023106914,"crash_year":2023,"pedestrian":1,"bicycle":0,"fatal_count":0,"susp_serious_inj_count":0,"ped_death_count":0,"ped_susp_serious_inj_count":0,"bicycle_death_count":0,"bicycle_susp_serious_inj_count":0}},{"type":"Feature","id":28600,"geometry":{"type":"Point","coordinates":[-75.1510707667265,39.9571440667134]},"properties":{"objectid":28600,"crn":2023081800,"crash_year":2023,"pedestrian":1,"bicycle":0,"fatal_count":0,"susp_serious_inj_count":1,"ped_death_count":0,"ped_susp_serious_inj_count":1,"bicycle_death_count":0,"bicycle_susp_serious_inj_count":0}},{"type":"Feature","id":28604,"geometry":{"type":"Point","coordinates":[-75.1607987717181,39.9806630711372]},"properties":{"objectid":28604,"crn":2023080420,"crash_year":2023,"pedestrian":1,"bicycle":0,"fatal_count":0,"susp_serious_inj_count":0,"ped_death_count":0,"ped_susp_serious_inj_count":0,"bicycle_death_count":0,"bicycle_susp_serious_inj_count":0}},{"type":"Feature","id":28605,"geometry":{"type":"Point","coordinates":[-75.1456427689022,40.0193920793077]},"properties":{"objectid":28605,"crn":2023082643,"crash_year":2023,"pedestrian":1,"bicycle":0,"fatal_count":0,"susp_serious_inj_count":0,"ped_death_count":0,"ped_susp_serious_inj_count":0,"bicycle_death_count":0,"bicycle_susp_serious_inj_count":0}},{"type":"Feature","id":28645,"geometry":{"type":"Point","coordinates":[-75.1170877594395,39.9969770759697]},"properties":{"objectid":28645,"crn":2023100823,"crash_year":2023,"pedestrian":1,"bicycle":0,"fatal_count":0,"susp_serious_inj_count":0,"ped_death_count":0,"ped_susp_serious_inj_count":0,"bicycle_death_count":0,"bicycle_susp_serious_inj_count":0}},{"type":"Feature","id":28657,"geometry":{"type":"Point","coordinates":[-75.0915277511258,40.0085380790694]},"properties":{"objectid":28657,"crn":2023080483,"crash_year":2023,"pedestrian":1,"bicycle":0,"fatal_count":0,"susp_serious_inj_count":0,"ped_death_count":0,"ped_susp_serious_inj_count":0,"bicycle_death_count":0,"bicycle_susp_serious_inj_count":0}},{"type":"Feature","id":28692,"geometry":{"type":"Point","coordinates":[-75.1482517707888,40.0202300794865]},"properties":{"objectid":28692,"crn":2023081398,"crash_year":2023,"pedestrian":1,"bicycle":0,"fatal_count":0,"susp_serious_inj_count":0,"ped_death_count":0,"ped_susp_serious_inj_count":0,"bicycle_death_count":0,"bicycle_susp_serious_inj_count":0}},{"type":"Feature","id":28729,"geometry":{"type":"Point","coordinates":[-75.165137770902,39.9455870640352]},"properties":{"objectid":28729,"crn":2023074577,"crash_year":2023,"pedestrian":1,"bicycle":0,"fatal_count":0,"susp_serious_inj_count":0,"ped_death_count":0,"ped_susp_serious_inj_count":0,"bicycle_death_count":0,"bicycle_susp_serious_inj_count":0}},{"type":"Feature","id":28731,"geometry":{"type":"Point","coordinates":[-75.2300677914011,39.9449720617599]},"properties":{"objectid":28731,"crn":2023075510,"crash_year":2023,"pedestrian":1,"bicycle":0,"fatal_count":0,"susp_serious_inj_count":0,"ped_death_count":0,"ped_susp_serious_inj_count":0,"bicycle_death_count":0,"bicycle_susp_serious_inj_count":0}},{"type":"Feature","id":28751,"geometry":{"type":"Point","coordinates":[-75.1191497581729,39.983447073137]},"properties":{"objectid":28751,"crn":2023098997,"crash_year":2023,"pedestrian":0,"bicycle":1,"fatal_count":0,"susp_serious_inj_count":0,"ped_death_count":0,"ped_susp_serious_inj_count":0,"bicycle_death_count":0,"bicycle_susp_serious_inj_count":0}},{"type":"Feature","id":28771,"geometry":{"type":"Point","coordinates":[-75.1818667775476,39.9743650693026]},"properties":{"objectid":28771,"crn":2023072700,"crash_year":2023,"pedestrian":0,"bicycle":1,"fatal_count":0,"susp_serious_inj_count":0,"ped_death_count":0,"ped_susp_serious_inj_count":0,"bicycle_death_count":0,"bicycle_susp_serious_inj_count":0}},{"type":"Feature","id":28790,"geometry":{"type":"Point","coordinates":[-75.127364762231,39.9982630756076]},"properties":{"objectid":28790,"crn":2023073440,"crash_year":2023,"pedestrian":1,"bicycle":0,"fatal_count":0,"susp_serious_inj_count":1,"ped_death_count":0,"ped_susp_serious_inj_count":1,"bicycle_death_count":0,"bicycle_susp_serious_inj_count":0}},{"type":"Feature","id":28806,"geometry":{"type":"Point","coordinates":[-75.1812707768057,39.954637065456]},"properties":{"objectid":28806,"crn":2023097415,"crash_year":2023,"pedestrian":1,"bicycle":0,"fatal_count":0,"susp_serious_inj_count":0,"ped_death_count":0,"ped_susp_serious_inj_count":0,"bicycle_death_count":0,"bicycle_susp_serious_inj_count":0}},{"type":"Feature","id":28866,"geometry":{"type":"Point","coordinates":[-75.1561947705577,39.9867020718612]},"properties":{"objectid":28866,"crn":2023086435,"crash_year":2023,"pedestrian":1,"bicycle":0,"fatal_count":0,"susp_serious_inj_count":1,"ped_death_count":0,"ped_susp_serious_inj_count":1,"bicycle_death_count":0,"bicycle_susp_serious_inj_count":0}},{"type":"Feature","id":28886,"geometry":{"type":"Point","coordinates":[-75.1612347725102,39.9859500723252]},"properties":{"objectid":28886,"crn":2023091205,"crash_year":2023,"pedestrian":0,"bicycle":1,"fatal_count":0,"susp_serious_inj_count":0,"ped_death_count":0,"ped_susp_serious_inj_count":0,"bicycle_death_count":0,"bicycle_susp_serious_inj_count":0}},{"type":"Feature","id":28933,"geometry":{"type":"Point","coordinates":[-75.2463047944189,39.9171910549878]},"properties":{"objectid":28933,"crn":2023096661,"crash_year":2023,"pedestrian":1,"bicycle":0,"fatal_count":0,"susp_serious_inj_count":0,"ped_death_count":0,"ped_susp_serious_inj_count":0,"bicycle_death_count":0,"bicycle_susp_serious_inj_count":0}},{"type":"Feature","id":28948,"geometry":{"type":"Point","coordinates":[-75.0918527516989,40.0060120781241]},"properties":{"objectid":28948,"crn":2023098484,"crash_year":2023,"pedestrian":1,"bicycle":0,"fatal_count":0,"susp_serious_inj_count":0,"ped_death_count":0,"ped_susp_serious_inj_count":0,"bicycle_death_count":0,"bicycle_susp_serious_inj_count":0}},{"type":"Feature","id":28955,"geometry":{"type":"Point","coordinates":[-75.1700757715882,39.9244400593633]},"properties":{"objectid":28955,"crn":2023090444,"crash_year":2023,"pedestrian":0,"bicycle":1,"fatal_count":0,"susp_serious_inj_count":0,"ped_death_count":0,"ped_susp_serious_inj_count":0,"bicycle_death_count":0,"bicycle_susp_serious_inj_count":0}},{"type":"Feature","id":28979,"geometry":{"type":"Point","coordinates":[-75.1812057795414,40.0036310746603]},"properties":{"objectid":28979,"crn":2023096126,"crash_year":2023,"pedestrian":1,"bicycle":0,"fatal_count":0,"susp_serious_inj_count":0,"ped_death_count":0,"ped_susp_serious_inj_count":0,"bicycle_death_count":0,"bicycle_susp_serious_inj_count":0}},{"type":"Feature","id":28996,"geometry":{"type":"Point","coordinates":[-75.1497927717882,40.0436870838872]},"properties":{"objectid":28996,"crn":2023096949,"crash_year":2023,"pedestrian":0,"bicycle":1,"fatal_count":0,"susp_serious_inj_count":0,"ped_death_count":0,"ped_susp_serious_inj_count":0,"bicycle_death_count":0,"bicycle_susp_serious_inj_count":0}},{"type":"Feature","id":29009,"geometry":{"type":"Point","coordinates":[-75.1489047674882,39.9705360689795]},"properties":{"objectid":29009,"crn":2023096947,"crash_year":2023,"pedestrian":0,"bicycle":1,"fatal_count":0,"susp_serious_inj_count":0,"ped_death_count":0,"ped_susp_serious_inj_count":0,"bicycle_death_count":0,"bicycle_susp_serious_inj_count":0}},{"type":"Feature","id":29013,"geometry":{"type":"Point","coordinates":[-75.1648107693431,39.9146300575241]},"properties":{"objectid":29013,"crn":2023102726,"crash_year":2023,"pedestrian":1,"bicycle":0,"fatal_count":0,"susp_serious_inj_count":0,"ped_death_count":0,"ped_susp_serious_inj_count":0,"bicycle_death_count":0,"bicycle_susp_serious_inj_count":0}},{"type":"Feature","id":29030,"geometry":{"type":"Point","coordinates":[-75.2433697971275,39.9591810637842]},"properties":{"objectid":29030,"crn":2023110350,"crash_year":2023,"pedestrian":1,"bicycle":0,"fatal_count":0,"susp_serious_inj_count":0,"ped_death_count":0,"ped_susp_serious_inj_count":0,"bicycle_death_count":0,"bicycle_susp_serious_inj_count":0}},{"type":"Feature","id":29059,"geometry":{"type":"Point","coordinates":[-75.1914507796665,39.9559140645166]},"properties":{"objectid":29059,"crn":2023101359,"crash_year":2023,"pedestrian":0,"bicycle":1,"fatal_count":0,"susp_serious_inj_count":0,"ped_death_count":0,"ped_susp_serious_inj_count":0,"bicycle_death_count":0,"bicycle_susp_serious_inj_count":0}},{"type":"Feature","id":29068,"geometry":{"type":"Point","coordinates":[-75.1684537722447,39.9529920649737]},"properties":{"objectid":29068,"crn":2023117177,"crash_year":2023,"pedestrian":1,"bicycle":0,"fatal_count":0,"susp_serious_inj_count":0,"ped_death_count":0,"ped_susp_serious_inj_count":0,"bicycle_death_count":0,"bicycle_susp_serious_inj_count":0}},{"type":"Feature","id":29074,"geometry":{"type":"Point","coordinates":[-75.1326767630897,39.9824220726226]},"properties":{"objectid":29074,"crn":2023098998,"crash_year":2023,"pedestrian":1,"bicycle":0,"fatal_count":0,"susp_serious_inj_count":0,"ped_death_count":0,"ped_susp_serious_inj_count":0,"bicycle_death_count":0,"bicycle_susp_serious_inj_count":0}},{"type":"Feature","id":29109,"geometry":{"type":"Point","coordinates":[-75.1669447705441,39.9367440620321]},"properties":{"objectid":29109,"crn":2023099372,"crash_year":2023,"pedestrian":1,"bicycle":0,"fatal_count":0,"susp_serious_inj_count":0,"ped_death_count":0,"ped_susp_serious_inj_count":0,"bicycle_death_count":0,"bicycle_susp_serious_inj_count":0}},{"type":"Feature","id":29111,"geometry":{"type":"Point","coordinates":[-75.1750567755571,39.9613180669244]},"properties":{"objectid":29111,"crn":2023101262,"crash_year":2023,"pedestrian":1,"bicycle":0,"fatal_count":0,"susp_serious_inj_count":0,"ped_death_count":0,"ped_susp_serious_inj_count":0,"bicycle_death_count":0,"bicycle_susp_serious_inj_count":0}},{"type":"Feature","id":29125,"geometry":{"type":"Point","coordinates":[-75.2056047864997,39.9858080701655]},"properties":{"objectid":29125,"crn":2023102115,"crash_year":2023,"pedestrian":0,"bicycle":1,"fatal_count":0,"susp_serious_inj_count":0,"ped_death_count":0,"ped_susp_serious_inj_count":0,"bicycle_death_count":0,"bicycle_susp_serious_inj_count":0}},{"type":"Feature","id":29128,"geometry":{"type":"Point","coordinates":[-75.2432957934166,39.9130910541851]},"properties":{"objectid":29128,"crn":2023099637,"crash_year":2023,"pedestrian":1,"bicycle":0,"fatal_count":0,"susp_serious_inj_count":0,"ped_death_count":0,"ped_susp_serious_inj_count":0,"bicycle_death_count":0,"bicycle_susp_serious_inj_count":0}},{"type":"Feature","id":29132,"geometry":{"type":"Point","coordinates":[-75.241394795507,39.9589360636698]},"properties":{"objectid":29132,"crn":2023110348,"crash_year":2023,"pedestrian":1,"bicycle":0,"fatal_count":0,"susp_serious_inj_count":1,"ped_death_count":0,"ped_susp_serious_inj_count":1,"bicycle_death_count":0,"bicycle_susp_serious_inj_count":0}},{"type":"Feature","id":29149,"geometry":{"type":"Point","coordinates":[-75.2355207935351,39.9582100635931]},"properties":{"objectid":29149,"crn":2023099378,"crash_year":2023,"pedestrian":1,"bicycle":0,"fatal_count":0,"susp_serious_inj_count":0,"ped_death_count":0,"ped_susp_serious_inj_count":0,"bicycle_death_count":0,"bicycle_susp_serious_inj_count":0}},{"type":"Feature","id":29155,"geometry":{"type":"Point","coordinates":[-75.1656627694333,39.9107370572918]},"properties":{"objectid":29155,"crn":2023118630,"crash_year":2023,"pedestrian":0,"bicycle":1,"fatal_count":0,"susp_serious_inj_count":0,"ped_death_count":0,"ped_susp_serious_inj_count":0,"bicycle_death_count":0,"bicycle_susp_serious_inj_count":0}},{"type":"Feature","id":29178,"geometry":{"type":"Point","coordinates":[-75.2189907873492,39.9363910603263]},"properties":{"objectid":29178,"crn":2023118632,"crash_year":2023,"pedestrian":1,"bicycle":0,"fatal_count":0,"susp_serious_inj_count":1,"ped_death_count":0,"ped_susp_serious_inj_count":1,"bicycle_death_count":0,"bicycle_susp_serious_inj_count":0}},{"type":"Feature","id":29183,"geometry":{"type":"Point","coordinates":[-75.2359687938984,39.9560640634271]},"properties":{"objectid":29183,"crn":2023112045,"crash_year":2023,"pedestrian":1,"bicycle":0,"fatal_count":0,"susp_serious_inj_count":0,"ped_death_count":0,"ped_susp_serious_inj_count":0,"bicycle_death_count":0,"bicycle_susp_serious_inj_count":0}},{"type":"Feature","id":29214,"geometry":{"type":"Point","coordinates":[-75.0578197424054,40.0408370861842]},"properties":{"objectid":29214,"crn":2023094247,"crash_year":2023,"pedestrian":0,"bicycle":1,"fatal_count":0,"susp_serious_inj_count":0,"ped_death_count":0,"ped_susp_serious_inj_count":0,"bicycle_death_count":0,"bicycle_susp_serious_inj_count":0}},{"type":"Feature","id":29224,"geometry":{"type":"Point","coordinates":[-75.2465757948109,39.9057100530084]},"properties":{"objectid":29224,"crn":2023102401,"crash_year":2023,"pedestrian":1,"bicycle":0,"fatal_count":0,"susp_serious_inj_count":0,"ped_death_count":0,"ped_susp_serious_inj_count":0,"bicycle_death_count":0,"bicycle_susp_serious_inj_count":0}},{"type":"Feature","id":29288,"geometry":{"type":"Point","coordinates":[-75.1978787816769,39.9574890647102]},"properties":{"objectid":29288,"crn":2023094143,"crash_year":2023,"pedestrian":1,"bicycle":0,"fatal_count":0,"susp_serious_inj_count":0,"ped_death_count":0,"ped_susp_serious_inj_count":0,"bicycle_death_count":0,"bicycle_susp_serious_inj_count":0}},{"type":"Feature","id":29299,"geometry":{"type":"Point","coordinates":[-75.1696807710353,39.9243920593472]},"properties":{"objectid":29299,"crn":2023096104,"crash_year":2023,"pedestrian":0,"bicycle":1,"fatal_count":0,"susp_serious_inj_count":0,"ped_death_count":0,"ped_susp_serious_inj_count":0,"bicycle_death_count":0,"bicycle_susp_serious_inj_count":0}},{"type":"Feature","id":29300,"geometry":{"type":"Point","coordinates":[-75.2153267876745,39.9572690647018]},"properties":{"objectid":29300,"crn":2023095481,"crash_year":2023,"pedestrian":1,"bicycle":0,"fatal_count":0,"susp_serious_inj_count":0,"ped_death_count":0,"ped_susp_serious_inj_count":0,"bicycle_death_count":0,"bicycle_susp_serious_inj_count":0}},{"type":"Feature","id":29318,"geometry":{"type":"Point","coordinates":[-75.1465897656207,39.9612390675577]},"properties":{"objectid":29318,"crn":2023099973,"crash_year":2023,"pedestrian":1,"bicycle":0,"fatal_count":0,"susp_serious_inj_count":0,"ped_death_count":0,"ped_susp_serious_inj_count":0,"bicycle_death_count":0,"bicycle_susp_serious_inj_count":0}},{"type":"Feature","id":29325,"geometry":{"type":"Point","coordinates":[-75.2186017881543,39.9561170638491]},"properties":{"objectid":29325,"crn":2023096531,"crash_year":2023,"pedestrian":0,"bicycle":1,"fatal_count":0,"susp_serious_inj_count":0,"ped_death_count":0,"ped_susp_serious_inj_count":0,"bicycle_death_count":0,"bicycle_susp_serious_inj_count":0}},{"type":"Feature","id":29336,"geometry":{"type":"Point","coordinates":[-75.1901937798664,39.9644390662852]},"properties":{"objectid":29336,"crn":2023096111,"crash_year":2023,"pedestrian":1,"bicycle":0,"fatal_count":0,"susp_serious_inj_count":0,"ped_death_count":0,"ped_susp_serious_inj_count":0,"bicycle_death_count":0,"bicycle_susp_serious_inj_count":0}},{"type":"Feature","id":29340,"geometry":{"type":"Point","coordinates":[-75.2079117896885,40.0233660779917]},"properties":{"objectid":29340,"crn":2023090004,"crash_year":2023,"pedestrian":1,"bicycle":0,"fatal_count":0,"susp_serious_inj_count":0,"ped_death_count":0,"ped_susp_serious_inj_count":0,"bicycle_death_count":0,"bicycle_susp_serious_inj_count":0}},{"type":"Feature","id":29353,"geometry":{"type":"Point","coordinates":[-75.1569507709084,39.9832240717334]},"properties":{"objectid":29353,"crn":2023088486,"crash_year":2023,"pedestrian":1,"bicycle":0,"fatal_count":0,"susp_serious_inj_count":0,"ped_death_count":0,"ped_susp_serious_inj_count":0,"bicycle_death_count":0,"bicycle_susp_serious_inj_count":0}},{"type":"Feature","id":29372,"geometry":{"type":"Point","coordinates":[-75.1715797733738,39.9533810651749]},"properties":{"objectid":29372,"crn":2023096659,"crash_year":2023,"pedestrian":1,"bicycle":0,"fatal_count":0,"susp_serious_inj_count":1,"ped_death_count":0,"ped_susp_serious_inj_count":1,"bicycle_death_count":0,"bicycle_susp_serious_inj_count":0}},{"type":"Feature","id":29407,"geometry":{"type":"Point","coordinates":[-75.121358758586,39.971415070396]},"properties":{"objectid":29407,"crn":2023092854,"crash_year":2023,"pedestrian":1,"bicycle":0,"fatal_count":0,"susp_serious_inj_count":0,"ped_death_count":0,"ped_susp_serious_inj_count":0,"bicycle_death_count":0,"bicycle_susp_serious_inj_count":0}},{"type":"Feature","id":29411,"geometry":{"type":"Point","coordinates":[-75.1664397715437,39.939081062669]},"properties":{"objectid":29411,"crn":2023095789,"crash_year":2023,"pedestrian":1,"bicycle":0,"fatal_count":0,"susp_serious_inj_count":0,"ped_death_count":0,"ped_susp_serious_inj_count":0,"bicycle_death_count":0,"bicycle_susp_serious_inj_count":0}},{"type":"Feature","id":29418,"geometry":{"type":"Point","coordinates":[-75.1501017723709,40.0515540855063]},"properties":{"objectid":29418,"crn":2023094149,"crash_year":2023,"pedestrian":1,"bicycle":0,"fatal_count":0,"susp_serious_inj_count":0,"ped_death_count":0,"ped_susp_serious_inj_count":0,"bicycle_death_count":0,"bicycle_susp_serious_inj_count":0}},{"type":"Feature","id":29459,"geometry":{"type":"Point","coordinates":[-75.1344257627273,39.9688990699851]},"properties":{"objectid":29459,"crn":2023095042,"crash_year":2023,"pedestrian":1,"bicycle":0,"fatal_count":0,"susp_serious_inj_count":0,"ped_death_count":0,"ped_susp_serious_inj_count":0,"bicycle_death_count":0,"bicycle_susp_serious_inj_count":0}},{"type":"Feature","id":29477,"geometry":{"type":"Point","coordinates":[-75.1230247619288,40.0071710778705]},"properties":{"objectid":29477,"crn":2023109285,"crash_year":2023,"pedestrian":1,"bicycle":0,"fatal_count":0,"susp_serious_inj_count":0,"ped_death_count":0,"ped_susp_serious_inj_count":0,"bicycle_death_count":0,"bicycle_susp_serious_inj_count":0}},{"type":"Feature","id":29500,"geometry":{"type":"Point","coordinates":[-75.1397257643887,39.9603990675385]},"properties":{"objectid":29500,"crn":2023088722,"crash_year":2023,"pedestrian":0,"bicycle":1,"fatal_count":0,"susp_serious_inj_count":0,"ped_death_count":0,"ped_susp_serious_inj_count":0,"bicycle_death_count":0,"bicycle_susp_serious_inj_count":0}},{"type":"Feature","id":29506,"geometry":{"type":"Point","coordinates":[-75.2347877943214,39.9581200638981]},"properties":{"objectid":29506,"crn":2023089544,"crash_year":2023,"pedestrian":1,"bicycle":0,"fatal_count":0,"susp_serious_inj_count":0,"ped_death_count":0,"ped_susp_serious_inj_count":0,"bicycle_death_count":0,"bicycle_susp_serious_inj_count":0}},{"type":"Feature","id":29515,"geometry":{"type":"Point","coordinates":[-75.1520467705304,40.0056450765947]},"properties":{"objectid":29515,"crn":2023088335,"crash_year":2023,"pedestrian":1,"bicycle":0,"fatal_count":0,"susp_serious_inj_count":0,"ped_death_count":0,"ped_susp_serious_inj_count":0,"bicycle_death_count":0,"bicycle_susp_serious_inj_count":0}},{"type":"Feature","id":29520,"geometry":{"type":"Point","coordinates":[-75.0941407512084,39.9941960757138]},"properties":{"objectid":29520,"crn":2023115801,"crash_year":2023,"pedestrian":1,"bicycle":0,"fatal_count":0,"susp_serious_inj_count":1,"ped_death_count":0,"ped_susp_serious_inj_count":1,"bicycle_death_count":0,"bicycle_susp_serious_inj_count":0}},{"type":"Feature","id":29534,"geometry":{"type":"Point","coordinates":[-75.1488197666476,39.958050066934]},"properties":{"objectid":29534,"crn":2023088830,"crash_year":2023,"pedestrian":1,"bicycle":0,"fatal_count":0,"susp_serious_inj_count":0,"ped_death_count":0,"ped_susp_serious_inj_count":0,"bicycle_death_count":0,"bicycle_susp_serious_inj_count":0}},{"type":"Feature","id":29537,"geometry":{"type":"Point","coordinates":[-75.2209217898091,39.9594630646736]},"properties":{"objectid":29537,"crn":2023085679,"crash_year":2023,"pedestrian":0,"bicycle":1,"fatal_count":0,"susp_serious_inj_count":0,"ped_death_count":0,"ped_susp_serious_inj_count":0,"bicycle_death_count":0,"bicycle_susp_serious_inj_count":0}},{"type":"Feature","id":29540,"geometry":{"type":"Point","coordinates":[-75.1684537722447,39.9529920649737]},"properties":{"objectid":29540,"crn":2023117178,"crash_year":2023,"pedestrian":1,"bicycle":0,"fatal_count":0,"susp_serious_inj_count":0,"ped_death_count":0,"ped_susp_serious_inj_count":0,"bicycle_death_count":0,"bicycle_susp_serious_inj_count":0}},{"type":"Feature","id":29564,"geometry":{"type":"Point","coordinates":[-75.1833517753839,39.9233250586376]},"properties":{"objectid":29564,"crn":2023108267,"crash_year":2023,"pedestrian":1,"bicycle":0,"fatal_count":0,"susp_serious_inj_count":0,"ped_death_count":0,"ped_susp_serious_inj_count":0,"bicycle_death_count":0,"bicycle_susp_serious_inj_count":0}},{"type":"Feature","id":29576,"geometry":{"type":"Point","coordinates":[-75.2381818016163,40.0597820841722]},"properties":{"objectid":29576,"crn":2023091644,"crash_year":2023,"pedestrian":1,"bicycle":0,"fatal_count":0,"susp_serious_inj_count":0,"ped_death_count":0,"ped_susp_serious_inj_count":0,"bicycle_death_count":0,"bicycle_susp_serious_inj_count":0}},{"type":"Feature","id":29578,"geometry":{"type":"Point","coordinates":[-75.1433777635235,39.9333140619684]},"properties":{"objectid":29578,"crn":2023108746,"crash_year":2023,"pedestrian":1,"bicycle":0,"fatal_count":0,"susp_serious_inj_count":0,"ped_death_count":0,"ped_susp_serious_inj_count":0,"bicycle_death_count":0,"bicycle_susp_serious_inj_count":0}},{"type":"Feature","id":29582,"geometry":{"type":"Point","coordinates":[-75.1940847813881,39.9566190647514]},"properties":{"objectid":29582,"crn":2023083647,"crash_year":2023,"pedestrian":1,"bicycle":0,"fatal_count":0,"susp_serious_inj_count":0,"ped_death_count":0,"ped_susp_serious_inj_count":0,"bicycle_death_count":0,"bicycle_susp_serious_inj_count":0}},{"type":"Feature","id":29587,"geometry":{"type":"Point","coordinates":[-75.1434537697166,40.0444210844029]},"properties":{"objectid":29587,"crn":2023085380,"crash_year":2023,"pedestrian":1,"bicycle":0,"fatal_count":0,"susp_serious_inj_count":0,"ped_death_count":0,"ped_susp_serious_inj_count":0,"bicycle_death_count":0,"bicycle_susp_serious_inj_count":0}},{"type":"Feature","id":29623,"geometry":{"type":"Point","coordinates":[-75.2507848011167,39.989757069488]},"properties":{"objectid":29623,"crn":2023109910,"crash_year":2023,"pedestrian":1,"bicycle":0,"fatal_count":0,"susp_serious_inj_count":0,"ped_death_count":0,"ped_susp_serious_inj_count":0,"bicycle_death_count":0,"bicycle_susp_serious_inj_count":0}},{"type":"Feature","id":29647,"geometry":{"type":"Point","coordinates":[-75.1834707787797,39.9745660689627]},"properties":{"objectid":29647,"crn":2023106539,"crash_year":2023,"pedestrian":1,"bicycle":0,"fatal_count":0,"susp_serious_inj_count":0,"ped_death_count":0,"ped_susp_serious_inj_count":0,"bicycle_death_count":0,"bicycle_susp_serious_inj_count":0}},{"type":"Feature","id":29667,"geometry":{"type":"Point","coordinates":[-75.1512407710087,40.0092650768922]},"properties":{"objectid":29667,"crn":2023117274,"crash_year":2023,"pedestrian":1,"bicycle":0,"fatal_count":0,"susp_serious_inj_count":0,"ped_death_count":0,"ped_susp_serious_inj_count":0,"bicycle_death_count":0,"bicycle_susp_serious_inj_count":0}},{"type":"Feature","id":29680,"geometry":{"type":"Point","coordinates":[-75.247071797961,39.9611930636498]},"properties":{"objectid":29680,"crn":2023108723,"crash_year":2023,"pedestrian":1,"bicycle":0,"fatal_count":0,"susp_serious_inj_count":0,"ped_death_count":0,"ped_susp_serious_inj_count":0,"bicycle_death_count":0,"bicycle_susp_serious_inj_count":0}},{"type":"Feature","id":29700,"geometry":{"type":"Point","coordinates":[-75.1783307758929,39.9651580667979]},"properties":{"objectid":29700,"crn":2023116246,"crash_year":2023,"pedestrian":1,"bicycle":0,"fatal_count":0,"susp_serious_inj_count":0,"ped_death_count":0,"ped_susp_serious_inj_count":0,"bicycle_death_count":0,"bicycle_susp_serious_inj_count":0}},{"type":"Feature","id":29702,"geometry":{"type":"Point","coordinates":[-75.1061277553907,39.9886360744647]},"properties":{"objectid":29702,"crn":2023115795,"crash_year":2023,"pedestrian":1,"bicycle":0,"fatal_count":0,"susp_serious_inj_count":0,"ped_death_count":0,"ped_susp_serious_inj_count":0,"bicycle_death_count":0,"bicycle_susp_serious_inj_count":0}},{"type":"Feature","id":29707,"geometry":{"type":"Point","coordinates":[-75.1558787706553,39.9878790721299]},"properties":{"objectid":29707,"crn":2023108290,"crash_year":2023,"pedestrian":1,"bicycle":0,"fatal_count":0,"susp_serious_inj_count":1,"ped_death_count":0,"ped_susp_serious_inj_count":1,"bicycle_death_count":0,"bicycle_susp_serious_inj_count":0}},{"type":"Feature","id":29738,"geometry":{"type":"Point","coordinates":[-75.2031097834997,39.9517520639414]},"properties":{"objectid":29738,"crn":2023112349,"crash_year":2023,"pedestrian":1,"bicycle":0,"fatal_count":0,"susp_serious_inj_count":0,"ped_death_count":0,"ped_susp_serious_inj_count":0,"bicycle_death_count":0,"bicycle_susp_serious_inj_count":0}},{"type":"Feature","id":29802,"geometry":{"type":"Point","coordinates":[-75.1741817727167,39.9246390589326]},"properties":{"objectid":29802,"crn":2023109274,"crash_year":2023,"pedestrian":1,"bicycle":0,"fatal_count":0,"susp_serious_inj_count":0,"ped_death_count":0,"ped_susp_serious_inj_count":0,"bicycle_death_count":0,"bicycle_susp_serious_inj_count":0}},{"type":"Feature","id":29806,"geometry":{"type":"Point","coordinates":[-75.1673877737852,39.9724960692166]},"properties":{"objectid":29806,"crn":2023108730,"crash_year":2023,"pedestrian":0,"bicycle":1,"fatal_count":0,"susp_serious_inj_count":0,"ped_death_count":0,"ped_susp_serious_inj_count":0,"bicycle_death_count":0,"bicycle_susp_serious_inj_count":0}},{"type":"Feature","id":29815,"geometry":{"type":"Point","coordinates":[-75.1569507709084,39.9832240717334]},"properties":{"objectid":29815,"crn":2023086510,"crash_year":2023,"pedestrian":1,"bicycle":0,"fatal_count":0,"susp_serious_inj_count":0,"ped_death_count":0,"ped_susp_serious_inj_count":0,"bicycle_death_count":0,"bicycle_susp_serious_inj_count":0}},{"type":"Feature","id":29824,"geometry":{"type":"Point","coordinates":[-75.0945607513409,39.9946670757379]},"properties":{"objectid":29824,"crn":2023115797,"crash_year":2023,"pedestrian":1,"bicycle":0,"fatal_count":0,"susp_serious_inj_count":1,"ped_death_count":0,"ped_susp_serious_inj_count":1,"bicycle_death_count":0,"bicycle_susp_serious_inj_count":0}},{"type":"Feature","id":29826,"geometry":{"type":"Point","coordinates":[-75.2467687973231,39.9611550643909]},"properties":{"objectid":29826,"crn":2023113679,"crash_year":2023,"pedestrian":1,"bicycle":0,"fatal_count":0,"susp_serious_inj_count":1,"ped_death_count":0,"ped_susp_serious_inj_count":1,"bicycle_death_count":0,"bicycle_susp_serious_inj_count":0}},{"type":"Feature","id":29861,"geometry":{"type":"Point","coordinates":[-75.1713787734407,39.9543960655052]},"properties":{"objectid":29861,"crn":2023086481,"crash_year":2023,"pedestrian":1,"bicycle":0,"fatal_count":0,"susp_serious_inj_count":0,"ped_death_count":0,"ped_susp_serious_inj_count":0,"bicycle_death_count":0,"bicycle_susp_serious_inj_count":0}},{"type":"Feature","id":29879,"geometry":{"type":"Point","coordinates":[-75.2445107974537,39.9718200659311]},"properties":{"objectid":29879,"crn":2023085194,"crash_year":2023,"pedestrian":1,"bicycle":0,"fatal_count":0,"susp_serious_inj_count":0,"ped_death_count":0,"ped_susp_serious_inj_count":0,"bicycle_death_count":0,"bicycle_susp_serious_inj_count":0}},{"type":"Feature","id":29885,"geometry":{"type":"Point","coordinates":[-75.2040577856529,39.9741090680349]},"properties":{"objectid":29885,"crn":2023085178,"crash_year":2023,"pedestrian":1,"bicycle":0,"fatal_count":0,"susp_serious_inj_count":1,"ped_death_count":0,"ped_susp_serious_inj_count":1,"bicycle_death_count":0,"bicycle_susp_serious_inj_count":0}},{"type":"Feature","id":29887,"geometry":{"type":"Point","coordinates":[-75.1658087734098,39.9722920692062]},"properties":{"objectid":29887,"crn":2023085198,"crash_year":2023,"pedestrian":1,"bicycle":0,"fatal_count":0,"susp_serious_inj_count":0,"ped_death_count":0,"ped_susp_serious_inj_count":0,"bicycle_death_count":0,"bicycle_susp_serious_inj_count":0}},{"type":"Feature","id":29909,"geometry":{"type":"Point","coordinates":[-75.2060647848793,39.9545590640989]},"properties":{"objectid":29909,"crn":2023107117,"crash_year":2023,"pedestrian":1,"bicycle":0,"fatal_count":0,"susp_serious_inj_count":0,"ped_death_count":0,"ped_susp_serious_inj_count":0,"bicycle_death_count":0,"bicycle_susp_serious_inj_count":0}},{"type":"Feature","id":29929,"geometry":{"type":"Point","coordinates":[-75.1545487707321,39.9939500733862]},"properties":{"objectid":29929,"crn":2023112683,"crash_year":2023,"pedestrian":1,"bicycle":0,"fatal_count":0,"susp_serious_inj_count":0,"ped_death_count":0,"ped_susp_serious_inj_count":0,"bicycle_death_count":0,"bicycle_susp_serious_inj_count":0}},{"type":"Feature","id":29949,"geometry":{"type":"Point","coordinates":[-75.1816977762554,39.9530810649464]},"properties":{"objectid":29949,"crn":2024003189,"crash_year":2023,"pedestrian":0,"bicycle":1,"fatal_count":0,"susp_serious_inj_count":0,"ped_death_count":0,"ped_susp_serious_inj_count":0,"bicycle_death_count":0,"bicycle_susp_serious_inj_count":0}},{"type":"Feature","id":29978,"geometry":{"type":"Point","coordinates":[-75.0964297527445,40.0058510779302]},"properties":{"objectid":29978,"crn":2024001646,"crash_year":2023,"pedestrian":1,"bicycle":0,"fatal_count":0,"susp_serious_inj_count":0,"ped_death_count":0,"ped_susp_serious_inj_count":0,"bicycle_death_count":0,"bicycle_susp_serious_inj_count":0}},{"type":"Feature","id":30004,"geometry":{"type":"Point","coordinates":[-75.1651677712262,39.9454500639191]},"properties":{"objectid":30004,"crn":2024002892,"crash_year":2023,"pedestrian":1,"bicycle":0,"fatal_count":0,"susp_serious_inj_count":0,"ped_death_count":0,"ped_susp_serious_inj_count":0,"bicycle_death_count":0,"bicycle_susp_serious_inj_count":0}},{"type":"Feature","id":30062,"geometry":{"type":"Point","coordinates":[-75.1561447707551,39.9862960721826]},"properties":{"objectid":30062,"crn":2024001510,"crash_year":2023,"pedestrian":1,"bicycle":0,"fatal_count":0,"susp_serious_inj_count":1,"ped_death_count":0,"ped_susp_serious_inj_count":1,"bicycle_death_count":0,"bicycle_susp_serious_inj_count":0}},{"type":"Feature","id":30067,"geometry":{"type":"Point","coordinates":[-75.2030767832768,39.9517630632513]},"properties":{"objectid":30067,"crn":2024044843,"crash_year":2023,"pedestrian":1,"bicycle":0,"fatal_count":0,"susp_serious_inj_count":0,"ped_death_count":0,"ped_susp_serious_inj_count":0,"bicycle_death_count":0,"bicycle_susp_serious_inj_count":0}},{"type":"Feature","id":30081,"geometry":{"type":"Point","coordinates":[-75.2414917974621,39.9827980687274]},"properties":{"objectid":30081,"crn":2024031430,"crash_year":2023,"pedestrian":1,"bicycle":0,"fatal_count":0,"susp_serious_inj_count":0,"ped_death_count":0,"ped_susp_serious_inj_count":0,"bicycle_death_count":0,"bicycle_susp_serious_inj_count":0}},{"type":"Feature","id":30112,"geometry":{"type":"Point","coordinates":[-75.1644927688069,39.9159070582294]},"properties":{"objectid":30112,"crn":2023002720,"crash_year":2023,"pedestrian":1,"bicycle":0,"fatal_count":0,"susp_serious_inj_count":0,"ped_death_count":0,"ped_susp_serious_inj_count":0,"bicycle_death_count":0,"bicycle_susp_serious_inj_count":0}},{"type":"Feature","id":30140,"geometry":{"type":"Point","coordinates":[-75.2152877868913,39.9431150614391]},"properties":{"objectid":30140,"crn":2023004673,"crash_year":2023,"pedestrian":1,"bicycle":0,"fatal_count":0,"susp_serious_inj_count":0,"ped_death_count":0,"ped_susp_serious_inj_count":0,"bicycle_death_count":0,"bicycle_susp_serious_inj_count":0}},{"type":"Feature","id":30155,"geometry":{"type":"Point","coordinates":[-75.1508817698622,40.0094480770845]},"properties":{"objectid":30155,"crn":2023018572,"crash_year":2023,"pedestrian":1,"bicycle":0,"fatal_count":0,"susp_serious_inj_count":0,"ped_death_count":0,"ped_susp_serious_inj_count":0,"bicycle_death_count":0,"bicycle_susp_serious_inj_count":0}},{"type":"Feature","id":30156,"geometry":{"type":"Point","coordinates":[-75.1986247818906,39.9567080645063]},"properties":{"objectid":30156,"crn":2023023790,"crash_year":2023,"pedestrian":1,"bicycle":0,"fatal_count":0,"susp_serious_inj_count":0,"ped_death_count":0,"ped_susp_serious_inj_count":0,"bicycle_death_count":0,"bicycle_susp_serious_inj_count":0}},{"type":"Feature","id":30167,"geometry":{"type":"Point","coordinates":[-75.1553127716918,40.0066080760319]},"properties":{"objectid":30167,"crn":2023040196,"crash_year":2023,"pedestrian":1,"bicycle":0,"fatal_count":0,"susp_serious_inj_count":1,"ped_death_count":0,"ped_susp_serious_inj_count":1,"bicycle_death_count":0,"bicycle_susp_serious_inj_count":0}},{"type":"Feature","id":30220,"geometry":{"type":"Point","coordinates":[-75.2160107892463,39.9872170702152]},"properties":{"objectid":30220,"crn":2023029337,"crash_year":2023,"pedestrian":0,"bicycle":1,"fatal_count":0,"susp_serious_inj_count":0,"ped_death_count":0,"ped_susp_serious_inj_count":0,"bicycle_death_count":0,"bicycle_susp_serious_inj_count":0}},{"type":"Feature","id":30223,"geometry":{"type":"Point","coordinates":[-75.1690787707379,39.9268580603546]},"properties":{"objectid":30223,"crn":2023016061,"crash_year":2023,"pedestrian":1,"bicycle":0,"fatal_count":0,"susp_serious_inj_count":0,"ped_death_count":0,"ped_susp_serious_inj_count":0,"bicycle_death_count":0,"bicycle_susp_serious_inj_count":0}},{"type":"Feature","id":30267,"geometry":{"type":"Point","coordinates":[-75.108565756164,39.9991800761347]},"properties":{"objectid":30267,"crn":2023047538,"crash_year":2023,"pedestrian":1,"bicycle":0,"fatal_count":0,"susp_serious_inj_count":1,"ped_death_count":0,"ped_susp_serious_inj_count":1,"bicycle_death_count":0,"bicycle_susp_serious_inj_count":0}},{"type":"Feature","id":30275,"geometry":{"type":"Point","coordinates":[-75.2292737925577,39.9574380638991]},"properties":{"objectid":30275,"crn":2023045234,"crash_year":2023,"pedestrian":1,"bicycle":0,"fatal_count":0,"susp_serious_inj_count":0,"ped_death_count":0,"ped_susp_serious_inj_count":0,"bicycle_death_count":0,"bicycle_susp_serious_inj_count":0}},{"type":"Feature","id":30276,"geometry":{"type":"Point","coordinates":[-75.1715897731667,39.9384740620374]},"properties":{"objectid":30276,"crn":2023062722,"crash_year":2023,"pedestrian":1,"bicycle":0,"fatal_count":0,"susp_serious_inj_count":0,"ped_death_count":0,"ped_susp_serious_inj_count":0,"bicycle_death_count":0,"bicycle_susp_serious_inj_count":0}},{"type":"Feature","id":30292,"geometry":{"type":"Point","coordinates":[-75.2521667953434,39.8973710511858]},"properties":{"objectid":30292,"crn":2023079330,"crash_year":2023,"pedestrian":1,"bicycle":0,"fatal_count":1,"susp_serious_inj_count":0,"ped_death_count":1,"ped_susp_serious_inj_count":0,"bicycle_death_count":0,"bicycle_susp_serious_inj_count":0}},{"type":"Feature","id":30300,"geometry":{"type":"Point","coordinates":[-75.1435697707223,40.0443990844776]},"properties":{"objectid":30300,"crn":2023049000,"crash_year":2023,"pedestrian":1,"bicycle":0,"fatal_count":0,"susp_serious_inj_count":0,"ped_death_count":0,"ped_susp_serious_inj_count":0,"bicycle_death_count":0,"bicycle_susp_serious_inj_count":0}},{"type":"Feature","id":30310,"geometry":{"type":"Point","coordinates":[-75.2189907873492,39.9363910603263]},"properties":{"objectid":30310,"crn":2023070115,"crash_year":2023,"pedestrian":1,"bicycle":0,"fatal_count":0,"susp_serious_inj_count":0,"ped_death_count":0,"ped_susp_serious_inj_count":0,"bicycle_death_count":0,"bicycle_susp_serious_inj_count":0}},{"type":"Feature","id":30325,"geometry":{"type":"Point","coordinates":[-75.2192947905719,39.9799570685102]},"properties":{"objectid":30325,"crn":2023058011,"crash_year":2023,"pedestrian":1,"bicycle":0,"fatal_count":0,"susp_serious_inj_count":0,"ped_death_count":0,"ped_susp_serious_inj_count":0,"bicycle_death_count":0,"bicycle_susp_serious_inj_count":0}},{"type":"Feature","id":30351,"geometry":{"type":"Point","coordinates":[-75.1529267706518,40.0016090755287]},"properties":{"objectid":30351,"crn":2023058625,"crash_year":2023,"pedestrian":0,"bicycle":1,"fatal_count":0,"susp_serious_inj_count":0,"ped_death_count":0,"ped_susp_serious_inj_count":0,"bicycle_death_count":0,"bicycle_susp_serious_inj_count":0}},{"type":"Feature","id":30410,"geometry":{"type":"Point","coordinates":[-75.1578817712644,39.9786960708489]},"properties":{"objectid":30410,"crn":2023081731,"crash_year":2023,"pedestrian":1,"bicycle":0,"fatal_count":0,"susp_serious_inj_count":1,"ped_death_count":0,"ped_susp_serious_inj_count":1,"bicycle_death_count":0,"bicycle_susp_serious_inj_count":0}},{"type":"Feature","id":30411,"geometry":{"type":"Point","coordinates":[-75.1658037711437,39.942012063158]},"properties":{"objectid":30411,"crn":2023074450,"crash_year":2023,"pedestrian":0,"bicycle":1,"fatal_count":0,"susp_serious_inj_count":0,"ped_death_count":0,"ped_susp_serious_inj_count":0,"bicycle_death_count":0,"bicycle_susp_serious_inj_count":0}},{"type":"Feature","id":30418,"geometry":{"type":"Point","coordinates":[-75.1598867728712,39.99462607342]},"properties":{"objectid":30418,"crn":2023086984,"crash_year":2023,"pedestrian":1,"bicycle":0,"fatal_count":0,"susp_serious_inj_count":1,"ped_death_count":0,"ped_susp_serious_inj_count":1,"bicycle_death_count":0,"bicycle_susp_serious_inj_count":0}},{"type":"Feature","id":30440,"geometry":{"type":"Point","coordinates":[-75.1584187709778,39.9758530701364]},"properties":{"objectid":30440,"crn":2023092047,"crash_year":2023,"pedestrian":1,"bicycle":0,"fatal_count":0,"susp_serious_inj_count":1,"ped_death_count":0,"ped_susp_serious_inj_count":1,"bicycle_death_count":0,"bicycle_susp_serious_inj_count":0}},{"type":"Feature","id":30445,"geometry":{"type":"Point","coordinates":[-75.1487147704316,40.0208660797862]},"properties":{"objectid":30445,"crn":2023099608,"crash_year":2023,"pedestrian":0,"bicycle":1,"fatal_count":0,"susp_serious_inj_count":0,"ped_death_count":0,"ped_susp_serious_inj_count":0,"bicycle_death_count":0,"bicycle_susp_serious_inj_count":0}},{"type":"Feature","id":30448,"geometry":{"type":"Point","coordinates":[-75.1656627694333,39.9107370572918]},"properties":{"objectid":30448,"crn":2023117059,"crash_year":2023,"pedestrian":1,"bicycle":0,"fatal_count":0,"susp_serious_inj_count":0,"ped_death_count":0,"ped_susp_serious_inj_count":0,"bicycle_death_count":0,"bicycle_susp_serious_inj_count":0}},{"type":"Feature","id":30511,"geometry":{"type":"Point","coordinates":[-75.2268347905825,39.9472440616806]},"properties":{"objectid":30511,"crn":2024003240,"crash_year":2024,"pedestrian":1,"bicycle":0,"fatal_count":0,"susp_serious_inj_count":0,"ped_death_count":0,"ped_susp_serious_inj_count":0,"bicycle_death_count":0,"bicycle_susp_serious_inj_count":0}},{"type":"Feature","id":30547,"geometry":{"type":"Point","coordinates":[-75.221369790077,39.9595210646295]},"properties":{"objectid":30547,"crn":2024010224,"crash_year":2024,"pedestrian":1,"bicycle":0,"fatal_count":0,"susp_serious_inj_count":0,"ped_death_count":0,"ped_susp_serious_inj_count":0,"bicycle_death_count":0,"bicycle_susp_serious_inj_count":0}},{"type":"Feature","id":30548,"geometry":{"type":"Point","coordinates":[-75.1446257705889,40.0382690828438]},"properties":{"objectid":30548,"crn":2024010361,"crash_year":2024,"pedestrian":1,"bicycle":0,"fatal_count":0,"susp_serious_inj_count":0,"ped_death_count":0,"ped_susp_serious_inj_count":0,"bicycle_death_count":0,"bicycle_susp_serious_inj_count":0}},{"type":"Feature","id":30549,"geometry":{"type":"Point","coordinates":[-75.241394795507,39.9589360636698]},"properties":{"objectid":30549,"crn":2024010945,"crash_year":2024,"pedestrian":1,"bicycle":0,"fatal_count":0,"susp_serious_inj_count":0,"ped_death_count":0,"ped_susp_serious_inj_count":0,"bicycle_death_count":0,"bicycle_susp_serious_inj_count":0}},{"type":"Feature","id":30550,"geometry":{"type":"Point","coordinates":[-75.1910567799843,39.9578570652001]},"properties":{"objectid":30550,"crn":2024012242,"crash_year":2024,"pedestrian":1,"bicycle":0,"fatal_count":0,"susp_serious_inj_count":0,"ped_death_count":0,"ped_susp_serious_inj_count":0,"bicycle_death_count":0,"bicycle_susp_serious_inj_count":0}},{"type":"Feature","id":30584,"geometry":{"type":"Point","coordinates":[-75.1596517708917,39.9702080686818]},"properties":{"objectid":30584,"crn":2024013767,"crash_year":2024,"pedestrian":1,"bicycle":0,"fatal_count":1,"susp_serious_inj_count":0,"ped_death_count":1,"ped_susp_serious_inj_count":0,"bicycle_death_count":0,"bicycle_susp_serious_inj_count":0}},{"type":"Feature","id":30588,"geometry":{"type":"Point","coordinates":[-75.1558587707685,39.9878940725514]},"properties":{"objectid":30588,"crn":2024018246,"crash_year":2024,"pedestrian":1,"bicycle":0,"fatal_count":0,"susp_serious_inj_count":0,"ped_death_count":0,"ped_susp_serious_inj_count":0,"bicycle_death_count":0,"bicycle_susp_serious_inj_count":0}},{"type":"Feature","id":30589,"geometry":{"type":"Point","coordinates":[-75.1469627674731,39.9772770709611]},"properties":{"objectid":30589,"crn":2024014372,"crash_year":2024,"pedestrian":1,"bicycle":0,"fatal_count":0,"susp_serious_inj_count":0,"ped_death_count":0,"ped_susp_serious_inj_count":0,"bicycle_death_count":0,"bicycle_susp_serious_inj_count":0}},{"type":"Feature","id":30616,"geometry":{"type":"Point","coordinates":[-75.2317237908075,39.9233880574166]},"properties":{"objectid":30616,"crn":2024019681,"crash_year":2024,"pedestrian":0,"bicycle":1,"fatal_count":0,"susp_serious_inj_count":0,"ped_death_count":0,"ped_susp_serious_inj_count":0,"bicycle_death_count":0,"bicycle_susp_serious_inj_count":0}},{"type":"Feature","id":30622,"geometry":{"type":"Point","coordinates":[-75.2143407870435,39.9571460639701]},"properties":{"objectid":30622,"crn":2024003259,"crash_year":2024,"pedestrian":1,"bicycle":0,"fatal_count":0,"susp_serious_inj_count":1,"ped_death_count":0,"ped_susp_serious_inj_count":1,"bicycle_death_count":0,"bicycle_susp_serious_inj_count":0}},{"type":"Feature","id":30625,"geometry":{"type":"Point","coordinates":[-75.1925867799492,39.9504480637839]},"properties":{"objectid":30625,"crn":2024003604,"crash_year":2024,"pedestrian":0,"bicycle":1,"fatal_count":0,"susp_serious_inj_count":0,"ped_death_count":0,"ped_susp_serious_inj_count":0,"bicycle_death_count":0,"bicycle_susp_serious_inj_count":0}},{"type":"Feature","id":30653,"geometry":{"type":"Point","coordinates":[-75.2461847981018,39.9785610675882]},"properties":{"objectid":30653,"crn":2024003967,"crash_year":2024,"pedestrian":1,"bicycle":0,"fatal_count":0,"susp_serious_inj_count":0,"ped_death_count":0,"ped_susp_serious_inj_count":0,"bicycle_death_count":0,"bicycle_susp_serious_inj_count":0}},{"type":"Feature","id":30658,"geometry":{"type":"Point","coordinates":[-75.1518057708821,40.0061670762605]},"properties":{"objectid":30658,"crn":2024000242,"crash_year":2024,"pedestrian":1,"bicycle":0,"fatal_count":0,"susp_serious_inj_count":0,"ped_death_count":0,"ped_susp_serious_inj_count":0,"bicycle_death_count":0,"bicycle_susp_serious_inj_count":0}},{"type":"Feature","id":30687,"geometry":{"type":"Point","coordinates":[-75.1647067712496,39.9469860643466]},"properties":{"objectid":30687,"crn":2024025247,"crash_year":2024,"pedestrian":0,"bicycle":1,"fatal_count":0,"susp_serious_inj_count":0,"ped_death_count":0,"ped_susp_serious_inj_count":0,"bicycle_death_count":0,"bicycle_susp_serious_inj_count":0}},{"type":"Feature","id":30693,"geometry":{"type":"Point","coordinates":[-75.0889597513669,40.0105490795055]},"properties":{"objectid":30693,"crn":2024003251,"crash_year":2024,"pedestrian":1,"bicycle":0,"fatal_count":0,"susp_serious_inj_count":0,"ped_death_count":0,"ped_susp_serious_inj_count":0,"bicycle_death_count":0,"bicycle_susp_serious_inj_count":0}},{"type":"Feature","id":30704,"geometry":{"type":"Point","coordinates":[-75.1578817712644,39.9786960708489]},"properties":{"objectid":30704,"crn":2024020550,"crash_year":2024,"pedestrian":1,"bicycle":0,"fatal_count":0,"susp_serious_inj_count":0,"ped_death_count":0,"ped_susp_serious_inj_count":0,"bicycle_death_count":0,"bicycle_susp_serious_inj_count":0}},{"type":"Feature","id":30753,"geometry":{"type":"Point","coordinates":[-75.1524597701903,40.0031560760029]},"properties":{"objectid":30753,"crn":2024003771,"crash_year":2024,"pedestrian":1,"bicycle":0,"fatal_count":0,"susp_serious_inj_count":1,"ped_death_count":0,"ped_susp_serious_inj_count":1,"bicycle_death_count":0,"bicycle_susp_serious_inj_count":0}},{"type":"Feature","id":30763,"geometry":{"type":"Point","coordinates":[-75.1396577635131,39.9603910672384]},"properties":{"objectid":30763,"crn":2024009606,"crash_year":2024,"pedestrian":1,"bicycle":0,"fatal_count":0,"susp_serious_inj_count":0,"ped_death_count":0,"ped_susp_serious_inj_count":0,"bicycle_death_count":0,"bicycle_susp_serious_inj_count":0}},{"type":"Feature","id":30801,"geometry":{"type":"Point","coordinates":[-75.148420770184,40.022219079585]},"properties":{"objectid":30801,"crn":2024010129,"crash_year":2024,"pedestrian":1,"bicycle":0,"fatal_count":0,"susp_serious_inj_count":1,"ped_death_count":0,"ped_susp_serious_inj_count":1,"bicycle_death_count":0,"bicycle_susp_serious_inj_count":0}},{"type":"Feature","id":30815,"geometry":{"type":"Point","coordinates":[-75.2260027910499,39.9546000633073]},"properties":{"objectid":30815,"crn":2024009817,"crash_year":2024,"pedestrian":1,"bicycle":0,"fatal_count":0,"susp_serious_inj_count":0,"ped_death_count":0,"ped_susp_serious_inj_count":0,"bicycle_death_count":0,"bicycle_susp_serious_inj_count":0}},{"type":"Feature","id":30857,"geometry":{"type":"Point","coordinates":[-75.1288057625078,39.9905730742762]},"properties":{"objectid":30857,"crn":2024012725,"crash_year":2024,"pedestrian":1,"bicycle":0,"fatal_count":0,"susp_serious_inj_count":0,"ped_death_count":0,"ped_susp_serious_inj_count":0,"bicycle_death_count":0,"bicycle_susp_serious_inj_count":0}},{"type":"Feature","id":30874,"geometry":{"type":"Point","coordinates":[-75.2005767862405,40.0133520755704]},"properties":{"objectid":30874,"crn":2024009945,"crash_year":2024,"pedestrian":1,"bicycle":0,"fatal_count":0,"susp_serious_inj_count":0,"ped_death_count":0,"ped_susp_serious_inj_count":0,"bicycle_death_count":0,"bicycle_susp_serious_inj_count":0}},{"type":"Feature","id":30878,"geometry":{"type":"Point","coordinates":[-75.1429037706472,40.0475120849579]},"properties":{"objectid":30878,"crn":2024032111,"crash_year":2024,"pedestrian":1,"bicycle":0,"fatal_count":0,"susp_serious_inj_count":0,"ped_death_count":0,"ped_susp_serious_inj_count":0,"bicycle_death_count":0,"bicycle_susp_serious_inj_count":0}},{"type":"Feature","id":30882,"geometry":{"type":"Point","coordinates":[-75.196859781786,39.9602760653118]},"properties":{"objectid":30882,"crn":2024031832,"crash_year":2024,"pedestrian":1,"bicycle":0,"fatal_count":0,"susp_serious_inj_count":0,"ped_death_count":0,"ped_susp_serious_inj_count":0,"bicycle_death_count":0,"bicycle_susp_serious_inj_count":0}},{"type":"Feature","id":30888,"geometry":{"type":"Point","coordinates":[-75.1578817712644,39.9786960708489]},"properties":{"objectid":30888,"crn":2024002159,"crash_year":2024,"pedestrian":0,"bicycle":1,"fatal_count":0,"susp_serious_inj_count":0,"ped_death_count":0,"ped_susp_serious_inj_count":0,"bicycle_death_count":0,"bicycle_susp_serious_inj_count":0}},{"type":"Feature","id":30890,"geometry":{"type":"Point","coordinates":[-75.1549487706008,39.9923750734296]},"properties":{"objectid":30890,"crn":2024031956,"crash_year":2024,"pedestrian":1,"bicycle":0,"fatal_count":0,"susp_serious_inj_count":0,"ped_death_count":0,"ped_susp_serious_inj_count":0,"bicycle_death_count":0,"bicycle_susp_serious_inj_count":0}},{"type":"Feature","id":30899,"geometry":{"type":"Point","coordinates":[-75.161169770365,39.9637780677662]},"properties":{"objectid":30899,"crn":2024031659,"crash_year":2024,"pedestrian":1,"bicycle":0,"fatal_count":0,"susp_serious_inj_count":0,"ped_death_count":0,"ped_susp_serious_inj_count":0,"bicycle_death_count":0,"bicycle_susp_serious_inj_count":0}},{"type":"Feature","id":30900,"geometry":{"type":"Point","coordinates":[-75.0696697467487,40.0355480849186]},"properties":{"objectid":30900,"crn":2024031824,"crash_year":2024,"pedestrian":1,"bicycle":0,"fatal_count":0,"susp_serious_inj_count":0,"ped_death_count":0,"ped_susp_serious_inj_count":0,"bicycle_death_count":0,"bicycle_susp_serious_inj_count":0}},{"type":"Feature","id":30904,"geometry":{"type":"Point","coordinates":[-75.2458437977208,39.967344064915]},"properties":{"objectid":30904,"crn":2024014371,"crash_year":2024,"pedestrian":1,"bicycle":0,"fatal_count":0,"susp_serious_inj_count":0,"ped_death_count":0,"ped_susp_serious_inj_count":0,"bicycle_death_count":0,"bicycle_susp_serious_inj_count":0}},{"type":"Feature","id":30916,"geometry":{"type":"Point","coordinates":[-75.094673753942,40.025790082402]},"properties":{"objectid":30916,"crn":2024031737,"crash_year":2024,"pedestrian":1,"bicycle":0,"fatal_count":0,"susp_serious_inj_count":0,"ped_death_count":0,"ped_susp_serious_inj_count":0,"bicycle_death_count":0,"bicycle_susp_serious_inj_count":0}},{"type":"Feature","id":30928,"geometry":{"type":"Point","coordinates":[-75.1896957793904,39.958341065019]},"properties":{"objectid":30928,"crn":2024021458,"crash_year":2024,"pedestrian":1,"bicycle":0,"fatal_count":0,"susp_serious_inj_count":0,"ped_death_count":0,"ped_susp_serious_inj_count":0,"bicycle_death_count":0,"bicycle_susp_serious_inj_count":0}},{"type":"Feature","id":30935,"geometry":{"type":"Point","coordinates":[-75.1510757706573,40.0101400775511]},"properties":{"objectid":30935,"crn":2024018133,"crash_year":2024,"pedestrian":1,"bicycle":0,"fatal_count":0,"susp_serious_inj_count":0,"ped_death_count":0,"ped_susp_serious_inj_count":0,"bicycle_death_count":0,"bicycle_susp_serious_inj_count":0}},{"type":"Feature","id":30940,"geometry":{"type":"Point","coordinates":[-75.1652257717545,39.9525940653307]},"properties":{"objectid":30940,"crn":2024019763,"crash_year":2024,"pedestrian":1,"bicycle":0,"fatal_count":0,"susp_serious_inj_count":0,"ped_death_count":0,"ped_susp_serious_inj_count":0,"bicycle_death_count":0,"bicycle_susp_serious_inj_count":0}},{"type":"Feature","id":30977,"geometry":{"type":"Point","coordinates":[-75.1702717743848,39.9728660686986]},"properties":{"objectid":30977,"crn":2024031957,"crash_year":2024,"pedestrian":1,"bicycle":0,"fatal_count":0,"susp_serious_inj_count":0,"ped_death_count":0,"ped_susp_serious_inj_count":0,"bicycle_death_count":0,"bicycle_susp_serious_inj_count":0}},{"type":"Feature","id":31013,"geometry":{"type":"Point","coordinates":[-75.0959227525912,40.0058700779107]},"properties":{"objectid":31013,"crn":2024032300,"crash_year":2024,"pedestrian":1,"bicycle":0,"fatal_count":0,"susp_serious_inj_count":0,"ped_death_count":0,"ped_susp_serious_inj_count":0,"bicycle_death_count":0,"bicycle_susp_serious_inj_count":0}},{"type":"Feature","id":31025,"geometry":{"type":"Point","coordinates":[-75.1484847706073,40.0214260794423]},"properties":{"objectid":31025,"crn":2024032123,"crash_year":2024,"pedestrian":1,"bicycle":0,"fatal_count":0,"susp_serious_inj_count":0,"ped_death_count":0,"ped_susp_serious_inj_count":0,"bicycle_death_count":0,"bicycle_susp_serious_inj_count":0}},{"type":"Feature","id":31037,"geometry":{"type":"Point","coordinates":[-75.1525637683906,39.9706440694915]},"properties":{"objectid":31037,"crn":2024031968,"crash_year":2024,"pedestrian":1,"bicycle":0,"fatal_count":0,"susp_serious_inj_count":0,"ped_death_count":0,"ped_susp_serious_inj_count":0,"bicycle_death_count":0,"bicycle_susp_serious_inj_count":0}},{"type":"Feature","id":31040,"geometry":{"type":"Point","coordinates":[-75.1598547717041,39.9924360729237]},"properties":{"objectid":31040,"crn":2024035609,"crash_year":2024,"pedestrian":1,"bicycle":0,"fatal_count":0,"susp_serious_inj_count":0,"ped_death_count":0,"ped_susp_serious_inj_count":0,"bicycle_death_count":0,"bicycle_susp_serious_inj_count":0}},{"type":"Feature","id":31050,"geometry":{"type":"Point","coordinates":[-75.1572477695313,39.9712390694987]},"properties":{"objectid":31050,"crn":2024031970,"crash_year":2024,"pedestrian":1,"bicycle":0,"fatal_count":0,"susp_serious_inj_count":0,"ped_death_count":0,"ped_susp_serious_inj_count":0,"bicycle_death_count":0,"bicycle_susp_serious_inj_count":0}},{"type":"Feature","id":31063,"geometry":{"type":"Point","coordinates":[-75.1982267831788,39.9747420684812]},"properties":{"objectid":31063,"crn":2024031847,"crash_year":2024,"pedestrian":1,"bicycle":0,"fatal_count":0,"susp_serious_inj_count":0,"ped_death_count":0,"ped_susp_serious_inj_count":0,"bicycle_death_count":0,"bicycle_susp_serious_inj_count":0}},{"type":"Feature","id":31115,"geometry":{"type":"Point","coordinates":[-75.1642417723551,39.9720880689748]},"properties":{"objectid":31115,"crn":2024031972,"crash_year":2024,"pedestrian":1,"bicycle":0,"fatal_count":0,"susp_serious_inj_count":0,"ped_death_count":0,"ped_susp_serious_inj_count":0,"bicycle_death_count":0,"bicycle_susp_serious_inj_count":0}},{"type":"Feature","id":31117,"geometry":{"type":"Point","coordinates":[-75.0933327522952,40.0059590781094]},"properties":{"objectid":31117,"crn":2024032011,"crash_year":2024,"pedestrian":1,"bicycle":0,"fatal_count":0,"susp_serious_inj_count":0,"ped_death_count":0,"ped_susp_serious_inj_count":0,"bicycle_death_count":0,"bicycle_susp_serious_inj_count":0}},{"type":"Feature","id":31127,"geometry":{"type":"Point","coordinates":[-75.1711517712476,39.9233320590493]},"properties":{"objectid":31127,"crn":2024031459,"crash_year":2024,"pedestrian":1,"bicycle":0,"fatal_count":0,"susp_serious_inj_count":0,"ped_death_count":0,"ped_susp_serious_inj_count":0,"bicycle_death_count":0,"bicycle_susp_serious_inj_count":0}},{"type":"Feature","id":31139,"geometry":{"type":"Point","coordinates":[-75.1558787706553,39.9878790721299]},"properties":{"objectid":31139,"crn":2024031971,"crash_year":2024,"pedestrian":1,"bicycle":0,"fatal_count":0,"susp_serious_inj_count":0,"ped_death_count":0,"ped_susp_serious_inj_count":0,"bicycle_death_count":0,"bicycle_susp_serious_inj_count":0}},{"type":"Feature","id":31171,"geometry":{"type":"Point","coordinates":[-75.1512407710087,40.0092650768922]},"properties":{"objectid":31171,"crn":2024032049,"crash_year":2024,"pedestrian":1,"bicycle":0,"fatal_count":0,"susp_serious_inj_count":0,"ped_death_count":0,"ped_susp_serious_inj_count":0,"bicycle_death_count":0,"bicycle_susp_serious_inj_count":0}},{"type":"Feature","id":31175,"geometry":{"type":"Point","coordinates":[-75.2025007833097,39.9541240637389]},"properties":{"objectid":31175,"crn":2024033176,"crash_year":2024,"pedestrian":1,"bicycle":0,"fatal_count":0,"susp_serious_inj_count":0,"ped_death_count":0,"ped_susp_serious_inj_count":0,"bicycle_death_count":0,"bicycle_susp_serious_inj_count":0}},{"type":"Feature","id":31196,"geometry":{"type":"Point","coordinates":[-75.1545487707321,39.9939500733862]},"properties":{"objectid":31196,"crn":2024032050,"crash_year":2024,"pedestrian":1,"bicycle":0,"fatal_count":0,"susp_serious_inj_count":0,"ped_death_count":0,"ped_susp_serious_inj_count":0,"bicycle_death_count":0,"bicycle_susp_serious_inj_count":0}},{"type":"Feature","id":31205,"geometry":{"type":"Point","coordinates":[-75.1665707712294,39.9390810626655]},"properties":{"objectid":31205,"crn":2024031513,"crash_year":2024,"pedestrian":1,"bicycle":0,"fatal_count":0,"susp_serious_inj_count":1,"ped_death_count":0,"ped_susp_serious_inj_count":1,"bicycle_death_count":0,"bicycle_susp_serious_inj_count":0}},{"type":"Feature","id":31248,"geometry":{"type":"Point","coordinates":[-75.2457647994181,39.9842870685559]},"properties":{"objectid":31248,"crn":2024021285,"crash_year":2024,"pedestrian":1,"bicycle":0,"fatal_count":0,"susp_serious_inj_count":0,"ped_death_count":0,"ped_susp_serious_inj_count":0,"bicycle_death_count":0,"bicycle_susp_serious_inj_count":0}},{"type":"Feature","id":31258,"geometry":{"type":"Point","coordinates":[-75.1485947700171,40.021414079448]},"properties":{"objectid":31258,"crn":2024032165,"crash_year":2024,"pedestrian":1,"bicycle":0,"fatal_count":0,"susp_serious_inj_count":0,"ped_death_count":0,"ped_susp_serious_inj_count":0,"bicycle_death_count":0,"bicycle_susp_serious_inj_count":0}},{"type":"Feature","id":31278,"geometry":{"type":"Point","coordinates":[-75.1174027591773,39.9969750759356]},"properties":{"objectid":31278,"crn":2024032000,"crash_year":2024,"pedestrian":1,"bicycle":0,"fatal_count":0,"susp_serious_inj_count":0,"ped_death_count":0,"ped_susp_serious_inj_count":0,"bicycle_death_count":0,"bicycle_susp_serious_inj_count":0}},{"type":"Feature","id":31318,"geometry":{"type":"Point","coordinates":[-75.0556847407897,40.0195140826534]},"properties":{"objectid":31318,"crn":2024031735,"crash_year":2024,"pedestrian":1,"bicycle":0,"fatal_count":0,"susp_serious_inj_count":0,"ped_death_count":0,"ped_susp_serious_inj_count":0,"bicycle_death_count":0,"bicycle_susp_serious_inj_count":0}},{"type":"Feature","id":31341,"geometry":{"type":"Point","coordinates":[-75.1483517687858,40.0054860763618]},"properties":{"objectid":31341,"crn":2024032040,"crash_year":2024,"pedestrian":1,"bicycle":0,"fatal_count":0,"susp_serious_inj_count":0,"ped_death_count":0,"ped_susp_serious_inj_count":0,"bicycle_death_count":0,"bicycle_susp_serious_inj_count":0}},{"type":"Feature","id":31349,"geometry":{"type":"Point","coordinates":[-75.168027770724,39.9317260611975]},"properties":{"objectid":31349,"crn":2024027376,"crash_year":2024,"pedestrian":1,"bicycle":0,"fatal_count":0,"susp_serious_inj_count":0,"ped_death_count":0,"ped_susp_serious_inj_count":0,"bicycle_death_count":0,"bicycle_susp_serious_inj_count":0}},{"type":"Feature","id":31363,"geometry":{"type":"Point","coordinates":[-75.1501027732354,40.0515560849887]},"properties":{"objectid":31363,"crn":2024029284,"crash_year":2024,"pedestrian":1,"bicycle":0,"fatal_count":0,"susp_serious_inj_count":0,"ped_death_count":0,"ped_susp_serious_inj_count":0,"bicycle_death_count":0,"bicycle_susp_serious_inj_count":0}},{"type":"Feature","id":31398,"geometry":{"type":"Point","coordinates":[-75.1662297707155,39.9400480624163]},"properties":{"objectid":31398,"crn":2024034529,"crash_year":2024,"pedestrian":0,"bicycle":1,"fatal_count":0,"susp_serious_inj_count":0,"ped_death_count":0,"ped_susp_serious_inj_count":0,"bicycle_death_count":0,"bicycle_susp_serious_inj_count":0}},{"type":"Feature","id":31412,"geometry":{"type":"Point","coordinates":[-75.240337793009,39.9130140548208]},"properties":{"objectid":31412,"crn":2024031698,"crash_year":2024,"pedestrian":0,"bicycle":1,"fatal_count":0,"susp_serious_inj_count":0,"ped_death_count":0,"ped_susp_serious_inj_count":0,"bicycle_death_count":0,"bicycle_susp_serious_inj_count":0}},{"type":"Feature","id":31425,"geometry":{"type":"Point","coordinates":[-75.1576717677284,39.9253310605031]},"properties":{"objectid":31425,"crn":2024035601,"crash_year":2024,"pedestrian":1,"bicycle":0,"fatal_count":0,"susp_serious_inj_count":0,"ped_death_count":0,"ped_susp_serious_inj_count":0,"bicycle_death_count":0,"bicycle_susp_serious_inj_count":0}},{"type":"Feature","id":31434,"geometry":{"type":"Point","coordinates":[-75.1736947746214,39.9601300661865]},"properties":{"objectid":31434,"crn":2024038995,"crash_year":2024,"pedestrian":0,"bicycle":1,"fatal_count":0,"susp_serious_inj_count":1,"ped_death_count":0,"ped_susp_serious_inj_count":0,"bicycle_death_count":0,"bicycle_susp_serious_inj_count":1}},{"type":"Feature","id":31440,"geometry":{"type":"Point","coordinates":[-75.2376047968365,39.9886580693453]},"properties":{"objectid":31440,"crn":2024034536,"crash_year":2024,"pedestrian":1,"bicycle":0,"fatal_count":0,"susp_serious_inj_count":0,"ped_death_count":0,"ped_susp_serious_inj_count":0,"bicycle_death_count":0,"bicycle_susp_serious_inj_count":0}},{"type":"Feature","id":31455,"geometry":{"type":"Point","coordinates":[-75.2018897837331,39.9571140647483]},"properties":{"objectid":31455,"crn":2024033686,"crash_year":2024,"pedestrian":1,"bicycle":0,"fatal_count":0,"susp_serious_inj_count":0,"ped_death_count":0,"ped_susp_serious_inj_count":0,"bicycle_death_count":0,"bicycle_susp_serious_inj_count":0}},{"type":"Feature","id":31470,"geometry":{"type":"Point","coordinates":[-75.1655077727707,39.9776390697852]},"properties":{"objectid":31470,"crn":2024044062,"crash_year":2024,"pedestrian":1,"bicycle":0,"fatal_count":0,"susp_serious_inj_count":0,"ped_death_count":0,"ped_susp_serious_inj_count":0,"bicycle_death_count":0,"bicycle_susp_serious_inj_count":0}},{"type":"Feature","id":31471,"geometry":{"type":"Point","coordinates":[-75.0939717526543,40.0059360784602]},"properties":{"objectid":31471,"crn":2024032742,"crash_year":2024,"pedestrian":1,"bicycle":0,"fatal_count":0,"susp_serious_inj_count":0,"ped_death_count":0,"ped_susp_serious_inj_count":0,"bicycle_death_count":0,"bicycle_susp_serious_inj_count":0}},{"type":"Feature","id":31487,"geometry":{"type":"Point","coordinates":[-75.1497897676755,39.9613860671375]},"properties":{"objectid":31487,"crn":2024033839,"crash_year":2024,"pedestrian":0,"bicycle":1,"fatal_count":0,"susp_serious_inj_count":0,"ped_death_count":0,"ped_susp_serious_inj_count":0,"bicycle_death_count":0,"bicycle_susp_serious_inj_count":0}},{"type":"Feature","id":31507,"geometry":{"type":"Point","coordinates":[-75.1594777697801,39.9611910672325]},"properties":{"objectid":31507,"crn":2024035981,"crash_year":2024,"pedestrian":0,"bicycle":1,"fatal_count":0,"susp_serious_inj_count":0,"ped_death_count":0,"ped_susp_serious_inj_count":0,"bicycle_death_count":0,"bicycle_susp_serious_inj_count":0}},{"type":"Feature","id":31561,"geometry":{"type":"Point","coordinates":[-75.1622517712713,39.958759066984]},"properties":{"objectid":31561,"crn":2024049668,"crash_year":2024,"pedestrian":1,"bicycle":0,"fatal_count":0,"susp_serious_inj_count":0,"ped_death_count":0,"ped_susp_serious_inj_count":0,"bicycle_death_count":0,"bicycle_susp_serious_inj_count":0}},{"type":"Feature","id":31584,"geometry":{"type":"Point","coordinates":[-75.16462177168,39.9583760660027]},"properties":{"objectid":31584,"crn":2024049823,"crash_year":2024,"pedestrian":1,"bicycle":0,"fatal_count":1,"susp_serious_inj_count":0,"ped_death_count":1,"ped_susp_serious_inj_count":0,"bicycle_death_count":0,"bicycle_susp_serious_inj_count":0}},{"type":"Feature","id":31594,"geometry":{"type":"Point","coordinates":[-75.1561447707551,39.9862960721826]},"properties":{"objectid":31594,"crn":2024039277,"crash_year":2024,"pedestrian":1,"bicycle":0,"fatal_count":0,"susp_serious_inj_count":0,"ped_death_count":0,"ped_susp_serious_inj_count":0,"bicycle_death_count":0,"bicycle_susp_serious_inj_count":0}},{"type":"Feature","id":31601,"geometry":{"type":"Point","coordinates":[-75.1367247693994,40.0618800876987]},"properties":{"objectid":31601,"crn":2024038608,"crash_year":2024,"pedestrian":0,"bicycle":1,"fatal_count":0,"susp_serious_inj_count":0,"ped_death_count":0,"ped_susp_serious_inj_count":0,"bicycle_death_count":0,"bicycle_susp_serious_inj_count":0}},{"type":"Feature","id":31607,"geometry":{"type":"Point","coordinates":[-75.1736097751045,39.9605250664339]},"properties":{"objectid":31607,"crn":2024050305,"crash_year":2024,"pedestrian":0,"bicycle":1,"fatal_count":0,"susp_serious_inj_count":0,"ped_death_count":0,"ped_susp_serious_inj_count":0,"bicycle_death_count":0,"bicycle_susp_serious_inj_count":0}},{"type":"Feature","id":31617,"geometry":{"type":"Point","coordinates":[-75.1899407794961,39.9631050665035]},"properties":{"objectid":31617,"crn":2024043584,"crash_year":2024,"pedestrian":0,"bicycle":1,"fatal_count":0,"susp_serious_inj_count":0,"ped_death_count":0,"ped_susp_serious_inj_count":0,"bicycle_death_count":0,"bicycle_susp_serious_inj_count":0}},{"type":"Feature","id":31634,"geometry":{"type":"Point","coordinates":[-75.2440607963654,39.9463310613899]},"properties":{"objectid":31634,"crn":2024048168,"crash_year":2024,"pedestrian":1,"bicycle":0,"fatal_count":0,"susp_serious_inj_count":1,"ped_death_count":0,"ped_susp_serious_inj_count":1,"bicycle_death_count":0,"bicycle_susp_serious_inj_count":0}},{"type":"Feature","id":31652,"geometry":{"type":"Point","coordinates":[-75.2355327933743,39.946883061133]},"properties":{"objectid":31652,"crn":2024051221,"crash_year":2024,"pedestrian":0,"bicycle":1,"fatal_count":0,"susp_serious_inj_count":0,"ped_death_count":0,"ped_susp_serious_inj_count":0,"bicycle_death_count":0,"bicycle_susp_serious_inj_count":0}},{"type":"Feature","id":31678,"geometry":{"type":"Point","coordinates":[-75.2064437857423,39.9739350675835]},"properties":{"objectid":31678,"crn":2024033101,"crash_year":2024,"pedestrian":1,"bicycle":0,"fatal_count":0,"susp_serious_inj_count":0,"ped_death_count":0,"ped_susp_serious_inj_count":0,"bicycle_death_count":0,"bicycle_susp_serious_inj_count":0}},{"type":"Feature","id":31688,"geometry":{"type":"Point","coordinates":[-75.1602597694205,39.9368660618961]},"properties":{"objectid":31688,"crn":2024038476,"crash_year":2024,"pedestrian":0,"bicycle":1,"fatal_count":0,"susp_serious_inj_count":0,"ped_death_count":0,"ped_susp_serious_inj_count":0,"bicycle_death_count":0,"bicycle_susp_serious_inj_count":0}},{"type":"Feature","id":31695,"geometry":{"type":"Point","coordinates":[-75.1894747791303,39.9556620649965]},"properties":{"objectid":31695,"crn":2024021478,"crash_year":2024,"pedestrian":1,"bicycle":0,"fatal_count":0,"susp_serious_inj_count":0,"ped_death_count":0,"ped_susp_serious_inj_count":0,"bicycle_death_count":0,"bicycle_susp_serious_inj_count":0}},{"type":"Feature","id":31697,"geometry":{"type":"Point","coordinates":[-75.1969657812246,39.9510000640821]},"properties":{"objectid":31697,"crn":2024038291,"crash_year":2024,"pedestrian":1,"bicycle":0,"fatal_count":1,"susp_serious_inj_count":0,"ped_death_count":1,"ped_susp_serious_inj_count":0,"bicycle_death_count":0,"bicycle_susp_serious_inj_count":0}},{"type":"Feature","id":31712,"geometry":{"type":"Point","coordinates":[-75.1545487707321,39.9939500733862]},"properties":{"objectid":31712,"crn":2024031976,"crash_year":2024,"pedestrian":1,"bicycle":0,"fatal_count":0,"susp_serious_inj_count":0,"ped_death_count":0,"ped_susp_serious_inj_count":0,"bicycle_death_count":0,"bicycle_susp_serious_inj_count":0}},{"type":"Feature","id":31719,"geometry":{"type":"Point","coordinates":[-75.243165793393,39.9034400528056]},"properties":{"objectid":31719,"crn":2024031691,"crash_year":2024,"pedestrian":1,"bicycle":0,"fatal_count":0,"susp_serious_inj_count":0,"ped_death_count":0,"ped_susp_serious_inj_count":0,"bicycle_death_count":0,"bicycle_susp_serious_inj_count":0}},{"type":"Feature","id":31722,"geometry":{"type":"Point","coordinates":[-75.241907791561,39.8919500500327]},"properties":{"objectid":31722,"crn":2024061644,"crash_year":2024,"pedestrian":1,"bicycle":0,"fatal_count":0,"susp_serious_inj_count":0,"ped_death_count":0,"ped_susp_serious_inj_count":0,"bicycle_death_count":0,"bicycle_susp_serious_inj_count":0}},{"type":"Feature","id":31725,"geometry":{"type":"Point","coordinates":[-75.2314467932235,39.957706063853]},"properties":{"objectid":31725,"crn":2024045115,"crash_year":2024,"pedestrian":1,"bicycle":0,"fatal_count":0,"susp_serious_inj_count":0,"ped_death_count":0,"ped_susp_serious_inj_count":0,"bicycle_death_count":0,"bicycle_susp_serious_inj_count":0}},{"type":"Feature","id":31726,"geometry":{"type":"Point","coordinates":[-75.1616337705308,39.9616290674201]},"properties":{"objectid":31726,"crn":2024031668,"crash_year":2024,"pedestrian":0,"bicycle":1,"fatal_count":0,"susp_serious_inj_count":0,"ped_death_count":0,"ped_susp_serious_inj_count":0,"bicycle_death_count":0,"bicycle_susp_serious_inj_count":0}},{"type":"Feature","id":31744,"geometry":{"type":"Point","coordinates":[-75.1848007760549,39.9227220582155]},"properties":{"objectid":31744,"crn":2024031462,"crash_year":2024,"pedestrian":1,"bicycle":0,"fatal_count":0,"susp_serious_inj_count":0,"ped_death_count":0,"ped_susp_serious_inj_count":0,"bicycle_death_count":0,"bicycle_susp_serious_inj_count":0}},{"type":"Feature","id":31764,"geometry":{"type":"Point","coordinates":[-75.1638317714021,39.9508550649976]},"properties":{"objectid":31764,"crn":2024055240,"crash_year":2024,"pedestrian":1,"bicycle":0,"fatal_count":0,"susp_serious_inj_count":0,"ped_death_count":0,"ped_susp_serious_inj_count":0,"bicycle_death_count":0,"bicycle_susp_serious_inj_count":0}},{"type":"Feature","id":31790,"geometry":{"type":"Point","coordinates":[-75.1901497773544,39.9218280580307]},"properties":{"objectid":31790,"crn":2024031463,"crash_year":2024,"pedestrian":1,"bicycle":0,"fatal_count":0,"susp_serious_inj_count":0,"ped_death_count":0,"ped_susp_serious_inj_count":0,"bicycle_death_count":0,"bicycle_susp_serious_inj_count":0}},{"type":"Feature","id":31798,"geometry":{"type":"Point","coordinates":[-75.121695759967,39.9975270755801]},"properties":{"objectid":31798,"crn":2024032066,"crash_year":2024,"pedestrian":1,"bicycle":0,"fatal_count":0,"susp_serious_inj_count":0,"ped_death_count":0,"ped_susp_serious_inj_count":0,"bicycle_death_count":0,"bicycle_susp_serious_inj_count":0}},{"type":"Feature","id":31801,"geometry":{"type":"Point","coordinates":[-75.1995767818165,39.9494300634795]},"properties":{"objectid":31801,"crn":2024045314,"crash_year":2024,"pedestrian":0,"bicycle":1,"fatal_count":0,"susp_serious_inj_count":1,"ped_death_count":0,"ped_susp_serious_inj_count":0,"bicycle_death_count":0,"bicycle_susp_serious_inj_count":1}},{"type":"Feature","id":31808,"geometry":{"type":"Point","coordinates":[-75.1443007633717,39.9293040617607]},"properties":{"objectid":31808,"crn":2024044269,"crash_year":2024,"pedestrian":1,"bicycle":0,"fatal_count":0,"susp_serious_inj_count":0,"ped_death_count":0,"ped_susp_serious_inj_count":0,"bicycle_death_count":0,"bicycle_susp_serious_inj_count":0}},{"type":"Feature","id":31811,"geometry":{"type":"Point","coordinates":[-75.2113747858048,39.9567770641134]},"properties":{"objectid":31811,"crn":2024054326,"crash_year":2024,"pedestrian":1,"bicycle":0,"fatal_count":0,"susp_serious_inj_count":0,"ped_death_count":0,"ped_susp_serious_inj_count":0,"bicycle_death_count":0,"bicycle_susp_serious_inj_count":0}},{"type":"Feature","id":31812,"geometry":{"type":"Point","coordinates":[-75.1852007757847,39.922651058423]},"properties":{"objectid":31812,"crn":2024045627,"crash_year":2024,"pedestrian":1,"bicycle":0,"fatal_count":0,"susp_serious_inj_count":0,"ped_death_count":0,"ped_susp_serious_inj_count":0,"bicycle_death_count":0,"bicycle_susp_serious_inj_count":0}},{"type":"Feature","id":31814,"geometry":{"type":"Point","coordinates":[-75.2251857904902,39.9584830644442]},"properties":{"objectid":31814,"crn":2024045920,"crash_year":2024,"pedestrian":1,"bicycle":0,"fatal_count":0,"susp_serious_inj_count":0,"ped_death_count":0,"ped_susp_serious_inj_count":0,"bicycle_death_count":0,"bicycle_susp_serious_inj_count":0}},{"type":"Feature","id":31820,"geometry":{"type":"Point","coordinates":[-75.1777447730028,39.9176070575661]},"properties":{"objectid":31820,"crn":2024044765,"crash_year":2024,"pedestrian":0,"bicycle":1,"fatal_count":0,"susp_serious_inj_count":0,"ped_death_count":0,"ped_susp_serious_inj_count":0,"bicycle_death_count":0,"bicycle_susp_serious_inj_count":0}},{"type":"Feature","id":31838,"geometry":{"type":"Point","coordinates":[-75.224782787428,39.902492053387]},"properties":{"objectid":31838,"crn":2024043482,"crash_year":2024,"pedestrian":0,"bicycle":1,"fatal_count":0,"susp_serious_inj_count":0,"ped_death_count":0,"ped_susp_serious_inj_count":0,"bicycle_death_count":0,"bicycle_susp_serious_inj_count":0}},{"type":"Feature","id":31850,"geometry":{"type":"Point","coordinates":[-75.1645657714625,39.9482260645261]},"properties":{"objectid":31850,"crn":2024053969,"crash_year":2024,"pedestrian":1,"bicycle":0,"fatal_count":0,"susp_serious_inj_count":0,"ped_death_count":0,"ped_susp_serious_inj_count":0,"bicycle_death_count":0,"bicycle_susp_serious_inj_count":0}},{"type":"Feature","id":31875,"geometry":{"type":"Point","coordinates":[-75.1925867799492,39.9504480637839]},"properties":{"objectid":31875,"crn":2024047186,"crash_year":2024,"pedestrian":0,"bicycle":1,"fatal_count":0,"susp_serious_inj_count":0,"ped_death_count":0,"ped_susp_serious_inj_count":0,"bicycle_death_count":0,"bicycle_susp_serious_inj_count":0}},{"type":"Feature","id":31891,"geometry":{"type":"Point","coordinates":[-75.1482097645681,39.9216140597335]},"properties":{"objectid":31891,"crn":2024042073,"crash_year":2024,"pedestrian":1,"bicycle":0,"fatal_count":0,"susp_serious_inj_count":0,"ped_death_count":0,"ped_susp_serious_inj_count":0,"bicycle_death_count":0,"bicycle_susp_serious_inj_count":0}},{"type":"Feature","id":31892,"geometry":{"type":"Point","coordinates":[-75.2281627907679,39.9463100619534]},"properties":{"objectid":31892,"crn":2024045307,"crash_year":2024,"pedestrian":1,"bicycle":0,"fatal_count":0,"susp_serious_inj_count":1,"ped_death_count":0,"ped_susp_serious_inj_count":1,"bicycle_death_count":0,"bicycle_susp_serious_inj_count":0}},{"type":"Feature","id":31896,"geometry":{"type":"Point","coordinates":[-75.1913247803384,39.9565800646596]},"properties":{"objectid":31896,"crn":2024043313,"crash_year":2024,"pedestrian":0,"bicycle":1,"fatal_count":0,"susp_serious_inj_count":1,"ped_death_count":0,"ped_susp_serious_inj_count":0,"bicycle_death_count":0,"bicycle_susp_serious_inj_count":1}},{"type":"Feature","id":31901,"geometry":{"type":"Point","coordinates":[-75.2342377937378,39.9596130645277]},"properties":{"objectid":31901,"crn":2024046731,"crash_year":2024,"pedestrian":0,"bicycle":1,"fatal_count":0,"susp_serious_inj_count":0,"ped_death_count":0,"ped_susp_serious_inj_count":0,"bicycle_death_count":0,"bicycle_susp_serious_inj_count":0}},{"type":"Feature","id":31913,"geometry":{"type":"Point","coordinates":[-75.1912587793653,39.9507120637216]},"properties":{"objectid":31913,"crn":2024039119,"crash_year":2024,"pedestrian":0,"bicycle":1,"fatal_count":0,"susp_serious_inj_count":0,"ped_death_count":0,"ped_susp_serious_inj_count":0,"bicycle_death_count":0,"bicycle_susp_serious_inj_count":0}},{"type":"Feature","id":31914,"geometry":{"type":"Point","coordinates":[-75.2200287899754,39.9638410659178]},"properties":{"objectid":31914,"crn":2024044775,"crash_year":2024,"pedestrian":1,"bicycle":0,"fatal_count":0,"susp_serious_inj_count":0,"ped_death_count":0,"ped_susp_serious_inj_count":0,"bicycle_death_count":0,"bicycle_susp_serious_inj_count":0}},{"type":"Feature","id":31921,"geometry":{"type":"Point","coordinates":[-75.221544789167,39.9564810638995]},"properties":{"objectid":31921,"crn":2024044056,"crash_year":2024,"pedestrian":1,"bicycle":0,"fatal_count":0,"susp_serious_inj_count":1,"ped_death_count":0,"ped_susp_serious_inj_count":1,"bicycle_death_count":0,"bicycle_susp_serious_inj_count":0}},{"type":"Feature","id":31930,"geometry":{"type":"Point","coordinates":[-75.1501017723709,40.0515540855063]},"properties":{"objectid":31930,"crn":2024056507,"crash_year":2024,"pedestrian":1,"bicycle":0,"fatal_count":0,"susp_serious_inj_count":0,"ped_death_count":0,"ped_susp_serious_inj_count":0,"bicycle_death_count":0,"bicycle_susp_serious_inj_count":0}},{"type":"Feature","id":31936,"geometry":{"type":"Point","coordinates":[-75.1280057623581,40.0043220772569]},"properties":{"objectid":31936,"crn":2024039689,"crash_year":2024,"pedestrian":1,"bicycle":0,"fatal_count":0,"susp_serious_inj_count":1,"ped_death_count":0,"ped_susp_serious_inj_count":1,"bicycle_death_count":0,"bicycle_susp_serious_inj_count":0}},{"type":"Feature","id":31944,"geometry":{"type":"Point","coordinates":[-75.2321917928394,39.9593580640324]},"properties":{"objectid":31944,"crn":2024045922,"crash_year":2024,"pedestrian":1,"bicycle":0,"fatal_count":0,"susp_serious_inj_count":0,"ped_death_count":0,"ped_susp_serious_inj_count":0,"bicycle_death_count":0,"bicycle_susp_serious_inj_count":0}},{"type":"Feature","id":31946,"geometry":{"type":"Point","coordinates":[-75.1361847631489,39.9689240693214]},"properties":{"objectid":31946,"crn":2024051559,"crash_year":2024,"pedestrian":1,"bicycle":0,"fatal_count":0,"susp_serious_inj_count":0,"ped_death_count":0,"ped_susp_serious_inj_count":0,"bicycle_death_count":0,"bicycle_susp_serious_inj_count":0}},{"type":"Feature","id":31970,"geometry":{"type":"Point","coordinates":[-75.1521297703475,40.0046750756721]},"properties":{"objectid":31970,"crn":2024051915,"crash_year":2024,"pedestrian":1,"bicycle":0,"fatal_count":0,"susp_serious_inj_count":0,"ped_death_count":0,"ped_susp_serious_inj_count":0,"bicycle_death_count":0,"bicycle_susp_serious_inj_count":0}},{"type":"Feature","id":31976,"geometry":{"type":"Point","coordinates":[-75.1418177638797,39.9451610649594]},"properties":{"objectid":31976,"crn":2024039830,"crash_year":2024,"pedestrian":1,"bicycle":0,"fatal_count":0,"susp_serious_inj_count":0,"ped_death_count":0,"ped_susp_serious_inj_count":0,"bicycle_death_count":0,"bicycle_susp_serious_inj_count":0}},{"type":"Feature","id":32014,"geometry":{"type":"Point","coordinates":[-75.1978977824495,39.9574320653652]},"properties":{"objectid":32014,"crn":2024047278,"crash_year":2024,"pedestrian":1,"bicycle":0,"fatal_count":0,"susp_serious_inj_count":0,"ped_death_count":0,"ped_susp_serious_inj_count":0,"bicycle_death_count":0,"bicycle_susp_serious_inj_count":0}},{"type":"Feature","id":32033,"geometry":{"type":"Point","coordinates":[-75.2230527890047,39.9477270621163]},"properties":{"objectid":32033,"crn":2024036318,"crash_year":2024,"pedestrian":0,"bicycle":1,"fatal_count":0,"susp_serious_inj_count":0,"ped_death_count":0,"ped_susp_serious_inj_count":0,"bicycle_death_count":0,"bicycle_susp_serious_inj_count":0}},{"type":"Feature","id":32060,"geometry":{"type":"Point","coordinates":[-75.2274337912199,39.9603620649094]},"properties":{"objectid":32060,"crn":2024066489,"crash_year":2024,"pedestrian":1,"bicycle":0,"fatal_count":0,"susp_serious_inj_count":0,"ped_death_count":0,"ped_susp_serious_inj_count":0,"bicycle_death_count":0,"bicycle_susp_serious_inj_count":0}},{"type":"Feature","id":32103,"geometry":{"type":"Point","coordinates":[-75.1970287823347,39.9595760652534]},"properties":{"objectid":32103,"crn":2024051409,"crash_year":2024,"pedestrian":1,"bicycle":0,"fatal_count":0,"susp_serious_inj_count":0,"ped_death_count":0,"ped_susp_serious_inj_count":0,"bicycle_death_count":0,"bicycle_susp_serious_inj_count":0}},{"type":"Feature","id":32136,"geometry":{"type":"Point","coordinates":[-75.2268557904271,39.950472062146]},"properties":{"objectid":32136,"crn":2024015851,"crash_year":2024,"pedestrian":1,"bicycle":0,"fatal_count":0,"susp_serious_inj_count":0,"ped_death_count":0,"ped_susp_serious_inj_count":0,"bicycle_death_count":0,"bicycle_susp_serious_inj_count":0}},{"type":"Feature","id":32169,"geometry":{"type":"Point","coordinates":[-75.1604517711956,39.9666510682808]},"properties":{"objectid":32169,"crn":2024031549,"crash_year":2024,"pedestrian":1,"bicycle":0,"fatal_count":0,"susp_serious_inj_count":0,"ped_death_count":0,"ped_susp_serious_inj_count":0,"bicycle_death_count":0,"bicycle_susp_serious_inj_count":0}},{"type":"Feature","id":32171,"geometry":{"type":"Point","coordinates":[-75.2374607948584,39.9584500636358]},"properties":{"objectid":32171,"crn":2024026521,"crash_year":2024,"pedestrian":0,"bicycle":1,"fatal_count":0,"susp_serious_inj_count":0,"ped_death_count":0,"ped_susp_serious_inj_count":0,"bicycle_death_count":0,"bicycle_susp_serious_inj_count":0}},{"type":"Feature","id":32209,"geometry":{"type":"Point","coordinates":[-75.1480767694653,40.000981075646]},"properties":{"objectid":32209,"crn":2024032034,"crash_year":2024,"pedestrian":1,"bicycle":0,"fatal_count":0,"susp_serious_inj_count":0,"ped_death_count":0,"ped_susp_serious_inj_count":0,"bicycle_death_count":0,"bicycle_susp_serious_inj_count":0}},{"type":"Feature","id":32212,"geometry":{"type":"Point","coordinates":[-75.165025771154,39.9455660638054]},"properties":{"objectid":32212,"crn":2024031565,"crash_year":2024,"pedestrian":1,"bicycle":0,"fatal_count":0,"susp_serious_inj_count":0,"ped_death_count":0,"ped_susp_serious_inj_count":0,"bicycle_death_count":0,"bicycle_susp_serious_inj_count":0}},{"type":"Feature","id":32214,"geometry":{"type":"Point","coordinates":[-75.1413807641246,39.9605770677397]},"properties":{"objectid":32214,"crn":2024031551,"crash_year":2024,"pedestrian":1,"bicycle":0,"fatal_count":0,"susp_serious_inj_count":0,"ped_death_count":0,"ped_susp_serious_inj_count":0,"bicycle_death_count":0,"bicycle_susp_serious_inj_count":0}},{"type":"Feature","id":32233,"geometry":{"type":"Point","coordinates":[-75.156398771025,39.9851320721946]},"properties":{"objectid":32233,"crn":2024068268,"crash_year":2024,"pedestrian":1,"bicycle":0,"fatal_count":0,"susp_serious_inj_count":0,"ped_death_count":0,"ped_susp_serious_inj_count":0,"bicycle_death_count":0,"bicycle_susp_serious_inj_count":0}},{"type":"Feature","id":32240,"geometry":{"type":"Point","coordinates":[-75.244770796719,39.9621660641953]},"properties":{"objectid":32240,"crn":2024031884,"crash_year":2024,"pedestrian":1,"bicycle":0,"fatal_count":0,"susp_serious_inj_count":0,"ped_death_count":0,"ped_susp_serious_inj_count":0,"bicycle_death_count":0,"bicycle_susp_serious_inj_count":0}},{"type":"Feature","id":32251,"geometry":{"type":"Point","coordinates":[-75.1947597840859,39.9969410729438]},"properties":{"objectid":32251,"crn":2024026767,"crash_year":2024,"pedestrian":1,"bicycle":0,"fatal_count":0,"susp_serious_inj_count":1,"ped_death_count":0,"ped_susp_serious_inj_count":1,"bicycle_death_count":0,"bicycle_susp_serious_inj_count":0}},{"type":"Feature","id":32275,"geometry":{"type":"Point","coordinates":[-75.1342607618108,39.9644480689138]},"properties":{"objectid":32275,"crn":2024058418,"crash_year":2024,"pedestrian":0,"bicycle":1,"fatal_count":0,"susp_serious_inj_count":0,"ped_death_count":0,"ped_susp_serious_inj_count":0,"bicycle_death_count":0,"bicycle_susp_serious_inj_count":0}},{"type":"Feature","id":32288,"geometry":{"type":"Point","coordinates":[-75.2075997889222,40.0151700761139]},"properties":{"objectid":32288,"crn":2024031525,"crash_year":2024,"pedestrian":1,"bicycle":0,"fatal_count":0,"susp_serious_inj_count":0,"ped_death_count":0,"ped_susp_serious_inj_count":0,"bicycle_death_count":0,"bicycle_susp_serious_inj_count":0}},{"type":"Feature","id":32317,"geometry":{"type":"Point","coordinates":[-75.1925497837497,40.0074860754592]},"properties":{"objectid":32317,"crn":2024066953,"crash_year":2024,"pedestrian":1,"bicycle":0,"fatal_count":0,"susp_serious_inj_count":0,"ped_death_count":0,"ped_susp_serious_inj_count":0,"bicycle_death_count":0,"bicycle_susp_serious_inj_count":0}},{"type":"Feature","id":32323,"geometry":{"type":"Point","coordinates":[-75.168608772226,39.9514530647713]},"properties":{"objectid":32323,"crn":2024057110,"crash_year":2024,"pedestrian":1,"bicycle":0,"fatal_count":0,"susp_serious_inj_count":0,"ped_death_count":0,"ped_susp_serious_inj_count":0,"bicycle_death_count":0,"bicycle_susp_serious_inj_count":0}},{"type":"Feature","id":32384,"geometry":{"type":"Point","coordinates":[-75.1805897761903,39.9560850654551]},"properties":{"objectid":32384,"crn":2024068440,"crash_year":2024,"pedestrian":1,"bicycle":0,"fatal_count":0,"susp_serious_inj_count":0,"ped_death_count":0,"ped_susp_serious_inj_count":0,"bicycle_death_count":0,"bicycle_susp_serious_inj_count":0}},{"type":"Feature","id":32417,"geometry":{"type":"Point","coordinates":[-75.0970247536023,40.0058280778147]},"properties":{"objectid":32417,"crn":2024051222,"crash_year":2024,"pedestrian":0,"bicycle":1,"fatal_count":0,"susp_serious_inj_count":0,"ped_death_count":0,"ped_susp_serious_inj_count":0,"bicycle_death_count":0,"bicycle_susp_serious_inj_count":0}},{"type":"Feature","id":32423,"geometry":{"type":"Point","coordinates":[-75.1687797728901,39.9566800656892]},"properties":{"objectid":32423,"crn":2024057808,"crash_year":2024,"pedestrian":0,"bicycle":1,"fatal_count":0,"susp_serious_inj_count":0,"ped_death_count":0,"ped_susp_serious_inj_count":0,"bicycle_death_count":0,"bicycle_susp_serious_inj_count":0}},{"type":"Feature","id":32432,"geometry":{"type":"Point","coordinates":[-75.1535707679103,39.9511020655442]},"properties":{"objectid":32432,"crn":2024047809,"crash_year":2024,"pedestrian":1,"bicycle":0,"fatal_count":0,"susp_serious_inj_count":0,"ped_death_count":0,"ped_susp_serious_inj_count":0,"bicycle_death_count":0,"bicycle_susp_serious_inj_count":0}},{"type":"Feature","id":32460,"geometry":{"type":"Point","coordinates":[-75.1925867799492,39.9504480637839]},"properties":{"objectid":32460,"crn":2024056773,"crash_year":2024,"pedestrian":0,"bicycle":1,"fatal_count":0,"susp_serious_inj_count":0,"ped_death_count":0,"ped_susp_serious_inj_count":0,"bicycle_death_count":0,"bicycle_susp_serious_inj_count":0}},{"type":"Feature","id":32500,"geometry":{"type":"Point","coordinates":[-75.2251857904902,39.9584830644442]},"properties":{"objectid":32500,"crn":2024057640,"crash_year":2024,"pedestrian":1,"bicycle":0,"fatal_count":0,"susp_serious_inj_count":0,"ped_death_count":0,"ped_susp_serious_inj_count":0,"bicycle_death_count":0,"bicycle_susp_serious_inj_count":0}},{"type":"Feature","id":32513,"geometry":{"type":"Point","coordinates":[-75.2286477918647,39.960427064716]},"properties":{"objectid":32513,"crn":2024047495,"crash_year":2024,"pedestrian":1,"bicycle":0,"fatal_count":0,"susp_serious_inj_count":0,"ped_death_count":0,"ped_susp_serious_inj_count":0,"bicycle_death_count":0,"bicycle_susp_serious_inj_count":0}},{"type":"Feature","id":32525,"geometry":{"type":"Point","coordinates":[-75.1790407742723,39.9178750576123]},"properties":{"objectid":32525,"crn":2024063512,"crash_year":2024,"pedestrian":1,"bicycle":0,"fatal_count":0,"susp_serious_inj_count":0,"ped_death_count":0,"ped_susp_serious_inj_count":0,"bicycle_death_count":0,"bicycle_susp_serious_inj_count":0}},{"type":"Feature","id":32531,"geometry":{"type":"Point","coordinates":[-75.1497827672169,39.9614830673204]},"properties":{"objectid":32531,"crn":2024051214,"crash_year":2024,"pedestrian":0,"bicycle":1,"fatal_count":0,"susp_serious_inj_count":1,"ped_death_count":0,"ped_susp_serious_inj_count":0,"bicycle_death_count":0,"bicycle_susp_serious_inj_count":1}},{"type":"Feature","id":32551,"geometry":{"type":"Point","coordinates":[-75.2271657913026,39.958739064269]},"properties":{"objectid":32551,"crn":2024057638,"crash_year":2024,"pedestrian":1,"bicycle":0,"fatal_count":0,"susp_serious_inj_count":1,"ped_death_count":0,"ped_susp_serious_inj_count":1,"bicycle_death_count":0,"bicycle_susp_serious_inj_count":0}},{"type":"Feature","id":32555,"geometry":{"type":"Point","coordinates":[-75.194966781883,39.9750960687299]},"properties":{"objectid":32555,"crn":2024054324,"crash_year":2024,"pedestrian":0,"bicycle":1,"fatal_count":0,"susp_serious_inj_count":0,"ped_death_count":0,"ped_susp_serious_inj_count":0,"bicycle_death_count":0,"bicycle_susp_serious_inj_count":0}},{"type":"Feature","id":32559,"geometry":{"type":"Point","coordinates":[-75.2455007983042,39.9753560670911]},"properties":{"objectid":32559,"crn":2024052399,"crash_year":2024,"pedestrian":1,"bicycle":0,"fatal_count":1,"susp_serious_inj_count":0,"ped_death_count":1,"ped_susp_serious_inj_count":0,"bicycle_death_count":0,"bicycle_susp_serious_inj_count":0}},{"type":"Feature","id":32568,"geometry":{"type":"Point","coordinates":[-75.1696807710353,39.9243920593472]},"properties":{"objectid":32568,"crn":2024057468,"crash_year":2024,"pedestrian":1,"bicycle":0,"fatal_count":0,"susp_serious_inj_count":0,"ped_death_count":0,"ped_susp_serious_inj_count":0,"bicycle_death_count":0,"bicycle_susp_serious_inj_count":0}},{"type":"Feature","id":32577,"geometry":{"type":"Point","coordinates":[-75.1172627593651,39.9969570755688]},"properties":{"objectid":32577,"crn":2024052671,"crash_year":2024,"pedestrian":0,"bicycle":1,"fatal_count":0,"susp_serious_inj_count":0,"ped_death_count":0,"ped_susp_serious_inj_count":0,"bicycle_death_count":0,"bicycle_susp_serious_inj_count":0}},{"type":"Feature","id":32599,"geometry":{"type":"Point","coordinates":[-75.2260027910499,39.9546000633073]},"properties":{"objectid":32599,"crn":2024063548,"crash_year":2024,"pedestrian":1,"bicycle":0,"fatal_count":0,"susp_serious_inj_count":0,"ped_death_count":0,"ped_susp_serious_inj_count":0,"bicycle_death_count":0,"bicycle_susp_serious_inj_count":0}},{"type":"Feature","id":32616,"geometry":{"type":"Point","coordinates":[-75.1638317714021,39.9508550649976]},"properties":{"objectid":32616,"crn":2024063865,"crash_year":2024,"pedestrian":1,"bicycle":0,"fatal_count":0,"susp_serious_inj_count":0,"ped_death_count":0,"ped_susp_serious_inj_count":0,"bicycle_death_count":0,"bicycle_susp_serious_inj_count":0}},{"type":"Feature","id":32621,"geometry":{"type":"Point","coordinates":[-75.1838137760439,39.9262030591787]},"properties":{"objectid":32621,"crn":2024064580,"crash_year":2024,"pedestrian":0,"bicycle":1,"fatal_count":0,"susp_serious_inj_count":0,"ped_death_count":0,"ped_susp_serious_inj_count":0,"bicycle_death_count":0,"bicycle_susp_serious_inj_count":0}},{"type":"Feature","id":32631,"geometry":{"type":"Point","coordinates":[-75.2343237917453,39.9255800572111]},"properties":{"objectid":32631,"crn":2024063536,"crash_year":2024,"pedestrian":0,"bicycle":1,"fatal_count":0,"susp_serious_inj_count":0,"ped_death_count":0,"ped_susp_serious_inj_count":0,"bicycle_death_count":0,"bicycle_susp_serious_inj_count":0}},{"type":"Feature","id":32634,"geometry":{"type":"Point","coordinates":[-75.1437847705425,40.042904084165]},"properties":{"objectid":32634,"crn":2024053346,"crash_year":2024,"pedestrian":1,"bicycle":0,"fatal_count":0,"susp_serious_inj_count":0,"ped_death_count":0,"ped_susp_serious_inj_count":0,"bicycle_death_count":0,"bicycle_susp_serious_inj_count":0}},{"type":"Feature","id":32658,"geometry":{"type":"Point","coordinates":[-75.0882077523609,40.0411820855551]},"properties":{"objectid":32658,"crn":2024053533,"crash_year":2024,"pedestrian":1,"bicycle":0,"fatal_count":0,"susp_serious_inj_count":0,"ped_death_count":0,"ped_susp_serious_inj_count":0,"bicycle_death_count":0,"bicycle_susp_serious_inj_count":0}},{"type":"Feature","id":32670,"geometry":{"type":"Point","coordinates":[-75.1757377759671,39.9722160691067]},"properties":{"objectid":32670,"crn":2024054323,"crash_year":2024,"pedestrian":1,"bicycle":0,"fatal_count":0,"susp_serious_inj_count":0,"ped_death_count":0,"ped_susp_serious_inj_count":0,"bicycle_death_count":0,"bicycle_susp_serious_inj_count":0}},{"type":"Feature","id":32680,"geometry":{"type":"Point","coordinates":[-75.1777087764564,39.9644010673032]},"properties":{"objectid":32680,"crn":2024041396,"crash_year":2024,"pedestrian":1,"bicycle":0,"fatal_count":0,"susp_serious_inj_count":0,"ped_death_count":0,"ped_susp_serious_inj_count":0,"bicycle_death_count":0,"bicycle_susp_serious_inj_count":0}},{"type":"Feature","id":32707,"geometry":{"type":"Point","coordinates":[-75.1509497699277,40.0106380772551]},"properties":{"objectid":32707,"crn":2024054331,"crash_year":2024,"pedestrian":0,"bicycle":1,"fatal_count":0,"susp_serious_inj_count":0,"ped_death_count":0,"ped_susp_serious_inj_count":0,"bicycle_death_count":0,"bicycle_susp_serious_inj_count":0}},{"type":"Feature","id":32741,"geometry":{"type":"Point","coordinates":[-75.1656357714655,39.9427900634547]},"properties":{"objectid":32741,"crn":2024052666,"crash_year":2024,"pedestrian":1,"bicycle":0,"fatal_count":0,"susp_serious_inj_count":0,"ped_death_count":0,"ped_susp_serious_inj_count":0,"bicycle_death_count":0,"bicycle_susp_serious_inj_count":0}},{"type":"Feature","id":32758,"geometry":{"type":"Point","coordinates":[-75.2275597917236,39.9568270639518]},"properties":{"objectid":32758,"crn":2024042377,"crash_year":2024,"pedestrian":1,"bicycle":0,"fatal_count":0,"susp_serious_inj_count":0,"ped_death_count":0,"ped_susp_serious_inj_count":0,"bicycle_death_count":0,"bicycle_susp_serious_inj_count":0}},{"type":"Feature","id":32759,"geometry":{"type":"Point","coordinates":[-75.1652007702769,39.9238080593654]},"properties":{"objectid":32759,"crn":2024048693,"crash_year":2024,"pedestrian":1,"bicycle":0,"fatal_count":0,"susp_serious_inj_count":0,"ped_death_count":0,"ped_susp_serious_inj_count":0,"bicycle_death_count":0,"bicycle_susp_serious_inj_count":0}},{"type":"Feature","id":32777,"geometry":{"type":"Point","coordinates":[-75.1752487750143,39.9612860668806]},"properties":{"objectid":32777,"crn":2024041076,"crash_year":2024,"pedestrian":1,"bicycle":0,"fatal_count":0,"susp_serious_inj_count":0,"ped_death_count":0,"ped_susp_serious_inj_count":0,"bicycle_death_count":0,"bicycle_susp_serious_inj_count":0}},{"type":"Feature","id":32782,"geometry":{"type":"Point","coordinates":[-75.0946067518701,40.0059140783792]},"properties":{"objectid":32782,"crn":2024054195,"crash_year":2024,"pedestrian":1,"bicycle":0,"fatal_count":1,"susp_serious_inj_count":0,"ped_death_count":1,"ped_susp_serious_inj_count":0,"bicycle_death_count":0,"bicycle_susp_serious_inj_count":0}},{"type":"Feature","id":32792,"geometry":{"type":"Point","coordinates":[-75.1508107709179,40.0107350770473]},"properties":{"objectid":32792,"crn":2024054895,"crash_year":2024,"pedestrian":1,"bicycle":0,"fatal_count":0,"susp_serious_inj_count":0,"ped_death_count":0,"ped_susp_serious_inj_count":0,"bicycle_death_count":0,"bicycle_susp_serious_inj_count":0}},{"type":"Feature","id":32824,"geometry":{"type":"Point","coordinates":[-75.1603377706055,39.9670410685251]},"properties":{"objectid":32824,"crn":2024059777,"crash_year":2024,"pedestrian":1,"bicycle":0,"fatal_count":1,"susp_serious_inj_count":0,"ped_death_count":1,"ped_susp_serious_inj_count":0,"bicycle_death_count":0,"bicycle_susp_serious_inj_count":0}},{"type":"Feature","id":32825,"geometry":{"type":"Point","coordinates":[-75.1510707667265,39.9571440667134]},"properties":{"objectid":32825,"crn":2024055841,"crash_year":2024,"pedestrian":1,"bicycle":0,"fatal_count":1,"susp_serious_inj_count":0,"ped_death_count":1,"ped_susp_serious_inj_count":0,"bicycle_death_count":0,"bicycle_susp_serious_inj_count":0}},{"type":"Feature","id":32835,"geometry":{"type":"Point","coordinates":[-75.1361967633344,39.9688500694412]},"properties":{"objectid":32835,"crn":2024044643,"crash_year":2024,"pedestrian":1,"bicycle":0,"fatal_count":0,"susp_serious_inj_count":0,"ped_death_count":0,"ped_susp_serious_inj_count":0,"bicycle_death_count":0,"bicycle_susp_serious_inj_count":0}},{"type":"Feature","id":32839,"geometry":{"type":"Point","coordinates":[-75.1647067712496,39.9469860643466]},"properties":{"objectid":32839,"crn":2024054322,"crash_year":2024,"pedestrian":0,"bicycle":1,"fatal_count":0,"susp_serious_inj_count":0,"ped_death_count":0,"ped_susp_serious_inj_count":0,"bicycle_death_count":0,"bicycle_susp_serious_inj_count":0}},{"type":"Feature","id":32844,"geometry":{"type":"Point","coordinates":[-75.1481327688488,40.0044660757959]},"properties":{"objectid":32844,"crn":2024054897,"crash_year":2024,"pedestrian":1,"bicycle":0,"fatal_count":0,"susp_serious_inj_count":0,"ped_death_count":0,"ped_susp_serious_inj_count":0,"bicycle_death_count":0,"bicycle_susp_serious_inj_count":0}},{"type":"Feature","id":32854,"geometry":{"type":"Point","coordinates":[-75.2446267973754,39.9718340664891]},"properties":{"objectid":32854,"crn":2024054562,"crash_year":2024,"pedestrian":1,"bicycle":0,"fatal_count":0,"susp_serious_inj_count":0,"ped_death_count":0,"ped_susp_serious_inj_count":0,"bicycle_death_count":0,"bicycle_susp_serious_inj_count":0}},{"type":"Feature","id":32865,"geometry":{"type":"Point","coordinates":[-75.2212347899821,39.958004064216]},"properties":{"objectid":32865,"crn":2024060876,"crash_year":2024,"pedestrian":0,"bicycle":1,"fatal_count":0,"susp_serious_inj_count":0,"ped_death_count":0,"ped_susp_serious_inj_count":0,"bicycle_death_count":0,"bicycle_susp_serious_inj_count":0}},{"type":"Feature","id":32912,"geometry":{"type":"Point","coordinates":[-75.1688207716595,39.9280540600352]},"properties":{"objectid":32912,"crn":2024050780,"crash_year":2024,"pedestrian":1,"bicycle":0,"fatal_count":0,"susp_serious_inj_count":0,"ped_death_count":0,"ped_susp_serious_inj_count":0,"bicycle_death_count":0,"bicycle_susp_serious_inj_count":0}},{"type":"Feature","id":32919,"geometry":{"type":"Point","coordinates":[-75.1545487707321,39.9939500733862]},"properties":{"objectid":32919,"crn":2024088722,"crash_year":2024,"pedestrian":1,"bicycle":0,"fatal_count":0,"susp_serious_inj_count":0,"ped_death_count":0,"ped_susp_serious_inj_count":0,"bicycle_death_count":0,"bicycle_susp_serious_inj_count":0}},{"type":"Feature","id":32948,"geometry":{"type":"Point","coordinates":[-75.1971927817558,39.9623000662951]},"properties":{"objectid":32948,"crn":2024050784,"crash_year":2024,"pedestrian":1,"bicycle":0,"fatal_count":0,"susp_serious_inj_count":0,"ped_death_count":0,"ped_susp_serious_inj_count":0,"bicycle_death_count":0,"bicycle_susp_serious_inj_count":0}},{"type":"Feature","id":33004,"geometry":{"type":"Point","coordinates":[-75.2070617843135,39.9468010629553]},"properties":{"objectid":33004,"crn":2024086925,"crash_year":2024,"pedestrian":1,"bicycle":0,"fatal_count":0,"susp_serious_inj_count":1,"ped_death_count":0,"ped_susp_serious_inj_count":1,"bicycle_death_count":0,"bicycle_susp_serious_inj_count":0}},{"type":"Feature","id":33005,"geometry":{"type":"Point","coordinates":[-75.2318907905232,39.9232860568563]},"properties":{"objectid":33005,"crn":2024088186,"crash_year":2024,"pedestrian":0,"bicycle":1,"fatal_count":0,"susp_serious_inj_count":0,"ped_death_count":0,"ped_susp_serious_inj_count":0,"bicycle_death_count":0,"bicycle_susp_serious_inj_count":0}},{"type":"Feature","id":33012,"geometry":{"type":"Point","coordinates":[-75.1644927688069,39.9159070582294]},"properties":{"objectid":33012,"crn":2024088586,"crash_year":2024,"pedestrian":1,"bicycle":0,"fatal_count":0,"susp_serious_inj_count":0,"ped_death_count":0,"ped_susp_serious_inj_count":0,"bicycle_death_count":0,"bicycle_susp_serious_inj_count":0}},{"type":"Feature","id":33029,"geometry":{"type":"Point","coordinates":[-75.1572477695313,39.9712390694987]},"properties":{"objectid":33029,"crn":2024085733,"crash_year":2024,"pedestrian":1,"bicycle":0,"fatal_count":0,"susp_serious_inj_count":0,"ped_death_count":0,"ped_susp_serious_inj_count":0,"bicycle_death_count":0,"bicycle_susp_serious_inj_count":0}},{"type":"Feature","id":33033,"geometry":{"type":"Point","coordinates":[-75.2268537912665,39.9602080642766]},"properties":{"objectid":33033,"crn":2024073874,"crash_year":2024,"pedestrian":1,"bicycle":0,"fatal_count":0,"susp_serious_inj_count":0,"ped_death_count":0,"ped_susp_serious_inj_count":0,"bicycle_death_count":0,"bicycle_susp_serious_inj_count":0}},{"type":"Feature","id":33055,"geometry":{"type":"Point","coordinates":[-75.2126757856677,39.94689906264]},"properties":{"objectid":33055,"crn":2024040083,"crash_year":2024,"pedestrian":1,"bicycle":0,"fatal_count":0,"susp_serious_inj_count":0,"ped_death_count":0,"ped_susp_serious_inj_count":0,"bicycle_death_count":0,"bicycle_susp_serious_inj_count":0}},{"type":"Feature","id":33064,"geometry":{"type":"Point","coordinates":[-75.2007577838988,39.9623090657765]},"properties":{"objectid":33064,"crn":2024031860,"crash_year":2024,"pedestrian":1,"bicycle":0,"fatal_count":0,"susp_serious_inj_count":0,"ped_death_count":0,"ped_susp_serious_inj_count":0,"bicycle_death_count":0,"bicycle_susp_serious_inj_count":0}},{"type":"Feature","id":33066,"geometry":{"type":"Point","coordinates":[-75.146916770097,40.0244440805419]},"properties":{"objectid":33066,"crn":2024032147,"crash_year":2024,"pedestrian":1,"bicycle":0,"fatal_count":0,"susp_serious_inj_count":0,"ped_death_count":0,"ped_susp_serious_inj_count":0,"bicycle_death_count":0,"bicycle_susp_serious_inj_count":0}},{"type":"Feature","id":33079,"geometry":{"type":"Point","coordinates":[-75.1941347804816,39.9562420646225]},"properties":{"objectid":33079,"crn":2024040764,"crash_year":2024,"pedestrian":1,"bicycle":0,"fatal_count":0,"susp_serious_inj_count":0,"ped_death_count":0,"ped_susp_serious_inj_count":0,"bicycle_death_count":0,"bicycle_susp_serious_inj_count":0}},{"type":"Feature","id":33123,"geometry":{"type":"Point","coordinates":[-75.2125747860216,39.9408750614173]},"properties":{"objectid":33123,"crn":2024039401,"crash_year":2024,"pedestrian":1,"bicycle":0,"fatal_count":0,"susp_serious_inj_count":0,"ped_death_count":0,"ped_susp_serious_inj_count":0,"bicycle_death_count":0,"bicycle_susp_serious_inj_count":0}},{"type":"Feature","id":33155,"geometry":{"type":"Point","coordinates":[-75.166572770895,39.9390760629196]},"properties":{"objectid":33155,"crn":2024033102,"crash_year":2024,"pedestrian":1,"bicycle":0,"fatal_count":0,"susp_serious_inj_count":0,"ped_death_count":0,"ped_susp_serious_inj_count":0,"bicycle_death_count":0,"bicycle_susp_serious_inj_count":0}},{"type":"Feature","id":33176,"geometry":{"type":"Point","coordinates":[-75.1818667775476,39.9743650693026]},"properties":{"objectid":33176,"crn":2024031994,"crash_year":2024,"pedestrian":1,"bicycle":0,"fatal_count":0,"susp_serious_inj_count":0,"ped_death_count":0,"ped_susp_serious_inj_count":0,"bicycle_death_count":0,"bicycle_susp_serious_inj_count":0}},{"type":"Feature","id":33213,"geometry":{"type":"Point","coordinates":[-75.2143407870435,39.9571460639701]},"properties":{"objectid":33213,"crn":2024034776,"crash_year":2024,"pedestrian":0,"bicycle":1,"fatal_count":0,"susp_serious_inj_count":0,"ped_death_count":0,"ped_susp_serious_inj_count":0,"bicycle_death_count":0,"bicycle_susp_serious_inj_count":0}},{"type":"Feature","id":33214,"geometry":{"type":"Point","coordinates":[-75.184724778738,39.9639510666853]},"properties":{"objectid":33214,"crn":2024036889,"crash_year":2024,"pedestrian":1,"bicycle":0,"fatal_count":0,"susp_serious_inj_count":0,"ped_death_count":0,"ped_susp_serious_inj_count":0,"bicycle_death_count":0,"bicycle_susp_serious_inj_count":0}},{"type":"Feature","id":33246,"geometry":{"type":"Point","coordinates":[-75.2245757913372,39.9649670652785]},"properties":{"objectid":33246,"crn":2024031946,"crash_year":2024,"pedestrian":1,"bicycle":0,"fatal_count":0,"susp_serious_inj_count":0,"ped_death_count":0,"ped_susp_serious_inj_count":0,"bicycle_death_count":0,"bicycle_susp_serious_inj_count":0}},{"type":"Feature","id":33297,"geometry":{"type":"Point","coordinates":[-75.1507687723678,40.0398220833007]},"properties":{"objectid":33297,"crn":2024032151,"crash_year":2024,"pedestrian":1,"bicycle":0,"fatal_count":0,"susp_serious_inj_count":0,"ped_death_count":0,"ped_susp_serious_inj_count":0,"bicycle_death_count":0,"bicycle_susp_serious_inj_count":0}},{"type":"Feature","id":33345,"geometry":{"type":"Point","coordinates":[-75.1650197693581,39.9159740582255]},"properties":{"objectid":33345,"crn":2024031522,"crash_year":2024,"pedestrian":0,"bicycle":1,"fatal_count":0,"susp_serious_inj_count":0,"ped_death_count":0,"ped_susp_serious_inj_count":0,"bicycle_death_count":0,"bicycle_susp_serious_inj_count":0}},{"type":"Feature","id":33346,"geometry":{"type":"Point","coordinates":[-75.1385667668839,40.0087870771244]},"properties":{"objectid":33346,"crn":2024037089,"crash_year":2024,"pedestrian":1,"bicycle":0,"fatal_count":0,"susp_serious_inj_count":0,"ped_death_count":0,"ped_susp_serious_inj_count":0,"bicycle_death_count":0,"bicycle_susp_serious_inj_count":0}},{"type":"Feature","id":33350,"geometry":{"type":"Point","coordinates":[-75.1691927728474,39.9569790660238]},"properties":{"objectid":33350,"crn":2024035444,"crash_year":2024,"pedestrian":0,"bicycle":1,"fatal_count":0,"susp_serious_inj_count":0,"ped_death_count":0,"ped_susp_serious_inj_count":0,"bicycle_death_count":0,"bicycle_susp_serious_inj_count":0}},{"type":"Feature","id":33354,"geometry":{"type":"Point","coordinates":[-75.1530617650238,39.9144280580476]},"properties":{"objectid":33354,"crn":2024033079,"crash_year":2024,"pedestrian":1,"bicycle":0,"fatal_count":0,"susp_serious_inj_count":0,"ped_death_count":0,"ped_susp_serious_inj_count":0,"bicycle_death_count":0,"bicycle_susp_serious_inj_count":0}},{"type":"Feature","id":33362,"geometry":{"type":"Point","coordinates":[-75.1176617587025,39.9842560736677]},"properties":{"objectid":33362,"crn":2024075844,"crash_year":2024,"pedestrian":0,"bicycle":1,"fatal_count":1,"susp_serious_inj_count":0,"ped_death_count":0,"ped_susp_serious_inj_count":0,"bicycle_death_count":1,"bicycle_susp_serious_inj_count":0}},{"type":"Feature","id":33364,"geometry":{"type":"Point","coordinates":[-75.15037576635,39.9507150654309]},"properties":{"objectid":33364,"crn":2024072405,"crash_year":2024,"pedestrian":0,"bicycle":1,"fatal_count":0,"susp_serious_inj_count":1,"ped_death_count":0,"ped_susp_serious_inj_count":0,"bicycle_death_count":0,"bicycle_susp_serious_inj_count":1}},{"type":"Feature","id":33368,"geometry":{"type":"Point","coordinates":[-75.15931677133,39.9724050690003]},"properties":{"objectid":33368,"crn":2024071518,"crash_year":2024,"pedestrian":0,"bicycle":1,"fatal_count":0,"susp_serious_inj_count":1,"ped_death_count":0,"ped_susp_serious_inj_count":0,"bicycle_death_count":0,"bicycle_susp_serious_inj_count":1}},{"type":"Feature","id":33384,"geometry":{"type":"Point","coordinates":[-75.2043147850422,39.9741270683332]},"properties":{"objectid":33384,"crn":2024075157,"crash_year":2024,"pedestrian":1,"bicycle":0,"fatal_count":0,"susp_serious_inj_count":0,"ped_death_count":0,"ped_susp_serious_inj_count":0,"bicycle_death_count":0,"bicycle_susp_serious_inj_count":0}},{"type":"Feature","id":33408,"geometry":{"type":"Point","coordinates":[-75.2037677839659,39.9499260635095]},"properties":{"objectid":33408,"crn":2024075782,"crash_year":2024,"pedestrian":0,"bicycle":1,"fatal_count":0,"susp_serious_inj_count":0,"ped_death_count":0,"ped_susp_serious_inj_count":0,"bicycle_death_count":0,"bicycle_susp_serious_inj_count":0}},{"type":"Feature","id":33413,"geometry":{"type":"Point","coordinates":[-75.1693567704756,39.9243480597744]},"properties":{"objectid":33413,"crn":2024074424,"crash_year":2024,"pedestrian":0,"bicycle":1,"fatal_count":0,"susp_serious_inj_count":0,"ped_death_count":0,"ped_susp_serious_inj_count":0,"bicycle_death_count":0,"bicycle_susp_serious_inj_count":0}},{"type":"Feature","id":33424,"geometry":{"type":"Point","coordinates":[-75.1631727747263,40.0115670772148]},"properties":{"objectid":33424,"crn":2024073410,"crash_year":2024,"pedestrian":1,"bicycle":0,"fatal_count":0,"susp_serious_inj_count":1,"ped_death_count":0,"ped_susp_serious_inj_count":1,"bicycle_death_count":0,"bicycle_susp_serious_inj_count":0}},{"type":"Feature","id":33426,"geometry":{"type":"Point","coordinates":[-75.2291647924492,39.9605740641508]},"properties":{"objectid":33426,"crn":2024077215,"crash_year":2024,"pedestrian":1,"bicycle":0,"fatal_count":0,"susp_serious_inj_count":0,"ped_death_count":0,"ped_susp_serious_inj_count":0,"bicycle_death_count":0,"bicycle_susp_serious_inj_count":0}},{"type":"Feature","id":33438,"geometry":{"type":"Point","coordinates":[-75.0846627484093,39.9997960772934]},"properties":{"objectid":33438,"crn":2024075393,"crash_year":2024,"pedestrian":1,"bicycle":0,"fatal_count":1,"susp_serious_inj_count":0,"ped_death_count":1,"ped_susp_serious_inj_count":0,"bicycle_death_count":0,"bicycle_susp_serious_inj_count":0}},{"type":"Feature","id":33469,"geometry":{"type":"Point","coordinates":[-75.1649997698816,39.9212520592102]},"properties":{"objectid":33469,"crn":2024079028,"crash_year":2024,"pedestrian":1,"bicycle":0,"fatal_count":0,"susp_serious_inj_count":0,"ped_death_count":0,"ped_susp_serious_inj_count":0,"bicycle_death_count":0,"bicycle_susp_serious_inj_count":0}},{"type":"Feature","id":33482,"geometry":{"type":"Point","coordinates":[-75.1980607824912,39.956694064961]},"properties":{"objectid":33482,"crn":2024075783,"crash_year":2024,"pedestrian":0,"bicycle":1,"fatal_count":0,"susp_serious_inj_count":0,"ped_death_count":0,"ped_susp_serious_inj_count":0,"bicycle_death_count":0,"bicycle_susp_serious_inj_count":0}},{"type":"Feature","id":33483,"geometry":{"type":"Point","coordinates":[-75.221544789167,39.9564810638995]},"properties":{"objectid":33483,"crn":2024072812,"crash_year":2024,"pedestrian":0,"bicycle":1,"fatal_count":0,"susp_serious_inj_count":0,"ped_death_count":0,"ped_susp_serious_inj_count":0,"bicycle_death_count":0,"bicycle_susp_serious_inj_count":0}},{"type":"Feature","id":33513,"geometry":{"type":"Point","coordinates":[-75.1439587701761,40.0421050838542]},"properties":{"objectid":33513,"crn":2024076085,"crash_year":2024,"pedestrian":1,"bicycle":0,"fatal_count":1,"susp_serious_inj_count":0,"ped_death_count":1,"ped_susp_serious_inj_count":0,"bicycle_death_count":0,"bicycle_susp_serious_inj_count":0}},{"type":"Feature","id":33556,"geometry":{"type":"Point","coordinates":[-75.2077697857216,39.9624070659895]},"properties":{"objectid":33556,"crn":2024076717,"crash_year":2024,"pedestrian":0,"bicycle":1,"fatal_count":0,"susp_serious_inj_count":0,"ped_death_count":0,"ped_susp_serious_inj_count":0,"bicycle_death_count":0,"bicycle_susp_serious_inj_count":0}},{"type":"Feature","id":33587,"geometry":{"type":"Point","coordinates":[-75.1847017786705,39.9693710678383]},"properties":{"objectid":33587,"crn":2024080783,"crash_year":2024,"pedestrian":0,"bicycle":1,"fatal_count":0,"susp_serious_inj_count":0,"ped_death_count":0,"ped_susp_serious_inj_count":0,"bicycle_death_count":0,"bicycle_susp_serious_inj_count":0}},{"type":"Feature","id":33628,"geometry":{"type":"Point","coordinates":[-75.167832772345,39.9559710654747]},"properties":{"objectid":33628,"crn":2024070082,"crash_year":2024,"pedestrian":1,"bicycle":0,"fatal_count":0,"susp_serious_inj_count":2,"ped_death_count":0,"ped_susp_serious_inj_count":1,"bicycle_death_count":0,"bicycle_susp_serious_inj_count":0}},{"type":"Feature","id":33641,"geometry":{"type":"Point","coordinates":[-75.1507157716659,40.0397610833958]},"properties":{"objectid":33641,"crn":2024085120,"crash_year":2024,"pedestrian":1,"bicycle":0,"fatal_count":0,"susp_serious_inj_count":1,"ped_death_count":0,"ped_susp_serious_inj_count":1,"bicycle_death_count":0,"bicycle_susp_serious_inj_count":0}},{"type":"Feature","id":33652,"geometry":{"type":"Point","coordinates":[-75.1614937696913,39.9371820624459]},"properties":{"objectid":33652,"crn":2024070616,"crash_year":2024,"pedestrian":1,"bicycle":0,"fatal_count":0,"susp_serious_inj_count":0,"ped_death_count":0,"ped_susp_serious_inj_count":0,"bicycle_death_count":0,"bicycle_susp_serious_inj_count":0}},{"type":"Feature","id":33660,"geometry":{"type":"Point","coordinates":[-75.2043147850422,39.9741270683332]},"properties":{"objectid":33660,"crn":2024085111,"crash_year":2024,"pedestrian":1,"bicycle":0,"fatal_count":0,"susp_serious_inj_count":1,"ped_death_count":0,"ped_susp_serious_inj_count":1,"bicycle_death_count":0,"bicycle_susp_serious_inj_count":0}},{"type":"Feature","id":33662,"geometry":{"type":"Point","coordinates":[-75.2022827828862,39.9556440644548]},"properties":{"objectid":33662,"crn":2024073125,"crash_year":2024,"pedestrian":1,"bicycle":0,"fatal_count":0,"susp_serious_inj_count":0,"ped_death_count":0,"ped_susp_serious_inj_count":0,"bicycle_death_count":0,"bicycle_susp_serious_inj_count":0}},{"type":"Feature","id":33687,"geometry":{"type":"Point","coordinates":[-75.1667037707264,39.9378610618058]},"properties":{"objectid":33687,"crn":2024075395,"crash_year":2024,"pedestrian":0,"bicycle":1,"fatal_count":0,"susp_serious_inj_count":0,"ped_death_count":0,"ped_susp_serious_inj_count":0,"bicycle_death_count":0,"bicycle_susp_serious_inj_count":0}},{"type":"Feature","id":33741,"geometry":{"type":"Point","coordinates":[-75.2268547915351,39.9602910645577]},"properties":{"objectid":33741,"crn":2024075158,"crash_year":2024,"pedestrian":0,"bicycle":1,"fatal_count":0,"susp_serious_inj_count":0,"ped_death_count":0,"ped_susp_serious_inj_count":0,"bicycle_death_count":0,"bicycle_susp_serious_inj_count":0}},{"type":"Feature","id":33745,"geometry":{"type":"Point","coordinates":[-75.0078237282413,40.0689700936424]},"properties":{"objectid":33745,"crn":2024068143,"crash_year":2024,"pedestrian":0,"bicycle":1,"fatal_count":0,"susp_serious_inj_count":0,"ped_death_count":0,"ped_susp_serious_inj_count":0,"bicycle_death_count":0,"bicycle_susp_serious_inj_count":0}},{"type":"Feature","id":33750,"geometry":{"type":"Point","coordinates":[-75.187634778142,39.9474550637241]},"properties":{"objectid":33750,"crn":2024069494,"crash_year":2024,"pedestrian":1,"bicycle":0,"fatal_count":0,"susp_serious_inj_count":0,"ped_death_count":0,"ped_susp_serious_inj_count":0,"bicycle_death_count":0,"bicycle_susp_serious_inj_count":0}},{"type":"Feature","id":33751,"geometry":{"type":"Point","coordinates":[-75.2089007866088,39.9735630675611]},"properties":{"objectid":33751,"crn":2024073539,"crash_year":2024,"pedestrian":1,"bicycle":0,"fatal_count":0,"susp_serious_inj_count":0,"ped_death_count":0,"ped_susp_serious_inj_count":0,"bicycle_death_count":0,"bicycle_susp_serious_inj_count":0}},{"type":"Feature","id":33777,"geometry":{"type":"Point","coordinates":[-75.2449007967969,39.9624420646773]},"properties":{"objectid":33777,"crn":2024074432,"crash_year":2024,"pedestrian":1,"bicycle":0,"fatal_count":0,"susp_serious_inj_count":0,"ped_death_count":0,"ped_susp_serious_inj_count":0,"bicycle_death_count":0,"bicycle_susp_serious_inj_count":0}},{"type":"Feature","id":33803,"geometry":{"type":"Point","coordinates":[-75.1281487622785,39.9983670752619]},"properties":{"objectid":33803,"crn":2024087943,"crash_year":2024,"pedestrian":1,"bicycle":0,"fatal_count":0,"susp_serious_inj_count":1,"ped_death_count":0,"ped_susp_serious_inj_count":1,"bicycle_death_count":0,"bicycle_susp_serious_inj_count":0}},{"type":"Feature","id":33808,"geometry":{"type":"Point","coordinates":[-75.1528687701369,40.0016010751077]},"properties":{"objectid":33808,"crn":2024071696,"crash_year":2024,"pedestrian":1,"bicycle":0,"fatal_count":0,"susp_serious_inj_count":0,"ped_death_count":0,"ped_susp_serious_inj_count":0,"bicycle_death_count":0,"bicycle_susp_serious_inj_count":0}},{"type":"Feature","id":33813,"geometry":{"type":"Point","coordinates":[-75.1563707704785,39.9852600723452]},"properties":{"objectid":33813,"crn":2024086259,"crash_year":2024,"pedestrian":1,"bicycle":0,"fatal_count":0,"susp_serious_inj_count":0,"ped_death_count":0,"ped_susp_serious_inj_count":0,"bicycle_death_count":0,"bicycle_susp_serious_inj_count":0}},{"type":"Feature","id":33818,"geometry":{"type":"Point","coordinates":[-75.2030767832768,39.9517630632513]},"properties":{"objectid":33818,"crn":2024072746,"crash_year":2024,"pedestrian":1,"bicycle":0,"fatal_count":0,"susp_serious_inj_count":0,"ped_death_count":0,"ped_susp_serious_inj_count":0,"bicycle_death_count":0,"bicycle_susp_serious_inj_count":0}},{"type":"Feature","id":33849,"geometry":{"type":"Point","coordinates":[-75.2492127988335,39.9708730659479]},"properties":{"objectid":33849,"crn":2024087058,"crash_year":2024,"pedestrian":1,"bicycle":0,"fatal_count":0,"susp_serious_inj_count":0,"ped_death_count":0,"ped_susp_serious_inj_count":0,"bicycle_death_count":0,"bicycle_susp_serious_inj_count":0}},{"type":"Feature","id":33856,"geometry":{"type":"Point","coordinates":[-75.1197797592716,39.9972810754294]},"properties":{"objectid":33856,"crn":2024085268,"crash_year":2024,"pedestrian":1,"bicycle":0,"fatal_count":0,"susp_serious_inj_count":1,"ped_death_count":0,"ped_susp_serious_inj_count":1,"bicycle_death_count":0,"bicycle_susp_serious_inj_count":0}},{"type":"Feature","id":33859,"geometry":{"type":"Point","coordinates":[-75.2062737858267,39.9828420693027]},"properties":{"objectid":33859,"crn":2024088199,"crash_year":2024,"pedestrian":0,"bicycle":1,"fatal_count":0,"susp_serious_inj_count":0,"ped_death_count":0,"ped_susp_serious_inj_count":0,"bicycle_death_count":0,"bicycle_susp_serious_inj_count":0}},{"type":"Feature","id":33862,"geometry":{"type":"Point","coordinates":[-75.1099717580048,40.0277380824793]},"properties":{"objectid":33862,"crn":2024086550,"crash_year":2024,"pedestrian":1,"bicycle":0,"fatal_count":0,"susp_serious_inj_count":0,"ped_death_count":0,"ped_susp_serious_inj_count":0,"bicycle_death_count":0,"bicycle_susp_serious_inj_count":0}},{"type":"Feature","id":33871,"geometry":{"type":"Point","coordinates":[-75.1637797722938,39.9780120699391]},"properties":{"objectid":33871,"crn":2024085112,"crash_year":2024,"pedestrian":0,"bicycle":1,"fatal_count":0,"susp_serious_inj_count":0,"ped_death_count":0,"ped_susp_serious_inj_count":0,"bicycle_death_count":0,"bicycle_susp_serious_inj_count":0}},{"type":"Feature","id":33910,"geometry":{"type":"Point","coordinates":[-75.1100397583212,40.0280540818719]},"properties":{"objectid":33910,"crn":2024082121,"crash_year":2024,"pedestrian":0,"bicycle":1,"fatal_count":0,"susp_serious_inj_count":0,"ped_death_count":0,"ped_susp_serious_inj_count":0,"bicycle_death_count":0,"bicycle_susp_serious_inj_count":0}},{"type":"Feature","id":33942,"geometry":{"type":"Point","coordinates":[-75.1343927620894,39.9645450686346]},"properties":{"objectid":33942,"crn":2024080665,"crash_year":2024,"pedestrian":1,"bicycle":0,"fatal_count":0,"susp_serious_inj_count":1,"ped_death_count":0,"ped_susp_serious_inj_count":1,"bicycle_death_count":0,"bicycle_susp_serious_inj_count":0}},{"type":"Feature","id":33965,"geometry":{"type":"Point","coordinates":[-75.2151797902471,40.0016860735151]},"properties":{"objectid":33965,"crn":2024081163,"crash_year":2024,"pedestrian":1,"bicycle":0,"fatal_count":0,"susp_serious_inj_count":0,"ped_death_count":0,"ped_susp_serious_inj_count":0,"bicycle_death_count":0,"bicycle_susp_serious_inj_count":0}},{"type":"Feature","id":33970,"geometry":{"type":"Point","coordinates":[-75.1719407713843,39.9168700575824]},"properties":{"objectid":33970,"crn":2024081335,"crash_year":2024,"pedestrian":0,"bicycle":1,"fatal_count":0,"susp_serious_inj_count":0,"ped_death_count":0,"ped_susp_serious_inj_count":0,"bicycle_death_count":0,"bicycle_susp_serious_inj_count":0}},{"type":"Feature","id":33978,"geometry":{"type":"Point","coordinates":[-75.1755447715957,39.8990860541573]},"properties":{"objectid":33978,"crn":2024078556,"crash_year":2024,"pedestrian":1,"bicycle":0,"fatal_count":0,"susp_serious_inj_count":1,"ped_death_count":0,"ped_susp_serious_inj_count":1,"bicycle_death_count":0,"bicycle_susp_serious_inj_count":0}},{"type":"Feature","id":33979,"geometry":{"type":"Point","coordinates":[-75.0968717537767,40.0262860821333]},"properties":{"objectid":33979,"crn":2024080653,"crash_year":2024,"pedestrian":1,"bicycle":0,"fatal_count":0,"susp_serious_inj_count":1,"ped_death_count":0,"ped_susp_serious_inj_count":1,"bicycle_death_count":0,"bicycle_susp_serious_inj_count":0}},{"type":"Feature","id":33986,"geometry":{"type":"Point","coordinates":[-75.1624797712349,39.9577050661441]},"properties":{"objectid":33986,"crn":2024082946,"crash_year":2024,"pedestrian":0,"bicycle":1,"fatal_count":0,"susp_serious_inj_count":0,"ped_death_count":0,"ped_susp_serious_inj_count":0,"bicycle_death_count":0,"bicycle_susp_serious_inj_count":0}},{"type":"Feature","id":33988,"geometry":{"type":"Point","coordinates":[-75.2292337908171,39.9291650584329]},"properties":{"objectid":33988,"crn":2024079036,"crash_year":2024,"pedestrian":1,"bicycle":0,"fatal_count":0,"susp_serious_inj_count":0,"ped_death_count":0,"ped_susp_serious_inj_count":0,"bicycle_death_count":0,"bicycle_susp_serious_inj_count":0}},{"type":"Feature","id":33991,"geometry":{"type":"Point","coordinates":[-75.2295307910859,39.9453490614518]},"properties":{"objectid":33991,"crn":2024080785,"crash_year":2024,"pedestrian":1,"bicycle":0,"fatal_count":0,"susp_serious_inj_count":0,"ped_death_count":0,"ped_susp_serious_inj_count":0,"bicycle_death_count":0,"bicycle_susp_serious_inj_count":0}},{"type":"Feature","id":34005,"geometry":{"type":"Point","coordinates":[-75.1684267729067,39.9529890651874]},"properties":{"objectid":34005,"crn":2024078561,"crash_year":2024,"pedestrian":1,"bicycle":0,"fatal_count":0,"susp_serious_inj_count":0,"ped_death_count":0,"ped_susp_serious_inj_count":0,"bicycle_death_count":0,"bicycle_susp_serious_inj_count":0}},{"type":"Feature","id":34011,"geometry":{"type":"Point","coordinates":[-75.1777087764564,39.9644010673032]},"properties":{"objectid":34011,"crn":2024064412,"crash_year":2024,"pedestrian":1,"bicycle":0,"fatal_count":0,"susp_serious_inj_count":0,"ped_death_count":0,"ped_susp_serious_inj_count":0,"bicycle_death_count":0,"bicycle_susp_serious_inj_count":0}},{"type":"Feature","id":34015,"geometry":{"type":"Point","coordinates":[-75.1326027636539,39.9910630743944]},"properties":{"objectid":34015,"crn":2024081664,"crash_year":2024,"pedestrian":1,"bicycle":0,"fatal_count":0,"susp_serious_inj_count":0,"ped_death_count":0,"ped_susp_serious_inj_count":0,"bicycle_death_count":0,"bicycle_susp_serious_inj_count":0}},{"type":"Feature","id":34019,"geometry":{"type":"Point","coordinates":[-75.2170047878981,39.9589820649931]},"properties":{"objectid":34019,"crn":2024064694,"crash_year":2024,"pedestrian":1,"bicycle":0,"fatal_count":0,"susp_serious_inj_count":0,"ped_death_count":0,"ped_susp_serious_inj_count":0,"bicycle_death_count":0,"bicycle_susp_serious_inj_count":0}},{"type":"Feature","id":34042,"geometry":{"type":"Point","coordinates":[-75.1547827697263,39.9707980695231]},"properties":{"objectid":34042,"crn":2024078720,"crash_year":2024,"pedestrian":0,"bicycle":1,"fatal_count":0,"susp_serious_inj_count":0,"ped_death_count":0,"ped_susp_serious_inj_count":0,"bicycle_death_count":0,"bicycle_susp_serious_inj_count":0}},{"type":"Feature","id":34051,"geometry":{"type":"Point","coordinates":[-75.1588587704288,39.9744940696337]},"properties":{"objectid":34051,"crn":2024066076,"crash_year":2024,"pedestrian":0,"bicycle":1,"fatal_count":0,"susp_serious_inj_count":1,"ped_death_count":0,"ped_susp_serious_inj_count":0,"bicycle_death_count":0,"bicycle_susp_serious_inj_count":1}},{"type":"Feature","id":34057,"geometry":{"type":"Point","coordinates":[-75.2350417942441,39.9581510637023]},"properties":{"objectid":34057,"crn":2024065043,"crash_year":2024,"pedestrian":1,"bicycle":0,"fatal_count":0,"susp_serious_inj_count":0,"ped_death_count":0,"ped_susp_serious_inj_count":0,"bicycle_death_count":0,"bicycle_susp_serious_inj_count":0}},{"type":"Feature","id":34061,"geometry":{"type":"Point","coordinates":[-75.0898747515556,40.0090980793776]},"properties":{"objectid":34061,"crn":2024067205,"crash_year":2024,"pedestrian":1,"bicycle":0,"fatal_count":0,"susp_serious_inj_count":1,"ped_death_count":0,"ped_susp_serious_inj_count":1,"bicycle_death_count":0,"bicycle_susp_serious_inj_count":0}},{"type":"Feature","id":34078,"geometry":{"type":"Point","coordinates":[-75.1434957699909,40.0442290840951]},"properties":{"objectid":34078,"crn":2024065409,"crash_year":2024,"pedestrian":0,"bicycle":1,"fatal_count":0,"susp_serious_inj_count":0,"ped_death_count":0,"ped_susp_serious_inj_count":0,"bicycle_death_count":0,"bicycle_susp_serious_inj_count":0}},{"type":"Feature","id":34097,"geometry":{"type":"Point","coordinates":[-75.1537577676703,39.943036063839]},"properties":{"objectid":34097,"crn":2024071992,"crash_year":2024,"pedestrian":1,"bicycle":0,"fatal_count":0,"susp_serious_inj_count":0,"ped_death_count":0,"ped_susp_serious_inj_count":0,"bicycle_death_count":0,"bicycle_susp_serious_inj_count":0}},{"type":"Feature","id":34143,"geometry":{"type":"Point","coordinates":[-75.2018957862302,40.0049190742519]},"properties":{"objectid":34143,"crn":2024072409,"crash_year":2024,"pedestrian":1,"bicycle":0,"fatal_count":0,"susp_serious_inj_count":0,"ped_death_count":0,"ped_susp_serious_inj_count":0,"bicycle_death_count":0,"bicycle_susp_serious_inj_count":0}},{"type":"Feature","id":34158,"geometry":{"type":"Point","coordinates":[-75.15037576635,39.9507150654309]},"properties":{"objectid":34158,"crn":2024063531,"crash_year":2024,"pedestrian":1,"bicycle":0,"fatal_count":0,"susp_serious_inj_count":0,"ped_death_count":0,"ped_susp_serious_inj_count":0,"bicycle_death_count":0,"bicycle_susp_serious_inj_count":0}},{"type":"Feature","id":34164,"geometry":{"type":"Point","coordinates":[-75.1690827712165,39.9268370603278]},"properties":{"objectid":34164,"crn":2024070413,"crash_year":2024,"pedestrian":1,"bicycle":0,"fatal_count":0,"susp_serious_inj_count":0,"ped_death_count":0,"ped_susp_serious_inj_count":0,"bicycle_death_count":0,"bicycle_susp_serious_inj_count":0}},{"type":"Feature","id":34187,"geometry":{"type":"Point","coordinates":[-75.1834707787797,39.9745660689627]},"properties":{"objectid":34187,"crn":2024064854,"crash_year":2024,"pedestrian":1,"bicycle":0,"fatal_count":0,"susp_serious_inj_count":0,"ped_death_count":0,"ped_susp_serious_inj_count":0,"bicycle_death_count":0,"bicycle_susp_serious_inj_count":0}},{"type":"Feature","id":34195,"geometry":{"type":"Point","coordinates":[-75.194966781883,39.9750960687299]},"properties":{"objectid":34195,"crn":2024071058,"crash_year":2024,"pedestrian":0,"bicycle":1,"fatal_count":0,"susp_serious_inj_count":1,"ped_death_count":0,"ped_susp_serious_inj_count":0,"bicycle_death_count":0,"bicycle_susp_serious_inj_count":1}},{"type":"Feature","id":34202,"geometry":{"type":"Point","coordinates":[-75.1896407784332,39.9333690605402]},"properties":{"objectid":34202,"crn":2024064021,"crash_year":2024,"pedestrian":0,"bicycle":1,"fatal_count":0,"susp_serious_inj_count":0,"ped_death_count":0,"ped_susp_serious_inj_count":0,"bicycle_death_count":0,"bicycle_susp_serious_inj_count":0}},{"type":"Feature","id":34215,"geometry":{"type":"Point","coordinates":[-75.1641827728018,39.9873190721125]},"properties":{"objectid":34215,"crn":2024065045,"crash_year":2024,"pedestrian":1,"bicycle":0,"fatal_count":0,"susp_serious_inj_count":1,"ped_death_count":0,"ped_susp_serious_inj_count":1,"bicycle_death_count":0,"bicycle_susp_serious_inj_count":0}},{"type":"Feature","id":34220,"geometry":{"type":"Point","coordinates":[-75.1699347762225,40.0153170774146]},"properties":{"objectid":34220,"crn":2024064855,"crash_year":2024,"pedestrian":1,"bicycle":0,"fatal_count":0,"susp_serious_inj_count":0,"ped_death_count":0,"ped_susp_serious_inj_count":0,"bicycle_death_count":0,"bicycle_susp_serious_inj_count":0}},{"type":"Feature","id":34234,"geometry":{"type":"Point","coordinates":[-75.1745917726504,39.9245600588803]},"properties":{"objectid":34234,"crn":2024066947,"crash_year":2024,"pedestrian":0,"bicycle":1,"fatal_count":0,"susp_serious_inj_count":0,"ped_death_count":0,"ped_susp_serious_inj_count":0,"bicycle_death_count":0,"bicycle_susp_serious_inj_count":0}},{"type":"Feature","id":34237,"geometry":{"type":"Point","coordinates":[-75.1727407739966,39.9504090643063]},"properties":{"objectid":34237,"crn":2024064850,"crash_year":2024,"pedestrian":1,"bicycle":0,"fatal_count":0,"susp_serious_inj_count":0,"ped_death_count":0,"ped_susp_serious_inj_count":0,"bicycle_death_count":0,"bicycle_susp_serious_inj_count":0}},{"type":"Feature","id":34241,"geometry":{"type":"Point","coordinates":[-75.2117287851389,39.9420640613125]},"properties":{"objectid":34241,"crn":2024061646,"crash_year":2024,"pedestrian":0,"bicycle":1,"fatal_count":0,"susp_serious_inj_count":0,"ped_death_count":0,"ped_susp_serious_inj_count":0,"bicycle_death_count":0,"bicycle_susp_serious_inj_count":0}},{"type":"Feature","id":34253,"geometry":{"type":"Point","coordinates":[-75.158385774179,40.0367080820803]},"properties":{"objectid":34253,"crn":2024063567,"crash_year":2024,"pedestrian":1,"bicycle":0,"fatal_count":0,"susp_serious_inj_count":0,"ped_death_count":0,"ped_susp_serious_inj_count":0,"bicycle_death_count":0,"bicycle_susp_serious_inj_count":0}},{"type":"Feature","id":34284,"geometry":{"type":"Point","coordinates":[-75.1514367710313,40.007863076324]},"properties":{"objectid":34284,"crn":2024068831,"crash_year":2024,"pedestrian":1,"bicycle":0,"fatal_count":0,"susp_serious_inj_count":0,"ped_death_count":0,"ped_susp_serious_inj_count":0,"bicycle_death_count":0,"bicycle_susp_serious_inj_count":0}},{"type":"Feature","id":34288,"geometry":{"type":"Point","coordinates":[-75.1467147706796,40.0295100814784]},"properties":{"objectid":34288,"crn":2024063565,"crash_year":2024,"pedestrian":1,"bicycle":0,"fatal_count":0,"susp_serious_inj_count":0,"ped_death_count":0,"ped_susp_serious_inj_count":0,"bicycle_death_count":0,"bicycle_susp_serious_inj_count":0}},{"type":"Feature","id":34297,"geometry":{"type":"Point","coordinates":[-75.1118817573245,39.9979220763084]},"properties":{"objectid":34297,"crn":2024066757,"crash_year":2024,"pedestrian":1,"bicycle":0,"fatal_count":0,"susp_serious_inj_count":0,"ped_death_count":0,"ped_susp_serious_inj_count":0,"bicycle_death_count":0,"bicycle_susp_serious_inj_count":0}},{"type":"Feature","id":34313,"geometry":{"type":"Point","coordinates":[-75.1677087733294,39.9712310685176]},"properties":{"objectid":34313,"crn":2024081502,"crash_year":2024,"pedestrian":0,"bicycle":1,"fatal_count":0,"susp_serious_inj_count":0,"ped_death_count":0,"ped_susp_serious_inj_count":0,"bicycle_death_count":0,"bicycle_susp_serious_inj_count":0}},{"type":"Feature","id":34319,"geometry":{"type":"Point","coordinates":[-75.2255137903814,39.9569710643354]},"properties":{"objectid":34319,"crn":2024064024,"crash_year":2024,"pedestrian":1,"bicycle":0,"fatal_count":0,"susp_serious_inj_count":0,"ped_death_count":0,"ped_susp_serious_inj_count":0,"bicycle_death_count":0,"bicycle_susp_serious_inj_count":0}},{"type":"Feature","id":34323,"geometry":{"type":"Point","coordinates":[-75.209859786872,39.9735620677214]},"properties":{"objectid":34323,"crn":2024081507,"crash_year":2024,"pedestrian":1,"bicycle":0,"fatal_count":0,"susp_serious_inj_count":0,"ped_death_count":0,"ped_susp_serious_inj_count":0,"bicycle_death_count":0,"bicycle_susp_serious_inj_count":0}},{"type":"Feature","id":34327,"geometry":{"type":"Point","coordinates":[-75.216972788719,39.9590500642989]},"properties":{"objectid":34327,"crn":2024074600,"crash_year":2024,"pedestrian":0,"bicycle":1,"fatal_count":0,"susp_serious_inj_count":0,"ped_death_count":0,"ped_susp_serious_inj_count":0,"bicycle_death_count":0,"bicycle_susp_serious_inj_count":0}},{"type":"Feature","id":34330,"geometry":{"type":"Point","coordinates":[-75.1615077737154,40.0123370771917]},"properties":{"objectid":34330,"crn":2024068479,"crash_year":2024,"pedestrian":1,"bicycle":0,"fatal_count":1,"susp_serious_inj_count":0,"ped_death_count":1,"ped_susp_serious_inj_count":0,"bicycle_death_count":0,"bicycle_susp_serious_inj_count":0}},{"type":"Feature","id":34337,"geometry":{"type":"Point","coordinates":[-75.1457327638156,39.9333220623145]},"properties":{"objectid":34337,"crn":2024070615,"crash_year":2024,"pedestrian":1,"bicycle":0,"fatal_count":1,"susp_serious_inj_count":0,"ped_death_count":1,"ped_susp_serious_inj_count":0,"bicycle_death_count":0,"bicycle_susp_serious_inj_count":0}},{"type":"Feature","id":34352,"geometry":{"type":"Point","coordinates":[-75.2286477918647,39.960427064716]},"properties":{"objectid":34352,"crn":2024061764,"crash_year":2024,"pedestrian":1,"bicycle":0,"fatal_count":0,"susp_serious_inj_count":0,"ped_death_count":0,"ped_susp_serious_inj_count":0,"bicycle_death_count":0,"bicycle_susp_serious_inj_count":0}},{"type":"Feature","id":34353,"geometry":{"type":"Point","coordinates":[-75.1429037706472,40.0475120849579]},"properties":{"objectid":34353,"crn":2024058937,"crash_year":2024,"pedestrian":0,"bicycle":1,"fatal_count":0,"susp_serious_inj_count":1,"ped_death_count":0,"ped_susp_serious_inj_count":0,"bicycle_death_count":0,"bicycle_susp_serious_inj_count":1}},{"type":"Feature","id":34370,"geometry":{"type":"Point","coordinates":[-75.1661597710384,39.9377940625787]},"properties":{"objectid":34370,"crn":2024069159,"crash_year":2024,"pedestrian":0,"bicycle":1,"fatal_count":0,"susp_serious_inj_count":0,"ped_death_count":0,"ped_susp_serious_inj_count":0,"bicycle_death_count":0,"bicycle_susp_serious_inj_count":0}},{"type":"Feature","id":34375,"geometry":{"type":"Point","coordinates":[-75.2043147850422,39.9741270683332]},"properties":{"objectid":34375,"crn":2024073304,"crash_year":2024,"pedestrian":1,"bicycle":0,"fatal_count":0,"susp_serious_inj_count":0,"ped_death_count":0,"ped_susp_serious_inj_count":0,"bicycle_death_count":0,"bicycle_susp_serious_inj_count":0}},{"type":"Feature","id":34381,"geometry":{"type":"Point","coordinates":[-75.1572787702548,39.9817430711588]},"properties":{"objectid":34381,"crn":2024073472,"crash_year":2024,"pedestrian":0,"bicycle":1,"fatal_count":0,"susp_serious_inj_count":0,"ped_death_count":0,"ped_susp_serious_inj_count":0,"bicycle_death_count":0,"bicycle_susp_serious_inj_count":0}},{"type":"Feature","id":34383,"geometry":{"type":"Point","coordinates":[-75.1591227711355,39.9726480695211]},"properties":{"objectid":34383,"crn":2024061473,"crash_year":2024,"pedestrian":1,"bicycle":0,"fatal_count":0,"susp_serious_inj_count":0,"ped_death_count":0,"ped_susp_serious_inj_count":0,"bicycle_death_count":0,"bicycle_susp_serious_inj_count":0}},{"type":"Feature","id":34385,"geometry":{"type":"Point","coordinates":[-75.2126877859576,39.9468910622937]},"properties":{"objectid":34385,"crn":2024075396,"crash_year":2024,"pedestrian":0,"bicycle":1,"fatal_count":0,"susp_serious_inj_count":1,"ped_death_count":0,"ped_susp_serious_inj_count":0,"bicycle_death_count":0,"bicycle_susp_serious_inj_count":1}},{"type":"Feature","id":34390,"geometry":{"type":"Point","coordinates":[-75.2400297949446,39.9456630608041]},"properties":{"objectid":34390,"crn":2024074430,"crash_year":2024,"pedestrian":1,"bicycle":0,"fatal_count":0,"susp_serious_inj_count":0,"ped_death_count":0,"ped_susp_serious_inj_count":0,"bicycle_death_count":0,"bicycle_susp_serious_inj_count":0}},{"type":"Feature","id":34424,"geometry":{"type":"Point","coordinates":[-75.194971781713,39.9752190683537]},"properties":{"objectid":34424,"crn":2024066630,"crash_year":2024,"pedestrian":1,"bicycle":0,"fatal_count":0,"susp_serious_inj_count":0,"ped_death_count":0,"ped_susp_serious_inj_count":0,"bicycle_death_count":0,"bicycle_susp_serious_inj_count":0}},{"type":"Feature","id":34436,"geometry":{"type":"Point","coordinates":[-75.2258517899706,39.9335060592268]},"properties":{"objectid":34436,"crn":2024073301,"crash_year":2024,"pedestrian":1,"bicycle":0,"fatal_count":0,"susp_serious_inj_count":0,"ped_death_count":0,"ped_susp_serious_inj_count":0,"bicycle_death_count":0,"bicycle_susp_serious_inj_count":0}},{"type":"Feature","id":34453,"geometry":{"type":"Point","coordinates":[-75.1991347816067,39.9512810633201]},"properties":{"objectid":34453,"crn":2024106169,"crash_year":2024,"pedestrian":1,"bicycle":0,"fatal_count":0,"susp_serious_inj_count":0,"ped_death_count":0,"ped_susp_serious_inj_count":0,"bicycle_death_count":0,"bicycle_susp_serious_inj_count":0}},{"type":"Feature","id":34457,"geometry":{"type":"Point","coordinates":[-75.1512387646031,39.9075000567262]},"properties":{"objectid":34457,"crn":2024105541,"crash_year":2024,"pedestrian":1,"bicycle":0,"fatal_count":0,"susp_serious_inj_count":1,"ped_death_count":0,"ped_susp_serious_inj_count":1,"bicycle_death_count":0,"bicycle_susp_serious_inj_count":0}},{"type":"Feature","id":34466,"geometry":{"type":"Point","coordinates":[-75.228616791547,39.9605070641291]},"properties":{"objectid":34466,"crn":2024105414,"crash_year":2024,"pedestrian":1,"bicycle":0,"fatal_count":0,"susp_serious_inj_count":0,"ped_death_count":0,"ped_susp_serious_inj_count":0,"bicycle_death_count":0,"bicycle_susp_serious_inj_count":0}},{"type":"Feature","id":34478,"geometry":{"type":"Point","coordinates":[-75.2251857904902,39.9584830644442]},"properties":{"objectid":34478,"crn":2024059109,"crash_year":2024,"pedestrian":1,"bicycle":0,"fatal_count":0,"susp_serious_inj_count":0,"ped_death_count":0,"ped_susp_serious_inj_count":0,"bicycle_death_count":0,"bicycle_susp_serious_inj_count":0}},{"type":"Feature","id":34484,"geometry":{"type":"Point","coordinates":[-75.1845517762687,39.9227520585238]},"properties":{"objectid":34484,"crn":2024107336,"crash_year":2024,"pedestrian":1,"bicycle":0,"fatal_count":0,"susp_serious_inj_count":0,"ped_death_count":0,"ped_susp_serious_inj_count":0,"bicycle_death_count":0,"bicycle_susp_serious_inj_count":0}},{"type":"Feature","id":34487,"geometry":{"type":"Point","coordinates":[-75.1510707667265,39.9571440667134]},"properties":{"objectid":34487,"crn":2024078557,"crash_year":2024,"pedestrian":1,"bicycle":0,"fatal_count":0,"susp_serious_inj_count":0,"ped_death_count":0,"ped_susp_serious_inj_count":0,"bicycle_death_count":0,"bicycle_susp_serious_inj_count":0}},{"type":"Feature","id":34491,"geometry":{"type":"Point","coordinates":[-75.0977077529404,39.9929780753391]},"properties":{"objectid":34491,"crn":2024106142,"crash_year":2024,"pedestrian":1,"bicycle":0,"fatal_count":0,"susp_serious_inj_count":0,"ped_death_count":0,"ped_susp_serious_inj_count":0,"bicycle_death_count":0,"bicycle_susp_serious_inj_count":0}},{"type":"Feature","id":34498,"geometry":{"type":"Point","coordinates":[-75.1986207816942,39.953644063838]},"properties":{"objectid":34498,"crn":2024107016,"crash_year":2024,"pedestrian":1,"bicycle":0,"fatal_count":0,"susp_serious_inj_count":0,"ped_death_count":0,"ped_susp_serious_inj_count":0,"bicycle_death_count":0,"bicycle_susp_serious_inj_count":0}},{"type":"Feature","id":34507,"geometry":{"type":"Point","coordinates":[-75.2260027910499,39.9546000633073]},"properties":{"objectid":34507,"crn":2024106419,"crash_year":2024,"pedestrian":0,"bicycle":1,"fatal_count":0,"susp_serious_inj_count":0,"ped_death_count":0,"ped_susp_serious_inj_count":0,"bicycle_death_count":0,"bicycle_susp_serious_inj_count":0}},{"type":"Feature","id":34523,"geometry":{"type":"Point","coordinates":[-75.1808947744744,39.9179940578452]},"properties":{"objectid":34523,"crn":2024106133,"crash_year":2024,"pedestrian":1,"bicycle":0,"fatal_count":0,"susp_serious_inj_count":1,"ped_death_count":0,"ped_susp_serious_inj_count":1,"bicycle_death_count":0,"bicycle_susp_serious_inj_count":0}},{"type":"Feature","id":34542,"geometry":{"type":"Point","coordinates":[-75.2107337889095,40.00853807473]},"properties":{"objectid":34542,"crn":2024094008,"crash_year":2024,"pedestrian":1,"bicycle":0,"fatal_count":0,"susp_serious_inj_count":0,"ped_death_count":0,"ped_susp_serious_inj_count":0,"bicycle_death_count":0,"bicycle_susp_serious_inj_count":0}},{"type":"Feature","id":34545,"geometry":{"type":"Point","coordinates":[-75.1689127712381,39.9293110604734]},"properties":{"objectid":34545,"crn":2024090525,"crash_year":2024,"pedestrian":1,"bicycle":0,"fatal_count":0,"susp_serious_inj_count":0,"ped_death_count":0,"ped_susp_serious_inj_count":0,"bicycle_death_count":0,"bicycle_susp_serious_inj_count":0}},{"type":"Feature","id":34569,"geometry":{"type":"Point","coordinates":[-75.1469217644963,39.9239030598673]},"properties":{"objectid":34569,"crn":2024094926,"crash_year":2024,"pedestrian":1,"bicycle":0,"fatal_count":0,"susp_serious_inj_count":0,"ped_death_count":0,"ped_susp_serious_inj_count":0,"bicycle_death_count":0,"bicycle_susp_serious_inj_count":0}},{"type":"Feature","id":34588,"geometry":{"type":"Point","coordinates":[-75.1696807710353,39.9243920593472]},"properties":{"objectid":34588,"crn":2024095613,"crash_year":2024,"pedestrian":1,"bicycle":0,"fatal_count":0,"susp_serious_inj_count":0,"ped_death_count":0,"ped_susp_serious_inj_count":0,"bicycle_death_count":0,"bicycle_susp_serious_inj_count":0}},{"type":"Feature","id":34593,"geometry":{"type":"Point","coordinates":[-75.0643067443405,40.0363220857151]},"properties":{"objectid":34593,"crn":2024095323,"crash_year":2024,"pedestrian":1,"bicycle":0,"fatal_count":0,"susp_serious_inj_count":0,"ped_death_count":0,"ped_susp_serious_inj_count":0,"bicycle_death_count":0,"bicycle_susp_serious_inj_count":0}},{"type":"Feature","id":34596,"geometry":{"type":"Point","coordinates":[-75.1641467717057,39.9579390664681]},"properties":{"objectid":34596,"crn":2024094928,"crash_year":2024,"pedestrian":0,"bicycle":1,"fatal_count":0,"susp_serious_inj_count":0,"ped_death_count":0,"ped_susp_serious_inj_count":0,"bicycle_death_count":0,"bicycle_susp_serious_inj_count":0}},{"type":"Feature","id":34604,"geometry":{"type":"Point","coordinates":[-75.1680877738812,39.9749400698522]},"properties":{"objectid":34604,"crn":2024095478,"crash_year":2024,"pedestrian":0,"bicycle":1,"fatal_count":0,"susp_serious_inj_count":0,"ped_death_count":0,"ped_susp_serious_inj_count":0,"bicycle_death_count":0,"bicycle_susp_serious_inj_count":0}},{"type":"Feature","id":34636,"geometry":{"type":"Point","coordinates":[-75.1304157609515,39.9701410697651]},"properties":{"objectid":34636,"crn":2024095334,"crash_year":2024,"pedestrian":1,"bicycle":0,"fatal_count":0,"susp_serious_inj_count":0,"ped_death_count":0,"ped_susp_serious_inj_count":0,"bicycle_death_count":0,"bicycle_susp_serious_inj_count":0}},{"type":"Feature","id":34651,"geometry":{"type":"Point","coordinates":[-75.2280287888745,39.9072510543108]},"properties":{"objectid":34651,"crn":2024093448,"crash_year":2024,"pedestrian":1,"bicycle":0,"fatal_count":0,"susp_serious_inj_count":0,"ped_death_count":0,"ped_susp_serious_inj_count":0,"bicycle_death_count":0,"bicycle_susp_serious_inj_count":0}},{"type":"Feature","id":34655,"geometry":{"type":"Point","coordinates":[-75.2055847893797,40.0286540785052]},"properties":{"objectid":34655,"crn":2024095315,"crash_year":2024,"pedestrian":1,"bicycle":0,"fatal_count":0,"susp_serious_inj_count":0,"ped_death_count":0,"ped_susp_serious_inj_count":0,"bicycle_death_count":0,"bicycle_susp_serious_inj_count":0}},{"type":"Feature","id":34663,"geometry":{"type":"Point","coordinates":[-75.1488527702052,40.0202300788769]},"properties":{"objectid":34663,"crn":2024097202,"crash_year":2024,"pedestrian":0,"bicycle":1,"fatal_count":0,"susp_serious_inj_count":1,"ped_death_count":0,"ped_susp_serious_inj_count":0,"bicycle_death_count":0,"bicycle_susp_serious_inj_count":1}},{"type":"Feature","id":34696,"geometry":{"type":"Point","coordinates":[-75.1478357645051,39.9240290599027]},"properties":{"objectid":34696,"crn":2024094209,"crash_year":2024,"pedestrian":1,"bicycle":0,"fatal_count":0,"susp_serious_inj_count":0,"ped_death_count":0,"ped_susp_serious_inj_count":0,"bicycle_death_count":0,"bicycle_susp_serious_inj_count":0}},{"type":"Feature","id":34697,"geometry":{"type":"Point","coordinates":[-75.2492188002912,39.9904990694444]},"properties":{"objectid":34697,"crn":2024096743,"crash_year":2024,"pedestrian":1,"bicycle":0,"fatal_count":0,"susp_serious_inj_count":0,"ped_death_count":0,"ped_susp_serious_inj_count":0,"bicycle_death_count":0,"bicycle_susp_serious_inj_count":0}},{"type":"Feature","id":34698,"geometry":{"type":"Point","coordinates":[-75.141965763863,39.9441780648177]},"properties":{"objectid":34698,"crn":2024097183,"crash_year":2024,"pedestrian":0,"bicycle":1,"fatal_count":0,"susp_serious_inj_count":0,"ped_death_count":0,"ped_susp_serious_inj_count":0,"bicycle_death_count":0,"bicycle_susp_serious_inj_count":0}},{"type":"Feature","id":34713,"geometry":{"type":"Point","coordinates":[-75.1292827631707,39.9985170757879]},"properties":{"objectid":34713,"crn":2024118919,"crash_year":2024,"pedestrian":1,"bicycle":0,"fatal_count":0,"susp_serious_inj_count":0,"ped_death_count":0,"ped_susp_serious_inj_count":0,"bicycle_death_count":0,"bicycle_susp_serious_inj_count":0}},{"type":"Feature","id":34724,"geometry":{"type":"Point","coordinates":[-75.0842367527851,40.0707510919764]},"properties":{"objectid":34724,"crn":2024117168,"crash_year":2024,"pedestrian":0,"bicycle":1,"fatal_count":0,"susp_serious_inj_count":0,"ped_death_count":0,"ped_susp_serious_inj_count":0,"bicycle_death_count":0,"bicycle_susp_serious_inj_count":0}},{"type":"Feature","id":34727,"geometry":{"type":"Point","coordinates":[-75.1441127656562,39.9574460670499]},"properties":{"objectid":34727,"crn":2024117799,"crash_year":2024,"pedestrian":1,"bicycle":0,"fatal_count":0,"susp_serious_inj_count":0,"ped_death_count":0,"ped_susp_serious_inj_count":0,"bicycle_death_count":0,"bicycle_susp_serious_inj_count":0}},{"type":"Feature","id":34733,"geometry":{"type":"Point","coordinates":[-75.1639707709424,39.9508730645057]},"properties":{"objectid":34733,"crn":2024118146,"crash_year":2024,"pedestrian":1,"bicycle":0,"fatal_count":0,"susp_serious_inj_count":0,"ped_death_count":0,"ped_susp_serious_inj_count":0,"bicycle_death_count":0,"bicycle_susp_serious_inj_count":0}},{"type":"Feature","id":34739,"geometry":{"type":"Point","coordinates":[-75.1258897607101,39.9717250707062]},"properties":{"objectid":34739,"crn":2024118923,"crash_year":2024,"pedestrian":1,"bicycle":0,"fatal_count":0,"susp_serious_inj_count":0,"ped_death_count":0,"ped_susp_serious_inj_count":0,"bicycle_death_count":0,"bicycle_susp_serious_inj_count":0}},{"type":"Feature","id":34750,"geometry":{"type":"Point","coordinates":[-75.1896787779975,39.9332340601445]},"properties":{"objectid":34750,"crn":2024116103,"crash_year":2024,"pedestrian":1,"bicycle":0,"fatal_count":0,"susp_serious_inj_count":0,"ped_death_count":0,"ped_susp_serious_inj_count":0,"bicycle_death_count":0,"bicycle_susp_serious_inj_count":0}},{"type":"Feature","id":34751,"geometry":{"type":"Point","coordinates":[-75.2245757913372,39.9649670652785]},"properties":{"objectid":34751,"crn":2024119176,"crash_year":2024,"pedestrian":1,"bicycle":0,"fatal_count":0,"susp_serious_inj_count":0,"ped_death_count":0,"ped_susp_serious_inj_count":0,"bicycle_death_count":0,"bicycle_susp_serious_inj_count":0}},{"type":"Feature","id":34759,"geometry":{"type":"Point","coordinates":[-75.1692967710245,39.9165190576405]},"properties":{"objectid":34759,"crn":2024116101,"crash_year":2024,"pedestrian":1,"bicycle":0,"fatal_count":0,"susp_serious_inj_count":0,"ped_death_count":0,"ped_susp_serious_inj_count":0,"bicycle_death_count":0,"bicycle_susp_serious_inj_count":0}},{"type":"Feature","id":34761,"geometry":{"type":"Point","coordinates":[-75.1460017636595,39.9237300603349]},"properties":{"objectid":34761,"crn":2024117516,"crash_year":2024,"pedestrian":1,"bicycle":0,"fatal_count":0,"susp_serious_inj_count":0,"ped_death_count":0,"ped_susp_serious_inj_count":0,"bicycle_death_count":0,"bicycle_susp_serious_inj_count":0}},{"type":"Feature","id":34785,"geometry":{"type":"Point","coordinates":[-75.1793737740124,39.9175750580387]},"properties":{"objectid":34785,"crn":2024117350,"crash_year":2024,"pedestrian":1,"bicycle":0,"fatal_count":0,"susp_serious_inj_count":0,"ped_death_count":0,"ped_susp_serious_inj_count":0,"bicycle_death_count":0,"bicycle_susp_serious_inj_count":0}},{"type":"Feature","id":34798,"geometry":{"type":"Point","coordinates":[-75.195559780838,39.9508300636873]},"properties":{"objectid":34798,"crn":2024117649,"crash_year":2024,"pedestrian":1,"bicycle":0,"fatal_count":0,"susp_serious_inj_count":0,"ped_death_count":0,"ped_susp_serious_inj_count":0,"bicycle_death_count":0,"bicycle_susp_serious_inj_count":0}},{"type":"Feature","id":34800,"geometry":{"type":"Point","coordinates":[-75.1435697707223,40.0443990844776]},"properties":{"objectid":34800,"crn":2024116216,"crash_year":2024,"pedestrian":1,"bicycle":0,"fatal_count":0,"susp_serious_inj_count":0,"ped_death_count":0,"ped_susp_serious_inj_count":0,"bicycle_death_count":0,"bicycle_susp_serious_inj_count":0}},{"type":"Feature","id":34815,"geometry":{"type":"Point","coordinates":[-75.1503627661528,39.950776065441]},"properties":{"objectid":34815,"crn":2024119173,"crash_year":2024,"pedestrian":1,"bicycle":0,"fatal_count":0,"susp_serious_inj_count":1,"ped_death_count":0,"ped_susp_serious_inj_count":1,"bicycle_death_count":0,"bicycle_susp_serious_inj_count":0}},{"type":"Feature","id":34826,"geometry":{"type":"Point","coordinates":[-75.1559527714315,40.0098660773144]},"properties":{"objectid":34826,"crn":2024116389,"crash_year":2024,"pedestrian":1,"bicycle":0,"fatal_count":0,"susp_serious_inj_count":0,"ped_death_count":0,"ped_susp_serious_inj_count":0,"bicycle_death_count":0,"bicycle_susp_serious_inj_count":0}},{"type":"Feature","id":34844,"geometry":{"type":"Point","coordinates":[-75.1745097716296,39.9055300555416]},"properties":{"objectid":34844,"crn":2024089566,"crash_year":2024,"pedestrian":0,"bicycle":1,"fatal_count":0,"susp_serious_inj_count":0,"ped_death_count":0,"ped_susp_serious_inj_count":0,"bicycle_death_count":0,"bicycle_susp_serious_inj_count":0}},{"type":"Feature","id":34882,"geometry":{"type":"Point","coordinates":[-75.1562797705354,39.9863110724073]},"properties":{"objectid":34882,"crn":2024116386,"crash_year":2024,"pedestrian":1,"bicycle":0,"fatal_count":0,"susp_serious_inj_count":0,"ped_death_count":0,"ped_susp_serious_inj_count":0,"bicycle_death_count":0,"bicycle_susp_serious_inj_count":0}},{"type":"Feature","id":34895,"geometry":{"type":"Point","coordinates":[-75.1578817712644,39.9786960708489]},"properties":{"objectid":34895,"crn":2024092726,"crash_year":2024,"pedestrian":0,"bicycle":1,"fatal_count":0,"susp_serious_inj_count":0,"ped_death_count":0,"ped_susp_serious_inj_count":0,"bicycle_death_count":0,"bicycle_susp_serious_inj_count":0}},{"type":"Feature","id":34906,"geometry":{"type":"Point","coordinates":[-75.1015777538581,39.9909490746867]},"properties":{"objectid":34906,"crn":2024089701,"crash_year":2024,"pedestrian":1,"bicycle":0,"fatal_count":0,"susp_serious_inj_count":0,"ped_death_count":0,"ped_susp_serious_inj_count":0,"bicycle_death_count":0,"bicycle_susp_serious_inj_count":0}},{"type":"Feature","id":34911,"geometry":{"type":"Point","coordinates":[-75.2267127920149,39.9799460688517]},"properties":{"objectid":34911,"crn":2024087061,"crash_year":2024,"pedestrian":1,"bicycle":0,"fatal_count":0,"susp_serious_inj_count":0,"ped_death_count":0,"ped_susp_serious_inj_count":0,"bicycle_death_count":0,"bicycle_susp_serious_inj_count":0}},{"type":"Feature","id":34933,"geometry":{"type":"Point","coordinates":[-75.2189907873492,39.9363910603263]},"properties":{"objectid":34933,"crn":2024091540,"crash_year":2024,"pedestrian":1,"bicycle":0,"fatal_count":0,"susp_serious_inj_count":1,"ped_death_count":0,"ped_susp_serious_inj_count":1,"bicycle_death_count":0,"bicycle_susp_serious_inj_count":0}},{"type":"Feature","id":34944,"geometry":{"type":"Point","coordinates":[-75.1648177696742,39.9159480577517]},"properties":{"objectid":34944,"crn":2024089689,"crash_year":2024,"pedestrian":0,"bicycle":1,"fatal_count":0,"susp_serious_inj_count":0,"ped_death_count":0,"ped_susp_serious_inj_count":0,"bicycle_death_count":0,"bicycle_susp_serious_inj_count":0}},{"type":"Feature","id":34957,"geometry":{"type":"Point","coordinates":[-75.1848467788109,39.9639070670555]},"properties":{"objectid":34957,"crn":2024093106,"crash_year":2024,"pedestrian":1,"bicycle":0,"fatal_count":0,"susp_serious_inj_count":0,"ped_death_count":0,"ped_susp_serious_inj_count":0,"bicycle_death_count":0,"bicycle_susp_serious_inj_count":0}},{"type":"Feature","id":34963,"geometry":{"type":"Point","coordinates":[-75.1486497699126,40.0211620796114]},"properties":{"objectid":34963,"crn":2024092298,"crash_year":2024,"pedestrian":0,"bicycle":1,"fatal_count":0,"susp_serious_inj_count":0,"ped_death_count":0,"ped_susp_serious_inj_count":0,"bicycle_death_count":0,"bicycle_susp_serious_inj_count":0}},{"type":"Feature","id":34966,"geometry":{"type":"Point","coordinates":[-75.1017167541678,39.9908770752977]},"properties":{"objectid":34966,"crn":2024115510,"crash_year":2024,"pedestrian":1,"bicycle":0,"fatal_count":0,"susp_serious_inj_count":0,"ped_death_count":0,"ped_susp_serious_inj_count":0,"bicycle_death_count":0,"bicycle_susp_serious_inj_count":0}},{"type":"Feature","id":34970,"geometry":{"type":"Point","coordinates":[-75.1638997709145,39.9508630646105]},"properties":{"objectid":34970,"crn":2024093706,"crash_year":2024,"pedestrian":1,"bicycle":0,"fatal_count":0,"susp_serious_inj_count":0,"ped_death_count":0,"ped_susp_serious_inj_count":0,"bicycle_death_count":0,"bicycle_susp_serious_inj_count":0}},{"type":"Feature","id":34999,"geometry":{"type":"Point","coordinates":[-75.2339057940029,39.9658390651114]},"properties":{"objectid":34999,"crn":2024091991,"crash_year":2024,"pedestrian":1,"bicycle":0,"fatal_count":0,"susp_serious_inj_count":0,"ped_death_count":0,"ped_susp_serious_inj_count":0,"bicycle_death_count":0,"bicycle_susp_serious_inj_count":0}},{"type":"Feature","id":35004,"geometry":{"type":"Point","coordinates":[-75.1572787702548,39.9817430711588]},"properties":{"objectid":35004,"crn":2024113039,"crash_year":2024,"pedestrian":1,"bicycle":0,"fatal_count":0,"susp_serious_inj_count":0,"ped_death_count":0,"ped_susp_serious_inj_count":0,"bicycle_death_count":0,"bicycle_susp_serious_inj_count":0}},{"type":"Feature","id":35006,"geometry":{"type":"Point","coordinates":[-75.0835077519612,40.0613020900568]},"properties":{"objectid":35006,"crn":2024115504,"crash_year":2024,"pedestrian":1,"bicycle":0,"fatal_count":0,"susp_serious_inj_count":0,"ped_death_count":0,"ped_susp_serious_inj_count":0,"bicycle_death_count":0,"bicycle_susp_serious_inj_count":0}},{"type":"Feature","id":35028,"geometry":{"type":"Point","coordinates":[-75.2219737898871,39.9643910657334]},"properties":{"objectid":35028,"crn":2024115706,"crash_year":2024,"pedestrian":1,"bicycle":0,"fatal_count":0,"susp_serious_inj_count":0,"ped_death_count":0,"ped_susp_serious_inj_count":0,"bicycle_death_count":0,"bicycle_susp_serious_inj_count":0}},{"type":"Feature","id":35040,"geometry":{"type":"Point","coordinates":[-75.114404757767,39.9859680738826]},"properties":{"objectid":35040,"crn":2024113626,"crash_year":2024,"pedestrian":1,"bicycle":0,"fatal_count":0,"susp_serious_inj_count":0,"ped_death_count":0,"ped_susp_serious_inj_count":0,"bicycle_death_count":0,"bicycle_susp_serious_inj_count":0}},{"type":"Feature","id":35043,"geometry":{"type":"Point","coordinates":[-75.1885997776767,39.9230080581388]},"properties":{"objectid":35043,"crn":2024104116,"crash_year":2024,"pedestrian":0,"bicycle":1,"fatal_count":0,"susp_serious_inj_count":0,"ped_death_count":0,"ped_susp_serious_inj_count":0,"bicycle_death_count":0,"bicycle_susp_serious_inj_count":0}},{"type":"Feature","id":35085,"geometry":{"type":"Point","coordinates":[-75.1941557802551,39.956162065303]},"properties":{"objectid":35085,"crn":2024114962,"crash_year":2024,"pedestrian":1,"bicycle":0,"fatal_count":0,"susp_serious_inj_count":0,"ped_death_count":0,"ped_susp_serious_inj_count":0,"bicycle_death_count":0,"bicycle_susp_serious_inj_count":0}},{"type":"Feature","id":35115,"geometry":{"type":"Point","coordinates":[-75.0732917447704,39.9974170772949]},"properties":{"objectid":35115,"crn":2024104805,"crash_year":2024,"pedestrian":0,"bicycle":1,"fatal_count":0,"susp_serious_inj_count":0,"ped_death_count":0,"ped_susp_serious_inj_count":0,"bicycle_death_count":0,"bicycle_susp_serious_inj_count":0}},{"type":"Feature","id":35124,"geometry":{"type":"Point","coordinates":[-75.1914697796393,39.9558200653041]},"properties":{"objectid":35124,"crn":2024105298,"crash_year":2024,"pedestrian":1,"bicycle":0,"fatal_count":0,"susp_serious_inj_count":0,"ped_death_count":0,"ped_susp_serious_inj_count":0,"bicycle_death_count":0,"bicycle_susp_serious_inj_count":0}},{"type":"Feature","id":35137,"geometry":{"type":"Point","coordinates":[-75.1339017650637,40.0117640785138]},"properties":{"objectid":35137,"crn":2024105421,"crash_year":2024,"pedestrian":1,"bicycle":0,"fatal_count":0,"susp_serious_inj_count":0,"ped_death_count":0,"ped_susp_serious_inj_count":0,"bicycle_death_count":0,"bicycle_susp_serious_inj_count":0}},{"type":"Feature","id":35148,"geometry":{"type":"Point","coordinates":[-75.194966781883,39.9750960687299]},"properties":{"objectid":35148,"crn":2024103246,"crash_year":2024,"pedestrian":1,"bicycle":0,"fatal_count":0,"susp_serious_inj_count":1,"ped_death_count":0,"ped_susp_serious_inj_count":1,"bicycle_death_count":0,"bicycle_susp_serious_inj_count":0}},{"type":"Feature","id":35150,"geometry":{"type":"Point","coordinates":[-75.1475247640865,39.9327540622622]},"properties":{"objectid":35150,"crn":2024102666,"crash_year":2024,"pedestrian":1,"bicycle":0,"fatal_count":0,"susp_serious_inj_count":0,"ped_death_count":0,"ped_susp_serious_inj_count":0,"bicycle_death_count":0,"bicycle_susp_serious_inj_count":0}},{"type":"Feature","id":35153,"geometry":{"type":"Point","coordinates":[-75.1692597726805,39.9570310661018]},"properties":{"objectid":35153,"crn":2024104803,"crash_year":2024,"pedestrian":1,"bicycle":0,"fatal_count":0,"susp_serious_inj_count":0,"ped_death_count":0,"ped_susp_serious_inj_count":0,"bicycle_death_count":0,"bicycle_susp_serious_inj_count":0}},{"type":"Feature","id":35157,"geometry":{"type":"Point","coordinates":[-75.2463047944189,39.9171910549878]},"properties":{"objectid":35157,"crn":2024101098,"crash_year":2024,"pedestrian":1,"bicycle":0,"fatal_count":0,"susp_serious_inj_count":0,"ped_death_count":0,"ped_susp_serious_inj_count":0,"bicycle_death_count":0,"bicycle_susp_serious_inj_count":0}},{"type":"Feature","id":35196,"geometry":{"type":"Point","coordinates":[-75.1668427718175,39.9527920647431]},"properties":{"objectid":35196,"crn":2024103243,"crash_year":2024,"pedestrian":1,"bicycle":0,"fatal_count":0,"susp_serious_inj_count":0,"ped_death_count":0,"ped_susp_serious_inj_count":0,"bicycle_death_count":0,"bicycle_susp_serious_inj_count":0}},{"type":"Feature","id":35204,"geometry":{"type":"Point","coordinates":[-75.1087507566696,39.9990780760542]},"properties":{"objectid":35204,"crn":2024105010,"crash_year":2024,"pedestrian":1,"bicycle":0,"fatal_count":0,"susp_serious_inj_count":0,"ped_death_count":0,"ped_susp_serious_inj_count":0,"bicycle_death_count":0,"bicycle_susp_serious_inj_count":0}},{"type":"Feature","id":35205,"geometry":{"type":"Point","coordinates":[-75.2682718062478,39.9789830667718]},"properties":{"objectid":35205,"crn":2024101980,"crash_year":2024,"pedestrian":1,"bicycle":0,"fatal_count":0,"susp_serious_inj_count":0,"ped_death_count":0,"ped_susp_serious_inj_count":0,"bicycle_death_count":0,"bicycle_susp_serious_inj_count":0}},{"type":"Feature","id":35206,"geometry":{"type":"Point","coordinates":[-75.1630477700907,39.9374050621663]},"properties":{"objectid":35206,"crn":2024103702,"crash_year":2024,"pedestrian":1,"bicycle":0,"fatal_count":0,"susp_serious_inj_count":0,"ped_death_count":0,"ped_susp_serious_inj_count":0,"bicycle_death_count":0,"bicycle_susp_serious_inj_count":0}},{"type":"Feature","id":35215,"geometry":{"type":"Point","coordinates":[-75.1578817712644,39.9786960708489]},"properties":{"objectid":35215,"crn":2024105218,"crash_year":2024,"pedestrian":1,"bicycle":0,"fatal_count":0,"susp_serious_inj_count":0,"ped_death_count":0,"ped_susp_serious_inj_count":0,"bicycle_death_count":0,"bicycle_susp_serious_inj_count":0}},{"type":"Feature","id":35226,"geometry":{"type":"Point","coordinates":[-75.0796677486977,40.0326730837521]},"properties":{"objectid":35226,"crn":2024101479,"crash_year":2024,"pedestrian":1,"bicycle":0,"fatal_count":0,"susp_serious_inj_count":0,"ped_death_count":0,"ped_susp_serious_inj_count":0,"bicycle_death_count":0,"bicycle_susp_serious_inj_count":0}},{"type":"Feature","id":35264,"geometry":{"type":"Point","coordinates":[-75.1413977621295,39.9207330599311]},"properties":{"objectid":35264,"crn":2024103556,"crash_year":2024,"pedestrian":1,"bicycle":0,"fatal_count":0,"susp_serious_inj_count":0,"ped_death_count":0,"ped_susp_serious_inj_count":0,"bicycle_death_count":0,"bicycle_susp_serious_inj_count":0}},{"type":"Feature","id":35272,"geometry":{"type":"Point","coordinates":[-75.1969267817079,39.9608350657456]},"properties":{"objectid":35272,"crn":2024103390,"crash_year":2024,"pedestrian":0,"bicycle":1,"fatal_count":0,"susp_serious_inj_count":1,"ped_death_count":0,"ped_susp_serious_inj_count":0,"bicycle_death_count":0,"bicycle_susp_serious_inj_count":1}},{"type":"Feature","id":35326,"geometry":{"type":"Point","coordinates":[-75.1634247693818,39.9210070588502]},"properties":{"objectid":35326,"crn":2024106930,"crash_year":2024,"pedestrian":1,"bicycle":0,"fatal_count":0,"susp_serious_inj_count":0,"ped_death_count":0,"ped_susp_serious_inj_count":0,"bicycle_death_count":0,"bicycle_susp_serious_inj_count":0}},{"type":"Feature","id":35360,"geometry":{"type":"Point","coordinates":[-75.2068247852553,39.9624980654166]},"properties":{"objectid":35360,"crn":2024112775,"crash_year":2024,"pedestrian":1,"bicycle":0,"fatal_count":0,"susp_serious_inj_count":0,"ped_death_count":0,"ped_susp_serious_inj_count":0,"bicycle_death_count":0,"bicycle_susp_serious_inj_count":0}},{"type":"Feature","id":35382,"geometry":{"type":"Point","coordinates":[-75.1296007626082,39.9875520730808]},"properties":{"objectid":35382,"crn":2024112456,"crash_year":2024,"pedestrian":1,"bicycle":0,"fatal_count":0,"susp_serious_inj_count":0,"ped_death_count":0,"ped_susp_serious_inj_count":0,"bicycle_death_count":0,"bicycle_susp_serious_inj_count":0}},{"type":"Feature","id":35388,"geometry":{"type":"Point","coordinates":[-75.2114257897341,40.0172380759508]},"properties":{"objectid":35388,"crn":2024112434,"crash_year":2024,"pedestrian":0,"bicycle":1,"fatal_count":0,"susp_serious_inj_count":0,"ped_death_count":0,"ped_susp_serious_inj_count":0,"bicycle_death_count":0,"bicycle_susp_serious_inj_count":0}},{"type":"Feature","id":35389,"geometry":{"type":"Point","coordinates":[-75.1916427800903,39.9575260656167]},"properties":{"objectid":35389,"crn":2024111351,"crash_year":2024,"pedestrian":1,"bicycle":0,"fatal_count":0,"susp_serious_inj_count":0,"ped_death_count":0,"ped_susp_serious_inj_count":0,"bicycle_death_count":0,"bicycle_susp_serious_inj_count":0}},{"type":"Feature","id":35395,"geometry":{"type":"Point","coordinates":[-75.1221257635054,40.0531830863148]},"properties":{"objectid":35395,"crn":2024109457,"crash_year":2024,"pedestrian":1,"bicycle":0,"fatal_count":0,"susp_serious_inj_count":0,"ped_death_count":0,"ped_susp_serious_inj_count":0,"bicycle_death_count":0,"bicycle_susp_serious_inj_count":0}},{"type":"Feature","id":35402,"geometry":{"type":"Point","coordinates":[-75.1234397621334,40.0072250774888]},"properties":{"objectid":35402,"crn":2024109733,"crash_year":2024,"pedestrian":1,"bicycle":0,"fatal_count":0,"susp_serious_inj_count":0,"ped_death_count":0,"ped_susp_serious_inj_count":0,"bicycle_death_count":0,"bicycle_susp_serious_inj_count":0}},{"type":"Feature","id":35412,"geometry":{"type":"Point","coordinates":[-75.1952517809635,39.9563770647368]},"properties":{"objectid":35412,"crn":2024086997,"crash_year":2024,"pedestrian":1,"bicycle":0,"fatal_count":0,"susp_serious_inj_count":0,"ped_death_count":0,"ped_susp_serious_inj_count":0,"bicycle_death_count":0,"bicycle_susp_serious_inj_count":0}},{"type":"Feature","id":35425,"geometry":{"type":"Point","coordinates":[-75.1671897725921,39.9586920662845]},"properties":{"objectid":35425,"crn":2024111055,"crash_year":2024,"pedestrian":1,"bicycle":0,"fatal_count":0,"susp_serious_inj_count":0,"ped_death_count":0,"ped_susp_serious_inj_count":0,"bicycle_death_count":0,"bicycle_susp_serious_inj_count":0}},{"type":"Feature","id":35440,"geometry":{"type":"Point","coordinates":[-75.1552827710018,40.0050770755465]},"properties":{"objectid":35440,"crn":2024111888,"crash_year":2024,"pedestrian":1,"bicycle":0,"fatal_count":0,"susp_serious_inj_count":0,"ped_death_count":0,"ped_susp_serious_inj_count":0,"bicycle_death_count":0,"bicycle_susp_serious_inj_count":0}},{"type":"Feature","id":35526,"geometry":{"type":"Point","coordinates":[-75.1648107693431,39.9146300575241]},"properties":{"objectid":35526,"crn":2024118526,"crash_year":2024,"pedestrian":0,"bicycle":1,"fatal_count":0,"susp_serious_inj_count":0,"ped_death_count":0,"ped_susp_serious_inj_count":0,"bicycle_death_count":0,"bicycle_susp_serious_inj_count":0}},{"type":"Feature","id":35552,"geometry":{"type":"Point","coordinates":[-75.2100777856322,39.9550630642708]},"properties":{"objectid":35552,"crn":2024100765,"crash_year":2024,"pedestrian":1,"bicycle":0,"fatal_count":0,"susp_serious_inj_count":0,"ped_death_count":0,"ped_susp_serious_inj_count":0,"bicycle_death_count":0,"bicycle_susp_serious_inj_count":0}},{"type":"Feature","id":35558,"geometry":{"type":"Point","coordinates":[-75.1915637797416,39.954319064714]},"properties":{"objectid":35558,"crn":2024100269,"crash_year":2024,"pedestrian":0,"bicycle":1,"fatal_count":0,"susp_serious_inj_count":0,"ped_death_count":0,"ped_susp_serious_inj_count":0,"bicycle_death_count":0,"bicycle_susp_serious_inj_count":0}},{"type":"Feature","id":35565,"geometry":{"type":"Point","coordinates":[-75.1995627854453,40.0068080750698]},"properties":{"objectid":35565,"crn":2024100457,"crash_year":2024,"pedestrian":1,"bicycle":0,"fatal_count":0,"susp_serious_inj_count":0,"ped_death_count":0,"ped_susp_serious_inj_count":0,"bicycle_death_count":0,"bicycle_susp_serious_inj_count":0}},{"type":"Feature","id":35571,"geometry":{"type":"Point","coordinates":[-75.15037576635,39.9507150654309]},"properties":{"objectid":35571,"crn":2024100436,"crash_year":2024,"pedestrian":1,"bicycle":0,"fatal_count":0,"susp_serious_inj_count":0,"ped_death_count":0,"ped_susp_serious_inj_count":0,"bicycle_death_count":0,"bicycle_susp_serious_inj_count":0}},{"type":"Feature","id":35603,"geometry":{"type":"Point","coordinates":[-75.1421777642505,39.9572160672805]},"properties":{"objectid":35603,"crn":2024100648,"crash_year":2024,"pedestrian":1,"bicycle":0,"fatal_count":0,"susp_serious_inj_count":0,"ped_death_count":0,"ped_susp_serious_inj_count":0,"bicycle_death_count":0,"bicycle_susp_serious_inj_count":0}},{"type":"Feature","id":35607,"geometry":{"type":"Point","coordinates":[-75.1828067755014,39.9182310580475]},"properties":{"objectid":35607,"crn":2024100435,"crash_year":2024,"pedestrian":0,"bicycle":1,"fatal_count":0,"susp_serious_inj_count":0,"ped_death_count":0,"ped_susp_serious_inj_count":0,"bicycle_death_count":0,"bicycle_susp_serious_inj_count":0}},{"type":"Feature","id":35612,"geometry":{"type":"Point","coordinates":[-75.1681627741983,39.9750730693859]},"properties":{"objectid":35612,"crn":2024101315,"crash_year":2024,"pedestrian":0,"bicycle":1,"fatal_count":0,"susp_serious_inj_count":0,"ped_death_count":0,"ped_susp_serious_inj_count":0,"bicycle_death_count":0,"bicycle_susp_serious_inj_count":0}},{"type":"Feature","id":35617,"geometry":{"type":"Point","coordinates":[-75.1511397676801,39.9548660658864]},"properties":{"objectid":35617,"crn":2024103091,"crash_year":2024,"pedestrian":0,"bicycle":1,"fatal_count":0,"susp_serious_inj_count":0,"ped_death_count":0,"ped_susp_serious_inj_count":0,"bicycle_death_count":0,"bicycle_susp_serious_inj_count":0}},{"type":"Feature","id":35620,"geometry":{"type":"Point","coordinates":[-75.1676747727027,39.9558530657198]},"properties":{"objectid":35620,"crn":2024100647,"crash_year":2024,"pedestrian":1,"bicycle":0,"fatal_count":0,"susp_serious_inj_count":1,"ped_death_count":0,"ped_susp_serious_inj_count":1,"bicycle_death_count":0,"bicycle_susp_serious_inj_count":0}},{"type":"Feature","id":35625,"geometry":{"type":"Point","coordinates":[-75.1638317714021,39.9508550649976]},"properties":{"objectid":35625,"crn":2024105895,"crash_year":2024,"pedestrian":1,"bicycle":0,"fatal_count":0,"susp_serious_inj_count":0,"ped_death_count":0,"ped_susp_serious_inj_count":0,"bicycle_death_count":0,"bicycle_susp_serious_inj_count":0}},{"type":"Feature","id":35630,"geometry":{"type":"Point","coordinates":[-75.1668097696191,39.9045330552629]},"properties":{"objectid":35630,"crn":2024101782,"crash_year":2024,"pedestrian":1,"bicycle":0,"fatal_count":0,"susp_serious_inj_count":0,"ped_death_count":0,"ped_susp_serious_inj_count":0,"bicycle_death_count":0,"bicycle_susp_serious_inj_count":0}},{"type":"Feature","id":35649,"geometry":{"type":"Point","coordinates":[-75.165025771154,39.9455660638054]},"properties":{"objectid":35649,"crn":2024103090,"crash_year":2024,"pedestrian":0,"bicycle":1,"fatal_count":0,"susp_serious_inj_count":0,"ped_death_count":0,"ped_susp_serious_inj_count":0,"bicycle_death_count":0,"bicycle_susp_serious_inj_count":0}},{"type":"Feature","id":35651,"geometry":{"type":"Point","coordinates":[-75.1866597801045,39.9749720692908]},"properties":{"objectid":35651,"crn":2024101314,"crash_year":2024,"pedestrian":1,"bicycle":0,"fatal_count":0,"susp_serious_inj_count":0,"ped_death_count":0,"ped_susp_serious_inj_count":0,"bicycle_death_count":0,"bicycle_susp_serious_inj_count":0}},{"type":"Feature","id":35672,"geometry":{"type":"Point","coordinates":[-75.20925278391,39.9181410566841]},"properties":{"objectid":35672,"crn":2024097657,"crash_year":2024,"pedestrian":1,"bicycle":0,"fatal_count":0,"susp_serious_inj_count":0,"ped_death_count":0,"ped_susp_serious_inj_count":0,"bicycle_death_count":0,"bicycle_susp_serious_inj_count":0}},{"type":"Feature","id":35676,"geometry":{"type":"Point","coordinates":[-75.221155789075,39.9594930641878]},"properties":{"objectid":35676,"crn":2024097192,"crash_year":2024,"pedestrian":0,"bicycle":1,"fatal_count":0,"susp_serious_inj_count":0,"ped_death_count":0,"ped_susp_serious_inj_count":0,"bicycle_death_count":0,"bicycle_susp_serious_inj_count":0}},{"type":"Feature","id":35690,"geometry":{"type":"Point","coordinates":[-75.1623687707161,39.9576880660863]},"properties":{"objectid":35690,"crn":2024099504,"crash_year":2024,"pedestrian":0,"bicycle":1,"fatal_count":0,"susp_serious_inj_count":0,"ped_death_count":0,"ped_susp_serious_inj_count":0,"bicycle_death_count":0,"bicycle_susp_serious_inj_count":0}},{"type":"Feature","id":35709,"geometry":{"type":"Point","coordinates":[-75.2333797905647,39.9176300559787]},"properties":{"objectid":35709,"crn":2024098204,"crash_year":2024,"pedestrian":1,"bicycle":0,"fatal_count":0,"susp_serious_inj_count":0,"ped_death_count":0,"ped_susp_serious_inj_count":0,"bicycle_death_count":0,"bicycle_susp_serious_inj_count":0}},{"type":"Feature","id":35745,"geometry":{"type":"Point","coordinates":[-75.1015777538581,39.9909490746867]},"properties":{"objectid":35745,"crn":2024097540,"crash_year":2024,"pedestrian":1,"bicycle":0,"fatal_count":0,"susp_serious_inj_count":0,"ped_death_count":0,"ped_susp_serious_inj_count":0,"bicycle_death_count":0,"bicycle_susp_serious_inj_count":0}},{"type":"Feature","id":35752,"geometry":{"type":"Point","coordinates":[-75.2108407856961,39.9433600614905]},"properties":{"objectid":35752,"crn":2024099720,"crash_year":2024,"pedestrian":1,"bicycle":0,"fatal_count":0,"susp_serious_inj_count":0,"ped_death_count":0,"ped_susp_serious_inj_count":0,"bicycle_death_count":0,"bicycle_susp_serious_inj_count":0}},{"type":"Feature","id":35765,"geometry":{"type":"Point","coordinates":[-75.1711517712476,39.9233320590493]},"properties":{"objectid":35765,"crn":2024096432,"crash_year":2024,"pedestrian":1,"bicycle":0,"fatal_count":0,"susp_serious_inj_count":0,"ped_death_count":0,"ped_susp_serious_inj_count":0,"bicycle_death_count":0,"bicycle_susp_serious_inj_count":0}},{"type":"Feature","id":35771,"geometry":{"type":"Point","coordinates":[-75.1941347804816,39.9562420646225]},"properties":{"objectid":35771,"crn":2024099305,"crash_year":2024,"pedestrian":1,"bicycle":0,"fatal_count":0,"susp_serious_inj_count":0,"ped_death_count":0,"ped_susp_serious_inj_count":0,"bicycle_death_count":0,"bicycle_susp_serious_inj_count":0}},{"type":"Feature","id":35803,"geometry":{"type":"Point","coordinates":[-75.1361967633344,39.9688500694412]},"properties":{"objectid":35803,"crn":2024099020,"crash_year":2024,"pedestrian":1,"bicycle":0,"fatal_count":0,"susp_serious_inj_count":0,"ped_death_count":0,"ped_susp_serious_inj_count":0,"bicycle_death_count":0,"bicycle_susp_serious_inj_count":0}},{"type":"Feature","id":35816,"geometry":{"type":"Point","coordinates":[-75.1920937804668,39.9528120641282]},"properties":{"objectid":35816,"crn":2025003735,"crash_year":2024,"pedestrian":0,"bicycle":1,"fatal_count":0,"susp_serious_inj_count":0,"ped_death_count":0,"ped_susp_serious_inj_count":0,"bicycle_death_count":0,"bicycle_susp_serious_inj_count":0}},{"type":"Feature","id":35830,"geometry":{"type":"Point","coordinates":[-75.2122777881597,39.973451067508]},"properties":{"objectid":35830,"crn":2025002568,"crash_year":2024,"pedestrian":1,"bicycle":0,"fatal_count":0,"susp_serious_inj_count":0,"ped_death_count":0,"ped_susp_serious_inj_count":0,"bicycle_death_count":0,"bicycle_susp_serious_inj_count":0}},{"type":"Feature","id":35835,"geometry":{"type":"Point","coordinates":[-75.2039227845638,39.9627350662491]},"properties":{"objectid":35835,"crn":2025002880,"crash_year":2024,"pedestrian":1,"bicycle":0,"fatal_count":1,"susp_serious_inj_count":0,"ped_death_count":1,"ped_susp_serious_inj_count":0,"bicycle_death_count":0,"bicycle_susp_serious_inj_count":0}},{"type":"Feature","id":35845,"geometry":{"type":"Point","coordinates":[-75.127339762457,40.0076460774039]},"properties":{"objectid":35845,"crn":2025003539,"crash_year":2024,"pedestrian":1,"bicycle":0,"fatal_count":0,"susp_serious_inj_count":0,"ped_death_count":0,"ped_susp_serious_inj_count":0,"bicycle_death_count":0,"bicycle_susp_serious_inj_count":0}},{"type":"Feature","id":35857,"geometry":{"type":"Point","coordinates":[-75.1593877726373,39.9945620733438]},"properties":{"objectid":35857,"crn":2025001411,"crash_year":2024,"pedestrian":1,"bicycle":0,"fatal_count":0,"susp_serious_inj_count":1,"ped_death_count":0,"ped_susp_serious_inj_count":1,"bicycle_death_count":0,"bicycle_susp_serious_inj_count":0}},{"type":"Feature","id":35862,"geometry":{"type":"Point","coordinates":[-75.182594780879,40.0119330759916]},"properties":{"objectid":35862,"crn":2025011880,"crash_year":2024,"pedestrian":0,"bicycle":1,"fatal_count":0,"susp_serious_inj_count":0,"ped_death_count":0,"ped_susp_serious_inj_count":0,"bicycle_death_count":0,"bicycle_susp_serious_inj_count":0}},{"type":"Feature","id":35889,"geometry":{"type":"Point","coordinates":[-75.1087837554035,39.9872450742858]},"properties":{"objectid":35889,"crn":2025019345,"crash_year":2024,"pedestrian":0,"bicycle":1,"fatal_count":0,"susp_serious_inj_count":0,"ped_death_count":0,"ped_susp_serious_inj_count":0,"bicycle_death_count":0,"bicycle_susp_serious_inj_count":0}},{"type":"Feature","id":35905,"geometry":{"type":"Point","coordinates":[-75.2073447885004,40.0150950758858]},"properties":{"objectid":35905,"crn":2025015896,"crash_year":2024,"pedestrian":1,"bicycle":0,"fatal_count":0,"susp_serious_inj_count":0,"ped_death_count":0,"ped_susp_serious_inj_count":0,"bicycle_death_count":0,"bicycle_susp_serious_inj_count":0}},{"type":"Feature","id":35910,"geometry":{"type":"Point","coordinates":[-75.1174027591773,39.9969750759356]},"properties":{"objectid":35910,"crn":2025026152,"crash_year":2024,"pedestrian":0,"bicycle":1,"fatal_count":0,"susp_serious_inj_count":0,"ped_death_count":0,"ped_susp_serious_inj_count":0,"bicycle_death_count":0,"bicycle_susp_serious_inj_count":0}},{"type":"Feature","id":35938,"geometry":{"type":"Point","coordinates":[-75.1222877628389,40.0255340810824]},"properties":{"objectid":35938,"crn":2025026162,"crash_year":2024,"pedestrian":1,"bicycle":0,"fatal_count":0,"susp_serious_inj_count":1,"ped_death_count":0,"ped_susp_serious_inj_count":1,"bicycle_death_count":0,"bicycle_susp_serious_inj_count":0}},{"type":"Feature","id":35939,"geometry":{"type":"Point","coordinates":[-75.2088137850673,39.9546510637941]},"properties":{"objectid":35939,"crn":2025048164,"crash_year":2024,"pedestrian":1,"bicycle":0,"fatal_count":0,"susp_serious_inj_count":0,"ped_death_count":0,"ped_susp_serious_inj_count":0,"bicycle_death_count":0,"bicycle_susp_serious_inj_count":0}},{"type":"Feature","id":35945,"geometry":{"type":"Point","coordinates":[-75.2250607907368,39.9591190644709]},"properties":{"objectid":35945,"crn":2024012608,"crash_year":2024,"pedestrian":1,"bicycle":0,"fatal_count":0,"susp_serious_inj_count":0,"ped_death_count":0,"ped_susp_serious_inj_count":0,"bicycle_death_count":0,"bicycle_susp_serious_inj_count":0}},{"type":"Feature","id":35949,"geometry":{"type":"Point","coordinates":[-75.1361967633344,39.9688500694412]},"properties":{"objectid":35949,"crn":2024013107,"crash_year":2024,"pedestrian":1,"bicycle":0,"fatal_count":0,"susp_serious_inj_count":1,"ped_death_count":0,"ped_susp_serious_inj_count":1,"bicycle_death_count":0,"bicycle_susp_serious_inj_count":0}},{"type":"Feature","id":35980,"geometry":{"type":"Point","coordinates":[-75.2050087839014,39.9544350639405]},"properties":{"objectid":35980,"crn":2024027963,"crash_year":2024,"pedestrian":1,"bicycle":0,"fatal_count":0,"susp_serious_inj_count":1,"ped_death_count":0,"ped_susp_serious_inj_count":1,"bicycle_death_count":0,"bicycle_susp_serious_inj_count":0}},{"type":"Feature","id":35985,"geometry":{"type":"Point","coordinates":[-75.14283977066,40.0475010852577]},"properties":{"objectid":35985,"crn":2024032104,"crash_year":2024,"pedestrian":1,"bicycle":0,"fatal_count":0,"susp_serious_inj_count":0,"ped_death_count":0,"ped_susp_serious_inj_count":0,"bicycle_death_count":0,"bicycle_susp_serious_inj_count":0}},{"type":"Feature","id":35990,"geometry":{"type":"Point","coordinates":[-75.1987647819825,39.9536610643901]},"properties":{"objectid":35990,"crn":2024022332,"crash_year":2024,"pedestrian":1,"bicycle":0,"fatal_count":0,"susp_serious_inj_count":0,"ped_death_count":0,"ped_susp_serious_inj_count":0,"bicycle_death_count":0,"bicycle_susp_serious_inj_count":0}},{"type":"Feature","id":36001,"geometry":{"type":"Point","coordinates":[-75.1395357639768,39.9694710693885]},"properties":{"objectid":36001,"crn":2024032085,"crash_year":2024,"pedestrian":1,"bicycle":0,"fatal_count":0,"susp_serious_inj_count":0,"ped_death_count":0,"ped_susp_serious_inj_count":0,"bicycle_death_count":0,"bicycle_susp_serious_inj_count":0}},{"type":"Feature","id":36014,"geometry":{"type":"Point","coordinates":[-75.2488417993628,39.972333066402]},"properties":{"objectid":36014,"crn":2024029039,"crash_year":2024,"pedestrian":1,"bicycle":0,"fatal_count":0,"susp_serious_inj_count":0,"ped_death_count":0,"ped_susp_serious_inj_count":0,"bicycle_death_count":0,"bicycle_susp_serious_inj_count":0}},{"type":"Feature","id":36019,"geometry":{"type":"Point","coordinates":[-75.2311957981523,40.0449460810784]},"properties":{"objectid":36019,"crn":2024056189,"crash_year":2024,"pedestrian":1,"bicycle":0,"fatal_count":0,"susp_serious_inj_count":0,"ped_death_count":0,"ped_susp_serious_inj_count":0,"bicycle_death_count":0,"bicycle_susp_serious_inj_count":0}},{"type":"Feature","id":36053,"geometry":{"type":"Point","coordinates":[-75.087802751394,40.0299060837061]},"properties":{"objectid":36053,"crn":2024056188,"crash_year":2024,"pedestrian":1,"bicycle":0,"fatal_count":0,"susp_serious_inj_count":1,"ped_death_count":0,"ped_susp_serious_inj_count":1,"bicycle_death_count":0,"bicycle_susp_serious_inj_count":0}},{"type":"Feature","id":36068,"geometry":{"type":"Point","coordinates":[-75.1987647819825,39.9536610643901]},"properties":{"objectid":36068,"crn":2024064477,"crash_year":2024,"pedestrian":1,"bicycle":0,"fatal_count":0,"susp_serious_inj_count":0,"ped_death_count":0,"ped_susp_serious_inj_count":0,"bicycle_death_count":0,"bicycle_susp_serious_inj_count":0}},{"type":"Feature","id":36096,"geometry":{"type":"Point","coordinates":[-75.2457397982684,39.9673590653777]},"properties":{"objectid":36096,"crn":2024091990,"crash_year":2024,"pedestrian":1,"bicycle":0,"fatal_count":0,"susp_serious_inj_count":0,"ped_death_count":0,"ped_susp_serious_inj_count":0,"bicycle_death_count":0,"bicycle_susp_serious_inj_count":0}},{"type":"Feature","id":36119,"geometry":{"type":"Point","coordinates":[-75.189726779169,39.9540870649953]},"properties":{"objectid":36119,"crn":2024041030,"crash_year":2024,"pedestrian":1,"bicycle":0,"fatal_count":0,"susp_serious_inj_count":0,"ped_death_count":0,"ped_susp_serious_inj_count":0,"bicycle_death_count":0,"bicycle_susp_serious_inj_count":0}},{"type":"Feature","id":36120,"geometry":{"type":"Point","coordinates":[-75.2624908034009,39.9754890665426]},"properties":{"objectid":36120,"crn":2024049683,"crash_year":2024,"pedestrian":1,"bicycle":0,"fatal_count":0,"susp_serious_inj_count":1,"ped_death_count":0,"ped_susp_serious_inj_count":1,"bicycle_death_count":0,"bicycle_susp_serious_inj_count":0}},{"type":"Feature","id":36140,"geometry":{"type":"Point","coordinates":[-75.2465757990486,39.9806330681351]},"properties":{"objectid":36140,"crn":2024090095,"crash_year":2024,"pedestrian":1,"bicycle":0,"fatal_count":0,"susp_serious_inj_count":1,"ped_death_count":0,"ped_susp_serious_inj_count":1,"bicycle_death_count":0,"bicycle_susp_serious_inj_count":0}},{"type":"Feature","id":36182,"geometry":{"type":"Point","coordinates":[-75.1996447832287,39.9631750656485]},"properties":{"objectid":36182,"crn":2024088200,"crash_year":2024,"pedestrian":1,"bicycle":0,"fatal_count":1,"susp_serious_inj_count":0,"ped_death_count":1,"ped_susp_serious_inj_count":0,"bicycle_death_count":0,"bicycle_susp_serious_inj_count":0}},{"type":"Feature","id":36191,"geometry":{"type":"Point","coordinates":[-75.1344257623243,39.9688540691868]},"properties":{"objectid":36191,"crn":2024097541,"crash_year":2024,"pedestrian":0,"bicycle":1,"fatal_count":0,"susp_serious_inj_count":0,"ped_death_count":0,"ped_susp_serious_inj_count":0,"bicycle_death_count":0,"bicycle_susp_serious_inj_count":0}},{"type":"Feature","id":36192,"geometry":{"type":"Point","coordinates":[-75.1941347804816,39.9562420646225]},"properties":{"objectid":36192,"crn":2024094933,"crash_year":2024,"pedestrian":0,"bicycle":1,"fatal_count":0,"susp_serious_inj_count":1,"ped_death_count":0,"ped_susp_serious_inj_count":0,"bicycle_death_count":0,"bicycle_susp_serious_inj_count":1}},{"type":"Feature","id":36200,"geometry":{"type":"Point","coordinates":[-75.1638317714021,39.9508550649976]},"properties":{"objectid":36200,"crn":2024095076,"crash_year":2024,"pedestrian":1,"bicycle":0,"fatal_count":0,"susp_serious_inj_count":0,"ped_death_count":0,"ped_susp_serious_inj_count":0,"bicycle_death_count":0,"bicycle_susp_serious_inj_count":0}},{"type":"Feature","id":36205,"geometry":{"type":"Point","coordinates":[-75.1587407718859,39.9950190741769]},"properties":{"objectid":36205,"crn":2024116839,"crash_year":2024,"pedestrian":1,"bicycle":0,"fatal_count":0,"susp_serious_inj_count":1,"ped_death_count":0,"ped_susp_serious_inj_count":1,"bicycle_death_count":0,"bicycle_susp_serious_inj_count":0}},{"type":"Feature","id":36210,"geometry":{"type":"Point","coordinates":[-75.2253897898926,39.9338310595834]},"properties":{"objectid":36210,"crn":2024081772,"crash_year":2024,"pedestrian":1,"bicycle":0,"fatal_count":0,"susp_serious_inj_count":0,"ped_death_count":0,"ped_susp_serious_inj_count":0,"bicycle_death_count":0,"bicycle_susp_serious_inj_count":0}},{"type":"Feature","id":36221,"geometry":{"type":"Point","coordinates":[-75.2018347835227,39.9578730652696]},"properties":{"objectid":36221,"crn":2024078568,"crash_year":2024,"pedestrian":1,"bicycle":0,"fatal_count":0,"susp_serious_inj_count":0,"ped_death_count":0,"ped_susp_serious_inj_count":0,"bicycle_death_count":0,"bicycle_susp_serious_inj_count":0}},{"type":"Feature","id":36265,"geometry":{"type":"Point","coordinates":[-75.2268537912665,39.9602080642766]},"properties":{"objectid":36265,"crn":2024100453,"crash_year":2024,"pedestrian":1,"bicycle":0,"fatal_count":0,"susp_serious_inj_count":0,"ped_death_count":0,"ped_susp_serious_inj_count":0,"bicycle_death_count":0,"bicycle_susp_serious_inj_count":0}},{"type":"Feature","id":36277,"geometry":{"type":"Point","coordinates":[-75.1667037707264,39.9378610618058]},"properties":{"objectid":36277,"crn":2024109305,"crash_year":2024,"pedestrian":0,"bicycle":1,"fatal_count":0,"susp_serious_inj_count":1,"ped_death_count":0,"ped_susp_serious_inj_count":0,"bicycle_death_count":0,"bicycle_susp_serious_inj_count":1}},{"type":"Feature","id":36300,"geometry":{"type":"Point","coordinates":[-75.1729457722412,39.9248620597691]},"properties":{"objectid":36300,"crn":2025027435,"crash_year":2024,"pedestrian":1,"bicycle":0,"fatal_count":0,"susp_serious_inj_count":0,"ped_death_count":0,"ped_susp_serious_inj_count":0,"bicycle_death_count":0,"bicycle_susp_serious_inj_count":0}}]}