{"type":"FeatureCollection","features":[{"type":"Feature","geometry":{"type":"Point","coordinates":[-75.19820999999996,39.93965000000003]},"properties":{"registry_id":"110000337001","primary_name":"OSCAR MAYER DUPONT G3KBNY00","location_address":"3401 GRAYS FERRY AVENUE","city_name":"PHILADELPHIA","state_code":"PA","postal_code":"19146 2701","latitude":39.93965,"longitude":-75.19821,"facility_url":"https://ofmpub.epa.gov/apex/cimc/f?p=CIMC:31::::Y,31,0:P31_ID:52521","site_type":"Brownfield"}},{"type":"Feature","geometry":{"type":"Point","coordinates":[-75.20675999999997,39.93733000000003]},"properties":{"registry_id":"110015335582","primary_name":"49TH STREET SANITATION FACILITY","location_address":"4910 BOTANIC AVE","city_name":"PHILADELPHIA","state_code":"PA","postal_code":"19124","latitude":39.93733,"longitude":-75.20676,"facility_url":"https://ofmpub.epa.gov/apex/cimc/f?p=CIMC:31::::Y,31,0:P31_ID:10335","site_type":"Brownfield"}},{"type":"Feature","geometry":{"type":"Point","coordinates":[-75.17112999999995,39.99117000000007]},"properties":{"registry_id":"110025277162","primary_name":"2346 54 W SEDGLEY AVE","location_address":"2346 54 W SEDGLEY AVE","city_name":"PHILADELPHIA","state_code":"PA","postal_code":"19132","latitude":39.99117,"longitude":-75.17113,"facility_url":"https://ofmpub.epa.gov/apex/cimc/f?p=CIMC:31::::Y,31,0:P31_ID:13289","site_type":"Brownfield"}},{"type":"Feature","geometry":{"type":"Point","coordinates":[-75.24753999999996,39.893230000000074]},"properties":{"registry_id":"110038700625","primary_name":"2530 SUFFOLK STREET","location_address":"2530 SUFFOLK STREET","city_name":"PHILADELPHIA","state_code":"PA","postal_code":"19153","latitude":39.89323,"longitude":-75.24754,"facility_url":"https://ofmpub.epa.gov/apex/cimc/f?p=CIMC:31::::Y,31,0:P31_ID:15334","site_type":"Brownfield"}},{"type":"Feature","geometry":{"type":"Point","coordinates":[-75.18341999999996,39.94294000000008]},"properties":{"registry_id":"110038700634","primary_name":"GRAYS FERRY AVENUE CATHERINE STREET","location_address":"2425 GRAYS FERRY AVENUE","city_name":"PHILADELPHIA","state_code":"PA","postal_code":"19146","latitude":39.94294,"longitude":-75.18342,"facility_url":"https://ofmpub.epa.gov/apex/cimc/f?p=CIMC:31::::Y,31,0:P31_ID:15335","site_type":"Brownfield"}},{"type":"Feature","geometry":{"type":"Point","coordinates":[-75.18080399999997,39.98409200000003]},"properties":{"registry_id":"110038700643","primary_name":"HOME OWNERSHIP PROJECT","location_address":"164 LOTS BOUNDED BY W JEFFERSON W OXFORD","city_name":"PHILADELPHIA","state_code":"PA","postal_code":"19121","latitude":39.984092,"longitude":-75.180804,"facility_url":"https://ofmpub.epa.gov/apex/cimc/f?p=CIMC:31::::Y,31,0:P31_ID:15336","site_type":"Brownfield"}},{"type":"Feature","geometry":{"type":"Point","coordinates":[-75.15914999999995,40.02833000000004]},"properties":{"registry_id":"110038700652","primary_name":"4851 STENTON AVENUE","location_address":"4851 STENTON AVENUE","city_name":"PHILADELPHIA","state_code":"PA","postal_code":"19144 3024","latitude":40.02833,"longitude":-75.15915,"facility_url":"https://ofmpub.epa.gov/apex/cimc/f?p=CIMC:31::::Y,31,0:P31_ID:15337","site_type":"Brownfield"}},{"type":"Feature","geometry":{"type":"Point","coordinates":[-75.11825999999996,39.987520000000075]},"properties":{"registry_id":"110038700661","primary_name":"2100 E RUSH STREET","location_address":"2100 E RUSH STREET","city_name":"PHILADELPHIA","state_code":"PA","postal_code":"19134","latitude":39.98752,"longitude":-75.11826,"facility_url":"https://ofmpub.epa.gov/apex/cimc/f?p=CIMC:31::::Y,31,0:P31_ID:15338","site_type":"Brownfield"}},{"type":"Feature","geometry":{"type":"Point","coordinates":[-75.21428999999995,39.96775000000008]},"properties":{"registry_id":"110038700670","primary_name":"MT HOPE BAPTIST CHURCH","location_address":"4634 36 4638 40 4642 44 AND 4646 PARRISH ST","city_name":"PHILADELPHIA","state_code":"PA","postal_code":"19139 1853","latitude":39.96775,"longitude":-75.21429,"facility_url":"https://ofmpub.epa.gov/apex/cimc/f?p=CIMC:31::::Y,31,0:P31_ID:15339","site_type":"Brownfield"}},{"type":"Feature","geometry":{"type":"Point","coordinates":[-75.14873999999998,39.980470000000025]},"properties":{"registry_id":"110038700689","primary_name":"HOPE PARTNERSHIP FOR EDUCATION PROJECT HOPE","location_address":"1803 13 1817 41 1847 61 N 8TH ST","city_name":"PHILADELPHIA","state_code":"PA","postal_code":"19122","latitude":39.98047,"longitude":-75.14874,"facility_url":"https://ofmpub.epa.gov/apex/cimc/f?p=CIMC:31::::Y,31,0:P31_ID:15340","site_type":"Brownfield"}},{"type":"Feature","geometry":{"type":"Point","coordinates":[-75.14855999999997,39.96822000000003]},"properties":{"registry_id":"110038700698","primary_name":"973 1003 N 7TH STREET","location_address":"973 1003 N 7TH STREET","city_name":"PHILADELPHIA","state_code":"PA","postal_code":"19123 1301","latitude":39.96822,"longitude":-75.14856,"facility_url":"https://ofmpub.epa.gov/apex/cimc/f?p=CIMC:31::::Y,31,0:P31_ID:15341","site_type":"Brownfield"}},{"type":"Feature","geometry":{"type":"Point","coordinates":[-75.13547999999997,40.000050000000044]},"properties":{"registry_id":"110038700705","primary_name":"DELCO METALS","location_address":"3243 N 3RD STREET","city_name":"PHILADELPHIA","state_code":"PA","postal_code":"19140 5718","latitude":40.00005,"longitude":-75.13548,"facility_url":"https://ofmpub.epa.gov/apex/cimc/f?p=CIMC:31::::Y,31,0:P31_ID:15342","site_type":"Brownfield"}},{"type":"Feature","geometry":{"type":"Point","coordinates":[-75.13819999999998,39.98233000000005]},"properties":{"registry_id":"110038700714","primary_name":"DAVIS LAMP BUILDING","location_address":"2100 12 N AMERICAN STREET","city_name":"PHILADELPHIA","state_code":"PA","postal_code":"19122","latitude":39.98233,"longitude":-75.1382,"facility_url":"https://ofmpub.epa.gov/apex/cimc/f?p=CIMC:31::::Y,31,0:P31_ID:15344","site_type":"Brownfield"}},{"type":"Feature","geometry":{"type":"Point","coordinates":[-75.13799999999998,39.98251000000005]},"properties":{"registry_id":"110038703098","primary_name":"2101 05 N AMERICAN STREET","location_address":"2101 05 N AMERICAN STREET","city_name":"PHILADELPHIA","state_code":"PA","postal_code":"19122","latitude":39.98251,"longitude":-75.138,"facility_url":"https://ofmpub.epa.gov/apex/cimc/f?p=CIMC:31::::Y,31,0:P31_ID:13326","site_type":"Brownfield"}},{"type":"Feature","geometry":{"type":"Point","coordinates":[-75.13798999999995,39.98258000000004]},"properties":{"registry_id":"110038703105","primary_name":"2107 09 N AMERICAN ST","location_address":"2107 09 N AMERICAN ST","city_name":"PHILADELPHIA","state_code":"PA","postal_code":"19122","latitude":39.98258,"longitude":-75.13799,"facility_url":"https://ofmpub.epa.gov/apex/cimc/f?p=CIMC:31::::Y,31,0:P31_ID:13327","site_type":"Brownfield"}},{"type":"Feature","geometry":{"type":"Point","coordinates":[-75.13792999999998,39.983670000000075]},"properties":{"registry_id":"110038703114","primary_name":"2114 2160 N AMERICAN STREET","location_address":"2114 2160 N AMERICAN STREET","city_name":"PHILADELPHIA","state_code":"PA","postal_code":"19122","latitude":39.98367,"longitude":-75.13793,"facility_url":"https://ofmpub.epa.gov/apex/cimc/f?p=CIMC:31::::Y,31,0:P31_ID:13360","site_type":"Brownfield"}},{"type":"Feature","geometry":{"type":"Point","coordinates":[-75.18405999999999,40.05069000000003]},"properties":{"registry_id":"110038703123","primary_name":"6614 6616 6620 6622 6624 GERMANTOWN AVE","location_address":"6614 6616 6620 6622 6624 GERMANTOWN AVE","city_name":"PHILADELPHIA","state_code":"PA","postal_code":"19119 2250","latitude":40.05069,"longitude":-75.18406,"facility_url":"https://ofmpub.epa.gov/apex/cimc/f?p=CIMC:31::::Y,31,0:P31_ID:13391","site_type":"Brownfield"}},{"type":"Feature","geometry":{"type":"Point","coordinates":[-75.22600999999997,39.972140000000024]},"properties":{"registry_id":"110038709537","primary_name":"1226 N 52ND STREET","location_address":"1226 N 52ND STREET","city_name":"PHILADELPHIA","state_code":"PA","postal_code":"19131","latitude":39.97214,"longitude":-75.22601,"facility_url":"https://ofmpub.epa.gov/apex/cimc/f?p=CIMC:31::::Y,31,0:P31_ID:39283","site_type":"Brownfield"}},{"type":"Feature","geometry":{"type":"Point","coordinates":[-75.20646999999997,39.93727000000007]},"properties":{"registry_id":"110038709546","primary_name":"49TH STREET TERMINAL","location_address":"1700 S 49TH STREET","city_name":"PHILADELPHIA","state_code":"PA","postal_code":"19143","latitude":39.93727,"longitude":-75.20647,"facility_url":"https://ofmpub.epa.gov/apex/cimc/f?p=CIMC:31::::Y,31,0:P31_ID:39284","site_type":"Brownfield"}},{"type":"Feature","geometry":{"type":"Point","coordinates":[-75.22237999999999,40.02636000000007]},"properties":{"registry_id":"110038709555","primary_name":"133 GRAPE ST HANSON ASSOCIATES","location_address":"133 35 GRAPE STREET","city_name":"PHILADELPHIA","state_code":"PA","postal_code":"19127","latitude":40.02636,"longitude":-75.22238,"facility_url":"https://ofmpub.epa.gov/apex/cimc/f?p=CIMC:31::::Y,31,0:P31_ID:39285","site_type":"Brownfield"}},{"type":"Feature","geometry":{"type":"Point","coordinates":[-75.16012999999998,40.00876000000005]},"properties":{"registry_id":"110038709564","primary_name":"PROJECT H O M E","location_address":"1939 WEST VENANGO STREET","city_name":"PHILADELPHIA","state_code":"PA","postal_code":"19140","latitude":40.00876,"longitude":-75.16013,"facility_url":"https://ofmpub.epa.gov/apex/cimc/f?p=CIMC:31::::Y,31,0:P31_ID:39301","site_type":"Brownfield"}},{"type":"Feature","geometry":{"type":"Point","coordinates":[-75.16551999999996,39.981250000000045]},"properties":{"registry_id":"110038709573","primary_name":"HABITAT FOR HUMANITY 1 LOT 38","location_address":"1801 N 19TH STREET","city_name":"PHILADELPHIA","state_code":"PA","postal_code":"19107","latitude":39.98125,"longitude":-75.16552,"facility_url":"https://ofmpub.epa.gov/apex/cimc/f?p=CIMC:31::::Y,31,0:P31_ID:39302","site_type":"Brownfield"}},{"type":"Feature","geometry":{"type":"Point","coordinates":[-75.16547499999996,39.981445000000065]},"properties":{"registry_id":"110038709582","primary_name":"HABITAT FOR HUMANITY 2 LOT 197","location_address":"1803 N 19TH STREET","city_name":"PHILADELPHIA","state_code":"PA","postal_code":"19107","latitude":39.981445,"longitude":-75.165475,"facility_url":"https://ofmpub.epa.gov/apex/cimc/f?p=CIMC:31::::Y,31,0:P31_ID:39303","site_type":"Brownfield"}},{"type":"Feature","geometry":{"type":"Point","coordinates":[-75.16549999999995,39.98133000000007]},"properties":{"registry_id":"110038709591","primary_name":"HABITAT FOR HUMANITY 3 LOT 235","location_address":"1805 07 N 19TH STREET","city_name":"PHILADELPHIA","state_code":"PA","postal_code":"19107","latitude":39.98133,"longitude":-75.1655,"facility_url":"https://ofmpub.epa.gov/apex/cimc/f?p=CIMC:31::::Y,31,0:P31_ID:39304","site_type":"Brownfield"}},{"type":"Feature","geometry":{"type":"Point","coordinates":[-75.16477999999995,39.98114000000004]},"properties":{"registry_id":"110038709608","primary_name":"HABITAT FOR HUMANITY 4 LOT 152","location_address":"1817 W MONTGOMERY AVE","city_name":"PHILADELPHIA","state_code":"PA","postal_code":"19107","latitude":39.98114,"longitude":-75.16478,"facility_url":"https://ofmpub.epa.gov/apex/cimc/f?p=CIMC:31::::Y,31,0:P31_ID:39305","site_type":"Brownfield"}},{"type":"Feature","geometry":{"type":"Point","coordinates":[-75.18229999999994,39.94102000000004]},"properties":{"registry_id":"110038709617","primary_name":"JANE D KENT NURSERY SCHOOL","location_address":"2332 CARPENTER STREET","city_name":"PHILADELPHIA","state_code":"PA","postal_code":"19146","latitude":39.94102,"longitude":-75.1823,"facility_url":"https://ofmpub.epa.gov/apex/cimc/f?p=CIMC:31::::Y,31,0:P31_ID:39307","site_type":"Brownfield"}},{"type":"Feature","geometry":{"type":"Point","coordinates":[-75.09736999999996,40.01358000000005]},"properties":{"registry_id":"110038709626","primary_name":"NINO S FARMERS MARKET","location_address":"4401 CASTOR AVE","city_name":"PHILADELPHIA","state_code":"PA","postal_code":"19124","latitude":40.01358,"longitude":-75.09737,"facility_url":"https://ofmpub.epa.gov/apex/cimc/f?p=CIMC:31::::Y,31,0:P31_ID:39321","site_type":"Brownfield"}},{"type":"Feature","geometry":{"type":"Point","coordinates":[-75.09724999999997,40.01476000000008]},"properties":{"registry_id":"110038709635","primary_name":"FRANKFORD CREEK URBAN REVITALIZATION AREA","location_address":"1512 20 E WINGOHOCKING ST","city_name":"PHILADELPHIA","state_code":"PA","postal_code":"19124","latitude":40.01476,"longitude":-75.09725,"facility_url":"https://ofmpub.epa.gov/apex/cimc/f?p=CIMC:31::::Y,31,0:P31_ID:39322","site_type":"Brownfield"}},{"type":"Feature","geometry":{"type":"Point","coordinates":[-75.14875999999998,39.991280000000074]},"properties":{"registry_id":"110038709644","primary_name":"ACME LAMP SHADE","location_address":"2519 37 GERMANTOWN AVENUE","city_name":"PHILADELPHIA","state_code":"PA","postal_code":"19133","latitude":39.99128,"longitude":-75.14876,"facility_url":"https://ofmpub.epa.gov/apex/cimc/f?p=CIMC:31::::Y,31,0:P31_ID:39323","site_type":"Brownfield"}},{"type":"Feature","geometry":{"type":"Point","coordinates":[-75.13625999999994,39.98688000000004]},"properties":{"registry_id":"110038709653","primary_name":"YORK METAL","location_address":"210 14 W YORK ST 2346 54 N 2ND ST","city_name":"PHILADELPHIA","state_code":"PA","postal_code":"19133","latitude":39.98688,"longitude":-75.13626,"facility_url":"https://ofmpub.epa.gov/apex/cimc/f?p=CIMC:31::::Y,31,0:P31_ID:39324","site_type":"Brownfield"}},{"type":"Feature","geometry":{"type":"Point","coordinates":[-75.13937999999996,39.976770000000045]},"properties":{"registry_id":"110038709662","primary_name":"DAVIS LAMP PARCEL 183119101","location_address":"1700 34 N AMERICAN ST 1703 69 N BODINE ST","city_name":"PHILADELPHIA","state_code":"PA","postal_code":"19107","latitude":39.97677,"longitude":-75.13938,"facility_url":"https://ofmpub.epa.gov/apex/cimc/f?p=CIMC:31::::Y,31,0:P31_ID:39325","site_type":"Brownfield"}},{"type":"Feature","geometry":{"type":"Point","coordinates":[-75.13749499999994,39.98223600000006]},"properties":{"registry_id":"110038721194","primary_name":"AMERICAN AND DIAMOND STREETS","location_address":"214 34 DIAMOND STREET 2052 2054 2056 2058","city_name":"PHILADELPHIA","state_code":"PA","postal_code":"19122","latitude":39.982236,"longitude":-75.137495,"facility_url":"https://ofmpub.epa.gov/apex/cimc/f?p=CIMC:31::::Y,31,0:P31_ID:52441","site_type":"Brownfield"}},{"type":"Feature","geometry":{"type":"Point","coordinates":[-75.13749499999994,39.98223600000006]},"properties":{"registry_id":"110038735232","primary_name":"214 34 DIAMOND STREET","location_address":"214 34 DIAMOND STREET","city_name":"PHILADELPHIA","state_code":"PA","postal_code":"19122","latitude":39.982236,"longitude":-75.137495,"facility_url":"https://ofmpub.epa.gov/apex/cimc/f?p=CIMC:31::::Y,31,0:P31_ID:94361","site_type":"Brownfield"}},{"type":"Feature","geometry":{"type":"Point","coordinates":[-75.13754999999998,39.98173000000003]},"properties":{"registry_id":"110038735241","primary_name":"2052 NORTH PHILIP STREET","location_address":"2052 NORTH PHILIP STREET","city_name":"PHILADELPHIA","state_code":"PA","postal_code":"19122","latitude":39.98173,"longitude":-75.13755,"facility_url":"https://ofmpub.epa.gov/apex/cimc/f?p=CIMC:31::::Y,31,0:P31_ID:94362","site_type":"Brownfield"}},{"type":"Feature","geometry":{"type":"Point","coordinates":[-75.13753999999994,39.981760000000065]},"properties":{"registry_id":"110038735250","primary_name":"2054 NORTH PHILIP STREET","location_address":"2054 NORTH PHILIP STREET","city_name":"PHILADELPHIA","state_code":"PA","postal_code":"19122","latitude":39.98176,"longitude":-75.13754,"facility_url":"https://ofmpub.epa.gov/apex/cimc/f?p=CIMC:31::::Y,31,0:P31_ID:94363","site_type":"Brownfield"}},{"type":"Feature","geometry":{"type":"Point","coordinates":[-75.13752999999997,39.981790000000046]},"properties":{"registry_id":"110038735269","primary_name":"2056 NORTH PHILIP STREET","location_address":"2056 NORTH PHILIP STREET","city_name":"PHILADELPHIA","state_code":"PA","postal_code":"19122","latitude":39.98179,"longitude":-75.13753,"facility_url":"https://ofmpub.epa.gov/apex/cimc/f?p=CIMC:31::::Y,31,0:P31_ID:94364","site_type":"Brownfield"}},{"type":"Feature","geometry":{"type":"Point","coordinates":[-75.13751999999994,39.98183000000006]},"properties":{"registry_id":"110038735278","primary_name":"2058 NORTH PHILIP STREET","location_address":"2058 NORTH PHILIP STREET","city_name":"PHILADELPHIA","state_code":"PA","postal_code":"19122","latitude":39.98183,"longitude":-75.13752,"facility_url":"https://ofmpub.epa.gov/apex/cimc/f?p=CIMC:31::::Y,31,0:P31_ID:94365","site_type":"Brownfield"}},{"type":"Feature","geometry":{"type":"Point","coordinates":[-75.13751999999994,39.98186000000004]},"properties":{"registry_id":"110038735287","primary_name":"2060 NORTH PHILIP STREET","location_address":"2060 NORTH PHILIP STREET","city_name":"PHILADELPHIA","state_code":"PA","postal_code":"19122","latitude":39.98186,"longitude":-75.13752,"facility_url":"https://ofmpub.epa.gov/apex/cimc/f?p=CIMC:31::::Y,31,0:P31_ID:94366","site_type":"Brownfield"}},{"type":"Feature","geometry":{"type":"Point","coordinates":[-75.13750999999996,39.98189000000008]},"properties":{"registry_id":"110038735296","primary_name":"2062 NORTH PHILIP STREET","location_address":"2062 NORTH PHILIP STREET","city_name":"PHILADELPHIA","state_code":"PA","postal_code":"19122","latitude":39.98189,"longitude":-75.13751,"facility_url":"https://ofmpub.epa.gov/apex/cimc/f?p=CIMC:31::::Y,31,0:P31_ID:94367","site_type":"Brownfield"}},{"type":"Feature","geometry":{"type":"Point","coordinates":[-75.13750999999996,39.98192000000006]},"properties":{"registry_id":"110038735303","primary_name":"2064 NORTH PHILIP STREET","location_address":"2064 NORTH PHILIP STREET","city_name":"PHILADELPHIA","state_code":"PA","postal_code":"19122","latitude":39.98192,"longitude":-75.13751,"facility_url":"https://ofmpub.epa.gov/apex/cimc/f?p=CIMC:31::::Y,31,0:P31_ID:94368","site_type":"Brownfield"}},{"type":"Feature","geometry":{"type":"Point","coordinates":[-75.13392999999996,39.97666000000004]},"properties":{"registry_id":"110038735312","primary_name":"FRANK ROUCO 88 4 3433 85","location_address":"1746 NORTH FRONT STREET","city_name":"PHILADELPHIA","state_code":"PA","postal_code":"19122","latitude":39.97666,"longitude":-75.13393,"facility_url":"https://ofmpub.epa.gov/apex/cimc/f?p=CIMC:31::::Y,31,0:P31_ID:94402","site_type":"Brownfield"}},{"type":"Feature","geometry":{"type":"Point","coordinates":[-75.13398499999994,39.97641500000003]},"properties":{"registry_id":"110038735321","primary_name":"FRANK ROUCO 88 4 3433 XX","location_address":"1748 NORTH FRONT STREET","city_name":"PHILADELPHIA","state_code":"PA","postal_code":"19122","latitude":39.976415,"longitude":-75.133985,"facility_url":"https://ofmpub.epa.gov/apex/cimc/f?p=CIMC:31::::Y,31,0:P31_ID:94403","site_type":"Brownfield"}},{"type":"Feature","geometry":{"type":"Point","coordinates":[-75.13398999999998,39.97640000000007]},"properties":{"registry_id":"110038735330","primary_name":"FRANK ROUCO 88 4 3433 90","location_address":"1750 56 NORTH FRONT STREET","city_name":"PHILADELPHIA","state_code":"PA","postal_code":"19122","latitude":39.9764,"longitude":-75.13399,"facility_url":"https://ofmpub.epa.gov/apex/cimc/f?p=CIMC:31::::Y,31,0:P31_ID:94404","site_type":"Brownfield"}},{"type":"Feature","geometry":{"type":"Point","coordinates":[-75.22562999999997,39.97562000000005]},"properties":{"registry_id":"110038735349","primary_name":"BIBLEWAY CHURCH 77 4 3217 00","location_address":"5143 WARREN STREET","city_name":"PHILADELPHIA","state_code":"PA","postal_code":"19131","latitude":39.97562,"longitude":-75.22563,"facility_url":"https://ofmpub.epa.gov/apex/cimc/f?p=CIMC:31::::Y,31,0:P31_ID:94421","site_type":"Brownfield"}},{"type":"Feature","geometry":{"type":"Point","coordinates":[-75.14010999999994,39.97278000000006]},"properties":{"registry_id":"110038735358","primary_name":"CITY OF PHILADELPHIA 18 2 1226 01","location_address":"1417 NORTH AMERICAN STREET","city_name":"PHILADELPHIA","state_code":"PA","postal_code":"19122","latitude":39.97278,"longitude":-75.14011,"facility_url":"https://ofmpub.epa.gov/apex/cimc/f?p=CIMC:31::::Y,31,0:P31_ID:94424","site_type":"Brownfield"}},{"type":"Feature","geometry":{"type":"Point","coordinates":[-75.14002999999997,39.973130000000026]},"properties":{"registry_id":"110038735367","primary_name":"CITY OF PHILADELPHIA 18 2 1227 01","location_address":"1419 NORTH AMERICAN STREET","city_name":"PHILADELPHIA","state_code":"PA","postal_code":"19122","latitude":39.97313,"longitude":-75.14003,"facility_url":"https://ofmpub.epa.gov/apex/cimc/f?p=CIMC:31::::Y,31,0:P31_ID:94425","site_type":"Brownfield"}},{"type":"Feature","geometry":{"type":"Point","coordinates":[-75.13946999999996,39.97269000000006]},"properties":{"registry_id":"110038735376","primary_name":"CITY OF PHILADELPHIA 18 2 1200 00","location_address":"1414 16 NORTH PHILIP STREET","city_name":"PHILADELPHIA","state_code":"PA","postal_code":"19122","latitude":39.97269,"longitude":-75.13947,"facility_url":"https://ofmpub.epa.gov/apex/cimc/f?p=CIMC:31::::Y,31,0:P31_ID:94427","site_type":"Brownfield"}},{"type":"Feature","geometry":{"type":"Point","coordinates":[-75.13259999999997,39.96941000000004]},"properties":{"registry_id":"110038736053","primary_name":"233 EAST GIRARD AVENUE G3TBNY00","location_address":"233 EAST GIRARD AVENUE","city_name":"PHILADELPHIA","state_code":"PA","postal_code":"19125","latitude":39.96941,"longitude":-75.1326,"facility_url":"https://ofmpub.epa.gov/apex/cimc/f?p=CIMC:31::::Y,31,0:P31_ID:80662","site_type":"Brownfield"}},{"type":"Feature","geometry":{"type":"Point","coordinates":[-75.21822999999995,39.95306000000005]},"properties":{"registry_id":"110038736115","primary_name":"ENTERPRISE CENTER G3TENY00","location_address":"310 318 S 48TH STREET","city_name":"PHILADELPHIA","state_code":"PA","postal_code":"19143","latitude":39.95306,"longitude":-75.21823,"facility_url":"https://ofmpub.epa.gov/apex/cimc/f?p=CIMC:31::::Y,31,0:P31_ID:80985","site_type":"Brownfield"}},{"type":"Feature","geometry":{"type":"Point","coordinates":[-75.23099999999994,39.92605000000003]},"properties":{"registry_id":"110038736142","primary_name":"SOUTHWEST CDC G3TGNY00","location_address":"6316 6336 PASCHALL AVENUE","city_name":"PHILADELPHIA","state_code":"PA","postal_code":"19142","latitude":39.92605,"longitude":-75.231,"facility_url":"https://ofmpub.epa.gov/apex/cimc/f?p=CIMC:31::::Y,31,0:P31_ID:80993","site_type":"Brownfield"}},{"type":"Feature","geometry":{"type":"Point","coordinates":[-75.15914999999995,40.02833000000004]},"properties":{"registry_id":"110038736160","primary_name":"ALPHASOURCE G3TDNY00","location_address":"4851 65 STENTON AVENUE","city_name":"PHILADELPHIA","state_code":"PA","postal_code":"19144","latitude":40.02833,"longitude":-75.15915,"facility_url":"https://ofmpub.epa.gov/apex/cimc/f?p=CIMC:31::::Y,31,0:P31_ID:80996","site_type":"Brownfield"}},{"type":"Feature","geometry":{"type":"Point","coordinates":[-75.15914999999995,40.02833000000004]},"properties":{"registry_id":"110038736160","primary_name":"ALPHASOURCE","location_address":"4851 65 STENTON AVENUE","city_name":"PHILADELPHIA","state_code":"PA","postal_code":"19144","latitude":40.02833,"longitude":-75.15915,"facility_url":"https://ofmpub.epa.gov/apex/cimc/f?p=CIMC:31::::Y,31,0:P31_ID:87081","site_type":"Brownfield"}},{"type":"Feature","geometry":{"type":"Point","coordinates":[-75.13773999999995,39.98368000000005]},"properties":{"registry_id":"110038736204","primary_name":"2143 N AMERICAN STREET G3TCNY00","location_address":"2143 51 N AMERICAN STREET","city_name":"PHILADELPHIA","state_code":"PA","postal_code":"19122","latitude":39.98368,"longitude":-75.13774,"facility_url":"https://ofmpub.epa.gov/apex/cimc/f?p=CIMC:31::::Y,31,0:P31_ID:81001","site_type":"Brownfield"}},{"type":"Feature","geometry":{"type":"Point","coordinates":[-75.21849999999995,39.97630000000004]},"properties":{"registry_id":"110038736222","primary_name":"WEST PARKSIDE INDUSTRIAL PARK KOMPLETE G3THNY00","location_address":"NW CORNER OF 49TH AND JEFFERSON STREETS","city_name":"PHILADELPHIA","state_code":"PA","postal_code":"19131","latitude":39.9763,"longitude":-75.2185,"facility_url":"https://ofmpub.epa.gov/apex/cimc/f?p=CIMC:31::::Y,31,0:P31_ID:81003","site_type":"Brownfield"}},{"type":"Feature","geometry":{"type":"Point","coordinates":[-75.13987999999995,39.97440000000006]},"properties":{"registry_id":"110038736311","primary_name":"1522 N AMERICAN STREET BAHDEEBAHDU G3TANY00","location_address":"1522 24 N AMERICAN STREET","city_name":"PHILADELPHIA","state_code":"PA","postal_code":"19122","latitude":39.9744,"longitude":-75.13988,"facility_url":"https://ofmpub.epa.gov/apex/cimc/f?p=CIMC:31::::Y,31,0:P31_ID:81006","site_type":"Brownfield"}},{"type":"Feature","geometry":{"type":"Point","coordinates":[-75.11145999999997,40.015310000000056]},"properties":{"registry_id":"110038736918","primary_name":"4400 G STREET G3TJOR00","location_address":"4400 G STREET","city_name":"PHILADELPHIA","state_code":"PA","postal_code":"19120","latitude":40.01531,"longitude":-75.11146,"facility_url":"https://ofmpub.epa.gov/apex/cimc/f?p=CIMC:31::::Y,31,0:P31_ID:83561","site_type":"Brownfield"}},{"type":"Feature","geometry":{"type":"Point","coordinates":[-75.22844999999995,39.969670000000065]},"properties":{"registry_id":"110038737329","primary_name":"URBAN GARDEN PARTNERSHIP AT 54TH STREET","location_address":"621 N 54TH STREET","city_name":"PHILADELPHIA","state_code":"PA","postal_code":"19132","latitude":39.96967,"longitude":-75.22845,"facility_url":"https://ofmpub.epa.gov/apex/cimc/f?p=CIMC:31::::Y,31,0:P31_ID:88741","site_type":"Brownfield"}},{"type":"Feature","geometry":{"type":"Point","coordinates":[-75.22692999999998,39.96957000000003]},"properties":{"registry_id":"110038737338","primary_name":"URBAN GARDEN PARTNERSHIP AT 53RD STREET","location_address":"608 N 53RD STREET","city_name":"PHILADELPHIA","state_code":"PA","postal_code":"19132","latitude":39.96957,"longitude":-75.22693,"facility_url":"https://ofmpub.epa.gov/apex/cimc/f?p=CIMC:31::::Y,31,0:P31_ID:88761","site_type":"Brownfield"}},{"type":"Feature","geometry":{"type":"Point","coordinates":[-75.24450999999993,39.98382000000004]},"properties":{"registry_id":"110038750660","primary_name":"LANCASTER AVENUE SITE","location_address":"6130 6150 LANCASTER AVE","city_name":"PHILADELPHIA","state_code":"PA","postal_code":"19151","latitude":39.98382,"longitude":-75.24451,"facility_url":"https://ofmpub.epa.gov/apex/cimc/f?p=CIMC:31::::Y,31,0:P31_ID:39041","site_type":"Brownfield"}},{"type":"Feature","geometry":{"type":"Point","coordinates":[-75.08193299999994,39.992980000000045]},"properties":{"registry_id":"110038755022","primary_name":"DELAWARE LEWIS STREET HOLTON PROPERTY","location_address":"4085 RICHMOND STREET","city_name":"PHILADELPHIA","state_code":"PA","postal_code":"19137","latitude":39.99298,"longitude":-75.081933,"facility_url":"https://ofmpub.epa.gov/apex/cimc/f?p=CIMC:31::::Y,31,0:P31_ID:63281","site_type":"Brownfield"}},{"type":"Feature","geometry":{"type":"Point","coordinates":[-75.07719999999995,39.98920000000004]},"properties":{"registry_id":"110038755031","primary_name":"DELAWARE LEWIS ST PAYNTER PROPERTY","location_address":"4130 CARBON STREET","city_name":"PHILADELPHIA","state_code":"PA","postal_code":"19137","latitude":39.9892,"longitude":-75.0772,"facility_url":"https://ofmpub.epa.gov/apex/cimc/f?p=CIMC:31::::Y,31,0:P31_ID:63301","site_type":"Brownfield"}},{"type":"Feature","geometry":{"type":"Point","coordinates":[-75.14304999999996,39.96248000000003]},"properties":{"registry_id":"110039533396","primary_name":"700 704 N THIRD STREET","location_address":"700 704 N THIRD STREET","city_name":"PHILADELPHIA","state_code":"PA","postal_code":"","latitude":39.96248,"longitude":-75.14305,"facility_url":"https://ofmpub.epa.gov/apex/cimc/f?p=CIMC:31::::Y,31,0:P31_ID:13378","site_type":"Brownfield"}},{"type":"Feature","geometry":{"type":"Point","coordinates":[-75.10137999999995,40.00412000000006]},"properties":{"registry_id":"110039533430","primary_name":"KOSEMPEL","location_address":"3760 M STREET","city_name":"PHILADELPHIA","state_code":"PA","postal_code":"","latitude":40.00412,"longitude":-75.10138,"facility_url":"https://ofmpub.epa.gov/apex/cimc/f?p=CIMC:31::::Y,31,0:P31_ID:13379","site_type":"Brownfield"}},{"type":"Feature","geometry":{"type":"Point","coordinates":[-75.18722999999994,39.93164000000007]},"properties":{"registry_id":"110039533476","primary_name":"MORRIS STREET","location_address":"2510 MORRIS STREET","city_name":"PHILADELPHIA","state_code":"PA","postal_code":"","latitude":39.93164,"longitude":-75.18723,"facility_url":"https://ofmpub.epa.gov/apex/cimc/f?p=CIMC:31::::Y,31,0:P31_ID:13380","site_type":"Brownfield"}},{"type":"Feature","geometry":{"type":"Point","coordinates":[-75.15934999999996,39.97744000000006]},"properties":{"registry_id":"110039533519","primary_name":"BROAD MOORE","location_address":"1401 1405 W OXFORD STREET","city_name":"PHILADELPHIA","state_code":"PA","postal_code":"","latitude":39.97744,"longitude":-75.15935,"facility_url":"https://ofmpub.epa.gov/apex/cimc/f?p=CIMC:31::::Y,31,0:P31_ID:13381","site_type":"Brownfield"}},{"type":"Feature","geometry":{"type":"Point","coordinates":[-75.09055999999998,39.98607000000004]},"properties":{"registry_id":"110039533555","primary_name":"VENANGO STREET PROPERTIES","location_address":"2900 2942 E VENANGO","city_name":"PHILADELPHIA","state_code":"PA","postal_code":"","latitude":39.98607,"longitude":-75.09056,"facility_url":"https://ofmpub.epa.gov/apex/cimc/f?p=CIMC:31::::Y,31,0:P31_ID:13382","site_type":"Brownfield"}},{"type":"Feature","geometry":{"type":"Point","coordinates":[-75.09102999999999,39.985870000000034]},"properties":{"registry_id":"110039533573","primary_name":"3574 BATH STREET","location_address":"3574 BATH STREET","city_name":"PHILADELPHIA","state_code":"PA","postal_code":"","latitude":39.98587,"longitude":-75.09103,"facility_url":"https://ofmpub.epa.gov/apex/cimc/f?p=CIMC:31::::Y,31,0:P31_ID:13383","site_type":"Brownfield"}},{"type":"Feature","geometry":{"type":"Point","coordinates":[-75.13403999999997,39.99267000000003]},"properties":{"registry_id":"110039533617","primary_name":"2761 75 PALETHORP STREET","location_address":"2761 75 PALETHORP STREET","city_name":"PHILADELPHIA","state_code":"PA","postal_code":"","latitude":39.99267,"longitude":-75.13404,"facility_url":"https://ofmpub.epa.gov/apex/cimc/f?p=CIMC:31::::Y,31,0:P31_ID:13389","site_type":"Brownfield"}},{"type":"Feature","geometry":{"type":"Point","coordinates":[-75.15885999999995,39.996830000000045]},"properties":{"registry_id":"110039533653","primary_name":"2846 2848 N 17TH STREET","location_address":"2846 2848 N 17TH STREET","city_name":"PHILADELPHIA","state_code":"PA","postal_code":"","latitude":39.99683,"longitude":-75.15886,"facility_url":"https://ofmpub.epa.gov/apex/cimc/f?p=CIMC:31::::Y,31,0:P31_ID:13390","site_type":"Brownfield"}},{"type":"Feature","geometry":{"type":"Point","coordinates":[-75.13889899999998,39.99817000000007]},"properties":{"registry_id":"110039537329","primary_name":"3100 3124 N 5TH STREET","location_address":"3100 3124 N 5 STREET NWC 5TH CLEARFIELD STREETS","city_name":"PHILADELPHIA","state_code":"PA","postal_code":"19133","latitude":39.99817,"longitude":-75.138899,"facility_url":"https://ofmpub.epa.gov/apex/cimc/f?p=CIMC:31::::Y,31,0:P31_ID:13284","site_type":"Brownfield"}},{"type":"Feature","geometry":{"type":"Point","coordinates":[-75.24337799999995,40.056129000000055]},"properties":{"registry_id":"110039537392","primary_name":"NE CORNER EVA PORT ROYAL AVE TO SUMMIT","location_address":"NE CORNER OF EVA ST PORT ROYAL AVE","city_name":"PHILADELPHIA","state_code":"PA","postal_code":"19128","latitude":40.056129,"longitude":-75.243378,"facility_url":"https://ofmpub.epa.gov/apex/cimc/f?p=CIMC:31::::Y,31,0:P31_ID:13285","site_type":"Brownfield"}},{"type":"Feature","geometry":{"type":"Point","coordinates":[-75.23275399999994,39.90908500000006]},"properties":{"registry_id":"110039537445","primary_name":"STAGE A EASTWICK INDUSTRIAL PARK","location_address":"EASTWICK INDUSTRIAL PARK STAGE A EAST AND WEST","city_name":"PHILADELPHIA","state_code":"PA","postal_code":"19153","latitude":39.909085,"longitude":-75.232754,"facility_url":"https://ofmpub.epa.gov/apex/cimc/f?p=CIMC:31::::Y,31,0:P31_ID:13287","site_type":"Brownfield"}},{"type":"Feature","geometry":{"type":"Point","coordinates":[-75.17243399999995,40.003310000000056]},"properties":{"registry_id":"110039537481","primary_name":"NORTHWEST CORNER OF 26TH SUSQUEHANNA ST","location_address":"NW CORNER 26TH SUSQUEHANNA THRU TO 27TH FLETCHER","city_name":"PHILADELPHIA","state_code":"PA","postal_code":"19132","latitude":40.00331,"longitude":-75.172434,"facility_url":"https://ofmpub.epa.gov/apex/cimc/f?p=CIMC:31::::Y,31,0:P31_ID:13288","site_type":"Brownfield"}},{"type":"Feature","geometry":{"type":"Point","coordinates":[-75.09546999999998,39.98786000000007]},"properties":{"registry_id":"110039540903","primary_name":"ALDAN RUBBER","location_address":"2701 E TIOGA ST","city_name":"PHILADELPHIA","state_code":"PA","postal_code":"19134","latitude":39.98786,"longitude":-75.09547,"facility_url":"https://ofmpub.epa.gov/apex/cimc/f?p=CIMC:31::::Y,31,0:P31_ID:13359","site_type":"Brownfield"}},{"type":"Feature","geometry":{"type":"Point","coordinates":[-75.16256999999996,39.95230000000004]},"properties":{"registry_id":"110039541109","primary_name":"JUMP STREET","location_address":"1 CITY HALL","city_name":"PHILADELPHIA","state_code":"PA","postal_code":"19107","latitude":39.9523,"longitude":-75.16257,"facility_url":"https://ofmpub.epa.gov/apex/cimc/f?p=CIMC:31::::Y,31,0:P31_ID:13371","site_type":"Brownfield"}},{"type":"Feature","geometry":{"type":"Point","coordinates":[-75.16256999999996,39.95230000000004]},"properties":{"registry_id":"110039543526","primary_name":"1627 35 N 2ND STREET","location_address":"1 CITY HALL","city_name":"PHILADELPHIA","state_code":"PA","postal_code":"19107","latitude":39.9523,"longitude":-75.16257,"facility_url":"https://ofmpub.epa.gov/apex/cimc/f?p=CIMC:31::::Y,31,0:P31_ID:13375","site_type":"Brownfield"}},{"type":"Feature","geometry":{"type":"Point","coordinates":[-75.14007999999995,39.97288000000003]},"properties":{"registry_id":"110040477604","primary_name":"1425 NORTH AMERICAN STREET","location_address":"1425 43 NORTH AMERICAN STREET","city_name":"PHILADELPHIA","state_code":"PA","postal_code":"19122","latitude":39.97288,"longitude":-75.14008,"facility_url":"https://ofmpub.epa.gov/apex/cimc/f?p=CIMC:31::::Y,31,0:P31_ID:101981","site_type":"Brownfield"}},{"type":"Feature","geometry":{"type":"Point","coordinates":[-75.15697699999998,40.02052500000008]},"properties":{"registry_id":"110042240580","primary_name":"PROPOSED SKATEPARK 4385R GERMANTOWN AVE","location_address":"4358R GERMANTOWN AVE","city_name":"PHILADELPHIA","state_code":"PA","postal_code":"19140","latitude":40.020525,"longitude":-75.156977,"facility_url":"https://ofmpub.epa.gov/apex/cimc/f?p=CIMC:31::::Y,31,0:P31_ID:120402","site_type":"Brownfield"}},{"type":"Feature","geometry":{"type":"Point","coordinates":[-75.15729599999997,40.02083700000003]},"properties":{"registry_id":"110042240606","primary_name":"PROPOSED SKATEPARK 4360R GERMANTOWN AVE","location_address":"4360R GERMANTOWN AVE","city_name":"PHILADELPHIA","state_code":"PA","postal_code":"19140","latitude":40.020837,"longitude":-75.157296,"facility_url":"https://ofmpub.epa.gov/apex/cimc/f?p=CIMC:31::::Y,31,0:P31_ID:120421","site_type":"Brownfield"}},{"type":"Feature","geometry":{"type":"Point","coordinates":[-75.15725999999995,40.02085000000005]},"properties":{"registry_id":"110042240615","primary_name":"PROPOSED SKATEPARK 4366 GERMANTOWN AVE","location_address":"4366 GERMANTOWN AVE","city_name":"PHILADELPHIA","state_code":"PA","postal_code":"19140","latitude":40.02085,"longitude":-75.15726,"facility_url":"https://ofmpub.epa.gov/apex/cimc/f?p=CIMC:31::::Y,31,0:P31_ID:120422","site_type":"Brownfield"}},{"type":"Feature","geometry":{"type":"Point","coordinates":[-75.15729999999996,40.020890000000065]},"properties":{"registry_id":"110042240624","primary_name":"PROPOSED SKATEPARK 4368 GERMANTOWN AVE","location_address":"4368 GERMANTOWN AVE","city_name":"PHILADELPHIA","state_code":"PA","postal_code":"19140","latitude":40.02089,"longitude":-75.1573,"facility_url":"https://ofmpub.epa.gov/apex/cimc/f?p=CIMC:31::::Y,31,0:P31_ID:120423","site_type":"Brownfield"}},{"type":"Feature","geometry":{"type":"Point","coordinates":[-75.15755299999995,40.02073800000005]},"properties":{"registry_id":"110042240633","primary_name":"PROPOSED SKATEPARK 4370 GEMANTOWN AVE","location_address":"4370 GEMANTOWN AVE","city_name":"PHILADELPHIA","state_code":"PA","postal_code":"19140","latitude":40.020738,"longitude":-75.157553,"facility_url":"https://ofmpub.epa.gov/apex/cimc/f?p=CIMC:31::::Y,31,0:P31_ID:120424","site_type":"Brownfield"}},{"type":"Feature","geometry":{"type":"Point","coordinates":[-75.15738999999996,40.020980000000066]},"properties":{"registry_id":"110042240642","primary_name":"PROPOSED SKATEPARK 4372 GERMANTOWN AVE","location_address":"4372 GERMANTOWN AVE","city_name":"PHILADELPHIA","state_code":"PA","postal_code":"19140","latitude":40.02098,"longitude":-75.15739,"facility_url":"https://ofmpub.epa.gov/apex/cimc/f?p=CIMC:31::::Y,31,0:P31_ID:120425","site_type":"Brownfield"}},{"type":"Feature","geometry":{"type":"Point","coordinates":[-75.15720399999998,40.02080100000006]},"properties":{"registry_id":"110042240651","primary_name":"PROPOSED SKATEPARK 4374 GERMANTOWN AVE","location_address":"4374 GERMANTOWN AVE","city_name":"PHILADELPHIA","state_code":"PA","postal_code":"19140","latitude":40.020801,"longitude":-75.157204,"facility_url":"https://ofmpub.epa.gov/apex/cimc/f?p=CIMC:31::::Y,31,0:P31_ID:120426","site_type":"Brownfield"}},{"type":"Feature","geometry":{"type":"Point","coordinates":[-75.15904899999998,40.02023100000008]},"properties":{"registry_id":"110042240660","primary_name":"PROPOSED SKATEPARK 4411R WAYNE AVE","location_address":"4411R WAYNE AVE","city_name":"PHILADELPHIA","state_code":"PA","postal_code":"19140","latitude":40.020231,"longitude":-75.159049,"facility_url":"https://ofmpub.epa.gov/apex/cimc/f?p=CIMC:31::::Y,31,0:P31_ID:120427","site_type":"Brownfield"}},{"type":"Feature","geometry":{"type":"Point","coordinates":[-75.15689999999995,40.02103000000005]},"properties":{"registry_id":"110042240679","primary_name":"PROPOSED SKATEPARK 1911 1927 W CAYUGA ST","location_address":"1911 1927 W CAYUGA ST","city_name":"PHILADELPHIA","state_code":"PA","postal_code":"19140","latitude":40.02103,"longitude":-75.1569,"facility_url":"https://ofmpub.epa.gov/apex/cimc/f?p=CIMC:31::::Y,31,0:P31_ID:120428","site_type":"Brownfield"}},{"type":"Feature","geometry":{"type":"Point","coordinates":[-75.15738499999998,40.02109500000006]},"properties":{"registry_id":"110042240688","primary_name":"PROPOSED SKATEPARK 1929R W CAYUGA ST","location_address":"1929R W CAYUGA ST","city_name":"PHILADELPHIA","state_code":"PA","postal_code":"19140","latitude":40.021095,"longitude":-75.157385,"facility_url":"https://ofmpub.epa.gov/apex/cimc/f?p=CIMC:31::::Y,31,0:P31_ID:120429","site_type":"Brownfield"}},{"type":"Feature","geometry":{"type":"Point","coordinates":[-75.15738899999997,40.02109500000006]},"properties":{"registry_id":"110042240697","primary_name":"PROPOSED SKATEPARK 1931R W CAYUGA ST","location_address":"1931R W CAYUGA ST","city_name":"PHILADELPHIA","state_code":"PA","postal_code":"19140","latitude":40.021095,"longitude":-75.157389,"facility_url":"https://ofmpub.epa.gov/apex/cimc/f?p=CIMC:31::::Y,31,0:P31_ID:120430","site_type":"Brownfield"}},{"type":"Feature","geometry":{"type":"Point","coordinates":[-75.15859399999994,40.020759000000055]},"properties":{"registry_id":"110043964751","primary_name":"1933R W CAYUGA ST","location_address":"1933R W CAYUGA ST","city_name":"PHILADELPHIA","state_code":"PA","postal_code":"19140","latitude":40.020759,"longitude":-75.158594,"facility_url":"https://ofmpub.epa.gov/apex/cimc/f?p=CIMC:31::::Y,31,0:P31_ID:134321","site_type":"Brownfield"}},{"type":"Feature","geometry":{"type":"Point","coordinates":[-75.15863999999993,40.02073800000005]},"properties":{"registry_id":"110043964760","primary_name":"1935R W CAYUGA ST","location_address":"1935R W CAYUGA ST","city_name":"PHILADELPHIA","state_code":"PA","postal_code":"19140","latitude":40.020738,"longitude":-75.15864,"facility_url":"https://ofmpub.epa.gov/apex/cimc/f?p=CIMC:31::::Y,31,0:P31_ID:134322","site_type":"Brownfield"}},{"type":"Feature","geometry":{"type":"Point","coordinates":[-75.15868599999999,40.02071500000005]},"properties":{"registry_id":"110043964779","primary_name":"1937R W CAYUGA ST","location_address":"1937R W CAYUGA ST","city_name":"PHILADELPHIA","state_code":"PA","postal_code":"19140","latitude":40.020715,"longitude":-75.158686,"facility_url":"https://ofmpub.epa.gov/apex/cimc/f?p=CIMC:31::::Y,31,0:P31_ID:134323","site_type":"Brownfield"}},{"type":"Feature","geometry":{"type":"Point","coordinates":[-75.15873399999998,40.02069400000005]},"properties":{"registry_id":"110043964788","primary_name":"1939R W CAYUGA ST","location_address":"1939R W CAYUGA ST","city_name":"PHILADELPHIA","state_code":"PA","postal_code":"19140","latitude":40.020694,"longitude":-75.158734,"facility_url":"https://ofmpub.epa.gov/apex/cimc/f?p=CIMC:31::::Y,31,0:P31_ID:134324","site_type":"Brownfield"}},{"type":"Feature","geometry":{"type":"Point","coordinates":[-75.15877999999998,40.02067200000005]},"properties":{"registry_id":"110043964797","primary_name":"1941R W CAYUGA ST","location_address":"1941R W CAYUGA ST","city_name":"PHILADELPHIA","state_code":"PA","postal_code":"19140","latitude":40.020672,"longitude":-75.15878,"facility_url":"https://ofmpub.epa.gov/apex/cimc/f?p=CIMC:31::::Y,31,0:P31_ID:134325","site_type":"Brownfield"}},{"type":"Feature","geometry":{"type":"Point","coordinates":[-75.15882499999998,40.020650000000046]},"properties":{"registry_id":"110043964804","primary_name":"1943R W CAYUGA ST","location_address":"1943R W CAYUGA ST","city_name":"PHILADELPHIA","state_code":"PA","postal_code":"19140","latitude":40.02065,"longitude":-75.158825,"facility_url":"https://ofmpub.epa.gov/apex/cimc/f?p=CIMC:31::::Y,31,0:P31_ID:134326","site_type":"Brownfield"}},{"type":"Feature","geometry":{"type":"Point","coordinates":[-75.15886999999998,40.02062900000004]},"properties":{"registry_id":"110043964813","primary_name":"1945R W CAYUGA ST","location_address":"1945R W CAYUGA ST","city_name":"PHILADELPHIA","state_code":"PA","postal_code":"19140","latitude":40.020629,"longitude":-75.15887,"facility_url":"https://ofmpub.epa.gov/apex/cimc/f?p=CIMC:31::::Y,31,0:P31_ID:134327","site_type":"Brownfield"}},{"type":"Feature","geometry":{"type":"Point","coordinates":[-75.15891699999997,40.020609000000036]},"properties":{"registry_id":"110043964822","primary_name":"1947R W CAYUGA ST","location_address":"1947R W CAYUGA ST","city_name":"PHILADELPHIA","state_code":"PA","postal_code":"19140","latitude":40.020609,"longitude":-75.158917,"facility_url":"https://ofmpub.epa.gov/apex/cimc/f?p=CIMC:31::::Y,31,0:P31_ID:134328","site_type":"Brownfield"}},{"type":"Feature","geometry":{"type":"Point","coordinates":[-75.15749999999997,40.02109000000007]},"properties":{"registry_id":"110043964831","primary_name":"1912 W CAYUGA ST","location_address":"1912 W CAYUGA ST","city_name":"PHILADELPHIA","state_code":"PA","postal_code":"19140","latitude":40.02109,"longitude":-75.1575,"facility_url":"https://ofmpub.epa.gov/apex/cimc/f?p=CIMC:31::::Y,31,0:P31_ID:134329","site_type":"Brownfield"}},{"type":"Feature","geometry":{"type":"Point","coordinates":[-75.15749999999997,40.02109000000007]},"properties":{"registry_id":"110043964840","primary_name":"1914 W CAYUGA ST","location_address":"1914 W CAYUGA ST","city_name":"PHILADELPHIA","state_code":"PA","postal_code":"19140","latitude":40.02109,"longitude":-75.1575,"facility_url":"https://ofmpub.epa.gov/apex/cimc/f?p=CIMC:31::::Y,31,0:P31_ID:134330","site_type":"Brownfield"}},{"type":"Feature","geometry":{"type":"Point","coordinates":[-75.15749999999997,40.02109000000007]},"properties":{"registry_id":"110043964859","primary_name":"1916 W CAYUGA ST","location_address":"1916 W CAYUGA ST","city_name":"PHILADELPHIA","state_code":"PA","postal_code":"19140","latitude":40.02109,"longitude":-75.1575,"facility_url":"https://ofmpub.epa.gov/apex/cimc/f?p=CIMC:31::::Y,31,0:P31_ID:134331","site_type":"Brownfield"}},{"type":"Feature","geometry":{"type":"Point","coordinates":[-75.15792199999999,40.02060600000004]},"properties":{"registry_id":"110043964868","primary_name":"1918R W CAYUGA ST","location_address":"1918R W CAYUGA ST","city_name":"PHILADELPHIA","state_code":"PA","postal_code":"19140","latitude":40.020606,"longitude":-75.157922,"facility_url":"https://ofmpub.epa.gov/apex/cimc/f?p=CIMC:31::::Y,31,0:P31_ID:134332","site_type":"Brownfield"}},{"type":"Feature","geometry":{"type":"Point","coordinates":[-75.15796899999998,40.02058400000004]},"properties":{"registry_id":"110043964877","primary_name":"1920R W CAYUGA ST","location_address":"1920R W CAYUGA ST","city_name":"PHILADELPHIA","state_code":"PA","postal_code":"19140","latitude":40.020584,"longitude":-75.157969,"facility_url":"https://ofmpub.epa.gov/apex/cimc/f?p=CIMC:31::::Y,31,0:P31_ID:134333","site_type":"Brownfield"}},{"type":"Feature","geometry":{"type":"Point","coordinates":[-75.15801499999998,40.02056300000004]},"properties":{"registry_id":"110043964886","primary_name":"1922R W CAYUGA ST","location_address":"1922R W CAYUGA ST","city_name":"PHILADELPHIA","state_code":"PA","postal_code":"19140","latitude":40.020563,"longitude":-75.158015,"facility_url":"https://ofmpub.epa.gov/apex/cimc/f?p=CIMC:31::::Y,31,0:P31_ID:134334","site_type":"Brownfield"}},{"type":"Feature","geometry":{"type":"Point","coordinates":[-75.15806099999998,40.02054000000004]},"properties":{"registry_id":"110043964895","primary_name":"1924R W CAYUGA ST","location_address":"1924R W CAYUGA ST","city_name":"PHILADELPHIA","state_code":"PA","postal_code":"19140","latitude":40.02054,"longitude":-75.158061,"facility_url":"https://ofmpub.epa.gov/apex/cimc/f?p=CIMC:31::::Y,31,0:P31_ID:134335","site_type":"Brownfield"}},{"type":"Feature","geometry":{"type":"Point","coordinates":[-75.15810899999997,40.020519000000036]},"properties":{"registry_id":"110043964902","primary_name":"1926R W CAYUGA ST","location_address":"1926R W CAYUGA ST","city_name":"PHILADELPHIA","state_code":"PA","postal_code":"19140","latitude":40.020519,"longitude":-75.158109,"facility_url":"https://ofmpub.epa.gov/apex/cimc/f?p=CIMC:31::::Y,31,0:P31_ID:134336","site_type":"Brownfield"}},{"type":"Feature","geometry":{"type":"Point","coordinates":[-75.15815599999996,40.02050000000003]},"properties":{"registry_id":"110043964911","primary_name":"1928R W CAYUGA ST","location_address":"1928R W CAYUGA ST","city_name":"PHILADELPHIA","state_code":"PA","postal_code":"19140","latitude":40.0205,"longitude":-75.158156,"facility_url":"https://ofmpub.epa.gov/apex/cimc/f?p=CIMC:31::::Y,31,0:P31_ID:134337","site_type":"Brownfield"}},{"type":"Feature","geometry":{"type":"Point","coordinates":[-75.15820099999996,40.020478000000026]},"properties":{"registry_id":"110043964920","primary_name":"1930R W CAYUGA ST","location_address":"1930R W CAYUGA ST","city_name":"PHILADELPHIA","state_code":"PA","postal_code":"19140","latitude":40.020478,"longitude":-75.158201,"facility_url":"https://ofmpub.epa.gov/apex/cimc/f?p=CIMC:31::::Y,31,0:P31_ID:134338","site_type":"Brownfield"}},{"type":"Feature","geometry":{"type":"Point","coordinates":[-75.15824799999996,40.020456000000024]},"properties":{"registry_id":"110043964939","primary_name":"1932R W CAYUGA ST","location_address":"1932R W CAYUGA ST","city_name":"PHILADELPHIA","state_code":"PA","postal_code":"19140","latitude":40.020456,"longitude":-75.158248,"facility_url":"https://ofmpub.epa.gov/apex/cimc/f?p=CIMC:31::::Y,31,0:P31_ID:134339","site_type":"Brownfield"}},{"type":"Feature","geometry":{"type":"Point","coordinates":[-75.15829399999996,40.02043200000003]},"properties":{"registry_id":"110043964948","primary_name":"1934R W CAYUGA ST","location_address":"1934R W CAYUGA ST","city_name":"PHILADELPHIA","state_code":"PA","postal_code":"19140","latitude":40.020432,"longitude":-75.158294,"facility_url":"https://ofmpub.epa.gov/apex/cimc/f?p=CIMC:31::::Y,31,0:P31_ID:134340","site_type":"Brownfield"}},{"type":"Feature","geometry":{"type":"Point","coordinates":[-75.15834299999995,40.02041200000008]},"properties":{"registry_id":"110043964957","primary_name":"1936R W CAYUGA ST","location_address":"1936R W CAYUGA ST","city_name":"PHILADELPHIA","state_code":"PA","postal_code":"19140","latitude":40.020412,"longitude":-75.158343,"facility_url":"https://ofmpub.epa.gov/apex/cimc/f?p=CIMC:31::::Y,31,0:P31_ID:134341","site_type":"Brownfield"}},{"type":"Feature","geometry":{"type":"Point","coordinates":[-75.15838799999995,40.020391000000075]},"properties":{"registry_id":"110043964966","primary_name":"1938R W CAYUGA ST","location_address":"1938R W CAYUGA ST","city_name":"PHILADELPHIA","state_code":"PA","postal_code":"19140","latitude":40.020391,"longitude":-75.158388,"facility_url":"https://ofmpub.epa.gov/apex/cimc/f?p=CIMC:31::::Y,31,0:P31_ID:134342","site_type":"Brownfield"}},{"type":"Feature","geometry":{"type":"Point","coordinates":[-75.15843399999994,40.02036900000007]},"properties":{"registry_id":"110043964975","primary_name":"1940R W CAYUGA ST","location_address":"1940R W CAYUGA ST","city_name":"PHILADELPHIA","state_code":"PA","postal_code":"19140","latitude":40.020369,"longitude":-75.158434,"facility_url":"https://ofmpub.epa.gov/apex/cimc/f?p=CIMC:31::::Y,31,0:P31_ID:134343","site_type":"Brownfield"}},{"type":"Feature","geometry":{"type":"Point","coordinates":[-75.15848099999994,40.02035100000006]},"properties":{"registry_id":"110043964984","primary_name":"1942R W CAYUGA ST","location_address":"1942R W CAYUGA ST","city_name":"PHILADELPHIA","state_code":"PA","postal_code":"19140","latitude":40.020351,"longitude":-75.158481,"facility_url":"https://ofmpub.epa.gov/apex/cimc/f?p=CIMC:31::::Y,31,0:P31_ID:134344","site_type":"Brownfield"}},{"type":"Feature","geometry":{"type":"Point","coordinates":[-75.15714999999994,40.02105000000006]},"properties":{"registry_id":"110043964993","primary_name":"1944 W CAYUGA ST","location_address":"1944 W CAYUGA ST","city_name":"PHILADELPHIA","state_code":"PA","postal_code":"19140","latitude":40.02105,"longitude":-75.15715,"facility_url":"https://ofmpub.epa.gov/apex/cimc/f?p=CIMC:31::::Y,31,0:P31_ID:134345","site_type":"Brownfield"}},{"type":"Feature","geometry":{"type":"Point","coordinates":[-75.15715999999998,40.02105000000006]},"properties":{"registry_id":"110043965000","primary_name":"1946 W CAYUGA ST","location_address":"1946 W CAYUGA ST","city_name":"PHILADELPHIA","state_code":"PA","postal_code":"19140","latitude":40.02105,"longitude":-75.15716,"facility_url":"https://ofmpub.epa.gov/apex/cimc/f?p=CIMC:31::::Y,31,0:P31_ID:134346","site_type":"Brownfield"}},{"type":"Feature","geometry":{"type":"Point","coordinates":[-75.15712199999996,40.02105100000006]},"properties":{"registry_id":"110043965019","primary_name":"1948 W CAYUGA ST","location_address":"1948 W CAYUGA ST","city_name":"PHILADELPHIA","state_code":"PA","postal_code":"19140","latitude":40.021051,"longitude":-75.157122,"facility_url":"https://ofmpub.epa.gov/apex/cimc/f?p=CIMC:31::::Y,31,0:P31_ID:134347","site_type":"Brownfield"}},{"type":"Feature","geometry":{"type":"Point","coordinates":[-75.15853999999996,40.02221000000003]},"properties":{"registry_id":"110043965028","primary_name":"4434 GERMANTOWN AVENUE","location_address":"4434 GERMANTOWN AVENUE","city_name":"PHILADELPHIA","state_code":"PA","postal_code":"19144","latitude":40.02221,"longitude":-75.15854,"facility_url":"https://ofmpub.epa.gov/apex/cimc/f?p=CIMC:31::::Y,31,0:P31_ID:134348","site_type":"Brownfield"}},{"type":"Feature","geometry":{"type":"Point","coordinates":[-75.15859999999998,40.02228000000008]},"properties":{"registry_id":"110043965037","primary_name":"4436 GERMANTOWN AVENUE","location_address":"4436 GERMANTOWN AVENUE","city_name":"PHILADELPHIA","state_code":"PA","postal_code":"19144","latitude":40.02228,"longitude":-75.1586,"facility_url":"https://ofmpub.epa.gov/apex/cimc/f?p=CIMC:31::::Y,31,0:P31_ID:134349","site_type":"Brownfield"}},{"type":"Feature","geometry":{"type":"Point","coordinates":[-75.15865999999994,40.02236000000005]},"properties":{"registry_id":"110043965046","primary_name":"4438 GERMANTOWN AVENUE","location_address":"4438 GERMANTOWN AVENUE","city_name":"PHILADELPHIA","state_code":"PA","postal_code":"19144","latitude":40.02236,"longitude":-75.15866,"facility_url":"https://ofmpub.epa.gov/apex/cimc/f?p=CIMC:31::::Y,31,0:P31_ID:134350","site_type":"Brownfield"}},{"type":"Feature","geometry":{"type":"Point","coordinates":[-75.15871999999996,40.02243000000004]},"properties":{"registry_id":"110043965055","primary_name":"4440 GERMANTOWN AVENUE","location_address":"4440 GERMANTOWN AVENUE","city_name":"PHILADELPHIA","state_code":"PA","postal_code":"19144","latitude":40.02243,"longitude":-75.15872,"facility_url":"https://ofmpub.epa.gov/apex/cimc/f?p=CIMC:31::::Y,31,0:P31_ID:134351","site_type":"Brownfield"}},{"type":"Feature","geometry":{"type":"Point","coordinates":[-75.15877999999998,40.022500000000036]},"properties":{"registry_id":"110043965064","primary_name":"4442 GERMANTOWN AVENUE","location_address":"4442 GERMANTOWN AVENUE","city_name":"PHILADELPHIA","state_code":"PA","postal_code":"19144","latitude":40.0225,"longitude":-75.15878,"facility_url":"https://ofmpub.epa.gov/apex/cimc/f?p=CIMC:31::::Y,31,0:P31_ID:134352","site_type":"Brownfield"}},{"type":"Feature","geometry":{"type":"Point","coordinates":[-75.15849099999997,40.02215400000006]},"properties":{"registry_id":"110043965073","primary_name":"4444GERMANTOWN AVENUE","location_address":"4444GERMANTOWN AVENUE","city_name":"PHILADELPHIA","state_code":"PA","postal_code":"19144","latitude":40.022154,"longitude":-75.158491,"facility_url":"https://ofmpub.epa.gov/apex/cimc/f?p=CIMC:31::::Y,31,0:P31_ID:134353","site_type":"Brownfield"}},{"type":"Feature","geometry":{"type":"Point","coordinates":[-75.15889999999996,40.02264000000008]},"properties":{"registry_id":"110043965082","primary_name":"4446 GERMANTOWN AVENUE","location_address":"4446 GERMANTOWN AVENUE","city_name":"PHILADELPHIA","state_code":"PA","postal_code":"19144","latitude":40.02264,"longitude":-75.1589,"facility_url":"https://ofmpub.epa.gov/apex/cimc/f?p=CIMC:31::::Y,31,0:P31_ID:134354","site_type":"Brownfield"}},{"type":"Feature","geometry":{"type":"Point","coordinates":[-75.15895999999998,40.02272000000005]},"properties":{"registry_id":"110043965091","primary_name":"4448 50 GERMANTOWN AVENUE","location_address":"4448 50 GERMANTOWN AVENUE","city_name":"PHILADELPHIA","state_code":"PA","postal_code":"19144","latitude":40.02272,"longitude":-75.15896,"facility_url":"https://ofmpub.epa.gov/apex/cimc/f?p=CIMC:31::::Y,31,0:P31_ID:134355","site_type":"Brownfield"}},{"type":"Feature","geometry":{"type":"Point","coordinates":[-75.15863999999993,40.02233000000007]},"properties":{"registry_id":"110043965108","primary_name":"4452 GERMANTOWN AVENUE","location_address":"4452 GERMANTOWN AVENUE","city_name":"PHILADELPHIA","state_code":"PA","postal_code":"19144","latitude":40.02233,"longitude":-75.15864,"facility_url":"https://ofmpub.epa.gov/apex/cimc/f?p=CIMC:31::::Y,31,0:P31_ID:134356","site_type":"Brownfield"}},{"type":"Feature","geometry":{"type":"Point","coordinates":[-75.15867999999995,40.022380000000055]},"properties":{"registry_id":"110043965117","primary_name":"4454 GERMANTOWN AVENUE","location_address":"4454 GERMANTOWN AVENUE","city_name":"PHILADELPHIA","state_code":"PA","postal_code":"19144","latitude":40.02238,"longitude":-75.15868,"facility_url":"https://ofmpub.epa.gov/apex/cimc/f?p=CIMC:31::::Y,31,0:P31_ID:134357","site_type":"Brownfield"}},{"type":"Feature","geometry":{"type":"Point","coordinates":[-75.15869999999995,40.022410000000036]},"properties":{"registry_id":"110043965126","primary_name":"4456 GERMANTOWN AVENUE","location_address":"4456 GERMANTOWN AVENUE","city_name":"PHILADELPHIA","state_code":"PA","postal_code":"19144","latitude":40.02241,"longitude":-75.1587,"facility_url":"https://ofmpub.epa.gov/apex/cimc/f?p=CIMC:31::::Y,31,0:P31_ID:134358","site_type":"Brownfield"}},{"type":"Feature","geometry":{"type":"Point","coordinates":[-75.15872999999993,40.022440000000074]},"properties":{"registry_id":"110043965135","primary_name":"4458 GERMANTOWN AVENUE","location_address":"4458 GERMANTOWN AVENUE","city_name":"PHILADELPHIA","state_code":"PA","postal_code":"19144","latitude":40.02244,"longitude":-75.15873,"facility_url":"https://ofmpub.epa.gov/apex/cimc/f?p=CIMC:31::::Y,31,0:P31_ID:134359","site_type":"Brownfield"}},{"type":"Feature","geometry":{"type":"Point","coordinates":[-75.15870299999995,40.02240900000004]},"properties":{"registry_id":"110043965144","primary_name":"4460 GERMANTOWN AVENUE","location_address":"4460 GERMANTOWN AVENUE","city_name":"PHILADELPHIA","state_code":"PA","postal_code":"19144","latitude":40.022409,"longitude":-75.158703,"facility_url":"https://ofmpub.epa.gov/apex/cimc/f?p=CIMC:31::::Y,31,0:P31_ID:134360","site_type":"Brownfield"}},{"type":"Feature","geometry":{"type":"Point","coordinates":[-75.15883999999994,40.02258000000006]},"properties":{"registry_id":"110043965153","primary_name":"4462 GERMANTOWN AVENUE","location_address":"4462 GERMANTOWN AVENUE","city_name":"PHILADELPHIA","state_code":"PA","postal_code":"19144","latitude":40.02258,"longitude":-75.15884,"facility_url":"https://ofmpub.epa.gov/apex/cimc/f?p=CIMC:31::::Y,31,0:P31_ID:134361","site_type":"Brownfield"}},{"type":"Feature","geometry":{"type":"Point","coordinates":[-75.15889999999996,40.022650000000056]},"properties":{"registry_id":"110043965162","primary_name":"4464 GERMANTOWN AVENUE","location_address":"4464 GERMANTOWN AVENUE","city_name":"PHILADELPHIA","state_code":"PA","postal_code":"19144","latitude":40.02265,"longitude":-75.1589,"facility_url":"https://ofmpub.epa.gov/apex/cimc/f?p=CIMC:31::::Y,31,0:P31_ID:134362","site_type":"Brownfield"}},{"type":"Feature","geometry":{"type":"Point","coordinates":[-75.15878199999997,40.022504000000026]},"properties":{"registry_id":"110043965171","primary_name":"4466 GERMANTOWN AVENUE","location_address":"4466 GERMANTOWN AVENUE","city_name":"PHILADELPHIA","state_code":"PA","postal_code":"19144","latitude":40.022504,"longitude":-75.158782,"facility_url":"https://ofmpub.epa.gov/apex/cimc/f?p=CIMC:31::::Y,31,0:P31_ID:134363","site_type":"Brownfield"}},{"type":"Feature","geometry":{"type":"Point","coordinates":[-75.15880899999996,40.02253600000006]},"properties":{"registry_id":"110043965180","primary_name":"4468 GERMANTOWN AVENUE","location_address":"4468 GERMANTOWN AVENUE","city_name":"PHILADELPHIA","state_code":"PA","postal_code":"19144","latitude":40.022536,"longitude":-75.158809,"facility_url":"https://ofmpub.epa.gov/apex/cimc/f?p=CIMC:31::::Y,31,0:P31_ID:134364","site_type":"Brownfield"}},{"type":"Feature","geometry":{"type":"Point","coordinates":[-75.15883499999995,40.022568000000035]},"properties":{"registry_id":"110043965199","primary_name":"4470 GERMANTOWN AVENUE","location_address":"4470 GERMANTOWN AVENUE","city_name":"PHILADELPHIA","state_code":"PA","postal_code":"19144","latitude":40.022568,"longitude":-75.158835,"facility_url":"https://ofmpub.epa.gov/apex/cimc/f?p=CIMC:31::::Y,31,0:P31_ID:134365","site_type":"Brownfield"}},{"type":"Feature","geometry":{"type":"Point","coordinates":[-75.15813999999995,40.02174000000008]},"properties":{"registry_id":"110043965206","primary_name":"4413 GERMANTOWN AVENUE","location_address":"4413 GERMANTOWN AVENUE","city_name":"PHILADELPHIA","state_code":"PA","postal_code":"19144","latitude":40.02174,"longitude":-75.15814,"facility_url":"https://ofmpub.epa.gov/apex/cimc/f?p=CIMC:31::::Y,31,0:P31_ID:134366","site_type":"Brownfield"}},{"type":"Feature","geometry":{"type":"Point","coordinates":[-75.15812999999997,40.02173000000005]},"properties":{"registry_id":"110043965215","primary_name":"4415 GERMANTOWN AVENUE","location_address":"4415 GERMANTOWN AVENUE","city_name":"PHILADELPHIA","state_code":"PA","postal_code":"19144","latitude":40.02173,"longitude":-75.15813,"facility_url":"https://ofmpub.epa.gov/apex/cimc/f?p=CIMC:31::::Y,31,0:P31_ID:134367","site_type":"Brownfield"}},{"type":"Feature","geometry":{"type":"Point","coordinates":[-75.15799999999996,40.02159000000006]},"properties":{"registry_id":"110043965224","primary_name":"4417 GERMANTOWN AVENUE","location_address":"4417 GERMANTOWN AVENUE","city_name":"PHILADELPHIA","state_code":"PA","postal_code":"19144","latitude":40.02159,"longitude":-75.158,"facility_url":"https://ofmpub.epa.gov/apex/cimc/f?p=CIMC:31::::Y,31,0:P31_ID:134368","site_type":"Brownfield"}},{"type":"Feature","geometry":{"type":"Point","coordinates":[-75.15817999999996,40.02179000000007]},"properties":{"registry_id":"110044761157","primary_name":"WAYNE JUNCTION 4419 GERMANTOWN AVENUE","location_address":"4419 GERMANTOWN AVENUE","city_name":"PHILADELPHIA","state_code":"PA","postal_code":"19144","latitude":40.02179,"longitude":-75.15818,"facility_url":"https://ofmpub.epa.gov/apex/cimc/f?p=CIMC:31::::Y,31,0:P31_ID:137376","site_type":"Brownfield"}},{"type":"Feature","geometry":{"type":"Point","coordinates":[-75.15825999999998,40.021870000000035]},"properties":{"registry_id":"110044761166","primary_name":"WAYNE JUNCTION 4421 GERMANTOWN AVENUE","location_address":"4421 GERMANTOWN AVENUE","city_name":"PHILADELPHIA","state_code":"PA","postal_code":"19144","latitude":40.02187,"longitude":-75.15826,"facility_url":"https://ofmpub.epa.gov/apex/cimc/f?p=CIMC:31::::Y,31,0:P31_ID:137377","site_type":"Brownfield"}},{"type":"Feature","geometry":{"type":"Point","coordinates":[-75.15866999999997,40.02237000000008]},"properties":{"registry_id":"110044761184","primary_name":"WAYNE JUNCTION 4423 GERMANTOWN AVENUE","location_address":"4423 GERMANTOWN AVENUE","city_name":"PHILADELPHIA","state_code":"PA","postal_code":"19144","latitude":40.02237,"longitude":-75.15867,"facility_url":"https://ofmpub.epa.gov/apex/cimc/f?p=CIMC:31::::Y,31,0:P31_ID:137378","site_type":"Brownfield"}},{"type":"Feature","geometry":{"type":"Point","coordinates":[-75.15847999999994,40.022140000000036]},"properties":{"registry_id":"110044761193","primary_name":"WAYNE JUNCTION 4425 GERMANTOWN AVENUE","location_address":"4425 GERMANTOWN AVENUE","city_name":"PHILADELPHIA","state_code":"PA","postal_code":"19144","latitude":40.02214,"longitude":-75.15848,"facility_url":"https://ofmpub.epa.gov/apex/cimc/f?p=CIMC:31::::Y,31,0:P31_ID:137379","site_type":"Brownfield"}},{"type":"Feature","geometry":{"type":"Point","coordinates":[-75.15850999999998,40.022170000000074]},"properties":{"registry_id":"110044761200","primary_name":"WAYNE JUNCTION 4427 GERMANTOWN AVENUE","location_address":"4427 GERMANTOWN AVENUE","city_name":"PHILADELPHIA","state_code":"PA","postal_code":"19144","latitude":40.02217,"longitude":-75.15851,"facility_url":"https://ofmpub.epa.gov/apex/cimc/f?p=CIMC:31::::Y,31,0:P31_ID:137380","site_type":"Brownfield"}},{"type":"Feature","geometry":{"type":"Point","coordinates":[-75.15843999999998,40.02209000000005]},"properties":{"registry_id":"110044761219","primary_name":"WAYNE JUNCTION 4429 GERMANTOWN AVENUE","location_address":"4429 GERMANTOWN AVENUE","city_name":"PHILADELPHIA","state_code":"PA","postal_code":"19144","latitude":40.02209,"longitude":-75.15844,"facility_url":"https://ofmpub.epa.gov/apex/cimc/f?p=CIMC:31::::Y,31,0:P31_ID:137381","site_type":"Brownfield"}},{"type":"Feature","geometry":{"type":"Point","coordinates":[-75.15849999999995,40.022170000000074]},"properties":{"registry_id":"110044761228","primary_name":"WAYNE JUNCTION 4431 GERMANTOWN AVENUE","location_address":"4431 GERMANTOWN AVENUE","city_name":"PHILADELPHIA","state_code":"PA","postal_code":"19144","latitude":40.02217,"longitude":-75.1585,"facility_url":"https://ofmpub.epa.gov/apex/cimc/f?p=CIMC:31::::Y,31,0:P31_ID:137382","site_type":"Brownfield"}},{"type":"Feature","geometry":{"type":"Point","coordinates":[-75.15859999999998,40.02228000000008]},"properties":{"registry_id":"110044761237","primary_name":"WAYNE JUNCTION 4433 GERMANTOWN AVENUE","location_address":"4433 GERMANTOWN AVENUE","city_name":"PHILADELPHIA","state_code":"PA","postal_code":"19144","latitude":40.02228,"longitude":-75.1586,"facility_url":"https://ofmpub.epa.gov/apex/cimc/f?p=CIMC:31::::Y,31,0:P31_ID:137383","site_type":"Brownfield"}},{"type":"Feature","geometry":{"type":"Point","coordinates":[-75.15864999999997,40.022350000000074]},"properties":{"registry_id":"110044761246","primary_name":"WAYNE JUNCTION 4437 GERMANTOWN AVENUE","location_address":"4437 GERMANTOWN AVENUE","city_name":"PHILADELPHIA","state_code":"PA","postal_code":"19144","latitude":40.02235,"longitude":-75.15865,"facility_url":"https://ofmpub.epa.gov/apex/cimc/f?p=CIMC:31::::Y,31,0:P31_ID:137384","site_type":"Brownfield"}},{"type":"Feature","geometry":{"type":"Point","coordinates":[-75.15873999999997,40.02245000000005]},"properties":{"registry_id":"110044761255","primary_name":"WAYNE JUNCTION 4439 GERMANTOWN AVENUE","location_address":"4439 GERMANTOWN AVENUE","city_name":"PHILADELPHIA","state_code":"PA","postal_code":"19144","latitude":40.02245,"longitude":-75.15874,"facility_url":"https://ofmpub.epa.gov/apex/cimc/f?p=CIMC:31::::Y,31,0:P31_ID:137385","site_type":"Brownfield"}},{"type":"Feature","geometry":{"type":"Point","coordinates":[-75.15879999999999,40.022530000000074]},"properties":{"registry_id":"110044761264","primary_name":"WAYNE JUNCTION 4441 GERMANTOWN AVENUE","location_address":"4441 GERMANTOWN AVENUE","city_name":"PHILADELPHIA","state_code":"PA","postal_code":"19144","latitude":40.02253,"longitude":-75.1588,"facility_url":"https://ofmpub.epa.gov/apex/cimc/f?p=CIMC:31::::Y,31,0:P31_ID:137386","site_type":"Brownfield"}},{"type":"Feature","geometry":{"type":"Point","coordinates":[-75.15885999999995,40.02260000000007]},"properties":{"registry_id":"110044761273","primary_name":"WAYNE JUNCTION 4443 GERMANTOWN AVENUE","location_address":"4443 GERMANTOWN AVENUE","city_name":"PHILADELPHIA","state_code":"PA","postal_code":"19144","latitude":40.0226,"longitude":-75.15886,"facility_url":"https://ofmpub.epa.gov/apex/cimc/f?p=CIMC:31::::Y,31,0:P31_ID:137387","site_type":"Brownfield"}},{"type":"Feature","geometry":{"type":"Point","coordinates":[-75.15891999999997,40.02267000000006]},"properties":{"registry_id":"110044761282","primary_name":"WAYNE JUNCTION 4445 GERMANTOWN AVENUE","location_address":"4445 GERMANTOWN AVENUE","city_name":"PHILADELPHIA","state_code":"PA","postal_code":"19144","latitude":40.02267,"longitude":-75.15892,"facility_url":"https://ofmpub.epa.gov/apex/cimc/f?p=CIMC:31::::Y,31,0:P31_ID:137388","site_type":"Brownfield"}},{"type":"Feature","geometry":{"type":"Point","coordinates":[-75.15848199999994,40.02214300000003]},"properties":{"registry_id":"110044761291","primary_name":"WAYNE JUNCTION 4447 GERMANTOWN AVENUE","location_address":"4447 GERMANTOWN AVENUE","city_name":"PHILADELPHIA","state_code":"PA","postal_code":"19144","latitude":40.022143,"longitude":-75.158482,"facility_url":"https://ofmpub.epa.gov/apex/cimc/f?p=CIMC:31::::Y,31,0:P31_ID:137389","site_type":"Brownfield"}},{"type":"Feature","geometry":{"type":"Point","coordinates":[-75.15883999999994,40.02257000000003]},"properties":{"registry_id":"110044761308","primary_name":"WAYNE JUNCTION 4449 GERMANTOWN AVENUE","location_address":"4449 GERMANTOWN AVENUE","city_name":"PHILADELPHIA","state_code":"PA","postal_code":"19144","latitude":40.02257,"longitude":-75.15884,"facility_url":"https://ofmpub.epa.gov/apex/cimc/f?p=CIMC:31::::Y,31,0:P31_ID:137390","site_type":"Brownfield"}},{"type":"Feature","geometry":{"type":"Point","coordinates":[-75.15886999999998,40.02261000000004]},"properties":{"registry_id":"110044761317","primary_name":"WAYNE JUNCTION 4451 GERMANTOWN AVENUE","location_address":"4451 GERMANTOWN AVENUE","city_name":"PHILADELPHIA","state_code":"PA","postal_code":"19144","latitude":40.02261,"longitude":-75.15887,"facility_url":"https://ofmpub.epa.gov/apex/cimc/f?p=CIMC:31::::Y,31,0:P31_ID:137391","site_type":"Brownfield"}},{"type":"Feature","geometry":{"type":"Point","coordinates":[-75.15800999999993,40.02303000000006]},"properties":{"registry_id":"110044761326","primary_name":"WAYNE JUNCTION 4500 N 20TH STREET","location_address":"4500 N 20TH STREET","city_name":"PHILADELPHIA","state_code":"PA","postal_code":"19140","latitude":40.02303,"longitude":-75.15801,"facility_url":"https://ofmpub.epa.gov/apex/cimc/f?p=CIMC:31::::Y,31,0:P31_ID:137392","site_type":"Brownfield"}},{"type":"Feature","geometry":{"type":"Point","coordinates":[-75.14899999999994,39.980630000000076]},"properties":{"registry_id":"110044761335","primary_name":"APM ROSE COMPANIES 915 WEST BERKS","location_address":"915 WEST BERKS","city_name":"PHILADELPHIA","state_code":"PA","postal_code":"19122","latitude":39.98063,"longitude":-75.149,"facility_url":"https://ofmpub.epa.gov/apex/cimc/f?p=CIMC:31::::Y,31,0:P31_ID:137393","site_type":"Brownfield"}},{"type":"Feature","geometry":{"type":"Point","coordinates":[-75.18156999999997,39.93668000000008]},"properties":{"registry_id":"110044761344","primary_name":"POINT BREEZE HABITAT FOR HUMANITY 2238 LATONA STREET","location_address":"2238 LATONA STREET","city_name":"PHILADELPHIA","state_code":"PA","postal_code":"19146","latitude":39.93668,"longitude":-75.18157,"facility_url":"https://ofmpub.epa.gov/apex/cimc/f?p=CIMC:31::::Y,31,0:P31_ID:137394","site_type":"Brownfield"}},{"type":"Feature","geometry":{"type":"Point","coordinates":[-75.18160999999998,39.936690000000056]},"properties":{"registry_id":"110044761353","primary_name":"POINT BREEZE HABITAT FOR HUMANITY 2240 LATONA STREET","location_address":"2240 LATONA STREET","city_name":"PHILADELPHIA","state_code":"PA","postal_code":"19146","latitude":39.93669,"longitude":-75.18161,"facility_url":"https://ofmpub.epa.gov/apex/cimc/f?p=CIMC:31::::Y,31,0:P31_ID:137395","site_type":"Brownfield"}},{"type":"Feature","geometry":{"type":"Point","coordinates":[-75.18170999999995,39.93670000000003]},"properties":{"registry_id":"110044761362","primary_name":"POINT BREEZE HABITAT FOR HUMANITY 2242 LATONA STREET","location_address":"2242 LATONA STREET","city_name":"PHILADELPHIA","state_code":"PA","postal_code":"19146","latitude":39.9367,"longitude":-75.18171,"facility_url":"https://ofmpub.epa.gov/apex/cimc/f?p=CIMC:31::::Y,31,0:P31_ID:137396","site_type":"Brownfield"}},{"type":"Feature","geometry":{"type":"Point","coordinates":[-75.18171999999998,39.93671000000006]},"properties":{"registry_id":"110044761371","primary_name":"POINT BREEZE HABITAT FOR HUMANITY 2244 LATONA STREET","location_address":"2244 LATONA STREET","city_name":"PHILADELPHIA","state_code":"PA","postal_code":"19146","latitude":39.93671,"longitude":-75.18172,"facility_url":"https://ofmpub.epa.gov/apex/cimc/f?p=CIMC:31::::Y,31,0:P31_ID:137397","site_type":"Brownfield"}},{"type":"Feature","geometry":{"type":"Point","coordinates":[-75.18161999999995,39.936690000000056]},"properties":{"registry_id":"110044761380","primary_name":"POINT BREEZE HABITAT FOR HUMANITY 2241 LATONA STREET","location_address":"2241 LATONA STREET","city_name":"PHILADELPHIA","state_code":"PA","postal_code":"19146","latitude":39.93669,"longitude":-75.18162,"facility_url":"https://ofmpub.epa.gov/apex/cimc/f?p=CIMC:31::::Y,31,0:P31_ID:137398","site_type":"Brownfield"}},{"type":"Feature","geometry":{"type":"Point","coordinates":[-75.18167999999997,39.93670000000003]},"properties":{"registry_id":"110044761406","primary_name":"POINT BREEZE HABITAT FOR HUMANITY 2243 LATONA STREET","location_address":"2243 LATONA STREET","city_name":"PHILADELPHIA","state_code":"PA","postal_code":"19146","latitude":39.9367,"longitude":-75.18168,"facility_url":"https://ofmpub.epa.gov/apex/cimc/f?p=CIMC:31::::Y,31,0:P31_ID:137399","site_type":"Brownfield"}},{"type":"Feature","geometry":{"type":"Point","coordinates":[-75.21375999999998,39.95854000000003]},"properties":{"registry_id":"110044761424","primary_name":"ENTERPRISE HEIGHTS 4628 MARKET STREET","location_address":"4628 MARKET STREET","city_name":"PHILADELPHIA","state_code":"PA","postal_code":"19139","latitude":39.95854,"longitude":-75.21376,"facility_url":"https://ofmpub.epa.gov/apex/cimc/f?p=CIMC:31::::Y,31,0:P31_ID:137401","site_type":"Brownfield"}},{"type":"Feature","geometry":{"type":"Point","coordinates":[-75.21402999999998,39.95844000000005]},"properties":{"registry_id":"110044761433","primary_name":"ENTERPRISE HEIGHTS 2 04 SOUTH FARRAGUT STREET","location_address":"2 04 SOUTH FARRAGUT STREET","city_name":"PHILADELPHIA","state_code":"PA","postal_code":"19139","latitude":39.95844,"longitude":-75.21403,"facility_url":"https://ofmpub.epa.gov/apex/cimc/f?p=CIMC:31::::Y,31,0:P31_ID:137402","site_type":"Brownfield"}},{"type":"Feature","geometry":{"type":"Point","coordinates":[-75.21404999999999,39.95836000000003]},"properties":{"registry_id":"110044761549","primary_name":"ENTERPRISE HEIGHTS 6 SOUTH FARRAGUT STREET","location_address":"6 SOUTH FARRAGUT STREET","city_name":"PHILADELPHIA","state_code":"PA","postal_code":"19139","latitude":39.95836,"longitude":-75.21405,"facility_url":"https://ofmpub.epa.gov/apex/cimc/f?p=CIMC:31::::Y,31,0:P31_ID:137403","site_type":"Brownfield"}},{"type":"Feature","geometry":{"type":"Point","coordinates":[-75.21405999999996,39.95831000000004]},"properties":{"registry_id":"110044761558","primary_name":"ENTERPRISE HEIGHTS 8 SOUTH FARRAGUT","location_address":"8 SOUTH FARRAGUT","city_name":"PHILADELPHIA","state_code":"PA","postal_code":"19139","latitude":39.95831,"longitude":-75.21406,"facility_url":"https://ofmpub.epa.gov/apex/cimc/f?p=CIMC:31::::Y,31,0:P31_ID:137404","site_type":"Brownfield"}},{"type":"Feature","geometry":{"type":"Point","coordinates":[-75.21404999999999,39.95836000000003]},"properties":{"registry_id":"110044761567","primary_name":"ENTERPRISE HEIGHTS 10 SOUTH FARRAGUT STREET","location_address":"10 SOUTH FARRAGUT STREET","city_name":"PHILADELPHIA","state_code":"PA","postal_code":"19139","latitude":39.95836,"longitude":-75.21405,"facility_url":"https://ofmpub.epa.gov/apex/cimc/f?p=CIMC:31::::Y,31,0:P31_ID:137405","site_type":"Brownfield"}},{"type":"Feature","geometry":{"type":"Point","coordinates":[-75.21405999999996,39.958290000000034]},"properties":{"registry_id":"110044761576","primary_name":"ENTERPRISE HEIGHTS 12 SOUTH FARRAGUT STREET","location_address":"12 SOUTH FARRAGUT STREET","city_name":"PHILADELPHIA","state_code":"PA","postal_code":"19139","latitude":39.95829,"longitude":-75.21406,"facility_url":"https://ofmpub.epa.gov/apex/cimc/f?p=CIMC:31::::Y,31,0:P31_ID:137407","site_type":"Brownfield"}},{"type":"Feature","geometry":{"type":"Point","coordinates":[-75.21407999999997,39.95822000000004]},"properties":{"registry_id":"110044761585","primary_name":"ENTERPRISE HEIGHTS 14 SOUTH FARRAGUT STREET","location_address":"14 SOUTH FARRAGUT STREET","city_name":"PHILADELPHIA","state_code":"PA","postal_code":"19139","latitude":39.95822,"longitude":-75.21408,"facility_url":"https://ofmpub.epa.gov/apex/cimc/f?p=CIMC:31::::Y,31,0:P31_ID:137408","site_type":"Brownfield"}},{"type":"Feature","geometry":{"type":"Point","coordinates":[-75.21410999999995,39.95811000000003]},"properties":{"registry_id":"110044761594","primary_name":"ENTERPRISE HEIGHTS 16 SOUTH FARRAGUT STREET","location_address":"16 SOUTH FARRAGUT STREET","city_name":"PHILADELPHIA","state_code":"PA","postal_code":"19139","latitude":39.95811,"longitude":-75.21411,"facility_url":"https://ofmpub.epa.gov/apex/cimc/f?p=CIMC:31::::Y,31,0:P31_ID:137409","site_type":"Brownfield"}},{"type":"Feature","geometry":{"type":"Point","coordinates":[-75.21411999999998,39.95807000000008]},"properties":{"registry_id":"110044761601","primary_name":"ENTERPRISE HEIGHTS 18 SOUTH FARRAGUT STREET","location_address":"18 SOUTH FARRAGUT STREET","city_name":"PHILADELPHIA","state_code":"PA","postal_code":"19139","latitude":39.95807,"longitude":-75.21412,"facility_url":"https://ofmpub.epa.gov/apex/cimc/f?p=CIMC:31::::Y,31,0:P31_ID:137410","site_type":"Brownfield"}},{"type":"Feature","geometry":{"type":"Point","coordinates":[-75.21412999999995,39.958030000000065]},"properties":{"registry_id":"110044761610","primary_name":"ENTERPRISE HEIGHTS 20 SOUTH FARRAGUT STREET","location_address":"20 SOUTH FARRAGUT STREET","city_name":"PHILADELPHIA","state_code":"PA","postal_code":"19139","latitude":39.95803,"longitude":-75.21413,"facility_url":"https://ofmpub.epa.gov/apex/cimc/f?p=CIMC:31::::Y,31,0:P31_ID:137411","site_type":"Brownfield"}},{"type":"Feature","geometry":{"type":"Point","coordinates":[-75.21414999999996,39.957940000000065]},"properties":{"registry_id":"110044761638","primary_name":"ENTERPRISE HEIGHTS 22 SOUTH FARRAGUT STREET","location_address":"22 SOUTH FARRAGUT STREET","city_name":"PHILADELPHIA","state_code":"PA","postal_code":"19139","latitude":39.95794,"longitude":-75.21415,"facility_url":"https://ofmpub.epa.gov/apex/cimc/f?p=CIMC:31::::Y,31,0:P31_ID:137413","site_type":"Brownfield"}},{"type":"Feature","geometry":{"type":"Point","coordinates":[-75.21416999999997,39.95787000000007]},"properties":{"registry_id":"110044761647","primary_name":"ENTERPRISE HEIGHTS 24 SOUTH FARRAGUT STREET","location_address":"24 SOUTH FARRAGUT STREET","city_name":"PHILADELPHIA","state_code":"PA","postal_code":"19139","latitude":39.95787,"longitude":-75.21417,"facility_url":"https://ofmpub.epa.gov/apex/cimc/f?p=CIMC:31::::Y,31,0:P31_ID:137414","site_type":"Brownfield"}},{"type":"Feature","geometry":{"type":"Point","coordinates":[-75.21513999999996,39.95873000000006]},"properties":{"registry_id":"110044761656","primary_name":"ENTERPRISE HEIGHTS 4700 06 MARKET STREET","location_address":"4700 06 MARKET STREET","city_name":"PHILADELPHIA","state_code":"PA","postal_code":"19139","latitude":39.95873,"longitude":-75.21514,"facility_url":"https://ofmpub.epa.gov/apex/cimc/f?p=CIMC:31::::Y,31,0:P31_ID:137415","site_type":"Brownfield"}},{"type":"Feature","geometry":{"type":"Point","coordinates":[-75.37248799999998,39.86391700000007]},"properties":{"registry_id":"110060754928","primary_name":"HUNTER SCHOOL HOMEOWNERSHIP G3TFNY00","location_address":"2424 2430 HOWARD STREET","city_name":"PHILADELPHIA","state_code":"PA","postal_code":"19133","latitude":39.863917,"longitude":-75.372488,"facility_url":"https://ofmpub.epa.gov/apex/cimc/f?p=CIMC:31::::Y,31,0:P31_ID:83621","site_type":"Brownfield"}},{"type":"Feature","geometry":{"type":"Point","coordinates":[-75.16507399999995,39.95329000000004]},"properties":{"registry_id":"110060755133","primary_name":"K AND T RAIL TO TRAIL","location_address":"PHILADELPHIA","city_name":"PHILADELPHIA","state_code":"PA","postal_code":"19107","latitude":39.95329,"longitude":-75.165074,"facility_url":"https://ofmpub.epa.gov/apex/cimc/f?p=CIMC:31::::Y,31,0:P31_ID:29861","site_type":"Brownfield"}},{"type":"Feature","geometry":{"type":"Point","coordinates":[-75.13018999999997,39.98040000000003]},"properties":{"registry_id":"110060848695","primary_name":"2200 E TRENTON ST","location_address":"2200 E TRENTON ST","city_name":"PHILADELPHIA","state_code":"PA","postal_code":"","latitude":39.9804,"longitude":-75.13019,"facility_url":"https://ofmpub.epa.gov/apex/cimc/f?p=CIMC:31::::Y,31,0:P31_ID:13387","site_type":"Brownfield"}},{"type":"Feature","geometry":{"type":"Point","coordinates":[-75.16256999999996,39.95230000000004]},"properties":{"registry_id":"110060870721","primary_name":"3021 N 19TH","location_address":"1 CITY HALL","city_name":"PHILADELPHIA","state_code":"PA","postal_code":"19107","latitude":39.9523,"longitude":-75.16257,"facility_url":"https://ofmpub.epa.gov/apex/cimc/f?p=CIMC:31::::Y,31,0:P31_ID:13343","site_type":"Brownfield"}},{"type":"Feature","geometry":{"type":"Point","coordinates":[-75.16256999999996,39.95230000000004]},"properties":{"registry_id":"110060870721","primary_name":"3025 N 19TH","location_address":"1 CITY HALL","city_name":"PHILADELPHIA","state_code":"PA","postal_code":"19107","latitude":39.9523,"longitude":-75.16257,"facility_url":"https://ofmpub.epa.gov/apex/cimc/f?p=CIMC:31::::Y,31,0:P31_ID:13344","site_type":"Brownfield"}},{"type":"Feature","geometry":{"type":"Point","coordinates":[-75.16256999999996,39.95230000000004]},"properties":{"registry_id":"110060870721","primary_name":"3001 N 19TH","location_address":"1 CITY HALL","city_name":"PHILADELPHIA","state_code":"PA","postal_code":"19107","latitude":39.9523,"longitude":-75.16257,"facility_url":"https://ofmpub.epa.gov/apex/cimc/f?p=CIMC:31::::Y,31,0:P31_ID:13345","site_type":"Brownfield"}},{"type":"Feature","geometry":{"type":"Point","coordinates":[-75.16256999999996,39.95230000000004]},"properties":{"registry_id":"110060871490","primary_name":"3100 N 19TH","location_address":"1 CITY HALL","city_name":"PHILADELPHIA","state_code":"PA","postal_code":"19107","latitude":39.9523,"longitude":-75.16257,"facility_url":"https://ofmpub.epa.gov/apex/cimc/f?p=CIMC:31::::Y,31,0:P31_ID:13347","site_type":"Brownfield"}},{"type":"Feature","geometry":{"type":"Point","coordinates":[-75.16256999999996,39.95230000000004]},"properties":{"registry_id":"110060871490","primary_name":"3001 N 18TH","location_address":"1 CITY HALL","city_name":"PHILADELPHIA","state_code":"PA","postal_code":"19107","latitude":39.9523,"longitude":-75.16257,"facility_url":"https://ofmpub.epa.gov/apex/cimc/f?p=CIMC:31::::Y,31,0:P31_ID:13348","site_type":"Brownfield"}},{"type":"Feature","geometry":{"type":"Point","coordinates":[-75.16256999999996,39.95230000000004]},"properties":{"registry_id":"110060871490","primary_name":"3025 N 18TH","location_address":"1 CITY HALL","city_name":"PHILADELPHIA","state_code":"PA","postal_code":"19107","latitude":39.9523,"longitude":-75.16257,"facility_url":"https://ofmpub.epa.gov/apex/cimc/f?p=CIMC:31::::Y,31,0:P31_ID:13349","site_type":"Brownfield"}},{"type":"Feature","geometry":{"type":"Point","coordinates":[-75.16256999999996,39.95230000000004]},"properties":{"registry_id":"110060871490","primary_name":"3075 N 18TH","location_address":"1 CITY HALL","city_name":"PHILADELPHIA","state_code":"PA","postal_code":"19107","latitude":39.9523,"longitude":-75.16257,"facility_url":"https://ofmpub.epa.gov/apex/cimc/f?p=CIMC:31::::Y,31,0:P31_ID:13350","site_type":"Brownfield"}},{"type":"Feature","geometry":{"type":"Point","coordinates":[-75.16256999999996,39.95230000000004]},"properties":{"registry_id":"110060871490","primary_name":"3075 R N 18TH","location_address":"1 CITY HALL","city_name":"PHILADELPHIA","state_code":"PA","postal_code":"19107","latitude":39.9523,"longitude":-75.16257,"facility_url":"https://ofmpub.epa.gov/apex/cimc/f?p=CIMC:31::::Y,31,0:P31_ID:13351","site_type":"Brownfield"}},{"type":"Feature","geometry":{"type":"Point","coordinates":[-75.16256999999996,39.95230000000004]},"properties":{"registry_id":"110060871490","primary_name":"3145 N 19TH","location_address":"1 CITY HALL","city_name":"PHILADELPHIA","state_code":"PA","postal_code":"19107","latitude":39.9523,"longitude":-75.16257,"facility_url":"https://ofmpub.epa.gov/apex/cimc/f?p=CIMC:31::::Y,31,0:P31_ID:13358","site_type":"Brownfield"}},{"type":"Feature","geometry":{"type":"Point","coordinates":[-75.09265999999997,39.980860000000064]},"properties":{"registry_id":"110060871524","primary_name":"3111 E ONTARIO ST","location_address":"3111 E ONTARIO ST","city_name":"PHILADELPHIA","state_code":"PA","postal_code":"","latitude":39.98086,"longitude":-75.09266,"facility_url":"https://ofmpub.epa.gov/apex/cimc/f?p=CIMC:31::::Y,31,0:P31_ID:13386","site_type":"Brownfield"}},{"type":"Feature","geometry":{"type":"Point","coordinates":[-75.16815999999994,40.00596000000007]},"properties":{"registry_id":"110060871604","primary_name":"3300 STOKEY","location_address":"3300 STOKEY","city_name":"PHILADELPHIA","state_code":"PA","postal_code":"19144","latitude":40.00596,"longitude":-75.16816,"facility_url":"https://ofmpub.epa.gov/apex/cimc/f?p=CIMC:31::::Y,31,0:P31_ID:13384","site_type":"Brownfield"}},{"type":"Feature","geometry":{"type":"Point","coordinates":[-75.21030999999994,39.956630000000075]},"properties":{"registry_id":"110060872248","primary_name":"4415 CHESTNUT ST","location_address":"4415 CHESTNUT ST","city_name":"PHILADELPHIA","state_code":"PA","postal_code":"","latitude":39.95663,"longitude":-75.21031,"facility_url":"https://ofmpub.epa.gov/apex/cimc/f?p=CIMC:31::::Y,31,0:P31_ID:13385","site_type":"Brownfield"}},{"type":"Feature","geometry":{"type":"Point","coordinates":[-75.20950999999997,39.93893000000003]},"properties":{"registry_id":"110060926734","primary_name":"NATIONAL HEAT AND POWER","location_address":"1627 49 S 49TH STREET","city_name":"PHILADELPHIA","state_code":"PA","postal_code":"19143","latitude":39.93893,"longitude":-75.20951,"facility_url":"https://ofmpub.epa.gov/apex/cimc/f?p=CIMC:31::::Y,31,0:P31_ID:39306","site_type":"Brownfield"}},{"type":"Feature","geometry":{"type":"Point","coordinates":[-75.16256999999996,39.95230000000004]},"properties":{"registry_id":"110060926921","primary_name":"PHILADELPHIA NAVAL YARD CENTER","location_address":"1 CITY HALL","city_name":"PHILADELPHIA","state_code":"PA","postal_code":"19107","latitude":39.9523,"longitude":-75.16257,"facility_url":"https://ofmpub.epa.gov/apex/cimc/f?p=CIMC:31::::Y,31,0:P31_ID:13377","site_type":"Brownfield"}},{"type":"Feature","geometry":{"type":"Point","coordinates":[-75.18174999999997,39.93671000000006]},"properties":{"registry_id":"110060927163","primary_name":"POINT BREEZE HABITAT FOR HUMANITY 2245 LATONA STREET","location_address":"2245 LATONA STREET","city_name":"PHILADELPHIA","state_code":"PA","postal_code":"19146","latitude":39.93671,"longitude":-75.18175,"facility_url":"https://ofmpub.epa.gov/apex/cimc/f?p=CIMC:31::::Y,31,0:P31_ID:137400","site_type":"Brownfield"}},{"type":"Feature","geometry":{"type":"Point","coordinates":[-75.15847999999994,39.97583000000003]},"properties":{"registry_id":"110060985135","primary_name":"1501 N BROAD STREET","location_address":"1501 N BROAD STREET","city_name":"PHILADELPHIA","state_code":"PA","postal_code":"","latitude":39.97583,"longitude":-75.15848,"facility_url":"https://ofmpub.epa.gov/apex/cimc/f?p=CIMC:31::::Y,31,0:P31_ID:13392","site_type":"Brownfield"}},{"type":"Feature","geometry":{"type":"Point","coordinates":[-75.18796999999995,39.98057000000006]},"properties":{"registry_id":"110060985215","primary_name":"1519 31 NATRONA STREET","location_address":"1519 31 NATRONA STREET","city_name":"PHILADELPHIA","state_code":"PA","postal_code":"19121","latitude":39.98057,"longitude":-75.18797,"facility_url":"https://ofmpub.epa.gov/apex/cimc/f?p=CIMC:31::::Y,31,0:P31_ID:29942","site_type":"Brownfield"}},{"type":"Feature","geometry":{"type":"Point","coordinates":[-75.16760999999997,39.97996000000006]},"properties":{"registry_id":"110060995794","primary_name":"2002 28 CECIL B MOORE AVENUE","location_address":"2002 28 CECIL B MOORE AVENUE","city_name":"PHILADELPHIA","state_code":"PA","postal_code":"19121","latitude":39.97996,"longitude":-75.16761,"facility_url":"https://ofmpub.epa.gov/apex/cimc/f?p=CIMC:31::::Y,31,0:P31_ID:29941","site_type":"Brownfield"}},{"type":"Feature","geometry":{"type":"Point","coordinates":[-75.16256999999996,39.95230000000004]},"properties":{"registry_id":"110060996034","primary_name":"2125 W ALLEGHENY","location_address":"1 CITY HALL","city_name":"PHILADELPHIA","state_code":"PA","postal_code":"19107","latitude":39.9523,"longitude":-75.16257,"facility_url":"https://ofmpub.epa.gov/apex/cimc/f?p=CIMC:31::::Y,31,0:P31_ID:13341","site_type":"Brownfield"}},{"type":"Feature","geometry":{"type":"Point","coordinates":[-75.16256999999996,39.95230000000004]},"properties":{"registry_id":"110060996034","primary_name":"2233 47 W ALLEGHENY","location_address":"1 CITY HALL","city_name":"PHILADELPHIA","state_code":"PA","postal_code":"19107","latitude":39.9523,"longitude":-75.16257,"facility_url":"https://ofmpub.epa.gov/apex/cimc/f?p=CIMC:31::::Y,31,0:P31_ID:13342","site_type":"Brownfield"}},{"type":"Feature","geometry":{"type":"Point","coordinates":[-75.21711499999998,39.97915400000005]},"properties":{"registry_id":"110061009073","primary_name":"4913 38 PARKSIDE AVENUE","location_address":"4913 38 PARKSIDE AVENUE","city_name":"PHILADELPHIA","state_code":"PA","postal_code":"19131","latitude":39.979154,"longitude":-75.217115,"facility_url":"https://ofmpub.epa.gov/apex/cimc/f?p=CIMC:31::::Y,31,0:P31_ID:29922","site_type":"Brownfield"}},{"type":"Feature","geometry":{"type":"Point","coordinates":[-75.16256999999996,39.95230000000004]},"properties":{"registry_id":"110061009251","primary_name":"801 W OLNEY","location_address":"1 CITY HALL","city_name":"PHILADELPHIA","state_code":"PA","postal_code":"19107","latitude":39.9523,"longitude":-75.16257,"facility_url":"https://ofmpub.epa.gov/apex/cimc/f?p=CIMC:31::::Y,31,0:P31_ID:13353","site_type":"Brownfield"}},{"type":"Feature","geometry":{"type":"Point","coordinates":[-75.16828999999996,39.968440000000044]},"properties":{"registry_id":"110061009331","primary_name":"835 87 N 19TH STREET 1825 WYLIE STREET","location_address":"835 87 N 19TH STREET 1825 WYLIE STREET","city_name":"PHILADELPHIA","state_code":"PA","postal_code":"19130","latitude":39.96844,"longitude":-75.16829,"facility_url":"https://ofmpub.epa.gov/apex/cimc/f?p=CIMC:31::::Y,31,0:P31_ID:29921","site_type":"Brownfield"}},{"type":"Feature","geometry":{"type":"Point","coordinates":[-75.16507399999995,39.95329000000004]},"properties":{"registry_id":"110061020728","primary_name":"CECIL B MOORE HOME OWNERSHIP PROJECT","location_address":"PHILADELPHIA","city_name":"PHILADELPHIA","state_code":"PA","postal_code":"19107","latitude":39.95329,"longitude":-75.165074,"facility_url":"https://ofmpub.epa.gov/apex/cimc/f?p=CIMC:31::::Y,31,0:P31_ID:29902","site_type":"Brownfield"}},{"type":"Feature","geometry":{"type":"Point","coordinates":[-75.16507399999995,39.95329000000004]},"properties":{"registry_id":"110061020773","primary_name":"CONRAIL RAIL SPUR","location_address":"NORTH PHILADELPHIA","city_name":"PHILADELPHIA","state_code":"PA","postal_code":"19107","latitude":39.95329,"longitude":-75.165074,"facility_url":"https://ofmpub.epa.gov/apex/cimc/f?p=CIMC:31::::Y,31,0:P31_ID:29901","site_type":"Brownfield"}},{"type":"Feature","geometry":{"type":"Point","coordinates":[-75.20968999999997,39.93857000000003]},"properties":{"registry_id":"110061020835","primary_name":"DITA OIL","location_address":"1601 3 SOUTH 49TH STREET","city_name":"PHILADELPHIA","state_code":"PA","postal_code":"19143 5833","latitude":39.93857,"longitude":-75.20969,"facility_url":"https://ofmpub.epa.gov/apex/cimc/f?p=CIMC:31::::Y,31,0:P31_ID:15934","site_type":"Brownfield"}},{"type":"Feature","geometry":{"type":"Point","coordinates":[-75.16256999999996,39.95230000000004]},"properties":{"registry_id":"110061029998","primary_name":"RED BELL BREWERY","location_address":"1 CITY HALL","city_name":"PHILADELPHIA","state_code":"PA","postal_code":"19107","latitude":39.9523,"longitude":-75.16257,"facility_url":"https://ofmpub.epa.gov/apex/cimc/f?p=CIMC:31::::Y,31,0:P31_ID:13393","site_type":"Brownfield"}},{"type":"Feature","geometry":{"type":"Point","coordinates":[-75.18963999999994,39.948860000000025]},"properties":{"registry_id":"110061030049","primary_name":"SCHUYLKILL RIVER TRAIL","location_address":"SOUTH STREET","city_name":"PHILADELPHIA","state_code":"PA","postal_code":"19104","latitude":39.94886,"longitude":-75.18964,"facility_url":"https://ofmpub.epa.gov/apex/cimc/f?p=CIMC:31::::Y,31,0:P31_ID:29881","site_type":"Brownfield"}},{"type":"Feature","geometry":{"type":"Point","coordinates":[-75.19820999999996,39.93965000000003]},"properties":{"registry_id":"110069498038","primary_name":"PENNOVATION WORKS","location_address":"3401 GRAYS FERRY AVENUE","city_name":"PHILADELPHIA","state_code":"PA","postal_code":"19146","latitude":39.93965,"longitude":-75.19821,"facility_url":"https://ofmpub.epa.gov/apex/cimc/f?p=CIMC:31::::Y,31,0:P31_ID:218304","site_type":"Brownfield"}},{"type":"Feature","geometry":{"type":"Point","coordinates":[-75.19966999999997,39.93993000000006]},"properties":{"registry_id":"110070111522","primary_name":"1201 S 35TH ST","location_address":"1201 S 35TH STREET","city_name":"PHILADELPHIA","state_code":"PA","postal_code":"19146","latitude":39.93993,"longitude":-75.19967,"facility_url":"https://ofmpub.epa.gov/apex/cimc/f?p=CIMC:31::::Y,31,0:P31_ID:235107","site_type":"Brownfield"}},{"type":"Feature","geometry":{"type":"Point","coordinates":[-75.12252999999998,40.00085000000007]},"properties":{"registry_id":"110071090281","primary_name":"MCVEIGH PLAYGROUND","location_address":"400 64 EAST ONTARIO STREET PHILADELPHIA PA 19143","city_name":"PHILADELPHIA","state_code":"PA","postal_code":"19143","latitude":40.00085,"longitude":-75.12253,"facility_url":"https://ofmpub.epa.gov/apex/cimc/f?p=CIMC:31::::Y,31,0:P31_ID:244104","site_type":"Brownfield"}},{"type":"Feature","geometry":{"type":"Point","coordinates":[-75.21786199999997,39.92707400000006]},"properties":{"registry_id":"110071966609","primary_name":"TRANSMONTAIGNE","location_address":"5736 EASTWICK AVE","city_name":"PHILADELPHIA","state_code":"PA","postal_code":"19143","latitude":39.927074,"longitude":-75.217862,"facility_url":"https://ofmpub.epa.gov/apex/cimc/f?p=CIMC:31::::Y,31,0:P31_ID:159184","site_type":"Brownfield"}},{"type":"Feature","geometry":{"type":"Point","coordinates":[-75.21374699999996,39.92903000000007]},"properties":{"registry_id":"110071966610","primary_name":"US GYPSUM","location_address":"3000 S 56TH STREET","city_name":"PHILADELPHIA","state_code":"PA","postal_code":"19143","latitude":39.92903,"longitude":-75.213747,"facility_url":"https://ofmpub.epa.gov/apex/cimc/f?p=CIMC:31::::Y,31,0:P31_ID:159185","site_type":"Brownfield"}},{"type":"Feature","geometry":{"type":"Point","coordinates":[-75.23947099999998,39.89995000000005]},"properties":{"registry_id":"110071966958","primary_name":"PARCEL H EASTWICK INDUSTRIAL PARK","location_address":"NE SIDE OF 61ST ST 324 SE FROM EASTWICK AVENUE","city_name":"PHILADELPHIA","state_code":"PA","postal_code":"19153","latitude":39.89995,"longitude":-75.239471,"facility_url":"https://ofmpub.epa.gov/apex/cimc/f?p=CIMC:31::::Y,31,0:P31_ID:13286","site_type":"Brownfield"}},{"type":"Feature","geometry":{"type":"Point","coordinates":[-75.09448999999995,40.00212000000005]},"properties":{"registry_id":"110071966960","primary_name":"3831 CORAL ST","location_address":"3831 CORAL ST","city_name":"PHILADELPHIA","state_code":"PA","postal_code":"19124","latitude":40.00212,"longitude":-75.09449,"facility_url":"https://ofmpub.epa.gov/apex/cimc/f?p=CIMC:31::::Y,31,0:P31_ID:13315","site_type":"Brownfield"}},{"type":"Feature","geometry":{"type":"Point","coordinates":[-75.15406999999993,40.02066000000008]},"properties":{"registry_id":"110071966961","primary_name":"1701 1715 CAYUGA","location_address":"1701 1715 CAYUGA","city_name":"PHILADELPHIA","state_code":"PA","postal_code":"19140","latitude":40.02066,"longitude":-75.15407,"facility_url":"https://ofmpub.epa.gov/apex/cimc/f?p=CIMC:31::::Y,31,0:P31_ID:13316","site_type":"Brownfield"}},{"type":"Feature","geometry":{"type":"Point","coordinates":[-75.14164999999997,39.969130000000064]},"properties":{"registry_id":"110071966962","primary_name":"1156 NORTH 3RD STREET","location_address":"1156 NORTH 3RD STREET","city_name":"PHILADELPHIA","state_code":"PA","postal_code":"19106","latitude":39.96913,"longitude":-75.14165,"facility_url":"https://ofmpub.epa.gov/apex/cimc/f?p=CIMC:31::::Y,31,0:P31_ID:13317","site_type":"Brownfield"}},{"type":"Feature","geometry":{"type":"Point","coordinates":[-75.16235999999998,39.96927000000005]},"properties":{"registry_id":"110071966963","primary_name":"1521 1539 PARRISH STREET","location_address":"1521 1539 PARRISH STREET","city_name":"PHILADELPHIA","state_code":"PA","postal_code":"19130","latitude":39.96927,"longitude":-75.16236,"facility_url":"https://ofmpub.epa.gov/apex/cimc/f?p=CIMC:31::::Y,31,0:P31_ID:13318","site_type":"Brownfield"}},{"type":"Feature","geometry":{"type":"Point","coordinates":[-75.14307999999994,39.978980000000035]},"properties":{"registry_id":"110071966964","primary_name":"1825 41 NORTH 5TH STREET","location_address":"1825 41 NORTH 5TH STREET","city_name":"PHILADELPHIA","state_code":"PA","postal_code":"19122","latitude":39.97898,"longitude":-75.14308,"facility_url":"https://ofmpub.epa.gov/apex/cimc/f?p=CIMC:31::::Y,31,0:P31_ID:13319","site_type":"Brownfield"}},{"type":"Feature","geometry":{"type":"Point","coordinates":[-75.12223999999998,40.002410000000054]},"properties":{"registry_id":"110071966965","primary_name":"332 52 E TIOGA ST AND 3300 C ST","location_address":"332 52 E TIOGA ST AND 3300 C ST","city_name":"PHILADELPHIA","state_code":"PA","postal_code":"19134","latitude":40.00241,"longitude":-75.12224,"facility_url":"https://ofmpub.epa.gov/apex/cimc/f?p=CIMC:31::::Y,31,0:P31_ID:13320","site_type":"Brownfield"}},{"type":"Feature","geometry":{"type":"Point","coordinates":[-75.14242099999996,40.03958000000006]},"properties":{"registry_id":"110071966966","primary_name":"715 W CHEW ST","location_address":"715 W CHEW ST","city_name":"PHILADELPHIA","state_code":"PA","postal_code":"19141","latitude":40.03958,"longitude":-75.142421,"facility_url":"https://ofmpub.epa.gov/apex/cimc/f?p=CIMC:31::::Y,31,0:P31_ID:13321","site_type":"Brownfield"}},{"type":"Feature","geometry":{"type":"Point","coordinates":[-75.13989999999995,39.97369000000003]},"properties":{"registry_id":"110071966967","primary_name":"1445 N AMERICAN ST","location_address":"1445 N AMERICAN ST","city_name":"PHILADELPHIA","state_code":"PA","postal_code":"19122","latitude":39.97369,"longitude":-75.1399,"facility_url":"https://ofmpub.epa.gov/apex/cimc/f?p=CIMC:31::::Y,31,0:P31_ID:13322","site_type":"Brownfield"}},{"type":"Feature","geometry":{"type":"Point","coordinates":[-75.13988999999998,39.97374000000008]},"properties":{"registry_id":"110071966968","primary_name":"1447 N AMERICAN ST","location_address":"1447 N AMERICAN ST","city_name":"PHILADELPHIA","state_code":"PA","postal_code":"19122","latitude":39.97374,"longitude":-75.13989,"facility_url":"https://ofmpub.epa.gov/apex/cimc/f?p=CIMC:31::::Y,31,0:P31_ID:13323","site_type":"Brownfield"}},{"type":"Feature","geometry":{"type":"Point","coordinates":[-75.13832999999994,39.98097000000007]},"properties":{"registry_id":"110071966969","primary_name":"2001 03 N AMERICAN ST","location_address":"2001 03 N AMERICAN ST","city_name":"PHILADELPHIA","state_code":"PA","postal_code":"19122","latitude":39.98097,"longitude":-75.13833,"facility_url":"https://ofmpub.epa.gov/apex/cimc/f?p=CIMC:31::::Y,31,0:P31_ID:13324","site_type":"Brownfield"}},{"type":"Feature","geometry":{"type":"Point","coordinates":[-75.13819999999998,39.98233000000005]},"properties":{"registry_id":"110071966970","primary_name":"2100 12 N AMERICAN ST","location_address":"2100 12 N AMERICAN ST","city_name":"PHILADELPHIA","state_code":"PA","postal_code":"19122","latitude":39.98233,"longitude":-75.1382,"facility_url":"https://ofmpub.epa.gov/apex/cimc/f?p=CIMC:31::::Y,31,0:P31_ID:13325","site_type":"Brownfield"}},{"type":"Feature","geometry":{"type":"Point","coordinates":[-75.13778999999994,39.983490000000074]},"properties":{"registry_id":"110071966971","primary_name":"2137 41 N AMERICAN ST","location_address":"2137 41 N AMERICAN ST","city_name":"PHILADELPHIA","state_code":"PA","postal_code":"19122","latitude":39.98349,"longitude":-75.13779,"facility_url":"https://ofmpub.epa.gov/apex/cimc/f?p=CIMC:31::::Y,31,0:P31_ID:13328","site_type":"Brownfield"}},{"type":"Feature","geometry":{"type":"Point","coordinates":[-75.13702999999998,39.98697000000004]},"properties":{"registry_id":"110071966972","primary_name":"2401 11 N AMERICAN ST","location_address":"2401 11 N AMERICAN ST","city_name":"PHILADELPHIA","state_code":"PA","postal_code":"19122","latitude":39.98697,"longitude":-75.13703,"facility_url":"https://ofmpub.epa.gov/apex/cimc/f?p=CIMC:31::::Y,31,0:P31_ID:13329","site_type":"Brownfield"}},{"type":"Feature","geometry":{"type":"Point","coordinates":[-75.13763999999998,39.990350000000035]},"properties":{"registry_id":"110071966973","primary_name":"2601 13 N 3RD STREET","location_address":"2601 13 N 3RD STREET","city_name":"PHILADELPHIA","state_code":"PA","postal_code":"19106","latitude":39.99035,"longitude":-75.13764,"facility_url":"https://ofmpub.epa.gov/apex/cimc/f?p=CIMC:31::::Y,31,0:P31_ID:13330","site_type":"Brownfield"}},{"type":"Feature","geometry":{"type":"Point","coordinates":[-75.13763999999998,39.990350000000035]},"properties":{"registry_id":"110071966974","primary_name":"2615 21 N 3RD STREET","location_address":"2615 21 N 3RD STREET","city_name":"PHILADELPHIA","state_code":"PA","postal_code":"19106","latitude":39.99035,"longitude":-75.13764,"facility_url":"https://ofmpub.epa.gov/apex/cimc/f?p=CIMC:31::::Y,31,0:P31_ID:13331","site_type":"Brownfield"}},{"type":"Feature","geometry":{"type":"Point","coordinates":[-75.13768999999996,39.99014000000005]},"properties":{"registry_id":"110071966975","primary_name":"2600 26 N 3RD STREET","location_address":"2600 26 N 3RD STREET","city_name":"PHILADELPHIA","state_code":"PA","postal_code":"19106","latitude":39.99014,"longitude":-75.13769,"facility_url":"https://ofmpub.epa.gov/apex/cimc/f?p=CIMC:31::::Y,31,0:P31_ID:13332","site_type":"Brownfield"}},{"type":"Feature","geometry":{"type":"Point","coordinates":[-75.14449999999994,39.97263000000004]},"properties":{"registry_id":"110071966976","primary_name":"1401 25 N 5TH STREET","location_address":"1401 25 N 5TH STREET","city_name":"PHILADELPHIA","state_code":"PA","postal_code":"19122","latitude":39.97263,"longitude":-75.1445,"facility_url":"https://ofmpub.epa.gov/apex/cimc/f?p=CIMC:31::::Y,31,0:P31_ID:13333","site_type":"Brownfield"}},{"type":"Feature","geometry":{"type":"Point","coordinates":[-75.14374999999995,39.97589000000005]},"properties":{"registry_id":"110071966977","primary_name":"1620 24 N 5TH STREET","location_address":"1620 24 N 5TH STREET","city_name":"PHILADELPHIA","state_code":"PA","postal_code":"19122","latitude":39.97589,"longitude":-75.14375,"facility_url":"https://ofmpub.epa.gov/apex/cimc/f?p=CIMC:31::::Y,31,0:P31_ID:13334","site_type":"Brownfield"}},{"type":"Feature","geometry":{"type":"Point","coordinates":[-75.14417999999995,39.974000000000046]},"properties":{"registry_id":"110071966978","primary_name":"1500 06 N 5TH STREET","location_address":"1500 06 N 5TH STREET","city_name":"PHILADELPHIA","state_code":"PA","postal_code":"19122","latitude":39.974,"longitude":-75.14418,"facility_url":"https://ofmpub.epa.gov/apex/cimc/f?p=CIMC:31::::Y,31,0:P31_ID:13335","site_type":"Brownfield"}},{"type":"Feature","geometry":{"type":"Point","coordinates":[-75.14363999999995,39.97640000000007]},"properties":{"registry_id":"110071966979","primary_name":"1630 50 N 5TH STREET","location_address":"1630 50 N 5TH STREET","city_name":"PHILADELPHIA","state_code":"PA","postal_code":"19122","latitude":39.9764,"longitude":-75.14364,"facility_url":"https://ofmpub.epa.gov/apex/cimc/f?p=CIMC:31::::Y,31,0:P31_ID:13336","site_type":"Brownfield"}},{"type":"Feature","geometry":{"type":"Point","coordinates":[-75.13989999999995,39.97735000000006]},"properties":{"registry_id":"110071966980","primary_name":"1737 69 N BODINE STREET","location_address":"1737 69 N BODINE STREET","city_name":"PHILADELPHIA","state_code":"PA","postal_code":"19122","latitude":39.97735,"longitude":-75.1399,"facility_url":"https://ofmpub.epa.gov/apex/cimc/f?p=CIMC:31::::Y,31,0:P31_ID:13337","site_type":"Brownfield"}},{"type":"Feature","geometry":{"type":"Point","coordinates":[-75.62806399999994,40.26164200000005]},"properties":{"registry_id":"110071966981","primary_name":"427 435 MASTER ST","location_address":"427 435 MASTER ST","city_name":"PHILADELPHIA","state_code":"PA","postal_code":"19122","latitude":40.261642,"longitude":-75.628064,"facility_url":"https://ofmpub.epa.gov/apex/cimc/f?p=CIMC:31::::Y,31,0:P31_ID:13338","site_type":"Brownfield"}},{"type":"Feature","geometry":{"type":"Point","coordinates":[-75.13860999999997,39.97386000000006]},"properties":{"registry_id":"110071966982","primary_name":"1501 13 N 2ND STREET","location_address":"1501 13 N 2ND STREET","city_name":"PHILADELPHIA","state_code":"PA","postal_code":"19106","latitude":39.97386,"longitude":-75.13861,"facility_url":"https://ofmpub.epa.gov/apex/cimc/f?p=CIMC:31::::Y,31,0:P31_ID:13339","site_type":"Brownfield"}},{"type":"Feature","geometry":{"type":"Point","coordinates":[-75.13685199999998,39.987442000000044]},"properties":{"registry_id":"110071966983","primary_name":"REX BUILDING WAREHOUSE","location_address":"REX BUILDING WAREHOUSE","city_name":"PHILADELPHIA","state_code":"PA","postal_code":"19133","latitude":39.987442,"longitude":-75.136852,"facility_url":"https://ofmpub.epa.gov/apex/cimc/f?p=CIMC:31::::Y,31,0:P31_ID:13367","site_type":"Brownfield"}},{"type":"Feature","geometry":{"type":"Point","coordinates":[-75.12813999999997,39.99676000000005]},"properties":{"registry_id":"110071966984","primary_name":"139 167 CLEARFIELD STREET","location_address":"139 167 CLEARFIELD STREET","city_name":"PHILADELPHIA","state_code":"PA","postal_code":"19132","latitude":39.99676,"longitude":-75.12814,"facility_url":"https://ofmpub.epa.gov/apex/cimc/f?p=CIMC:31::::Y,31,0:P31_ID:13368","site_type":"Brownfield"}},{"type":"Feature","geometry":{"type":"Point","coordinates":[-75.13367299999999,39.99816500000003]},"properties":{"registry_id":"110071966985","primary_name":"220 250 W LIPPINCOTT","location_address":"220 250 W LIPPINCOTT","city_name":"PHILADELPHIA","state_code":"PA","postal_code":"19133","latitude":39.998165,"longitude":-75.133673,"facility_url":"https://ofmpub.epa.gov/apex/cimc/f?p=CIMC:31::::Y,31,0:P31_ID:13369","site_type":"Brownfield"}},{"type":"Feature","geometry":{"type":"Point","coordinates":[-75.24072999999999,39.917050000000074]},"properties":{"registry_id":"110071966986","primary_name":"7105 GRAYS AVENUE","location_address":"7105 GRAYS AVENUE","city_name":"PHILADELPHIA","state_code":"PA","postal_code":"19142","latitude":39.91705,"longitude":-75.24073,"facility_url":"https://ofmpub.epa.gov/apex/cimc/f?p=CIMC:31::::Y,31,0:P31_ID:13370","site_type":"Brownfield"}},{"type":"Feature","geometry":{"type":"Point","coordinates":[-75.10135999999994,39.994560000000035]},"properties":{"registry_id":"110071966987","primary_name":"2201 E TIOGA STREET","location_address":"2201 E TIOGA STREET","city_name":"PHILADELPHIA","state_code":"PA","postal_code":"19134","latitude":39.99456,"longitude":-75.10136,"facility_url":"https://ofmpub.epa.gov/apex/cimc/f?p=CIMC:31::::Y,31,0:P31_ID:13372","site_type":"Brownfield"}},{"type":"Feature","geometry":{"type":"Point","coordinates":[-75.14505999999994,39.97034000000008]},"properties":{"registry_id":"110071966988","primary_name":"1213 41 N 5TH STREET","location_address":"1213 41 N 5TH STREET","city_name":"PHILADELPHIA","state_code":"PA","postal_code":"19122","latitude":39.97034,"longitude":-75.14506,"facility_url":"https://ofmpub.epa.gov/apex/cimc/f?p=CIMC:31::::Y,31,0:P31_ID:13373","site_type":"Brownfield"}},{"type":"Feature","geometry":{"type":"Point","coordinates":[-75.14028999999994,39.975520000000074]},"properties":{"registry_id":"110071966989","primary_name":"1616 46 BODINE","location_address":"1616 46 BODINE","city_name":"PHILADELPHIA","state_code":"PA","postal_code":"19122","latitude":39.97552,"longitude":-75.14029,"facility_url":"https://ofmpub.epa.gov/apex/cimc/f?p=CIMC:31::::Y,31,0:P31_ID:13374","site_type":"Brownfield"}},{"type":"Feature","geometry":{"type":"Point","coordinates":[-75.60009999999994,39.95275000000004]},"properties":{"registry_id":"110071966990","primary_name":"700 E CHURCH STREET","location_address":"700 E CHURCH STREET","city_name":"PHILADELPHIA","state_code":"PA","postal_code":"19144","latitude":39.95275,"longitude":-75.6001,"facility_url":"https://ofmpub.epa.gov/apex/cimc/f?p=CIMC:31::::Y,31,0:P31_ID:13376","site_type":"Brownfield"}},{"type":"Feature","geometry":{"type":"Point","coordinates":[-75.20399999999995,39.95741000000004]},"properties":{"registry_id":"110071966991","primary_name":"MODERN LAUNDRY","location_address":"4055 89 MARKET STREET","city_name":"PHILADELPHIA","state_code":"PA","postal_code":"19104","latitude":39.95741,"longitude":-75.204,"facility_url":"https://ofmpub.epa.gov/apex/cimc/f?p=CIMC:31::::Y,31,0:P31_ID:13388","site_type":"Brownfield"}},{"type":"Feature","geometry":{"type":"Point","coordinates":[-75.17166999999995,39.990890000000036]},"properties":{"registry_id":"110071967016","primary_name":"2356 64 W SEDGLEY AVE","location_address":"2356 64 W SEDGLEY AVE","city_name":"PHILADELPHIA","state_code":"PA","postal_code":"19132","latitude":39.99089,"longitude":-75.17167,"facility_url":"https://ofmpub.epa.gov/apex/cimc/f?p=CIMC:31::::Y,31,0:P31_ID:13290","site_type":"Brownfield"}},{"type":"Feature","geometry":{"type":"Point","coordinates":[-75.17137599999995,39.991044000000045]},"properties":{"registry_id":"110071967017","primary_name":"2366 68 W SEDGLEY AVE","location_address":"2366 68 W SEDGLEY AVE","city_name":"PHILADELPHIA","state_code":"PA","postal_code":"19132","latitude":39.991044,"longitude":-75.171376,"facility_url":"https://ofmpub.epa.gov/apex/cimc/f?p=CIMC:31::::Y,31,0:P31_ID:13291","site_type":"Brownfield"}},{"type":"Feature","geometry":{"type":"Point","coordinates":[-75.17233999999996,39.99054000000007]},"properties":{"registry_id":"110071967018","primary_name":"2400 08 W SEDGLEY AVE","location_address":"2400 08 W SEDGLEY AVE","city_name":"PHILADELPHIA","state_code":"PA","postal_code":"19132","latitude":39.99054,"longitude":-75.17234,"facility_url":"https://ofmpub.epa.gov/apex/cimc/f?p=CIMC:31::::Y,31,0:P31_ID:13292","site_type":"Brownfield"}},{"type":"Feature","geometry":{"type":"Point","coordinates":[-75.17263999999994,39.99039000000005]},"properties":{"registry_id":"110071967019","primary_name":"2410 28 W SEDGLEY AVE","location_address":"2410 28 W SEDGLEY AVE","city_name":"PHILADELPHIA","state_code":"PA","postal_code":"19132","latitude":39.99039,"longitude":-75.17264,"facility_url":"https://ofmpub.epa.gov/apex/cimc/f?p=CIMC:31::::Y,31,0:P31_ID:13293","site_type":"Brownfield"}},{"type":"Feature","geometry":{"type":"Point","coordinates":[-75.15899999999993,39.998800000000074]},"properties":{"registry_id":"110071967020","primary_name":"1700 W INDIANA AVE","location_address":"1700 W INDIANA AVE","city_name":"PHILADELPHIA","state_code":"PA","postal_code":"19132","latitude":39.9988,"longitude":-75.159,"facility_url":"https://ofmpub.epa.gov/apex/cimc/f?p=CIMC:31::::Y,31,0:P31_ID:13294","site_type":"Brownfield"}},{"type":"Feature","geometry":{"type":"Point","coordinates":[-75.15933999999999,39.99915000000004]},"properties":{"registry_id":"110071967021","primary_name":"1724 INDIANA AVE","location_address":"1724 INDIANA AVE","city_name":"PHILADELPHIA","state_code":"PA","postal_code":"19132","latitude":39.99915,"longitude":-75.15934,"facility_url":"https://ofmpub.epa.gov/apex/cimc/f?p=CIMC:31::::Y,31,0:P31_ID:13295","site_type":"Brownfield"}},{"type":"Feature","geometry":{"type":"Point","coordinates":[-75.15901999999994,39.99882000000008]},"properties":{"registry_id":"110071967022","primary_name":"1730 W INDIANA AVE","location_address":"1730 W INDIANA AVE","city_name":"PHILADELPHIA","state_code":"PA","postal_code":"19132","latitude":39.99882,"longitude":-75.15902,"facility_url":"https://ofmpub.epa.gov/apex/cimc/f?p=CIMC:31::::Y,31,0:P31_ID:13296","site_type":"Brownfield"}},{"type":"Feature","geometry":{"type":"Point","coordinates":[-75.16492999999997,40.00317000000007]},"properties":{"registry_id":"110071967023","primary_name":"2100 W ALLEGHENY AVE","location_address":"2100 W ALLEGHENY AVE","city_name":"PHILADELPHIA","state_code":"PA","postal_code":"19132","latitude":40.00317,"longitude":-75.16493,"facility_url":"https://ofmpub.epa.gov/apex/cimc/f?p=CIMC:31::::Y,31,0:P31_ID:13297","site_type":"Brownfield"}},{"type":"Feature","geometry":{"type":"Point","coordinates":[-75.16382399999998,40.003022000000044]},"properties":{"registry_id":"110071967024","primary_name":"2034 W ALLEGHENY AVE","location_address":"2034 W ALLEGHENY AVE","city_name":"PHILADELPHIA","state_code":"PA","postal_code":"19132","latitude":40.003022,"longitude":-75.163824,"facility_url":"https://ofmpub.epa.gov/apex/cimc/f?p=CIMC:31::::Y,31,0:P31_ID:13298","site_type":"Brownfield"}},{"type":"Feature","geometry":{"type":"Point","coordinates":[-75.16293999999994,40.00201000000004]},"properties":{"registry_id":"110071967025","primary_name":"2001 W LIPPINCOTT ST","location_address":"2001 W LIPPINCOTT ST","city_name":"PHILADELPHIA","state_code":"PA","postal_code":"19132","latitude":40.00201,"longitude":-75.16294,"facility_url":"https://ofmpub.epa.gov/apex/cimc/f?p=CIMC:31::::Y,31,0:P31_ID:13299","site_type":"Brownfield"}},{"type":"Feature","geometry":{"type":"Point","coordinates":[-75.16286699999995,40.001997000000074]},"properties":{"registry_id":"110071967026","primary_name":"2015 19 W LIPPINCOTT ST","location_address":"2015 19 W LIPPINCOTT ST","city_name":"PHILADELPHIA","state_code":"PA","postal_code":"19132","latitude":40.001997,"longitude":-75.162867,"facility_url":"https://ofmpub.epa.gov/apex/cimc/f?p=CIMC:31::::Y,31,0:P31_ID:13300","site_type":"Brownfield"}},{"type":"Feature","geometry":{"type":"Point","coordinates":[-75.16314999999997,40.00204000000008]},"properties":{"registry_id":"110071967027","primary_name":"2016 34 W LIPPINCOTT ST","location_address":"2016 34 W LIPPINCOTT ST","city_name":"PHILADELPHIA","state_code":"PA","postal_code":"19132","latitude":40.00204,"longitude":-75.16315,"facility_url":"https://ofmpub.epa.gov/apex/cimc/f?p=CIMC:31::::Y,31,0:P31_ID:13301","site_type":"Brownfield"}},{"type":"Feature","geometry":{"type":"Point","coordinates":[-75.16454999999996,40.00186000000008]},"properties":{"registry_id":"110071967028","primary_name":"3101 19 N 21ST STREET","location_address":"3101 19 N 21ST STREET","city_name":"PHILADELPHIA","state_code":"PA","postal_code":"19121","latitude":40.00186,"longitude":-75.16455,"facility_url":"https://ofmpub.epa.gov/apex/cimc/f?p=CIMC:31::::Y,31,0:P31_ID:13302","site_type":"Brownfield"}},{"type":"Feature","geometry":{"type":"Point","coordinates":[-75.16388999999998,40.00138000000004]},"properties":{"registry_id":"110071967029","primary_name":"2031 35 W CLEARFIELD ST","location_address":"2031 35 W CLEARFIELD ST","city_name":"PHILADELPHIA","state_code":"PA","postal_code":"19132","latitude":40.00138,"longitude":-75.16389,"facility_url":"https://ofmpub.epa.gov/apex/cimc/f?p=CIMC:31::::Y,31,0:P31_ID:13303","site_type":"Brownfield"}},{"type":"Feature","geometry":{"type":"Point","coordinates":[-75.16267999999997,40.001630000000034]},"properties":{"registry_id":"110071967030","primary_name":"3101 29 N 20TH STREET","location_address":"3101 29 N 20TH STREET","city_name":"PHILADELPHIA","state_code":"PA","postal_code":"19132","latitude":40.00163,"longitude":-75.16268,"facility_url":"https://ofmpub.epa.gov/apex/cimc/f?p=CIMC:31::::Y,31,0:P31_ID:13304","site_type":"Brownfield"}},{"type":"Feature","geometry":{"type":"Point","coordinates":[-75.11459999999994,39.99380000000008]},"properties":{"registry_id":"110071967031","primary_name":"1901 W CLEARFIELD ST","location_address":"1901 W CLEARFIELD ST","city_name":"PHILADELPHIA","state_code":"PA","postal_code":"19132","latitude":39.9938,"longitude":-75.1146,"facility_url":"https://ofmpub.epa.gov/apex/cimc/f?p=CIMC:31::::Y,31,0:P31_ID:13305","site_type":"Brownfield"}},{"type":"Feature","geometry":{"type":"Point","coordinates":[-75.16324999999995,40.00129000000004]},"properties":{"registry_id":"110071967032","primary_name":"2026 W CLEARFIELD ST","location_address":"2026 W CLEARFIELD ST","city_name":"PHILADELPHIA","state_code":"PA","postal_code":"19132","latitude":40.00129,"longitude":-75.16325,"facility_url":"https://ofmpub.epa.gov/apex/cimc/f?p=CIMC:31::::Y,31,0:P31_ID:13306","site_type":"Brownfield"}},{"type":"Feature","geometry":{"type":"Point","coordinates":[-75.16304999999994,40.00126000000006]},"properties":{"registry_id":"110071967033","primary_name":"2001 03 W CLEARFIELD ST","location_address":"2001 03 W CLEARFIELD ST","city_name":"PHILADELPHIA","state_code":"PA","postal_code":"19132","latitude":40.00126,"longitude":-75.16305,"facility_url":"https://ofmpub.epa.gov/apex/cimc/f?p=CIMC:31::::Y,31,0:P31_ID:13307","site_type":"Brownfield"}},{"type":"Feature","geometry":{"type":"Point","coordinates":[-75.16296099999994,40.00124800000003]},"properties":{"registry_id":"110071967034","primary_name":"2010 W CLEARFIELD ST","location_address":"2010 W CLEARFIELD ST","city_name":"PHILADELPHIA","state_code":"PA","postal_code":"19132","latitude":40.001248,"longitude":-75.162961,"facility_url":"https://ofmpub.epa.gov/apex/cimc/f?p=CIMC:31::::Y,31,0:P31_ID:13308","site_type":"Brownfield"}},{"type":"Feature","geometry":{"type":"Point","coordinates":[-75.10663999999997,39.993310000000065]},"properties":{"registry_id":"110071967035","primary_name":"3310 12 COLLINS ST","location_address":"3310 12 COLLINS ST","city_name":"PHILADELPHIA","state_code":"PA","postal_code":"19134","latitude":39.99331,"longitude":-75.10664,"facility_url":"https://ofmpub.epa.gov/apex/cimc/f?p=CIMC:31::::Y,31,0:P31_ID:13309","site_type":"Brownfield"}},{"type":"Feature","geometry":{"type":"Point","coordinates":[-75.10701999999998,39.99332000000004]},"properties":{"registry_id":"110071967036","primary_name":"2111 15 E WESTMORELAND","location_address":"2111 15 E WESTMORELAND","city_name":"PHILADELPHIA","state_code":"PA","postal_code":"19134","latitude":39.99332,"longitude":-75.10702,"facility_url":"https://ofmpub.epa.gov/apex/cimc/f?p=CIMC:31::::Y,31,0:P31_ID:13310","site_type":"Brownfield"}},{"type":"Feature","geometry":{"type":"Point","coordinates":[-75.10402999999997,39.99466000000007]},"properties":{"registry_id":"110071967037","primary_name":"3401 COLLINS ST","location_address":"3401 COLLINS ST","city_name":"PHILADELPHIA","state_code":"PA","postal_code":"19134","latitude":39.99466,"longitude":-75.10403,"facility_url":"https://ofmpub.epa.gov/apex/cimc/f?p=CIMC:31::::Y,31,0:P31_ID:13311","site_type":"Brownfield"}},{"type":"Feature","geometry":{"type":"Point","coordinates":[-75.10276999999996,39.99232000000006]},"properties":{"registry_id":"110071967038","primary_name":"2281 E ONTARIO ST","location_address":"2281 E ONTARIO ST","city_name":"PHILADELPHIA","state_code":"PA","postal_code":"19134","latitude":39.99232,"longitude":-75.10277,"facility_url":"https://ofmpub.epa.gov/apex/cimc/f?p=CIMC:31::::Y,31,0:P31_ID:13312","site_type":"Brownfield"}},{"type":"Feature","geometry":{"type":"Point","coordinates":[-75.10219999999998,39.99232000000006]},"properties":{"registry_id":"110071967039","primary_name":"3410 TULIP ST","location_address":"3410 TULIP ST","city_name":"PHILADELPHIA","state_code":"PA","postal_code":"19134","latitude":39.99232,"longitude":-75.1022,"facility_url":"https://ofmpub.epa.gov/apex/cimc/f?p=CIMC:31::::Y,31,0:P31_ID:13313","site_type":"Brownfield"}},{"type":"Feature","geometry":{"type":"Point","coordinates":[-75.09654499999994,40.001765000000034]},"properties":{"registry_id":"110071967040","primary_name":"3809 19 FRANKFORD AVE","location_address":"3809 19 FRANKFORD AVE","city_name":"PHILADELPHIA","state_code":"PA","postal_code":"19124","latitude":40.001765,"longitude":-75.096545,"facility_url":"https://ofmpub.epa.gov/apex/cimc/f?p=CIMC:31::::Y,31,0:P31_ID:13314","site_type":"Brownfield"}},{"type":"Feature","geometry":{"type":"Point","coordinates":[-75.15926999999994,40.002440000000036]},"properties":{"registry_id":"110071967042","primary_name":"1729 W ALLEGHENY","location_address":"1729 W ALLEGHENY","city_name":"PHILADELPHIA","state_code":"PA","postal_code":"19132","latitude":40.00244,"longitude":-75.15927,"facility_url":"https://ofmpub.epa.gov/apex/cimc/f?p=CIMC:31::::Y,31,0:P31_ID:13340","site_type":"Brownfield"}},{"type":"Feature","geometry":{"type":"Point","coordinates":[-75.16152999999997,39.99956000000003]},"properties":{"registry_id":"110071967043","primary_name":"3045 N 19TH","location_address":"3045 N 19TH","city_name":"PHILADELPHIA","state_code":"PA","postal_code":"19132","latitude":39.99956,"longitude":-75.16153,"facility_url":"https://ofmpub.epa.gov/apex/cimc/f?p=CIMC:31::::Y,31,0:P31_ID:13346","site_type":"Brownfield"}},{"type":"Feature","geometry":{"type":"Point","coordinates":[-75.14013999999997,39.979490000000055]},"properties":{"registry_id":"110071967044","primary_name":"301 309 W BERKS STREET","location_address":"301 309 W BERKS STREET","city_name":"PHILADELPHIA","state_code":"PA","postal_code":"19122","latitude":39.97949,"longitude":-75.14014,"facility_url":"https://ofmpub.epa.gov/apex/cimc/f?p=CIMC:31::::Y,31,0:P31_ID:13354","site_type":"Brownfield"}},{"type":"Feature","geometry":{"type":"Point","coordinates":[-74.90546099999995,40.083353000000045]},"properties":{"registry_id":"110071967045","primary_name":"1029 31 N 3RD","location_address":"1029 31 N 3RD","city_name":"PHILADELPHIA","state_code":"PA","postal_code":"19106","latitude":40.083353,"longitude":-74.905461,"facility_url":"https://ofmpub.epa.gov/apex/cimc/f?p=CIMC:31::::Y,31,0:P31_ID:13355","site_type":"Brownfield"}},{"type":"Feature","geometry":{"type":"Point","coordinates":[-74.90542699999997,40.08328700000004]},"properties":{"registry_id":"110071967046","primary_name":"1033 35 N 3RD","location_address":"1033 35 N 3RD","city_name":"PHILADELPHIA","state_code":"PA","postal_code":"19106","latitude":40.083287,"longitude":-74.905427,"facility_url":"https://ofmpub.epa.gov/apex/cimc/f?p=CIMC:31::::Y,31,0:P31_ID:13356","site_type":"Brownfield"}},{"type":"Feature","geometry":{"type":"Point","coordinates":[-74.90539199999995,40.08322100000004]},"properties":{"registry_id":"110071967047","primary_name":"1037 39 N 3RD","location_address":"1037 39 N 3RD","city_name":"PHILADELPHIA","state_code":"PA","postal_code":"19106","latitude":40.083221,"longitude":-74.905392,"facility_url":"https://ofmpub.epa.gov/apex/cimc/f?p=CIMC:31::::Y,31,0:P31_ID:13357","site_type":"Brownfield"}},{"type":"Feature","geometry":{"type":"Point","coordinates":[-75.14205999999996,39.96717000000007]},"properties":{"registry_id":"110071967048","primary_name":"1019 27 N 3RD STREET","location_address":"1019 27 N 3RD STREET","city_name":"PHILADELPHIA","state_code":"PA","postal_code":"19106","latitude":39.96717,"longitude":-75.14206,"facility_url":"https://ofmpub.epa.gov/apex/cimc/f?p=CIMC:31::::Y,31,0:P31_ID:13361","site_type":"Brownfield"}},{"type":"Feature","geometry":{"type":"Point","coordinates":[-75.13640799999996,39.98884900000007]},"properties":{"registry_id":"110071967049","primary_name":"2425 39 AND 2501 N AMERICAN STREET","location_address":"2425 39 AND 2501 N AMERICAN STREET","city_name":"PHILADELPHIA","state_code":"PA","postal_code":"19122","latitude":39.988849,"longitude":-75.136408,"facility_url":"https://ofmpub.epa.gov/apex/cimc/f?p=CIMC:31::::Y,31,0:P31_ID:13362","site_type":"Brownfield"}},{"type":"Feature","geometry":{"type":"Point","coordinates":[-75.13624999999996,39.988410000000044]},"properties":{"registry_id":"110071967050","primary_name":"213 217 W CUMBERLAND","location_address":"213 217 W CUMBERLAND","city_name":"PHILADELPHIA","state_code":"PA","postal_code":"19133","latitude":39.98841,"longitude":-75.13625,"facility_url":"https://ofmpub.epa.gov/apex/cimc/f?p=CIMC:31::::Y,31,0:P31_ID:13363","site_type":"Brownfield"}},{"type":"Feature","geometry":{"type":"Point","coordinates":[-75.13606999999996,39.988600000000076]},"properties":{"registry_id":"110071967051","primary_name":"2502 16 N PHILIP STREET","location_address":"2502 16 N PHILIP STREET","city_name":"PHILADELPHIA","state_code":"PA","postal_code":"19133","latitude":39.9886,"longitude":-75.13607,"facility_url":"https://ofmpub.epa.gov/apex/cimc/f?p=CIMC:31::::Y,31,0:P31_ID:13364","site_type":"Brownfield"}},{"type":"Feature","geometry":{"type":"Point","coordinates":[-75.15292999999997,39.96159000000006]},"properties":{"registry_id":"110071967052","primary_name":"READING VIADUCT","location_address":"550 582 N 9TH ST","city_name":"PHILADELPHIA","state_code":"PA","postal_code":"19123","latitude":39.96159,"longitude":-75.15293,"facility_url":"https://ofmpub.epa.gov/apex/cimc/f?p=CIMC:31::::Y,31,0:P31_ID:13365","site_type":"Brownfield"}},{"type":"Feature","geometry":{"type":"Point","coordinates":[-75.16198999999995,40.00278000000003]},"properties":{"registry_id":"110071967053","primary_name":"1925 W ALLEGHENY AVENUE","location_address":"1925 W ALLEGHENY AVENUE","city_name":"PHILADELPHIA","state_code":"PA","postal_code":"19132","latitude":40.00278,"longitude":-75.16199,"facility_url":"https://ofmpub.epa.gov/apex/cimc/f?p=CIMC:31::::Y,31,0:P31_ID:13366","site_type":"Brownfield"}},{"type":"Feature","geometry":{"type":"Point","coordinates":[-75.06912999999997,40.00937000000005]},"properties":{"registry_id":"110071967272","primary_name":"FRANKFORD ARSENAL PROPERTY","location_address":"BRIDGE AND TACONY STREETS","city_name":"PHILADELPHIA","state_code":"PA","postal_code":"19137","latitude":40.00937,"longitude":-75.06913,"facility_url":"https://ofmpub.epa.gov/apex/cimc/f?p=CIMC:31::::Y,31,0:P31_ID:29681","site_type":"Brownfield"}},{"type":"Feature","geometry":{"type":"Point","coordinates":[-75.18511999999998,39.981040000000064]},"properties":{"registry_id":"110071968195","primary_name":"3033 GLENWOOD AVE","location_address":"3033 GLENWOOD AVE","city_name":"PHILADELPHIA","state_code":"PA","postal_code":"19121","latitude":39.98104,"longitude":-75.18512,"facility_url":"https://ofmpub.epa.gov/apex/cimc/f?p=CIMC:31::::Y,31,0:P31_ID:133206","site_type":"Brownfield"}},{"type":"Feature","geometry":{"type":"Point","coordinates":[-75.13493999999997,39.98354000000006]},"properties":{"registry_id":"110071969030","primary_name":"NORRIS SQUARE CIVIC ASSOCIATION","location_address":"149 W SUSQUEHANNA AVE","city_name":"PHILADELPHIA","state_code":"PA","postal_code":"19122","latitude":39.98354,"longitude":-75.13494,"facility_url":"https://ofmpub.epa.gov/apex/cimc/f?p=CIMC:31::::Y,31,0:P31_ID:150922","site_type":"Brownfield"}},{"type":"Feature","geometry":{"type":"Point","coordinates":[-75.19816099999997,39.939599000000044]},"properties":{"registry_id":"110071969031","primary_name":"DUPONT MARSHALL SCHUYLKILL RIVER DEV CORP","location_address":"GRAYS FERRY AVE AND 34TH STREET","city_name":"PHILADELPHIA","state_code":"PA","postal_code":"19104","latitude":39.939599,"longitude":-75.198161,"facility_url":"https://ofmpub.epa.gov/apex/cimc/f?p=CIMC:31::::Y,31,0:P31_ID:150941","site_type":"Brownfield"}},{"type":"Feature","geometry":{"type":"Point","coordinates":[-75.19539299999997,39.95835900000003]},"properties":{"registry_id":"110071969032","primary_name":"DUPONT CRESCENT SCHUYLKILL RIVER DEV CORP","location_address":"GRAYS FERRY AVE AND 34 TH STREET","city_name":"PHILADELPHIA","state_code":"PA","postal_code":"19104","latitude":39.958359,"longitude":-75.195393,"facility_url":"https://ofmpub.epa.gov/apex/cimc/f?p=CIMC:31::::Y,31,0:P31_ID:150942","site_type":"Brownfield"}},{"type":"Feature","geometry":{"type":"Point","coordinates":[-75.18540999999993,40.05197000000004]},"properties":{"registry_id":"110071969141","primary_name":"MT AIRY USA","location_address":"6703 GERMANTOWN AVE","city_name":"PHILADELPHIA","state_code":"PA","postal_code":"19119","latitude":40.05197,"longitude":-75.18541,"facility_url":"https://ofmpub.epa.gov/apex/cimc/f?p=CIMC:31::::Y,31,0:P31_ID:152807","site_type":"Brownfield"}},{"type":"Feature","geometry":{"type":"Point","coordinates":[-75.11145999999997,40.015310000000056]},"properties":{"registry_id":"110071970334","primary_name":"FORMER FUEL OIL OPERATION","location_address":"4400 G STREET","city_name":"PHILADELPHIA","state_code":"PA","postal_code":"19120","latitude":40.01531,"longitude":-75.11146,"facility_url":"https://ofmpub.epa.gov/apex/cimc/f?p=CIMC:31::::Y,31,0:P31_ID:101943","site_type":"Brownfield"}},{"type":"Feature","geometry":{"type":"Point","coordinates":[-75.15791999999993,40.00117000000006]},"properties":{"registry_id":"110071970335","primary_name":"ZITNER S CANDY","location_address":"3100 44 N 17TH STREET","city_name":"PHILADELPHIA","state_code":"PA","postal_code":"19132","latitude":40.00117,"longitude":-75.15792,"facility_url":"https://ofmpub.epa.gov/apex/cimc/f?p=CIMC:31::::Y,31,0:P31_ID:102001","site_type":"Brownfield"}},{"type":"Feature","geometry":{"type":"Point","coordinates":[-75.15899999999993,39.963806000000034]},"properties":{"registry_id":"110071970426","primary_name":"LEMON RIDGE GARDEN INC","location_address":"MOUNT VERNON STREET RIDGE AVENUE","city_name":"PHILADELPHIA","state_code":"PA","postal_code":"19123","latitude":39.963806,"longitude":-75.159,"facility_url":"https://ofmpub.epa.gov/apex/cimc/f?p=CIMC:31::::Y,31,0:P31_ID:100607","site_type":"Brownfield"}},{"type":"Feature","geometry":{"type":"Point","coordinates":[-75.16176999999993,39.99559000000005]},"properties":{"registry_id":"110071972137","primary_name":"1844 WEST SEDGLEY","location_address":"1844 WEST SEDGELY","city_name":"PHILADELPHIA","state_code":"PA","postal_code":"19132","latitude":39.99559,"longitude":-75.16177,"facility_url":"https://ofmpub.epa.gov/apex/cimc/f?p=CIMC:31::::Y,31,0:P31_ID:238279","site_type":"Brownfield"}},{"type":"Feature","geometry":{"type":"Point","coordinates":[-75.15596999999997,39.92306000000008]},"properties":{"registry_id":"110071972294","primary_name":"GROWING HOME GARDEN","location_address":"530 538 MERCY STREET","city_name":"PHILADELPHIA","state_code":"PA","postal_code":"19148","latitude":39.92306,"longitude":-75.15597,"facility_url":"https://ofmpub.epa.gov/apex/cimc/f?p=CIMC:31::::Y,31,0:P31_ID:243370","site_type":"Brownfield"}},{"type":"Feature","geometry":{"type":"Point","coordinates":[-75.22146999999995,39.93635000000006]},"properties":{"registry_id":"110071972295","primary_name":"FIVE LOAVES TWO FISHES COMMUNITY GARDEN","location_address":"1701 1711 55TH STREET","city_name":"PHILADELPHIA","state_code":"PA","postal_code":"19143","latitude":39.93635,"longitude":-75.22147,"facility_url":"https://ofmpub.epa.gov/apex/cimc/f?p=CIMC:31::::Y,31,0:P31_ID:243389","site_type":"Brownfield"}},{"type":"Feature","geometry":{"type":"Point","coordinates":[-75.16277999999994,39.94202000000007]},"properties":{"registry_id":"110071972296","primary_name":"HAWTHORNE COMMUNITY GARDEN","location_address":"1220 1230 KENILWORTH ST","city_name":"PHILADELPHIA","state_code":"PA","postal_code":"19147","latitude":39.94202,"longitude":-75.16278,"facility_url":"https://ofmpub.epa.gov/apex/cimc/f?p=CIMC:31::::Y,31,0:P31_ID:243390","site_type":"Brownfield"}},{"type":"Feature","geometry":{"type":"Point","coordinates":[-75.18922999999995,39.95882000000006]},"properties":{"registry_id":"110071972297","primary_name":"SUMMER WINTER COMMUNITY GARDEN","location_address":"213 217 N 33RD STREET AND 3225 3227 RACE STREET","city_name":"PHILADELPHIA","state_code":"PA","postal_code":"19104","latitude":39.95882,"longitude":-75.18923,"facility_url":"https://ofmpub.epa.gov/apex/cimc/f?p=CIMC:31::::Y,31,0:P31_ID:243391","site_type":"Brownfield"}},{"type":"Feature","geometry":{"type":"Point","coordinates":[-75.24555999999995,39.97548000000006]},"properties":{"registry_id":"110071972755","primary_name":"800 N 63RD STREET MUNLYN S MUNCHKINS","location_address":"800 N 63RD STREET","city_name":"PHILADELPHIA","state_code":"PA","postal_code":"19151","latitude":39.97548,"longitude":-75.24556,"facility_url":"https://ofmpub.epa.gov/apex/cimc/f?p=CIMC:31::::Y,31,0:P31_ID:260968","site_type":"Brownfield"}},{"type":"Feature","geometry":{"type":"Point","coordinates":[-75.22144699999996,39.92365200000006]},"properties":{"registry_id":"110071972756","primary_name":"EASTWICK DEVELOPMENT PROJECT","location_address":"2909 S 61 STREET","city_name":"PHILADELPHIA","state_code":"PA","postal_code":"19142","latitude":39.923652,"longitude":-75.221447,"facility_url":"https://ofmpub.epa.gov/apex/cimc/f?p=CIMC:31::::Y,31,0:P31_ID:260969","site_type":"Brownfield"}},{"type":"Feature","geometry":{"type":"Point","coordinates":[-75.17368999999997,39.92614000000003]},"properties":{"registry_id":"110071972757","primary_name":"1621 MCKEAN STREET","location_address":"1621 MCKEAN STREET","city_name":"PHILADELPHIA","state_code":"PA","postal_code":"19145","latitude":39.92614,"longitude":-75.17369,"facility_url":"https://ofmpub.epa.gov/apex/cimc/f?p=CIMC:31::::Y,31,0:P31_ID:260970","site_type":"Brownfield"}},{"type":"Feature","geometry":{"type":"Point","coordinates":[-75.17462999999998,40.034560000000056]},"properties":{"registry_id":"110071972758","primary_name":"21 MAPLEWOOD MALL","location_address":"21 MAPLEWOOD MALL","city_name":"PHILADELPHIA","state_code":"PA","postal_code":"19144","latitude":40.03456,"longitude":-75.17463,"facility_url":"https://ofmpub.epa.gov/apex/cimc/f?p=CIMC:31::::Y,31,0:P31_ID:260971","site_type":"Brownfield"}},{"type":"Feature","geometry":{"type":"Point","coordinates":[-75.12790999999999,39.974560000000054]},"properties":{"registry_id":"110071972759","primary_name":"WHIPPED BAKE SHOP","location_address":"636 BELGRADE STREET","city_name":"PHILADELPHIA","state_code":"PA","postal_code":"19125","latitude":39.97456,"longitude":-75.12791,"facility_url":"https://ofmpub.epa.gov/apex/cimc/f?p=CIMC:31::::Y,31,0:P31_ID:260972","site_type":"Brownfield"}},{"type":"Feature","geometry":{"type":"Point","coordinates":[-75.16992999999997,40.02664000000004]},"properties":{"registry_id":"110071972760","primary_name":"OSHUN FAMILY SERVICES CENTER","location_address":"5114 WAYNE AVENUE","city_name":"PHILADELPHIA","state_code":"PA","postal_code":"19144","latitude":40.02664,"longitude":-75.16993,"facility_url":"https://ofmpub.epa.gov/apex/cimc/f?p=CIMC:31::::Y,31,0:P31_ID:260973","site_type":"Brownfield"}},{"type":"Feature","geometry":{"type":"Point","coordinates":[-75.03359999999998,40.02813000000003]},"properties":{"registry_id":"110071972761","primary_name":"DELVAL LIFECYCLE SUPPORT BUILDING PROJECT","location_address":"4851 COTTMAN AVENUE","city_name":"PHILADELPHIA","state_code":"PA","postal_code":"19135","latitude":40.02813,"longitude":-75.0336,"facility_url":"https://ofmpub.epa.gov/apex/cimc/f?p=CIMC:31::::Y,31,0:P31_ID:260974","site_type":"Brownfield"}},{"type":"Feature","geometry":{"type":"Point","coordinates":[-75.10276999999996,39.99232000000006]},"properties":{"registry_id":"110071973004","primary_name":"PRIDE GARDEN","location_address":"2281 EAST ONTARIO STREET","city_name":"PHILADELPHIA","state_code":"PA","postal_code":"19134","latitude":39.99232,"longitude":-75.10277,"facility_url":"https://ofmpub.epa.gov/apex/cimc/f?p=CIMC:31::::Y,31,0:P31_ID:232462","site_type":"Brownfield"}},{"type":"Feature","geometry":{"type":"Point","coordinates":[-75.12795999999997,39.99520000000007]},"properties":{"registry_id":"110071973005","primary_name":"LACASA DE FAMILIA","location_address":"201 09 E INDIANA AVENUE","city_name":"PHILADELPHIA","state_code":"PA","postal_code":"19134","latitude":39.9952,"longitude":-75.12796,"facility_url":"https://ofmpub.epa.gov/apex/cimc/f?p=CIMC:31::::Y,31,0:P31_ID:232481","site_type":"Brownfield"}},{"type":"Feature","geometry":{"type":"Point","coordinates":[-75.18629999999996,39.933850000000064]},"properties":{"registry_id":"110071973006","primary_name":"25TH TASKER GARDEN","location_address":"1515 1533 SOUTH 25TH STREET","city_name":"PHILADELPHIA","state_code":"PA","postal_code":"19146","latitude":39.93385,"longitude":-75.1863,"facility_url":"https://ofmpub.epa.gov/apex/cimc/f?p=CIMC:31::::Y,31,0:P31_ID:232482","site_type":"Brownfield"}},{"type":"Feature","geometry":{"type":"Point","coordinates":[-75.17082999999997,40.030890000000056]},"properties":{"registry_id":"110071973007","primary_name":"PENN GARDEN","location_address":"65 W PENN ST","city_name":"PHILADELPHIA","state_code":"PA","postal_code":"19144","latitude":40.03089,"longitude":-75.17083,"facility_url":"https://ofmpub.epa.gov/apex/cimc/f?p=CIMC:31::::Y,31,0:P31_ID:232501","site_type":"Brownfield"}},{"type":"Feature","geometry":{"type":"Point","coordinates":[-75.14705999999995,40.04623000000004]},"properties":{"registry_id":"110071973008","primary_name":"CHURCH LANE GARDEN","location_address":"1636 38 CHURCH LN","city_name":"PHILADELPHIA","state_code":"PA","postal_code":"19141","latitude":40.04623,"longitude":-75.14706,"facility_url":"https://ofmpub.epa.gov/apex/cimc/f?p=CIMC:31::::Y,31,0:P31_ID:232502","site_type":"Brownfield"}},{"type":"Feature","geometry":{"type":"Point","coordinates":[-75.13773999999995,39.98368000000005]},"properties":{"registry_id":"110071973009","primary_name":"JIG BEE FLOWERS","location_address":"2143 51 AMERICAN STREET","city_name":"PHILADELPHIA","state_code":"PA","postal_code":"19122","latitude":39.98368,"longitude":-75.13774,"facility_url":"https://ofmpub.epa.gov/apex/cimc/f?p=CIMC:31::::Y,31,0:P31_ID:232503","site_type":"Brownfield"}},{"type":"Feature","geometry":{"type":"Point","coordinates":[-75.16155999999995,40.007400000000075]},"properties":{"registry_id":"110071973010","primary_name":"TIOGA UNITED GARDEN","location_address":"2000 2008 W TIOGA ST","city_name":"PHILADELPHIA","state_code":"PA","postal_code":"19140","latitude":40.0074,"longitude":-75.16156,"facility_url":"https://ofmpub.epa.gov/apex/cimc/f?p=CIMC:31::::Y,31,0:P31_ID:232504","site_type":"Brownfield"}},{"type":"Feature","geometry":{"type":"Point","coordinates":[-75.15350999999998,39.99876000000006]},"properties":{"registry_id":"110071973135","primary_name":"1846 WEST SEDGLEY AVENUE","location_address":"11846 WEST SEDGLEY AVENUE","city_name":"PHILADELPHIA","state_code":"PA","postal_code":"19132","latitude":39.99876,"longitude":-75.15351,"facility_url":"https://ofmpub.epa.gov/apex/cimc/f?p=CIMC:31::::Y,31,0:P31_ID:238287","site_type":"Brownfield"}},{"type":"Feature","geometry":{"type":"Point","coordinates":[-75.17193999999995,39.89236000000005]},"properties":{"registry_id":"110071973672","primary_name":"NAVY YARD BARRACKS BUILDING","location_address":"4801 S 12TH STREET","city_name":"PHILADELPHIA","state_code":"PA","postal_code":"19112","latitude":39.89236,"longitude":-75.17194,"facility_url":"https://ofmpub.epa.gov/apex/cimc/f?p=CIMC:31::::Y,31,0:P31_ID:257740","site_type":"Brownfield"}},{"type":"Feature","geometry":{"type":"Point","coordinates":[-75.20808999999997,39.93611000000004]},"properties":{"registry_id":"110071973673","primary_name":"ALLIANCE TRIANGLE SITE","location_address":"1646 S 51ST STREET","city_name":"PHILADELPHIA","state_code":"PA","postal_code":"19143","latitude":39.93611,"longitude":-75.20809,"facility_url":"https://ofmpub.epa.gov/apex/cimc/f?p=CIMC:31::::Y,31,0:P31_ID:257741","site_type":"Brownfield"}},{"type":"Feature","geometry":{"type":"Point","coordinates":[-75.21610999999996,39.97538000000003]},"properties":{"registry_id":"110071974134","primary_name":"4801 WEST JEFFERSON","location_address":"4801 WEST JEFFERSON STRRET","city_name":"PHILADELPHIA","state_code":"PA","postal_code":"19131","latitude":39.97538,"longitude":-75.21611,"facility_url":"https://ofmpub.epa.gov/apex/cimc/f?p=CIMC:31::::Y,31,0:P31_ID:238329","site_type":"Brownfield"}},{"type":"Feature","geometry":{"type":"Point","coordinates":[-75.20831999999996,39.93802000000005]},"properties":{"registry_id":"110071974135","primary_name":"CSX SITE","location_address":"1627 SOUTH 49TH STREET","city_name":"PHILADELPHIA","state_code":"PA","postal_code":"19143","latitude":39.93802,"longitude":-75.20832,"facility_url":"https://ofmpub.epa.gov/apex/cimc/f?p=CIMC:31::::Y,31,0:P31_ID:238330","site_type":"Brownfield"}},{"type":"Feature","geometry":{"type":"Point","coordinates":[-75.19434999999999,39.93393000000003]},"properties":{"registry_id":"110071975486","primary_name":"1546 SOUTH 30TH STREET GRAY S FERRY AH SITE","location_address":"1546 SOUTH 30TH STREET","city_name":"PHILADELPHIA","state_code":"PA","postal_code":"19146","latitude":39.93393,"longitude":-75.19435,"facility_url":"https://ofmpub.epa.gov/apex/cimc/f?p=CIMC:31::::Y,31,0:P31_ID:252051","site_type":"Brownfield"}},{"type":"Feature","geometry":{"type":"Point","coordinates":[-75.19375999999994,39.934120000000064]},"properties":{"registry_id":"110071976512","primary_name":"1540 SOUTH MYRTLEWOOD STREET GRAY S FERRY AH SITE","location_address":"1540 S MYRTLEWOOD STREET","city_name":"PHILADELPHIA","state_code":"PA","postal_code":"19146","latitude":39.93412,"longitude":-75.19376,"facility_url":"https://ofmpub.epa.gov/apex/cimc/f?p=CIMC:31::::Y,31,0:P31_ID:252117","site_type":"Brownfield"}},{"type":"Feature","geometry":{"type":"Point","coordinates":[-75.19376999999997,39.93407000000008]},"properties":{"registry_id":"110071976513","primary_name":"1542 SOUTH MYRTLEWOOD STREET GRAY S FERRY AH SITE","location_address":"1542 SOUTH MYRTLEWOOD STREET","city_name":"PHILADELPHIA","state_code":"PA","postal_code":"19146","latitude":39.93407,"longitude":-75.19377,"facility_url":"https://ofmpub.epa.gov/apex/cimc/f?p=CIMC:31::::Y,31,0:P31_ID:252118","site_type":"Brownfield"}},{"type":"Feature","geometry":{"type":"Point","coordinates":[-75.19377999999995,39.93404000000004]},"properties":{"registry_id":"110071976514","primary_name":"1544 SOUTH MYRTLEWOOD STREET GRAY S FERRY AH SITE","location_address":"1544 SOUTH MYRTLEWOOD STREET","city_name":"PHILADELPHIA","state_code":"PA","postal_code":"19146","latitude":39.93404,"longitude":-75.19378,"facility_url":"https://ofmpub.epa.gov/apex/cimc/f?p=CIMC:31::::Y,31,0:P31_ID:252119","site_type":"Brownfield"}},{"type":"Feature","geometry":{"type":"Point","coordinates":[-75.19379999999995,39.93395000000004]},"properties":{"registry_id":"110071976515","primary_name":"1548 SOUTH MYRTLEWOOD STREET GRAY S FERRY AH SITE","location_address":"1548 SOUTH MYRTLEWOOD STREET GRAY S FERRY AH SITE","city_name":"PHILADELPHIA","state_code":"PA","postal_code":"19146","latitude":39.93395,"longitude":-75.1938,"facility_url":"https://ofmpub.epa.gov/apex/cimc/f?p=CIMC:31::::Y,31,0:P31_ID:252120","site_type":"Brownfield"}},{"type":"Feature","geometry":{"type":"Point","coordinates":[-75.19380999999998,39.933910000000026]},"properties":{"registry_id":"110071976516","primary_name":"1550 SOUTH MYRTLEWOOD STREET GRAY S FERRY AH SITE","location_address":"1550 SOUTH MYRTLEWOOD STREET","city_name":"PHILADELPHIA","state_code":"PA","postal_code":"19146","latitude":39.93391,"longitude":-75.19381,"facility_url":"https://ofmpub.epa.gov/apex/cimc/f?p=CIMC:31::::Y,31,0:P31_ID:252121","site_type":"Brownfield"}},{"type":"Feature","geometry":{"type":"Point","coordinates":[-75.19380999999998,39.93387000000007]},"properties":{"registry_id":"110071976517","primary_name":"1552 SOUTH MYRTLEWOOD STREET GRAY S FERRY AH SITE","location_address":"1552 SOUTH MYRTLEWOOD STREET","city_name":"PHILADELPHIA","state_code":"PA","postal_code":"19146","latitude":39.93387,"longitude":-75.19381,"facility_url":"https://ofmpub.epa.gov/apex/cimc/f?p=CIMC:31::::Y,31,0:P31_ID:252122","site_type":"Brownfield"}},{"type":"Feature","geometry":{"type":"Point","coordinates":[-75.19381999999996,39.93383000000006]},"properties":{"registry_id":"110071976518","primary_name":"1554 SOUTH MYRTLEWOOD STREET GRAY S FERRY AH SITE","location_address":"1554 SOUTH MYRTLEWOOD STREET","city_name":"PHILADELPHIA","state_code":"PA","postal_code":"19146","latitude":39.93383,"longitude":-75.19382,"facility_url":"https://ofmpub.epa.gov/apex/cimc/f?p=CIMC:31::::Y,31,0:P31_ID:252123","site_type":"Brownfield"}},{"type":"Feature","geometry":{"type":"Point","coordinates":[-75.19225999999998,39.93363000000005]},"properties":{"registry_id":"110071976520","primary_name":"1554 SOUTH DOVER STREET GRAY S FERRY AH SITE","location_address":"1554 SOUTH DOVER STREET","city_name":"PHILADELPHIA","state_code":"PA","postal_code":"19146","latitude":39.93363,"longitude":-75.19226,"facility_url":"https://ofmpub.epa.gov/apex/cimc/f?p=CIMC:31::::Y,31,0:P31_ID:252125","site_type":"Brownfield"}},{"type":"Feature","geometry":{"type":"Point","coordinates":[-75.19220999999999,39.93386000000004]},"properties":{"registry_id":"110071976521","primary_name":"1543 SOUTH DOVER STREET GRAY S FERRY AH SITE","location_address":"1542 SOUTH DOVER STREET","city_name":"PHILADELPHIA","state_code":"PA","postal_code":"19146","latitude":39.93386,"longitude":-75.19221,"facility_url":"https://ofmpub.epa.gov/apex/cimc/f?p=CIMC:31::::Y,31,0:P31_ID:252126","site_type":"Brownfield"}},{"type":"Feature","geometry":{"type":"Point","coordinates":[-75.19221999999996,39.93384000000003]},"properties":{"registry_id":"110071976522","primary_name":"1545 SOUTH DOVER STREET GRAY S FERRY AH SITE","location_address":"1545 SOUTH DOVER STREET","city_name":"PHILADELPHIA","state_code":"PA","postal_code":"19146","latitude":39.93384,"longitude":-75.19222,"facility_url":"https://ofmpub.epa.gov/apex/cimc/f?p=CIMC:31::::Y,31,0:P31_ID:252127","site_type":"Brownfield"}},{"type":"Feature","geometry":{"type":"Point","coordinates":[-75.19222999999994,39.933800000000076]},"properties":{"registry_id":"110071976523","primary_name":"1547 SOUTH DOVER STREET GRAY S FERRY AH SITE","location_address":"1547 SOUTH DOVER STREET","city_name":"PHILADELPHIA","state_code":"PA","postal_code":"19146","latitude":39.9338,"longitude":-75.19223,"facility_url":"https://ofmpub.epa.gov/apex/cimc/f?p=CIMC:31::::Y,31,0:P31_ID:252128","site_type":"Brownfield"}},{"type":"Feature","geometry":{"type":"Point","coordinates":[-75.19223999999997,39.93376000000006]},"properties":{"registry_id":"110071976524","primary_name":"1549 SOUTH DOVER STREET GRAY S FERRY AH SITE","location_address":"1549 SOUTH DOVER STREET","city_name":"PHILADELPHIA","state_code":"PA","postal_code":"19146","latitude":39.93376,"longitude":-75.19224,"facility_url":"https://ofmpub.epa.gov/apex/cimc/f?p=CIMC:31::::Y,31,0:P31_ID:252129","site_type":"Brownfield"}},{"type":"Feature","geometry":{"type":"Point","coordinates":[-75.12752699999999,39.99506800000006]},"properties":{"registry_id":"110071977287","primary_name":"IMPACT SITE","location_address":"214 E INDIANA AVENUE","city_name":"PHILADELPHIA","state_code":"PA","postal_code":"19134","latitude":39.995068,"longitude":-75.127527,"facility_url":"https://ofmpub.epa.gov/apex/cimc/f?p=CIMC:31::::Y,31,0:P31_ID:242041","site_type":"Brownfield"}},{"type":"Feature","geometry":{"type":"Point","coordinates":[-75.19223999999997,39.933730000000025]},"properties":{"registry_id":"110071977476","primary_name":"1551 SOUTH DOVER STREET GRAY S FERRY AH SITE","location_address":"1551 SOUTH DOVER STREET","city_name":"PHILADELPHIA","state_code":"PA","postal_code":"19146","latitude":39.93373,"longitude":-75.19224,"facility_url":"https://ofmpub.epa.gov/apex/cimc/f?p=CIMC:31::::Y,31,0:P31_ID:252130","site_type":"Brownfield"}},{"type":"Feature","geometry":{"type":"Point","coordinates":[-75.19224999999994,39.93369000000007]},"properties":{"registry_id":"110071977477","primary_name":"1553 SOUTH DOVER STREET GRAY S FERRY AH SITE","location_address":"1553 SOUTH DOVER STREET","city_name":"PHILADELPHIA","state_code":"PA","postal_code":"19146","latitude":39.93369,"longitude":-75.19225,"facility_url":"https://ofmpub.epa.gov/apex/cimc/f?p=CIMC:31::::Y,31,0:P31_ID:252131","site_type":"Brownfield"}},{"type":"Feature","geometry":{"type":"Point","coordinates":[-75.19225999999998,39.93365000000006]},"properties":{"registry_id":"110071977478","primary_name":"1555 SOUTH DOVER STREET GRAY S FERRY AH SITE","location_address":"1555 SOUTH DOVER STREET","city_name":"PHILADELPHIA","state_code":"PA","postal_code":"19146","latitude":39.93365,"longitude":-75.19226,"facility_url":"https://ofmpub.epa.gov/apex/cimc/f?p=CIMC:31::::Y,31,0:P31_ID:252132","site_type":"Brownfield"}},{"type":"Feature","geometry":{"type":"Point","coordinates":[-75.25295999999997,39.89694000000003]},"properties":{"registry_id":"110071978333","primary_name":"LOWER EASTWICK PARCEL","location_address":"8401 LINDBERGH BLVD","city_name":"PHILADELPHIA","state_code":"PA","postal_code":"19153","latitude":39.89694,"longitude":-75.25296,"facility_url":"https://ofmpub.epa.gov/apex/cimc/f?p=CIMC:31::::Y,31,0:P31_ID:244542","site_type":"Brownfield"}},{"type":"Feature","geometry":{"type":"Point","coordinates":[-75.18432999999999,39.99324000000007]},"properties":{"registry_id":"110071978482","primary_name":"2400 NORTH 32ND STREET","location_address":"2400 NORTH 32ND STREET","city_name":"PHILADELPHIA","state_code":"PA","postal_code":"19132","latitude":39.99324,"longitude":-75.18433,"facility_url":"https://ofmpub.epa.gov/apex/cimc/f?p=CIMC:31::::Y,31,0:P31_ID:252193","site_type":"Brownfield"}},{"type":"Feature","geometry":{"type":"Point","coordinates":[-75.08154199999996,40.01147000000003]},"properties":{"registry_id":"110071979994","primary_name":"GILLINGHAM COURT SITE","location_address":"4541 AND 4547 TACKAWANNA STREET","city_name":"PHILADELPHIA","state_code":"PA","postal_code":"19124","latitude":40.01147,"longitude":-75.081542,"facility_url":"https://ofmpub.epa.gov/apex/cimc/f?p=CIMC:31::::Y,31,0:P31_ID:233682","site_type":"Brownfield"}},{"type":"Feature","geometry":{"type":"Point","coordinates":[-75.15989999999994,39.98463000000004]},"properties":{"registry_id":"110071980984","primary_name":"NORTH 16TH STREET","location_address":"2030 2036 NORTH 16TH STREET","city_name":"PHILADELPHIA","state_code":"PA","postal_code":"19121","latitude":39.98463,"longitude":-75.1599,"facility_url":"https://ofmpub.epa.gov/apex/cimc/f?p=CIMC:31::::Y,31,0:P31_ID:234002","site_type":"Brownfield"}},{"type":"Feature","geometry":{"type":"Point","coordinates":[-75.14720999999997,39.983070000000055]},"properties":{"registry_id":"110071982143","primary_name":"8TH DIAMOND ST PLAYGROUND","location_address":"2032 2062 N 8TH STREET","city_name":"PHILADELPHIA","state_code":"PA","postal_code":"19122","latitude":39.98307,"longitude":-75.14721,"facility_url":"https://ofmpub.epa.gov/apex/cimc/f?p=CIMC:31::::Y,31,0:P31_ID:238673","site_type":"Brownfield"}},{"type":"Feature","geometry":{"type":"Point","coordinates":[-75.81305999999995,39.98530000000005]},"properties":{"registry_id":"110071983148","primary_name":"6TH DIAMOND STREETS APM PARK","location_address":"6TH DIAMOND STREETS","city_name":"PHILADELPHIA","state_code":"PA","postal_code":"19122","latitude":39.9853,"longitude":-75.81306,"facility_url":"https://ofmpub.epa.gov/apex/cimc/f?p=CIMC:31::::Y,31,0:P31_ID:238751","site_type":"Brownfield"}},{"type":"Feature","geometry":{"type":"Point","coordinates":[-75.15045999999995,39.987720000000024]},"properties":{"registry_id":"110071983149","primary_name":"LIFE DO GROW","location_address":"2316 2350 N 11TH STREET","city_name":"PHILADELPHIA","state_code":"PA","postal_code":"19133","latitude":39.98772,"longitude":-75.15046,"facility_url":"https://ofmpub.epa.gov/apex/cimc/f?p=CIMC:31::::Y,31,0:P31_ID:238752","site_type":"Brownfield"}},{"type":"Feature","geometry":{"type":"Point","coordinates":[-75.14885999999996,39.94066000000004]},"properties":{"registry_id":"110071983591","primary_name":"BAINBRIDGE SITE","location_address":"325 331 BAINBRIDGE STREET","city_name":"PHILADELPHIA","state_code":"PA","postal_code":"19147","latitude":39.94066,"longitude":-75.14886,"facility_url":"https://ofmpub.epa.gov/apex/cimc/f?p=CIMC:31::::Y,31,0:P31_ID:256861","site_type":"Brownfield"}},{"type":"Feature","geometry":{"type":"Point","coordinates":[-75.07928999999996,40.021520000000066]},"properties":{"registry_id":"110071983593","primary_name":"FRANKFORD AVENUE SITE","location_address":"5113 35 FRANKFORD AVENUE","city_name":"PHILADELPHIA","state_code":"PA","postal_code":"19124","latitude":40.02152,"longitude":-75.07929,"facility_url":"https://ofmpub.epa.gov/apex/cimc/f?p=CIMC:31::::Y,31,0:P31_ID:256864","site_type":"Brownfield"}},{"type":"Feature","geometry":{"type":"Point","coordinates":[-75.23524999999995,40.04392000000007]},"properties":{"registry_id":"110071983843","primary_name":"GREEN WOODS CHARTER SCHOOL","location_address":"468 DOMINO LANE","city_name":"PHILADELPHIA","state_code":"PA","postal_code":"19128","latitude":40.04392,"longitude":-75.23525,"facility_url":"https://ofmpub.epa.gov/apex/cimc/f?p=CIMC:31::::Y,31,0:P31_ID:214021","site_type":"Brownfield"}},{"type":"Feature","geometry":{"type":"Point","coordinates":[-75.16140999999999,40.00738000000007]},"properties":{"registry_id":"110071984252","primary_name":"20TH TIOGA STREET PARK","location_address":"2001 WEST TIOGA STREET","city_name":"PHILADELPHIA","state_code":"PA","postal_code":"19140","latitude":40.00738,"longitude":-75.16141,"facility_url":"https://ofmpub.epa.gov/apex/cimc/f?p=CIMC:31::::Y,31,0:P31_ID:244093","site_type":"Brownfield"}},{"type":"Feature","geometry":{"type":"Point","coordinates":[-75.22922299999993,39.916521000000046]},"properties":{"registry_id":"110071984254","primary_name":"JAMES FINNEGAN PLAYGROUND","location_address":"6801 GROVERS AVENUE","city_name":"PHILADELPHIA","state_code":"PA","postal_code":"19142","latitude":39.916521,"longitude":-75.229223,"facility_url":"https://ofmpub.epa.gov/apex/cimc/f?p=CIMC:31::::Y,31,0:P31_ID:244095","site_type":"Brownfield"}},{"type":"Feature","geometry":{"type":"Point","coordinates":[-75.12768999999997,39.983490000000074]},"properties":{"registry_id":"110071985058","primary_name":"COLLINS SMITH BARRICK PLAYGARDEN","location_address":"2046 EAST HAGERT STREET","city_name":"PHILADELPHIA","state_code":"PA","postal_code":"19132","latitude":39.98349,"longitude":-75.12769,"facility_url":"https://ofmpub.epa.gov/apex/cimc/f?p=CIMC:31::::Y,31,0:P31_ID:238799","site_type":"Brownfield"}},{"type":"Feature","geometry":{"type":"Point","coordinates":[-75.19689999999997,39.96807000000007]},"properties":{"registry_id":"110071985059","primary_name":"MANTUA URBAN PEACE GARDEN","location_address":"3700 3712 BROWN ST 751 757 NORTH DEKALB ST 774 780 N 37TH ST","city_name":"PHILADELPHIA","state_code":"PA","postal_code":"19104","latitude":39.96807,"longitude":-75.1969,"facility_url":"https://ofmpub.epa.gov/apex/cimc/f?p=CIMC:31::::Y,31,0:P31_ID:238800","site_type":"Brownfield"}},{"type":"Feature","geometry":{"type":"Point","coordinates":[-75.16314999999997,40.058250000000044]},"properties":{"registry_id":"110071985060","primary_name":"REACH MINISTRIES","location_address":"7101 09 STENTON AVENUE","city_name":"PHILADELPHIA","state_code":"PA","postal_code":"19138","latitude":40.05825,"longitude":-75.16315,"facility_url":"https://ofmpub.epa.gov/apex/cimc/f?p=CIMC:31::::Y,31,0:P31_ID:238801","site_type":"Brownfield"}},{"type":"Feature","geometry":{"type":"Point","coordinates":[-75.16097399999995,40.00579800000003]},"properties":{"registry_id":"110071985222","primary_name":"JAMES BROWN PLAYGROUND","location_address":"1927 41 WEST ONTARIO STREET","city_name":"PHILADELPHIA","state_code":"PA","postal_code":"19140","latitude":40.005798,"longitude":-75.160974,"facility_url":"https://ofmpub.epa.gov/apex/cimc/f?p=CIMC:31::::Y,31,0:P31_ID:244103","site_type":"Brownfield"}},{"type":"Feature","geometry":{"type":"Point","coordinates":[-75.25341999999995,39.89409000000006]},"properties":{"registry_id":"110071985223","primary_name":"LOWER EASTWICK PARCELS A B C E","location_address":"8601 CHENEY PLACE 8600 SUFFOLK AVE 8600 EASTWICK PLACE 2801 S 84TH STREET","city_name":"PHILADELPHIA","state_code":"PA","postal_code":"19153","latitude":39.89409,"longitude":-75.25342,"facility_url":"https://ofmpub.epa.gov/apex/cimc/f?p=CIMC:31::::Y,31,0:P31_ID:244105","site_type":"Brownfield"}},{"type":"Feature","geometry":{"type":"Point","coordinates":[-75.17913999999996,39.97712000000007]},"properties":{"registry_id":"110071986884","primary_name":"BREWERYTOWN GARDEN","location_address":"2634 44 MASTER STREET","city_name":"PHILADELPHIA","state_code":"PA","postal_code":"19121","latitude":39.97712,"longitude":-75.17914,"facility_url":"https://ofmpub.epa.gov/apex/cimc/f?p=CIMC:31::::Y,31,0:P31_ID:232326","site_type":"Brownfield"}},{"type":"Feature","geometry":{"type":"Point","coordinates":[-75.24385999999998,39.98360000000008]},"properties":{"registry_id":"110071987416","primary_name":"6122 LANCASTER AVENUE","location_address":"6122 LANCASTER AVENUE","city_name":"PHILADELPHIA","state_code":"PA","postal_code":"19151 3229","latitude":39.9836,"longitude":-75.24386,"facility_url":"https://ofmpub.epa.gov/apex/cimc/f?p=CIMC:31::::Y,31,0:P31_ID:253891","site_type":"Brownfield"}},{"type":"Feature","geometry":{"type":"Point","coordinates":[-75.02191999999997,40.03696000000008]},"properties":{"registry_id":"110072154717","primary_name":"HOLMESBURG PRISON","location_address":"8201 TORRESDALE AVENUE","city_name":"PHILADELPHIA","state_code":"PA","postal_code":"19136","latitude":40.03696,"longitude":-75.02192,"facility_url":"https://ofmpub.epa.gov/apex/cimc/f?p=CIMC:31::::Y,31,0:P31_ID:269649","site_type":"Brownfield"}},{"type":"Feature","geometry":{"type":"Point","coordinates":[-75.20646999999997,39.93727000000007]},"properties":{"registry_id":"110072219083","primary_name":"1700 S 49TH STREET","location_address":"1700 S 49TH STREET","city_name":"PHILADELPHIA","state_code":"PA","postal_code":"19143","latitude":39.93727,"longitude":-75.20647,"facility_url":"https://ofmpub.epa.gov/apex/cimc/f?p=CIMC:31::::Y,31,0:P31_ID:269117","site_type":"Brownfield"}},{"type":"Feature","geometry":{"type":"Point","coordinates":[-75.08388899999994,39.983194000000026]},"properties":{"registry_id":"110009322214","primary_name":"FRANKLIN SLAG PILE MDC","location_address":"3110 CASTOR AVENUE","city_name":"PHILADELPHIA","state_code":"PA","postal_code":"19134","latitude":39.983194,"longitude":-75.083889,"facility_url":"https://enviro.epa.gov/envirofacts/sems/detail-view?id=PASFN0305549","site_type":"Superfund"}},{"type":"Feature","geometry":{"type":"Point","coordinates":[-75.02778099999995,40.02416900000003]},"properties":{"registry_id":"110060926583","primary_name":"METAL BANK","location_address":"COTTMAN DELAWARE AVE","city_name":"PHILADELPHIA","state_code":"PA","postal_code":"19135","latitude":40.024169,"longitude":-75.027781,"facility_url":"https://enviro.epa.gov/envirofacts/sems/detail-view?id=PAD046557096","site_type":"Superfund"}}]}