{"type":"FeatureCollection","features":[{"type":"Feature","id":12,"geometry":{"type":"Point","coordinates":[-75.02737,40.034229]},"properties":{"stop_id":"22703","stop_name":"Torresdale Av & Hartel Av","routes":["28","484","84"]}},{"type":"Feature","id":13,"geometry":{"type":"Point","coordinates":[-75.0291129999999,40.033333]},"properties":{"stop_id":"25993","stop_name":"Torresdale Av & Sheffield Av","routes":["28","484","84"]}},{"type":"Feature","id":14,"geometry":{"type":"Point","coordinates":[-75.16982,40.063656]},"properties":{"stop_id":"370","stop_name":"Upsal St & Mansfield Av","routes":["18"]}},{"type":"Feature","id":15,"geometry":{"type":"Point","coordinates":[-75.170688,40.0624520000001]},"properties":{"stop_id":"32387","stop_name":"Stenton Av & Upsal St - FS","routes":["18"]}},{"type":"Feature","id":17,"geometry":{"type":"Point","coordinates":[-75.170805,40.0627200000001]},"properties":{"stop_id":"15490","stop_name":"Upsal St & Stenton Av","routes":["18"]}},{"type":"Feature","id":18,"geometry":{"type":"Point","coordinates":[-75.1695549999999,40.061807]},"properties":{"stop_id":"18468","stop_name":"Stenton Av & Cardeza St","routes":["18"]}},{"type":"Feature","id":22,"geometry":{"type":"Point","coordinates":[-75.035065,40.030264]},"properties":{"stop_id":"1104","stop_name":"Torresdale Av & Cottman Av","routes":["0","28","484","84"]}},{"type":"Feature","id":23,"geometry":{"type":"Point","coordinates":[-75.150659,40.051744]},"properties":{"stop_id":"31520","stop_name":"Stenton Av & Chelten Av","routes":["18"]}},{"type":"Feature","id":24,"geometry":{"type":"Point","coordinates":[-75.15073,40.0396680000001]},"properties":{"stop_id":"20606","stop_name":"Ogontz Av & Olney Av - MBNS","routes":["18"]}},{"type":"Feature","id":25,"geometry":{"type":"Point","coordinates":[-75.0361779999999,40.0300260000001]},"properties":{"stop_id":"523","stop_name":"Torresdale Av & Cottman Av Loop","routes":["28","56","70"]}},{"type":"Feature","id":26,"geometry":{"type":"Point","coordinates":[-75.1727999999999,40.0638040000001]},"properties":{"stop_id":"15583","stop_name":"Stenton Av & Phi Ellena St","routes":["18","51"]}},{"type":"Feature","id":31,"geometry":{"type":"Point","coordinates":[-75.034947,40.030174]},"properties":{"stop_id":"1090","stop_name":"Torresdale Av & Cottman Av - FS","routes":["28","84"]}},{"type":"Feature","id":39,"geometry":{"type":"Point","coordinates":[-75.029185,40.0331370000001]},"properties":{"stop_id":"22536","stop_name":"Torresdale Av & Sheffield Av","routes":["28","484","84"]}},{"type":"Feature","id":42,"geometry":{"type":"Point","coordinates":[-75.027442,40.0340330000001]},"properties":{"stop_id":"22540","stop_name":"Torresdale Av & Hartel Av","routes":["28","484","84"]}},{"type":"Feature","id":64,"geometry":{"type":"Point","coordinates":[-75.150212,40.038935]},"properties":{"stop_id":"15792","stop_name":"Olney Av & Ogontz Av","routes":["18","26"]}},{"type":"Feature","id":65,"geometry":{"type":"Point","coordinates":[-75.148628,40.0389490000001]},"properties":{"stop_id":"15793","stop_name":"Olney Av & 16th St","routes":["18","26"]}},{"type":"Feature","id":67,"geometry":{"type":"Point","coordinates":[-75.144962,40.03903]},"properties":{"stop_id":"372","stop_name":"Olney Av & Broad St","routes":["18","26"]}},{"type":"Feature","id":68,"geometry":{"type":"Point","coordinates":[-75.1441589999999,40.0388770000001]},"properties":{"stop_id":"373","stop_name":"Olney Av & Broad St - FS","routes":["18"]}},{"type":"Feature","id":81,"geometry":{"type":"Point","coordinates":[-75.1150929999999,40.0344430000001]},"properties":{"stop_id":"30996","stop_name":"Olney Av & Rising Sun Av","routes":["18","26"]}},{"type":"Feature","id":82,"geometry":{"type":"Point","coordinates":[-75.113965,40.0354760000001]},"properties":{"stop_id":"28404","stop_name":"Rising Sun Av & Chew Av - FS","routes":["18"]}},{"type":"Feature","id":83,"geometry":{"type":"Point","coordinates":[-75.1119449999999,40.037836]},"properties":{"stop_id":"15833","stop_name":"Rising Sun Av & Chew Av - MBFS","routes":["18"]}},{"type":"Feature","id":84,"geometry":{"type":"Point","coordinates":[-75.1101189999999,40.0390090000001]},"properties":{"stop_id":"15834","stop_name":"Rising Sun Av & Adams Av","routes":["18"]}},{"type":"Feature","id":85,"geometry":{"type":"Point","coordinates":[-75.1088139999999,40.0398720000001]},"properties":{"stop_id":"15835","stop_name":"Rising Sun Av & Adams - MBFS","routes":["18"]}},{"type":"Feature","id":104,"geometry":{"type":"Point","coordinates":[-75.0859139999999,40.0593400000001]},"properties":{"stop_id":"15872","stop_name":"Rising Sun Av & Saint Vincent St","routes":["18","24"]}},{"type":"Feature","id":105,"geometry":{"type":"Point","coordinates":[-75.0838219999999,40.061405]},"properties":{"stop_id":"15874","stop_name":"Rising Sun Av & Cottman Av","routes":["18"]}},{"type":"Feature","id":107,"geometry":{"type":"Point","coordinates":[-75.083398,40.063474]},"properties":{"stop_id":"15875","stop_name":"Oxford Av & Bleigh Av","routes":["18","495","67"]}},{"type":"Feature","id":108,"geometry":{"type":"Point","coordinates":[-75.083451,40.0647950000001]},"properties":{"stop_id":"15876","stop_name":"Oxford Av & Verree Rd - MBNS","routes":["18","495","67"]}},{"type":"Feature","id":109,"geometry":{"type":"Point","coordinates":[-75.08388,40.0666350000001]},"properties":{"stop_id":"15877","stop_name":"Oxford Av & Rockwell Av","routes":["18"]}},{"type":"Feature","id":110,"geometry":{"type":"Point","coordinates":[-75.084156,40.070697]},"properties":{"stop_id":"15878","stop_name":"Oxford Av & Rockwell Av - MBFS","routes":["18"]}},{"type":"Feature","id":111,"geometry":{"type":"Point","coordinates":[-75.084374,40.0720180000001]},"properties":{"stop_id":"15879","stop_name":"Oxford Av & Hartel Av - FS","routes":["18"]}},{"type":"Feature","id":112,"geometry":{"type":"Point","coordinates":[-75.084581,40.0733310000001]},"properties":{"stop_id":"15880","stop_name":"Oxford Av & Hasbrook Av","routes":["18"]}},{"type":"Feature","id":119,"geometry":{"type":"Point","coordinates":[-75.0845389999999,40.0720900000001]},"properties":{"stop_id":"16383","stop_name":"Oxford Av & Hartel Av","routes":["18"]}},{"type":"Feature","id":120,"geometry":{"type":"Point","coordinates":[-75.084355,40.07109]},"properties":{"stop_id":"16384","stop_name":"Oxford Av & Hartel Av - MBFS","routes":["18"]}},{"type":"Feature","id":121,"geometry":{"type":"Point","coordinates":[-75.08408,40.0668230000001]},"properties":{"stop_id":"16427","stop_name":"Oxford Av & Rockwell Av","routes":["18"]}},{"type":"Feature","id":122,"geometry":{"type":"Point","coordinates":[-75.083562,40.0638760000001]},"properties":{"stop_id":"16429","stop_name":"Oxford Av & Bleigh Av","routes":["18","495","67"]}},{"type":"Feature","id":123,"geometry":{"type":"Point","coordinates":[-75.0837969999999,40.0616190000001]},"properties":{"stop_id":"16430","stop_name":"Rising Sun Av & Cottman Av","routes":["18"]}},{"type":"Feature","id":124,"geometry":{"type":"Point","coordinates":[-75.0859369999999,40.059491]},"properties":{"stop_id":"16431","stop_name":"Rising Sun Av & Saint Vincent St","routes":["18","24"]}},{"type":"Feature","id":142,"geometry":{"type":"Point","coordinates":[-75.108932,40.0399610000001]},"properties":{"stop_id":"16735","stop_name":"Rising Sun Av & Adams Av - MBNS","routes":["18"]}},{"type":"Feature","id":143,"geometry":{"type":"Point","coordinates":[-75.109786,40.0393920000001]},"properties":{"stop_id":"16736","stop_name":"Rising Sun Av & Adams Av","routes":["18"]}},{"type":"Feature","id":144,"geometry":{"type":"Point","coordinates":[-75.1120989999999,40.0378450000001]},"properties":{"stop_id":"16737","stop_name":"Rising Sun & Adams - MBFS","routes":["18"]}},{"type":"Feature","id":145,"geometry":{"type":"Point","coordinates":[-75.1140589999999,40.035556]},"properties":{"stop_id":"16738","stop_name":"Rising Sun Av & Chew Av","routes":["18"]}},{"type":"Feature","id":146,"geometry":{"type":"Point","coordinates":[-75.114951,40.034523]},"properties":{"stop_id":"379","stop_name":"Rising Sun Av & Olney Av","routes":["18"]}},{"type":"Feature","id":159,"geometry":{"type":"Point","coordinates":[-75.1439349999999,40.0385910000001]},"properties":{"stop_id":"32629","stop_name":"Olney Transit Center - Rt 18","routes":["18"]}},{"type":"Feature","id":160,"geometry":{"type":"Point","coordinates":[-75.144371,40.039047]},"properties":{"stop_id":"15910","stop_name":"Olney Av & Broad St","routes":["18","26"]}},{"type":"Feature","id":161,"geometry":{"type":"Point","coordinates":[-75.1496789999999,40.051385]},"properties":{"stop_id":"27748","stop_name":"Stenton Av & Chelten Av","routes":["0","18"]}},{"type":"Feature","id":164,"geometry":{"type":"Point","coordinates":[-75.169271,40.06178]},"properties":{"stop_id":"15577","stop_name":"Stenton Av & Cardeza St","routes":["18"]}},{"type":"Feature","id":166,"geometry":{"type":"Point","coordinates":[-75.148474,40.039065]},"properties":{"stop_id":"15912","stop_name":"Olney Av & 16th St","routes":["18","26"]}},{"type":"Feature","id":167,"geometry":{"type":"Point","coordinates":[-75.149798,40.0390410000001]},"properties":{"stop_id":"15913","stop_name":"Olney Av & Ogontz Av","routes":["18","26"]}},{"type":"Feature","id":168,"geometry":{"type":"Point","coordinates":[-75.152233,40.0392790000001]},"properties":{"stop_id":"15914","stop_name":"Olney Av & 18th St - FS","routes":["18","26"]}},{"type":"Feature","id":198,"geometry":{"type":"Point","coordinates":[-75.1730479999999,40.063832]},"properties":{"stop_id":"17532","stop_name":"Stenton Av & Phil Ellena St","routes":["18","51"]}},{"type":"Feature","id":199,"geometry":{"type":"Point","coordinates":[-75.1706399999999,40.0627020000001]},"properties":{"stop_id":"17537","stop_name":"Upsal St & Stenton Av - FS","routes":["18"]}},{"type":"Feature","id":200,"geometry":{"type":"Point","coordinates":[-75.16988,40.063433]},"properties":{"stop_id":"383","stop_name":"Upsal St & Mansfield St","routes":["18"]}},{"type":"Feature","id":201,"geometry":{"type":"Point","coordinates":[-75.1690609999999,40.0642070000001]},"properties":{"stop_id":"17540","stop_name":"Upsal St & Rodney St","routes":["18"]}},{"type":"Feature","id":220,"geometry":{"type":"Point","coordinates":[-75.173028,40.082584]},"properties":{"stop_id":"17598","stop_name":"Cheltenham Av & Gowan Av","routes":["18","77"]}},{"type":"Feature","id":221,"geometry":{"type":"Point","coordinates":[-75.171196,40.082232]},"properties":{"stop_id":"385","stop_name":"Easton Rd & Cheltenham Av - FS","routes":["18","77"]}},{"type":"Feature","id":227,"geometry":{"type":"Point","coordinates":[-75.077773,40.0239910000001]},"properties":{"stop_id":"21967","stop_name":"Frankford Transit Center - Rt 19","routes":["19"]}},{"type":"Feature","id":228,"geometry":{"type":"Point","coordinates":[-75.076633,40.0273970000001]},"properties":{"stop_id":"31105","stop_name":"Cheltenham Av & Penn St","routes":["19","67"]}},{"type":"Feature","id":232,"geometry":{"type":"Point","coordinates":[-75.0824929999999,40.030582]},"properties":{"stop_id":"22840","stop_name":"Cheltenham Av & Large St","routes":["19","67"]}},{"type":"Feature","id":233,"geometry":{"type":"Point","coordinates":[-75.083884,40.031371]},"properties":{"stop_id":"22841","stop_name":"Cheltenham Av & Roosevelt Blvd","routes":["19","67"]}},{"type":"Feature","id":234,"geometry":{"type":"Point","coordinates":[-75.0847879999999,40.032721]},"properties":{"stop_id":"22842","stop_name":"Oxford Av & Roosevelt Blvd - FS","routes":["19","495","67"]}},{"type":"Feature","id":235,"geometry":{"type":"Point","coordinates":[-75.085245,40.033535]},"properties":{"stop_id":"22844","stop_name":"Oxford Av & Loretto Av","routes":["19","495","67"]}},{"type":"Feature","id":238,"geometry":{"type":"Point","coordinates":[-75.0885939999999,40.037944]},"properties":{"stop_id":"22845","stop_name":"Oxford Av & Langdon St","routes":["19","24","495","67"]}},{"type":"Feature","id":239,"geometry":{"type":"Point","coordinates":[-75.0884809999999,40.0391930000001]},"properties":{"stop_id":"22846","stop_name":"Oxford Av & Benner St - FS","routes":["19","24","495","67"]}},{"type":"Feature","id":240,"geometry":{"type":"Point","coordinates":[-75.08769,40.041565]},"properties":{"stop_id":"22848","stop_name":"Algon Av & Devereaux Av - FS","routes":["19","67"]}},{"type":"Feature","id":262,"geometry":{"type":"Point","coordinates":[-75.0657419999999,40.0677000000001]},"properties":{"stop_id":"23479","stop_name":"Rhawn St & Meadowbrook Dr - FS","routes":["19","28"]}},{"type":"Feature","id":263,"geometry":{"type":"Point","coordinates":[-75.064586,40.0670180000001]},"properties":{"stop_id":"23480","stop_name":"Rhawn St & Dorcas St - MBNS","routes":["19","28"]}},{"type":"Feature","id":265,"geometry":{"type":"Point","coordinates":[-75.068544,40.0610140000001]},"properties":{"stop_id":"23815","stop_name":"Napfle Av & Algon Av - MBNS","routes":["19"]}},{"type":"Feature","id":266,"geometry":{"type":"Point","coordinates":[-75.0668709999999,40.062017]},"properties":{"stop_id":"23816","stop_name":"Algon Av & Hartel Av","routes":["19"]}},{"type":"Feature","id":267,"geometry":{"type":"Point","coordinates":[-75.0657889999999,40.0631660000001]},"properties":{"stop_id":"23817","stop_name":"Algon Av & Langdon St","routes":["19"]}},{"type":"Feature","id":269,"geometry":{"type":"Point","coordinates":[-75.063054,40.0660760000001]},"properties":{"stop_id":"391","stop_name":"Algon Av & Rhawn St","routes":["19"]}},{"type":"Feature","id":293,"geometry":{"type":"Point","coordinates":[-75.0134609999999,40.0718390000001]},"properties":{"stop_id":"23399","stop_name":"Ashton Rd & Grant Av - FS","routes":["19","50"]}},{"type":"Feature","id":295,"geometry":{"type":"Point","coordinates":[-75.016757,40.068494]},"properties":{"stop_id":"23401","stop_name":"Ashton Rd & Norcross Ln","routes":["19","50"]}},{"type":"Feature","id":303,"geometry":{"type":"Point","coordinates":[-75.0090959999999,40.059776]},"properties":{"stop_id":"23845","stop_name":"Academy Rd & Outlook Av","routes":["19"]}},{"type":"Feature","id":304,"geometry":{"type":"Point","coordinates":[-75.008088,40.060227]},"properties":{"stop_id":"23846","stop_name":"Outlook Av & Lansford St","routes":["19"]}},{"type":"Feature","id":327,"geometry":{"type":"Point","coordinates":[-75.0090719999999,40.059892]},"properties":{"stop_id":"23885","stop_name":"Outlook Av & Academy Rd","routes":["19"]}},{"type":"Feature","id":336,"geometry":{"type":"Point","coordinates":[-75.01658,40.0685290000001]},"properties":{"stop_id":"23351","stop_name":"Ashton Rd & Norcross Ln - FS","routes":["19","50"]}},{"type":"Feature","id":338,"geometry":{"type":"Point","coordinates":[-75.0132369999999,40.0718570000001]},"properties":{"stop_id":"23353","stop_name":"Ashton Rd & Grant Av","routes":["19","50"]}},{"type":"Feature","id":361,"geometry":{"type":"Point","coordinates":[-75.062339,40.066967]},"properties":{"stop_id":"23871","stop_name":"Algon Av & Stanwood St - FS","routes":["19"]}},{"type":"Feature","id":362,"geometry":{"type":"Point","coordinates":[-75.0630409999999,40.0662730000001]},"properties":{"stop_id":"402","stop_name":"Algon Av & Rhawn St","routes":["19"]}},{"type":"Feature","id":364,"geometry":{"type":"Point","coordinates":[-75.064409,40.067026]},"properties":{"stop_id":"25996","stop_name":"Rhawn St & Dorcas St - MBFS","routes":["19","28"]}},{"type":"Feature","id":365,"geometry":{"type":"Point","coordinates":[-75.0660829999999,40.0680580000001]},"properties":{"stop_id":"23524","stop_name":"Rhawn St & Meadowbrook Dr - FS","routes":["19","28"]}},{"type":"Feature","id":371,"geometry":{"type":"Point","coordinates":[-75.06605,40.0630410000001]},"properties":{"stop_id":"30046","stop_name":"Algon Av & Borbeck Av - FS","routes":["19"]}},{"type":"Feature","id":372,"geometry":{"type":"Point","coordinates":[-75.066882,40.062151]},"properties":{"stop_id":"23874","stop_name":"Algon Av & Hartel Av","routes":["19"]}},{"type":"Feature","id":373,"geometry":{"type":"Point","coordinates":[-75.067976,40.0610120000001]},"properties":{"stop_id":"23875","stop_name":"Algon Av & Napfle Av","routes":["19"]}},{"type":"Feature","id":387,"geometry":{"type":"Point","coordinates":[-75.087125,40.048409]},"properties":{"stop_id":"22991","stop_name":"Oxford Av & Magee Av - FS","routes":["19","495","67"]}},{"type":"Feature","id":391,"geometry":{"type":"Point","coordinates":[-75.088294,40.041228]},"properties":{"stop_id":"22995","stop_name":"Oxford Av & Algon Av","routes":["19","24","495","67"]}},{"type":"Feature","id":392,"geometry":{"type":"Point","coordinates":[-75.088611,40.039274]},"properties":{"stop_id":"22997","stop_name":"Oxford Av & Benner St","routes":["19","24","495","67"]}},{"type":"Feature","id":397,"geometry":{"type":"Point","coordinates":[-75.084884,40.0324]},"properties":{"stop_id":"23007","stop_name":"Oxford Av & Roosevelt Blvd","routes":["19","495","67"]}},{"type":"Feature","id":398,"geometry":{"type":"Point","coordinates":[-75.0839789999999,40.0312640000001]},"properties":{"stop_id":"23008","stop_name":"Cheltenham Av & Roosevelt Bvld - FS","routes":["19","67"]}},{"type":"Feature","id":399,"geometry":{"type":"Point","coordinates":[-75.082729,40.0306]},"properties":{"stop_id":"23011","stop_name":"Cheltenham Av & Large St","routes":["19","67"]}},{"type":"Feature","id":403,"geometry":{"type":"Point","coordinates":[-75.076905,40.0273710000001]},"properties":{"stop_id":"31108","stop_name":"Cheltenham Av & Penn St","routes":["19","67"]}},{"type":"Feature","id":404,"geometry":{"type":"Point","coordinates":[-75.075725,40.027064]},"properties":{"stop_id":"32101","stop_name":"Cheltenham Av & Bustleton Av","routes":["19","67"]}},{"type":"Feature","id":405,"geometry":{"type":"Point","coordinates":[-75.077481,40.0232940000001]},"properties":{"stop_id":"21204","stop_name":"Frankford Transit Center - Main Dro","routes":["0","14","19","20","24","26","3","50","58","67","88"]}},{"type":"Feature","id":406,"geometry":{"type":"Point","coordinates":[-75.0775619999999,40.023607]},"properties":{"stop_id":"340","stop_name":"Frankford Transit Center - Rts 20 &","routes":["20","50"]}},{"type":"Feature","id":407,"geometry":{"type":"Point","coordinates":[-75.07537,40.0271440000001]},"properties":{"stop_id":"22335","stop_name":"Bustleton Av & Cheltenham Av - FS","routes":["14","20","58","88"]}},{"type":"Feature","id":413,"geometry":{"type":"Point","coordinates":[-75.069644,40.0349190000001]},"properties":{"stop_id":"22481","stop_name":"Roosevelt Blvd & Levick St","routes":["1","14","20"]}},{"type":"Feature","id":414,"geometry":{"type":"Point","coordinates":[-75.067088,40.03551]},"properties":{"stop_id":"22482","stop_name":"Roosevelt Blvd & Hellerman St","routes":["1","14","20"]}},{"type":"Feature","id":415,"geometry":{"type":"Point","coordinates":[-75.06478,40.0360390000001]},"properties":{"stop_id":"22483","stop_name":"Roosevelt Blvd & Magee Av","routes":["1","14","20"]}},{"type":"Feature","id":416,"geometry":{"type":"Point","coordinates":[-75.062577,40.036684]},"properties":{"stop_id":"22484","stop_name":"Roosevelt Blvd & Unruh Av","routes":["1","14","20"]}},{"type":"Feature","id":418,"geometry":{"type":"Point","coordinates":[-75.0584919999999,40.0400990000001]},"properties":{"stop_id":"22487","stop_name":"Roosevelt Blvd & Tyson Av","routes":["1","14","20"]}},{"type":"Feature","id":419,"geometry":{"type":"Point","coordinates":[-75.056389,40.042083]},"properties":{"stop_id":"22488","stop_name":"Roosevelt Blvd & Friendship St","routes":["1","14","20"]}},{"type":"Feature","id":420,"geometry":{"type":"Point","coordinates":[-75.053657,40.04461]},"properties":{"stop_id":"8","stop_name":"Roosevelt Blvd & Cottman Av - FS","routes":["0","1","14","20","50"]}},{"type":"Feature","id":422,"geometry":{"type":"Point","coordinates":[-75.050707,40.050036]},"properties":{"stop_id":"22491","stop_name":"Roosevelt Blvd & Revere St - MBNS","routes":["1","14","20"]}},{"type":"Feature","id":423,"geometry":{"type":"Point","coordinates":[-75.050509,40.0518210000001]},"properties":{"stop_id":"22494","stop_name":"Roosevelt Blvd & Hartel Av","routes":["1","14","20"]}},{"type":"Feature","id":424,"geometry":{"type":"Point","coordinates":[-75.048937,40.053878]},"properties":{"stop_id":"22495","stop_name":"Roosevelt Blvd & Ryan Av","routes":["1","14","20"]}},{"type":"Feature","id":432,"geometry":{"type":"Point","coordinates":[-75.032933,40.056694]},"properties":{"stop_id":"25907","stop_name":"Holme Av & Winchester Av - MBFS","routes":["20","50"]}},{"type":"Feature","id":433,"geometry":{"type":"Point","coordinates":[-75.031202,40.056517]},"properties":{"stop_id":"23339","stop_name":"Holme Av & Stamford St","routes":["20","50"]}},{"type":"Feature","id":434,"geometry":{"type":"Point","coordinates":[-75.029387,40.056379]},"properties":{"stop_id":"23340","stop_name":"Holme Av & Holme Cir","routes":["20","50"]}},{"type":"Feature","id":446,"geometry":{"type":"Point","coordinates":[-75.011044,40.0624060000001]},"properties":{"stop_id":"23696","stop_name":"Convent Av & Andover Rd","routes":["20"]}},{"type":"Feature","id":447,"geometry":{"type":"Point","coordinates":[-75.0096839999999,40.0625000000001]},"properties":{"stop_id":"23697","stop_name":"Convent Av & Academy Rd","routes":["20"]}},{"type":"Feature","id":448,"geometry":{"type":"Point","coordinates":[-75.009351,40.064846]},"properties":{"stop_id":"23698","stop_name":"Academy Rd & Eden St","routes":["20"]}},{"type":"Feature","id":449,"geometry":{"type":"Point","coordinates":[-75.008816,40.067281]},"properties":{"stop_id":"23699","stop_name":"Academy Rd & Holyoke Rd","routes":["20"]}},{"type":"Feature","id":450,"geometry":{"type":"Point","coordinates":[-75.0074329999999,40.0690530000001]},"properties":{"stop_id":"406","stop_name":"Academy Rd & Grant Av","routes":["20"]}},{"type":"Feature","id":591,"geometry":{"type":"Point","coordinates":[-75.0078829999999,40.0690270000001]},"properties":{"stop_id":"415","stop_name":"Academy Rd & Grant Av - FS","routes":["20"]}},{"type":"Feature","id":592,"geometry":{"type":"Point","coordinates":[-75.008956,40.0675140000001]},"properties":{"stop_id":"23918","stop_name":"Academy Rd & Holyoke Rd","routes":["20"]}},{"type":"Feature","id":593,"geometry":{"type":"Point","coordinates":[-75.009597,40.0651770000001]},"properties":{"stop_id":"23917","stop_name":"Academy Rd & Eden St","routes":["20"]}},{"type":"Feature","id":594,"geometry":{"type":"Point","coordinates":[-75.009623,40.062732]},"properties":{"stop_id":"23919","stop_name":"Academy Rd & Convent Av","routes":["20"]}},{"type":"Feature","id":595,"geometry":{"type":"Point","coordinates":[-75.009403,40.059875]},"properties":{"stop_id":"30755","stop_name":"Academy Rd & Outlook Av","routes":["20"]}},{"type":"Feature","id":603,"geometry":{"type":"Point","coordinates":[-75.0108779999999,40.0625400000001]},"properties":{"stop_id":"23920","stop_name":"Convent Av & Andover Rd","routes":["20"]}},{"type":"Feature","id":616,"geometry":{"type":"Point","coordinates":[-75.0309569999999,40.0568210000001]},"properties":{"stop_id":"23412","stop_name":"Holme Av & Stamford St","routes":["20","50"]}},{"type":"Feature","id":617,"geometry":{"type":"Point","coordinates":[-75.032541,40.0569600000001]},"properties":{"stop_id":"26134","stop_name":"Holme Av & Winchester Av - MBNS","routes":["20","50"]}},{"type":"Feature","id":618,"geometry":{"type":"Point","coordinates":[-75.03403,40.057241]},"properties":{"stop_id":"23413","stop_name":"Holme Av & Winchester Av","routes":["20","50"]}},{"type":"Feature","id":625,"geometry":{"type":"Point","coordinates":[-75.0494659999999,40.0544420000001]},"properties":{"stop_id":"22907","stop_name":"Roosevelt Blvd & Borbeck Av","routes":["1","14","20"]}},{"type":"Feature","id":626,"geometry":{"type":"Point","coordinates":[-75.0512869999999,40.0522520000001]},"properties":{"stop_id":"22909","stop_name":"Roosevelt Blvd & Napfle St","routes":["1","14","20"]}},{"type":"Feature","id":627,"geometry":{"type":"Point","coordinates":[-75.0515559999999,40.050592]},"properties":{"stop_id":"22910","stop_name":"Roosevelt Blvd & Faunce St","routes":["1","14","20"]}},{"type":"Feature","id":628,"geometry":{"type":"Point","coordinates":[-75.051707,40.048817]},"properties":{"stop_id":"22911","stop_name":"Roosevelt Blvd & Shelmire Av","routes":["1","14","20"]}},{"type":"Feature","id":630,"geometry":{"type":"Point","coordinates":[-75.054293,40.045085]},"properties":{"stop_id":"22","stop_name":"Roosevelt Blvd & Cottman Av","routes":["0","1","14","20","50"]}},{"type":"Feature","id":631,"geometry":{"type":"Point","coordinates":[-75.0570489999999,40.042514]},"properties":{"stop_id":"22913","stop_name":"Roosevelt Blvd & Friendship St","routes":["1","14","20"]}},{"type":"Feature","id":632,"geometry":{"type":"Point","coordinates":[-75.0590099999999,40.0406990000001]},"properties":{"stop_id":"22915","stop_name":"Roosevelt Blvd & Tyson Av","routes":["1","14","20"]}},{"type":"Feature","id":634,"geometry":{"type":"Point","coordinates":[-75.0629529999999,40.0372560000001]},"properties":{"stop_id":"22918","stop_name":"Roosevelt Blvd & Unruh Av","routes":["1","14","20"]}},{"type":"Feature","id":635,"geometry":{"type":"Point","coordinates":[-75.0642549999999,40.0368490000001]},"properties":{"stop_id":"22919","stop_name":"Roosevelt Blvd & Harbison Av","routes":["1","14","20"]}},{"type":"Feature","id":636,"geometry":{"type":"Point","coordinates":[-75.065309,40.03662]},"properties":{"stop_id":"22920","stop_name":"Roosevelt Blvd & Magee Av","routes":["1","14","20"]}},{"type":"Feature","id":637,"geometry":{"type":"Point","coordinates":[-75.067759,40.036056]},"properties":{"stop_id":"22921","stop_name":"Roosevelt Blvd & Hellerman St","routes":["1","14","20"]}},{"type":"Feature","id":638,"geometry":{"type":"Point","coordinates":[-75.069499,40.0356680000001]},"properties":{"stop_id":"22922","stop_name":"Roosevelt Blvd & Levick St","routes":["1","14","20"]}},{"type":"Feature","id":644,"geometry":{"type":"Point","coordinates":[-75.075523,40.0271890000001]},"properties":{"stop_id":"22470","stop_name":"Bustleton Av & Cheltenham Av","routes":["14","20","58","88"]}},{"type":"Feature","id":646,"geometry":{"type":"Point","coordinates":[-75.2588039999999,39.9620350000001]},"properties":{"stop_id":"1148","stop_name":"69th St TC South Berth 1","routes":["0","21"]}},{"type":"Feature","id":647,"geometry":{"type":"Point","coordinates":[-75.2566189999999,39.9620410000001]},"properties":{"stop_id":"30632","stop_name":"Market St & Chatham Rd","routes":["21"]}},{"type":"Feature","id":648,"geometry":{"type":"Point","coordinates":[-75.255118,39.962289]},"properties":{"stop_id":"21351","stop_name":"Market St & Marlborough Rd","routes":["21"]}},{"type":"Feature","id":649,"geometry":{"type":"Point","coordinates":[-75.253629,39.962492]},"properties":{"stop_id":"21352","stop_name":"Market St & Powell Rd","routes":["21"]}},{"type":"Feature","id":650,"geometry":{"type":"Point","coordinates":[-75.252732,39.9625980000001]},"properties":{"stop_id":"25707","stop_name":"Market St & Glencoe Rd","routes":["21"]}},{"type":"Feature","id":651,"geometry":{"type":"Point","coordinates":[-75.2519399999999,39.9627130000001]},"properties":{"stop_id":"19032","stop_name":"Market St & Millbourne Av","routes":["0","21"]}},{"type":"Feature","id":652,"geometry":{"type":"Point","coordinates":[-75.2472749999999,39.962653]},"properties":{"stop_id":"18991","stop_name":"Market St & 63rd St","routes":["0","21"]}},{"type":"Feature","id":653,"geometry":{"type":"Point","coordinates":[-75.247039,39.962411]},"properties":{"stop_id":"19073","stop_name":"Market St & 63rd St","routes":["21"]}},{"type":"Feature","id":654,"geometry":{"type":"Point","coordinates":[-75.2468059999999,39.961108]},"properties":{"stop_id":"25708","stop_name":"Chestnut St & 63rd St - FS","routes":["21"]}},{"type":"Feature","id":655,"geometry":{"type":"Point","coordinates":[-75.24474,39.960837]},"properties":{"stop_id":"19074","stop_name":"Chestnut St & 62nd St - FS","routes":["21"]}},{"type":"Feature","id":659,"geometry":{"type":"Point","coordinates":[-75.237196,39.959907]},"properties":{"stop_id":"19077","stop_name":"Chestnut St & 58th St","routes":["21"]}},{"type":"Feature","id":660,"geometry":{"type":"Point","coordinates":[-75.235271,39.9596800000001]},"properties":{"stop_id":"19078","stop_name":"Chestnut St & 57th St","routes":["21"]}},{"type":"Feature","id":661,"geometry":{"type":"Point","coordinates":[-75.2332519999999,39.9594210000001]},"properties":{"stop_id":"19079","stop_name":"Chestnut St & 56th St","routes":["21"]}},{"type":"Feature","id":662,"geometry":{"type":"Point","coordinates":[-75.231187,39.959156]},"properties":{"stop_id":"19080","stop_name":"Chestnut St & 55th St","routes":["21"]}},{"type":"Feature","id":664,"geometry":{"type":"Point","coordinates":[-75.227243,39.958668]},"properties":{"stop_id":"19120","stop_name":"Chestnut St & 53rd St","routes":["21"]}},{"type":"Feature","id":665,"geometry":{"type":"Point","coordinates":[-75.225307,39.958424]},"properties":{"stop_id":"420","stop_name":"Chestnut St & 52nd St","routes":["21"]}},{"type":"Feature","id":667,"geometry":{"type":"Point","coordinates":[-75.2213399999999,39.9579360000001]},"properties":{"stop_id":"19122","stop_name":"Chestnut St & 50th St","routes":["21"]}},{"type":"Feature","id":668,"geometry":{"type":"Point","coordinates":[-75.2193809999999,39.9577]},"properties":{"stop_id":"30195","stop_name":"Chestnut St & 49th St","routes":["21"]}},{"type":"Feature","id":669,"geometry":{"type":"Point","coordinates":[-75.2174919999999,39.957438]},"properties":{"stop_id":"30194","stop_name":"Chestnut St & 48th St","routes":["21"]}},{"type":"Feature","id":670,"geometry":{"type":"Point","coordinates":[-75.215426,39.957212]},"properties":{"stop_id":"19123","stop_name":"Chestnut St & 47th St","routes":["21","411","64"]}},{"type":"Feature","id":671,"geometry":{"type":"Point","coordinates":[-75.21441,39.957085]},"properties":{"stop_id":"30633","stop_name":"Chestnut St & Farragut St","routes":["21","411"]}},{"type":"Feature","id":672,"geometry":{"type":"Point","coordinates":[-75.213419,39.956958]},"properties":{"stop_id":"19124","stop_name":"Chestnut St & 46th St","routes":["21"]}},{"type":"Feature","id":673,"geometry":{"type":"Point","coordinates":[-75.211471,39.956714]},"properties":{"stop_id":"19149","stop_name":"Chestnut St & 45th St","routes":["21"]}},{"type":"Feature","id":674,"geometry":{"type":"Point","coordinates":[-75.209866,39.956488]},"properties":{"stop_id":"516","stop_name":"Chestnut St & 44th St","routes":["21"]}},{"type":"Feature","id":675,"geometry":{"type":"Point","coordinates":[-75.208543,39.9563430000001]},"properties":{"stop_id":"590","stop_name":"Chestnut St & 43rd St","routes":["21"]}},{"type":"Feature","id":676,"geometry":{"type":"Point","coordinates":[-75.20643,39.9560890000001]},"properties":{"stop_id":"591","stop_name":"Chestnut St & 42nd St","routes":["21"]}},{"type":"Feature","id":677,"geometry":{"type":"Point","coordinates":[-75.2048839999999,39.9558900000001]},"properties":{"stop_id":"592","stop_name":"Chestnut St & 41st St","routes":["21","30"]}},{"type":"Feature","id":678,"geometry":{"type":"Point","coordinates":[-75.2024519999999,39.955591]},"properties":{"stop_id":"421","stop_name":"Chestnut St & 40th St","routes":["0","21","30"]}},{"type":"Feature","id":679,"geometry":{"type":"Point","coordinates":[-75.2000439999999,39.955292]},"properties":{"stop_id":"598","stop_name":"Chestnut St & 39th St","routes":["21","30"]}},{"type":"Feature","id":680,"geometry":{"type":"Point","coordinates":[-75.1986029999999,39.955111]},"properties":{"stop_id":"622","stop_name":"Chestnut St & 38th St","routes":["21"]}},{"type":"Feature","id":681,"geometry":{"type":"Point","coordinates":[-75.1965489999999,39.954867]},"properties":{"stop_id":"623","stop_name":"Chestnut St & 37th St","routes":["21"]}},{"type":"Feature","id":682,"geometry":{"type":"Point","coordinates":[-75.194566,39.954622]},"properties":{"stop_id":"21353","stop_name":"Chestnut St & 36th St","routes":["21"]}},{"type":"Feature","id":683,"geometry":{"type":"Point","coordinates":[-75.1919339999999,39.954296]},"properties":{"stop_id":"21354","stop_name":"Chestnut St & 34th St","routes":["21"]}},{"type":"Feature","id":684,"geometry":{"type":"Point","coordinates":[-75.189892,39.9540420000001]},"properties":{"stop_id":"30634","stop_name":"Chestnut St & 33rd St","routes":["21"]}},{"type":"Feature","id":688,"geometry":{"type":"Point","coordinates":[-75.1820299999999,39.9530720000001]},"properties":{"stop_id":"32637","stop_name":"Chestnut St & Schuykill Av","routes":["124","125","21","31","42","44","49","9"]}},{"type":"Feature","id":689,"geometry":{"type":"Point","coordinates":[-75.178276,39.952591]},"properties":{"stop_id":"6067","stop_name":"Chestnut St & 23rd St","routes":["124","125","21","31","42","44","49","9"]}},{"type":"Feature","id":690,"geometry":{"type":"Point","coordinates":[-75.176754,39.952392]},"properties":{"stop_id":"6066","stop_name":"Chestnut St & 22nd St - FS","routes":["124","125","21","42","9"]}},{"type":"Feature","id":693,"geometry":{"type":"Point","coordinates":[-75.1720079999999,39.9518200000001]},"properties":{"stop_id":"14906","stop_name":"Chestnut St & 19th St","routes":["124","125","21","42","9"]}},{"type":"Feature","id":694,"geometry":{"type":"Point","coordinates":[-75.170462,39.951602]},"properties":{"stop_id":"6062","stop_name":"Chestnut St & 18th St","routes":["124","125","21","42","9"]}},{"type":"Feature","id":695,"geometry":{"type":"Point","coordinates":[-75.168869,39.9513850000001]},"properties":{"stop_id":"6061","stop_name":"Chestnut St & 17th St","routes":["124","125","21","42","9"]}},{"type":"Feature","id":696,"geometry":{"type":"Point","coordinates":[-75.167311,39.9512030000001]},"properties":{"stop_id":"14907","stop_name":"Chestnut St & 16th St","routes":["124","125","21","42","9"]}},{"type":"Feature","id":697,"geometry":{"type":"Point","coordinates":[-75.165717,39.951012]},"properties":{"stop_id":"6060","stop_name":"Chestnut St & 15th St","routes":["124","125","21","42","9"]}},{"type":"Feature","id":698,"geometry":{"type":"Point","coordinates":[-75.1640409999999,39.9508040000001]},"properties":{"stop_id":"6115","stop_name":"Chestnut St & Broad St","routes":["124","125","21","38","42","9"]}},{"type":"Feature","id":700,"geometry":{"type":"Point","coordinates":[-75.160335,39.9503490000001]},"properties":{"stop_id":"6058","stop_name":"Chestnut St & 12th St","routes":["21","38","42","9"]}},{"type":"Feature","id":701,"geometry":{"type":"Point","coordinates":[-75.158765,39.9501680000001]},"properties":{"stop_id":"6057","stop_name":"Chestnut St & 11th St","routes":["21","38","42","9"]}},{"type":"Feature","id":702,"geometry":{"type":"Point","coordinates":[-75.1571949999999,39.949959]},"properties":{"stop_id":"14908","stop_name":"Chestnut St & 10th St","routes":["21","38","42","9"]}},{"type":"Feature","id":703,"geometry":{"type":"Point","coordinates":[-75.155661,39.9497680000001]},"properties":{"stop_id":"6114","stop_name":"Chestnut St & 9th St","routes":["21","38","42","9"]}},{"type":"Feature","id":706,"geometry":{"type":"Point","coordinates":[-75.1509159999999,39.949187]},"properties":{"stop_id":"6111","stop_name":"Chestnut St & 6th St","routes":["21","38","42","9"]}},{"type":"Feature","id":707,"geometry":{"type":"Point","coordinates":[-75.1482599999999,39.9488680000001]},"properties":{"stop_id":"14909","stop_name":"Chestnut St & 4th St - MBNS","routes":["21","42","9"]}},{"type":"Feature","id":711,"geometry":{"type":"Point","coordinates":[-75.1439779999999,39.9449670000001]},"properties":{"stop_id":"22137","stop_name":"38th Parellel Pl & Dock St - FS","routes":["12","21","42"]}},{"type":"Feature","id":712,"geometry":{"type":"Point","coordinates":[-75.14302,39.9453040000001]},"properties":{"stop_id":"32259","stop_name":"Dock St & Front St","routes":["12","21"]}},{"type":"Feature","id":721,"geometry":{"type":"Point","coordinates":[-75.15883,39.9487040000001]},"properties":{"stop_id":"14885","stop_name":"Walnut St & 11th St","routes":["12","21","42","9"]}},{"type":"Feature","id":722,"geometry":{"type":"Point","coordinates":[-75.160388,39.9488950000001]},"properties":{"stop_id":"14886","stop_name":"Walnut St & 12th St","routes":["12","21","42","9"]}},{"type":"Feature","id":723,"geometry":{"type":"Point","coordinates":[-75.162005,39.9490860000001]},"properties":{"stop_id":"14887","stop_name":"Walnut St & 13th St","routes":["12","21","42","9"]}},{"type":"Feature","id":724,"geometry":{"type":"Point","coordinates":[-75.1636569999999,39.949303]},"properties":{"stop_id":"130","stop_name":"Walnut St & Broad St - MBNS","routes":["12","21","42","9"]}},{"type":"Feature","id":725,"geometry":{"type":"Point","coordinates":[-75.165805,39.949576]},"properties":{"stop_id":"14079","stop_name":"Walnut St & 15th St","routes":["12","21","42","9"]}},{"type":"Feature","id":726,"geometry":{"type":"Point","coordinates":[-75.167399,39.9497750000001]},"properties":{"stop_id":"14080","stop_name":"Walnut St & 16th St","routes":["12","21","42","9"]}},{"type":"Feature","id":729,"geometry":{"type":"Point","coordinates":[-75.172108,39.9503740000001]},"properties":{"stop_id":"14085","stop_name":"Walnut St & 19th St","routes":["12","21","42","9"]}},{"type":"Feature","id":730,"geometry":{"type":"Point","coordinates":[-75.173643,39.9505740000001]},"properties":{"stop_id":"14086","stop_name":"Walnut St & 20th St","routes":["12","21","42","9"]}},{"type":"Feature","id":731,"geometry":{"type":"Point","coordinates":[-75.175531,39.95081]},"properties":{"stop_id":"14088","stop_name":"Walnut St & 21st St","routes":["12","21","42","9"]}},{"type":"Feature","id":732,"geometry":{"type":"Point","coordinates":[-75.177172,39.9510000000001]},"properties":{"stop_id":"14089","stop_name":"Walnut St & 22nd St","routes":["12","21","42","9"]}},{"type":"Feature","id":733,"geometry":{"type":"Point","coordinates":[-75.178305,39.9511450000001]},"properties":{"stop_id":"131","stop_name":"Walnut St & 23rd St","routes":["21","42","9"]}},{"type":"Feature","id":734,"geometry":{"type":"Point","coordinates":[-75.179615,39.951326]},"properties":{"stop_id":"19542","stop_name":"Walnut St & 24th St - MBFS","routes":["21","31","42","9"]}},{"type":"Feature","id":735,"geometry":{"type":"Point","coordinates":[-75.1842779999999,39.9518800000001]},"properties":{"stop_id":"432","stop_name":"Walnut St & 30th St - FS","routes":["21","42"]}},{"type":"Feature","id":736,"geometry":{"type":"Point","coordinates":[-75.187984,39.952369]},"properties":{"stop_id":"25704","stop_name":"Walnut St & 32nd St - FS","routes":["21","42"]}},{"type":"Feature","id":737,"geometry":{"type":"Point","coordinates":[-75.189826,39.952596]},"properties":{"stop_id":"21359","stop_name":"Walnut St & 33rd St","routes":["21","42"]}},{"type":"Feature","id":738,"geometry":{"type":"Point","coordinates":[-75.191986,39.9528500000001]},"properties":{"stop_id":"21360","stop_name":"Walnut St & 34th St","routes":["21"]}},{"type":"Feature","id":739,"geometry":{"type":"Point","coordinates":[-75.194665,39.953176]},"properties":{"stop_id":"21361","stop_name":"Walnut St & 36th St","routes":["21"]}},{"type":"Feature","id":741,"geometry":{"type":"Point","coordinates":[-75.198573,39.9536390000001]},"properties":{"stop_id":"21363","stop_name":"Walnut St & 38th St","routes":["21"]}},{"type":"Feature","id":742,"geometry":{"type":"Point","coordinates":[-75.200143,39.953856]},"properties":{"stop_id":"21364","stop_name":"Walnut St & 39th St","routes":["21"]}},{"type":"Feature","id":743,"geometry":{"type":"Point","coordinates":[-75.202374,39.9541540000001]},"properties":{"stop_id":"433","stop_name":"Walnut St & 40th St","routes":["0","21","316"]}},{"type":"Feature","id":744,"geometry":{"type":"Point","coordinates":[-75.2049939999999,39.954462]},"properties":{"stop_id":"21365","stop_name":"Walnut St & 41st St","routes":["21","30"]}},{"type":"Feature","id":745,"geometry":{"type":"Point","coordinates":[-75.206292,39.95462]},"properties":{"stop_id":"21366","stop_name":"Walnut St & 42nd St","routes":["21"]}},{"type":"Feature","id":746,"geometry":{"type":"Point","coordinates":[-75.20863,39.954892]},"properties":{"stop_id":"21367","stop_name":"Walnut St & 43rd St","routes":["21"]}},{"type":"Feature","id":747,"geometry":{"type":"Point","coordinates":[-75.209975,39.9550810000001]},"properties":{"stop_id":"21368","stop_name":"Walnut St & 44th St","routes":["21"]}},{"type":"Feature","id":748,"geometry":{"type":"Point","coordinates":[-75.2115459999999,39.955268]},"properties":{"stop_id":"21369","stop_name":"Walnut St & 45th St","routes":["21"]}},{"type":"Feature","id":749,"geometry":{"type":"Point","coordinates":[-75.2135289999999,39.9555130000001]},"properties":{"stop_id":"21370","stop_name":"Walnut St & 46th St","routes":["21"]}},{"type":"Feature","id":750,"geometry":{"type":"Point","coordinates":[-75.214533,39.95563]},"properties":{"stop_id":"31148","stop_name":"Walnut St & Farragut St","routes":["21"]}},{"type":"Feature","id":751,"geometry":{"type":"Point","coordinates":[-75.215513,39.9557570000001]},"properties":{"stop_id":"21371","stop_name":"Walnut St & 47th St","routes":["21"]}},{"type":"Feature","id":752,"geometry":{"type":"Point","coordinates":[-75.217531,39.95601]},"properties":{"stop_id":"21372","stop_name":"Walnut St & 48th St","routes":["21"]}},{"type":"Feature","id":753,"geometry":{"type":"Point","coordinates":[-75.2194909999999,39.9562550000001]},"properties":{"stop_id":"21374","stop_name":"Walnut St & 49th St","routes":["21"]}},{"type":"Feature","id":754,"geometry":{"type":"Point","coordinates":[-75.221463,39.956508]},"properties":{"stop_id":"21375","stop_name":"Walnut St & 50th St","routes":["21"]}},{"type":"Feature","id":755,"geometry":{"type":"Point","coordinates":[-75.2234339999999,39.9567430000001]},"properties":{"stop_id":"21376","stop_name":"Walnut St & 51st St","routes":["21"]}},{"type":"Feature","id":756,"geometry":{"type":"Point","coordinates":[-75.2253939999999,39.956987]},"properties":{"stop_id":"434","stop_name":"Walnut St & 52nd St","routes":["21"]}},{"type":"Feature","id":757,"geometry":{"type":"Point","coordinates":[-75.227365,39.957231]},"properties":{"stop_id":"21377","stop_name":"Walnut St & 53rd St","routes":["21"]}},{"type":"Feature","id":758,"geometry":{"type":"Point","coordinates":[-75.22916,39.957457]},"properties":{"stop_id":"21378","stop_name":"Walnut St & 54th St","routes":["21"]}},{"type":"Feature","id":759,"geometry":{"type":"Point","coordinates":[-75.231297,39.957729]},"properties":{"stop_id":"21379","stop_name":"Walnut St & 55th St","routes":["21"]}},{"type":"Feature","id":760,"geometry":{"type":"Point","coordinates":[-75.2333859999999,39.957973]},"properties":{"stop_id":"21380","stop_name":"Walnut St & 56th St","routes":["21"]}},{"type":"Feature","id":761,"geometry":{"type":"Point","coordinates":[-75.235382,39.958226]},"properties":{"stop_id":"21381","stop_name":"Walnut St & 57th St","routes":["21"]}},{"type":"Feature","id":762,"geometry":{"type":"Point","coordinates":[-75.23733,39.95847]},"properties":{"stop_id":"21382","stop_name":"Walnut St & 58th St","routes":["21"]}},{"type":"Feature","id":763,"geometry":{"type":"Point","coordinates":[-75.239301,39.9587050000001]},"properties":{"stop_id":"21383","stop_name":"Walnut St & 59th St","routes":["21"]}},{"type":"Feature","id":764,"geometry":{"type":"Point","coordinates":[-75.241273,39.958967]},"properties":{"stop_id":"435","stop_name":"Walnut St & 60th St","routes":["21"]}},{"type":"Feature","id":765,"geometry":{"type":"Point","coordinates":[-75.2432449999999,39.959211]},"properties":{"stop_id":"436","stop_name":"Walnut St & 61st St","routes":["21"]}},{"type":"Feature","id":766,"geometry":{"type":"Point","coordinates":[-75.24524,39.959455]},"properties":{"stop_id":"21384","stop_name":"Walnut St & 62nd St","routes":["21"]}},{"type":"Feature","id":767,"geometry":{"type":"Point","coordinates":[-75.247282,39.959725]},"properties":{"stop_id":"21385","stop_name":"Walnut St & 63rd St","routes":["21"]}},{"type":"Feature","id":768,"geometry":{"type":"Point","coordinates":[-75.247066,39.9611170000001]},"properties":{"stop_id":"31291","stop_name":"63rd St & Chestnut St","routes":["21"]}},{"type":"Feature","id":769,"geometry":{"type":"Point","coordinates":[-75.247404,39.962858]},"properties":{"stop_id":"25711","stop_name":"Market St & 63rd St - FS","routes":["21"]}},{"type":"Feature","id":770,"geometry":{"type":"Point","coordinates":[-75.2508529999999,39.962997]},"properties":{"stop_id":"21387","stop_name":"Market St & Burd Av","routes":["21"]}},{"type":"Feature","id":771,"geometry":{"type":"Point","coordinates":[-75.251727,39.962855]},"properties":{"stop_id":"19031","stop_name":"Market St & Millbourne Av","routes":["0","21"]}},{"type":"Feature","id":772,"geometry":{"type":"Point","coordinates":[-75.2525659999999,39.9627320000001]},"properties":{"stop_id":"25706","stop_name":"Market St & Sellers Av","routes":["21"]}},{"type":"Feature","id":773,"geometry":{"type":"Point","coordinates":[-75.25357,39.962608]},"properties":{"stop_id":"21388","stop_name":"Market St & Powell Ln","routes":["21"]}},{"type":"Feature","id":774,"geometry":{"type":"Point","coordinates":[-75.256477,39.9621750000001]},"properties":{"stop_id":"21390","stop_name":"Market St & Chatham Rd","routes":["21"]}},{"type":"Feature","id":776,"geometry":{"type":"Point","coordinates":[-75.143828,40.03876]},"properties":{"stop_id":"32631","stop_name":"Olney Transit Center - Rts 22 80","routes":["22"]}},{"type":"Feature","id":777,"geometry":{"type":"Point","coordinates":[-75.1441369999999,40.041296]},"properties":{"stop_id":"17319","stop_name":"Broad St & Grange St","routes":["16","22"]}},{"type":"Feature","id":778,"geometry":{"type":"Point","coordinates":[-75.1437769999999,40.0427940000001]},"properties":{"stop_id":"17320","stop_name":"Broad St & Nedro Av","routes":["16","22"]}},{"type":"Feature","id":779,"geometry":{"type":"Point","coordinates":[-75.143475,40.0443550000001]},"properties":{"stop_id":"17321","stop_name":"Broad St & Champlost Av","routes":["16","22"]}},{"type":"Feature","id":780,"geometry":{"type":"Point","coordinates":[-75.143174,40.045649]},"properties":{"stop_id":"15450","stop_name":"Broad St & Spencer St","routes":["16","22"]}},{"type":"Feature","id":781,"geometry":{"type":"Point","coordinates":[-75.1427889999999,40.047353]},"properties":{"stop_id":"17323","stop_name":"Broad St & Godfrey Av","routes":["16","22"]}},{"type":"Feature","id":782,"geometry":{"type":"Point","coordinates":[-75.142463,40.0489230000001]},"properties":{"stop_id":"17324","stop_name":"Broad St & Medary Av","routes":["16","22"]}},{"type":"Feature","id":786,"geometry":{"type":"Point","coordinates":[-75.141018,40.0553990000001]},"properties":{"stop_id":"15465","stop_name":"Broad St & 67th Av - FS","routes":["16","22"]}},{"type":"Feature","id":787,"geometry":{"type":"Point","coordinates":[-75.140777,40.05663]},"properties":{"stop_id":"15468","stop_name":"Broad St & 68th Av","routes":["16","22"]}},{"type":"Feature","id":789,"geometry":{"type":"Point","coordinates":[-75.140126,40.059672]},"properties":{"stop_id":"17332","stop_name":"Broad St & 70th Av","routes":["16","22"]}},{"type":"Feature","id":790,"geometry":{"type":"Point","coordinates":[-75.139801,40.0611180000001]},"properties":{"stop_id":"15471","stop_name":"Broad St & 71st Av","routes":["16","22"]}},{"type":"Feature","id":791,"geometry":{"type":"Point","coordinates":[-75.139284,40.0631960000001]},"properties":{"stop_id":"17334","stop_name":"Broad St & Cheltenham Av","routes":["16","22"]}},{"type":"Feature","id":792,"geometry":{"type":"Point","coordinates":[-75.1417259999999,40.064755]},"properties":{"stop_id":"17335","stop_name":"Cheltenham Av & Keenan St","routes":["16","22","72"]}},{"type":"Feature","id":793,"geometry":{"type":"Point","coordinates":[-75.1429649999999,40.065472]},"properties":{"stop_id":"15475","stop_name":"Cheltenham Av & Sycamore Av","routes":["16","22","72"]}},{"type":"Feature","id":794,"geometry":{"type":"Point","coordinates":[-75.144015,40.066063]},"properties":{"stop_id":"15476","stop_name":"Cheltenham Av & Euston Rd","routes":["16","22","72"]}},{"type":"Feature","id":795,"geometry":{"type":"Point","coordinates":[-75.145384,40.066852]},"properties":{"stop_id":"15477","stop_name":"Cheltenham Av & Cedar Ln","routes":["16","22","72"]}},{"type":"Feature","id":796,"geometry":{"type":"Point","coordinates":[-75.146564,40.067533]},"properties":{"stop_id":"15478","stop_name":"Cheltenham Av & Penrose Av","routes":["16","22","72"]}},{"type":"Feature","id":797,"geometry":{"type":"Point","coordinates":[-75.148204,40.0684820000001]},"properties":{"stop_id":"17341","stop_name":"Cheltenham Av & Andrews Av","routes":["16","22","72"]}},{"type":"Feature","id":801,"geometry":{"type":"Point","coordinates":[-75.1546719999999,40.072165]},"properties":{"stop_id":"18264","stop_name":"Cheltenham Av & 78th St","routes":["16","22","72","81"]}},{"type":"Feature","id":802,"geometry":{"type":"Point","coordinates":[-75.156065,40.072927]},"properties":{"stop_id":"15489","stop_name":"Cheltenham Av & 79th Av - FS","routes":["16","22","72","81"]}},{"type":"Feature","id":803,"geometry":{"type":"Point","coordinates":[-75.15924,40.07471]},"properties":{"stop_id":"89","stop_name":"Cheltenham Av & Ogontz Av - FS","routes":["22","72"]}},{"type":"Feature","id":809,"geometry":{"type":"Point","coordinates":[-75.170808,40.0815170000001]},"properties":{"stop_id":"443","stop_name":"Cheltenham Av & Easton Rd","routes":["22"]}},{"type":"Feature","id":810,"geometry":{"type":"Point","coordinates":[-75.1687259999999,40.0847620000001]},"properties":{"stop_id":"6936","stop_name":"Easton Rd & 309 - MBNS","routes":["22","77"]}},{"type":"Feature","id":811,"geometry":{"type":"Point","coordinates":[-75.1619909999999,40.09187]},"properties":{"stop_id":"17446","stop_name":"Easton Rd & Limeklin Pk","routes":["22","77"]}},{"type":"Feature","id":812,"geometry":{"type":"Point","coordinates":[-75.158689,40.095308]},"properties":{"stop_id":"16938","stop_name":"Easton Rd & Royal Av - FS","routes":["22","77"]}},{"type":"Feature","id":813,"geometry":{"type":"Point","coordinates":[-75.156741,40.0972140000001]},"properties":{"stop_id":"15538","stop_name":"Easton Rd & Toxony Av","routes":["22","77"]}},{"type":"Feature","id":814,"geometry":{"type":"Point","coordinates":[-75.155423,40.0985500000001]},"properties":{"stop_id":"15539","stop_name":"Easton Rd & Waverly Rd","routes":["22","77"]}},{"type":"Feature","id":815,"geometry":{"type":"Point","coordinates":[-75.154484,40.099476]},"properties":{"stop_id":"15540","stop_name":"Easton Rd & Wesley Av","routes":["22","77"]}},{"type":"Feature","id":969,"geometry":{"type":"Point","coordinates":[-75.15446,40.0997170000001]},"properties":{"stop_id":"16745","stop_name":"Easton Rd & Wesley Av","routes":["22","77"]}},{"type":"Feature","id":970,"geometry":{"type":"Point","coordinates":[-75.155268,40.0988980000001]},"properties":{"stop_id":"16746","stop_name":"Easton Rd & Waverly Rd","routes":["22","77"]}},{"type":"Feature","id":971,"geometry":{"type":"Point","coordinates":[-75.1570139999999,40.097161]},"properties":{"stop_id":"16956","stop_name":"Easton Rd & Toxony Av - FS","routes":["22","77"]}},{"type":"Feature","id":972,"geometry":{"type":"Point","coordinates":[-75.158023,40.0961730000001]},"properties":{"stop_id":"16957","stop_name":"Easton Rd & Springhouse Ln","routes":["22","77"]}},{"type":"Feature","id":973,"geometry":{"type":"Point","coordinates":[-75.1591519999999,40.0950510000001]},"properties":{"stop_id":"16903","stop_name":"Easton Rd & Royal Av - FS","routes":["22","77"]}},{"type":"Feature","id":974,"geometry":{"type":"Point","coordinates":[-75.1618359999999,40.092405]},"properties":{"stop_id":"17737","stop_name":"Easton Rd & Limekiln Pk","routes":["22","77"]}},{"type":"Feature","id":975,"geometry":{"type":"Point","coordinates":[-75.1633219999999,40.0903650000001]},"properties":{"stop_id":"25971","stop_name":"Easton Rd & HWY 309 - MBNS","routes":["22","77"]}},{"type":"Feature","id":977,"geometry":{"type":"Point","coordinates":[-75.1708379999999,40.083017]},"properties":{"stop_id":"21219","stop_name":"Easton Rd & Cheltenham Av - MBNS","routes":["22"]}},{"type":"Feature","id":978,"geometry":{"type":"Point","coordinates":[-75.170597,40.081124]},"properties":{"stop_id":"17193","stop_name":"Cheltenham Av & Mt Airy Av","routes":["22","71"]}},{"type":"Feature","id":982,"geometry":{"type":"Point","coordinates":[-75.158851,40.074352]},"properties":{"stop_id":"21220","stop_name":"Cheltenham Av & Ogontz Av","routes":["22","72"]}},{"type":"Feature","id":983,"geometry":{"type":"Point","coordinates":[-75.156042,40.072802]},"properties":{"stop_id":"15422","stop_name":"Cheltenham Av & 79th Av","routes":["16","22","72","81"]}},{"type":"Feature","id":988,"geometry":{"type":"Point","coordinates":[-75.148429,40.0684830000001]},"properties":{"stop_id":"16912","stop_name":"Cheltenham Av & Andrews Av","routes":["16","22","72","81"]}},{"type":"Feature","id":989,"geometry":{"type":"Point","coordinates":[-75.146765,40.0675420000001]},"properties":{"stop_id":"16913","stop_name":"Cheltenham Av & 19th St","routes":["16","22","72"]}},{"type":"Feature","id":991,"geometry":{"type":"Point","coordinates":[-75.144216,40.066063]},"properties":{"stop_id":"28452","stop_name":"Cheltenham Av & Pitville Av","routes":["16","22","72"]}},{"type":"Feature","id":992,"geometry":{"type":"Point","coordinates":[-75.139604,40.062911]},"properties":{"stop_id":"15504","stop_name":"Broad St & 72nd Av","routes":["16","22"]}},{"type":"Feature","id":993,"geometry":{"type":"Point","coordinates":[-75.139871,40.061386]},"properties":{"stop_id":"15512","stop_name":"Broad St & 71St Av","routes":["16","22"]}},{"type":"Feature","id":994,"geometry":{"type":"Point","coordinates":[-75.140208,40.059833]},"properties":{"stop_id":"15513","stop_name":"Broad St & 70th Av","routes":["16","22"]}},{"type":"Feature","id":996,"geometry":{"type":"Point","coordinates":[-75.1408709999999,40.0568180000001]},"properties":{"stop_id":"15559","stop_name":"Broad St & 68th Av","routes":["16","22"]}},{"type":"Feature","id":997,"geometry":{"type":"Point","coordinates":[-75.1412549999999,40.0552480000001]},"properties":{"stop_id":"15573","stop_name":"Broad St & 67th Av","routes":["16","22"]}},{"type":"Feature","id":1004,"geometry":{"type":"Point","coordinates":[-75.145335,40.046279]},"properties":{"stop_id":"17201","stop_name":"Old York Rd & Church Ln","routes":["22","55"]}},{"type":"Feature","id":1005,"geometry":{"type":"Point","coordinates":[-75.144715,40.044671]},"properties":{"stop_id":"16926","stop_name":"Old York Rd & Champlost Av","routes":["22","55"]}},{"type":"Feature","id":1006,"geometry":{"type":"Point","coordinates":[-75.1440479999999,40.042857]},"properties":{"stop_id":"31758","stop_name":"Nedro Av & Broad St","routes":["22","51","55"]}},{"type":"Feature","id":1007,"geometry":{"type":"Point","coordinates":[-75.1428779999999,40.0427030000001]},"properties":{"stop_id":"10940","stop_name":"Nedro Av & Park Av","routes":["22","51","55","6"]}},{"type":"Feature","id":1008,"geometry":{"type":"Point","coordinates":[-75.14312,40.0413560000001]},"properties":{"stop_id":"11624","stop_name":"Park Av & Grange St","routes":["22","51","55","6"]}},{"type":"Feature","id":1011,"geometry":{"type":"Point","coordinates":[-75.158025,39.9523620000001]},"properties":{"stop_id":"1184","stop_name":"11th St & Market St - FS","routes":["23"]}},{"type":"Feature","id":1012,"geometry":{"type":"Point","coordinates":[-75.157843,39.953673]},"properties":{"stop_id":"16845","stop_name":"11th St & Arch St","routes":["23","45"]}},{"type":"Feature","id":1014,"geometry":{"type":"Point","coordinates":[-75.157158,39.9566790000001]},"properties":{"stop_id":"16847","stop_name":"11th St & Vine St","routes":["23","45","61"]}},{"type":"Feature","id":1021,"geometry":{"type":"Point","coordinates":[-75.155211,39.9656000000001]},"properties":{"stop_id":"16854","stop_name":"11th St & Fairmount Av","routes":["23"]}},{"type":"Feature","id":1024,"geometry":{"type":"Point","coordinates":[-75.15449,39.9688380000001]},"properties":{"stop_id":"16857","stop_name":"11th St & Poplar St","routes":["23"]}},{"type":"Feature","id":1025,"geometry":{"type":"Point","coordinates":[-75.154117,39.9706130000001]},"properties":{"stop_id":"1185","stop_name":"11th St & Girard Av","routes":["23"]}},{"type":"Feature","id":1033,"geometry":{"type":"Point","coordinates":[-75.031528,40.0477730000001]},"properties":{"stop_id":"23510","stop_name":"Rhawn St & Cresco Av","routes":["28"]}},{"type":"Feature","id":1034,"geometry":{"type":"Point","coordinates":[-75.035945,40.0509190000001]},"properties":{"stop_id":"23511","stop_name":"Rhawn St & Holmehurst Av","routes":["28"]}},{"type":"Feature","id":1035,"geometry":{"type":"Point","coordinates":[-75.0401659999999,40.0532]},"properties":{"stop_id":"23512","stop_name":"Rhawn St & Lexington Av","routes":["28"]}},{"type":"Feature","id":1049,"geometry":{"type":"Point","coordinates":[-75.062947,40.066156]},"properties":{"stop_id":"25995","stop_name":"Rhawn St & Algon Av","routes":["28"]}},{"type":"Feature","id":1052,"geometry":{"type":"Point","coordinates":[-75.067215,40.068721]},"properties":{"stop_id":"30218","stop_name":"Rhawn St & Dungan Rd","routes":["28"]}},{"type":"Feature","id":1055,"geometry":{"type":"Point","coordinates":[-75.0721829999999,40.071154]},"properties":{"stop_id":"23527","stop_name":"Rhawn St & Bingham St","routes":["28"]}},{"type":"Feature","id":1056,"geometry":{"type":"Point","coordinates":[-75.073953,40.0720160000001]},"properties":{"stop_id":"23528","stop_name":"Rhawn St & Rising Sun Av","routes":["28"]}},{"type":"Feature","id":1076,"geometry":{"type":"Point","coordinates":[-75.098517,40.085766]},"properties":{"stop_id":"23549","stop_name":"Cedar Rd & Fox Chase Rd","routes":["28"]}},{"type":"Feature","id":1105,"geometry":{"type":"Point","coordinates":[-75.133099,40.0599770000001]},"properties":{"stop_id":"23571","stop_name":"Mountain Av & Cheltenham Av","routes":["28"]}},{"type":"Feature","id":1115,"geometry":{"type":"Point","coordinates":[-75.137672,40.046636]},"properties":{"stop_id":"17713","stop_name":"11th St & Godfrey Av - FS","routes":["28","57","70"]}},{"type":"Feature","id":1120,"geometry":{"type":"Point","coordinates":[-75.1989619999999,39.935531]},"properties":{"stop_id":"539","stop_name":"33rd St & Dickinson St Loop","routes":["29"]}},{"type":"Feature","id":1128,"geometry":{"type":"Point","coordinates":[-75.1900479999999,39.9319530000001]},"properties":{"stop_id":"24183","stop_name":"Morris St & 27th St","routes":["29"]}},{"type":"Feature","id":1135,"geometry":{"type":"Point","coordinates":[-75.178259,39.930458]},"properties":{"stop_id":"540","stop_name":"Morris St & 20th St","routes":["29"]}},{"type":"Feature","id":1136,"geometry":{"type":"Point","coordinates":[-75.17669,39.93024]},"properties":{"stop_id":"24190","stop_name":"Morris St & 19th St","routes":["29"]}},{"type":"Feature","id":1137,"geometry":{"type":"Point","coordinates":[-75.175133,39.9300410000001]},"properties":{"stop_id":"24191","stop_name":"Morris St & 18th St","routes":["29"]}},{"type":"Feature","id":1139,"geometry":{"type":"Point","coordinates":[-75.171947,39.9296330000001]},"properties":{"stop_id":"24193","stop_name":"Morris St & 16th St","routes":["29"]}},{"type":"Feature","id":1140,"geometry":{"type":"Point","coordinates":[-75.170424,39.9294330000001]},"properties":{"stop_id":"24194","stop_name":"Morris St & 15th St","routes":["29"]}},{"type":"Feature","id":1141,"geometry":{"type":"Point","coordinates":[-75.168843,39.929225]},"properties":{"stop_id":"541","stop_name":"Morris St & Broad St","routes":["29"]}},{"type":"Feature","id":1145,"geometry":{"type":"Point","coordinates":[-75.1619049999999,39.928326]},"properties":{"stop_id":"24198","stop_name":"Morris St & 10th St","routes":["29"]}},{"type":"Feature","id":1146,"geometry":{"type":"Point","coordinates":[-75.1603239999999,39.928118]},"properties":{"stop_id":"24199","stop_name":"Morris St & 9th St","routes":["29"]}},{"type":"Feature","id":1147,"geometry":{"type":"Point","coordinates":[-75.158766,39.927909]},"properties":{"stop_id":"24200","stop_name":"Morris St & 8th St","routes":["29"]}},{"type":"Feature","id":1148,"geometry":{"type":"Point","coordinates":[-75.1572209999999,39.927709]},"properties":{"stop_id":"542","stop_name":"Morris St & 7th St","routes":["29"]}},{"type":"Feature","id":1151,"geometry":{"type":"Point","coordinates":[-75.1525129999999,39.927083]},"properties":{"stop_id":"24203","stop_name":"Morris St & 4th St","routes":["29"]}},{"type":"Feature","id":1153,"geometry":{"type":"Point","coordinates":[-75.149257,39.926648]},"properties":{"stop_id":"24205","stop_name":"Morris St & 2nd St","routes":["29"]}},{"type":"Feature","id":1154,"geometry":{"type":"Point","coordinates":[-75.147392,39.926411]},"properties":{"stop_id":"24206","stop_name":"Morris St & Front St","routes":["29"]}},{"type":"Feature","id":1155,"geometry":{"type":"Point","coordinates":[-75.1469039999999,39.92758]},"properties":{"stop_id":"543","stop_name":"Front St & Tasker St","routes":["29"]}},{"type":"Feature","id":1156,"geometry":{"type":"Point","coordinates":[-75.14511,39.9273610000001]},"properties":{"stop_id":"24208","stop_name":"Tasker St & Columbus Blvd","routes":["29","7"]}},{"type":"Feature","id":1157,"geometry":{"type":"Point","coordinates":[-75.142454,39.924383]},"properties":{"stop_id":"24209","stop_name":"Pier 70 Blvd & Columbus Blvd - FS","routes":["29","64","7","76"]}},{"type":"Feature","id":1160,"geometry":{"type":"Point","coordinates":[-75.144508,39.9274050000001]},"properties":{"stop_id":"23977","stop_name":"Tasker St & Columbus Blvd","routes":["29","64","7","76"]}},{"type":"Feature","id":1161,"geometry":{"type":"Point","coordinates":[-75.146856,39.9277040000001]},"properties":{"stop_id":"544","stop_name":"Tasker St & Front St","routes":["29"]}},{"type":"Feature","id":1162,"geometry":{"type":"Point","coordinates":[-75.148567,39.92794]},"properties":{"stop_id":"24210","stop_name":"Tasker St & 2nd St","routes":["29"]}},{"type":"Feature","id":1163,"geometry":{"type":"Point","coordinates":[-75.150573,39.928212]},"properties":{"stop_id":"24211","stop_name":"Tasker St & Moyamensing Av","routes":["29"]}},{"type":"Feature","id":1164,"geometry":{"type":"Point","coordinates":[-75.152024,39.928412]},"properties":{"stop_id":"24212","stop_name":"Tasker St & 4th St","routes":["29"]}},{"type":"Feature","id":1165,"geometry":{"type":"Point","coordinates":[-75.153581,39.9286030000001]},"properties":{"stop_id":"24213","stop_name":"Tasker St & 5th St","routes":["29"]}},{"type":"Feature","id":1169,"geometry":{"type":"Point","coordinates":[-75.159823,39.929429]},"properties":{"stop_id":"24216","stop_name":"Tasker St & 9th St","routes":["29"]}},{"type":"Feature","id":1173,"geometry":{"type":"Point","coordinates":[-75.1661119999999,39.930254]},"properties":{"stop_id":"24220","stop_name":"Tasker St & 13th St","routes":["29"]}},{"type":"Feature","id":1174,"geometry":{"type":"Point","coordinates":[-75.168189,39.9305170000001]},"properties":{"stop_id":"546","stop_name":"Tasker St & Broad St","routes":["29"]}},{"type":"Feature","id":1175,"geometry":{"type":"Point","coordinates":[-75.169936,39.9307620000001]},"properties":{"stop_id":"24221","stop_name":"Tasker St & 15th St","routes":["29"]}},{"type":"Feature","id":1176,"geometry":{"type":"Point","coordinates":[-75.171529,39.930953]},"properties":{"stop_id":"24222","stop_name":"Tasker St & 16th St","routes":["29"]}},{"type":"Feature","id":1177,"geometry":{"type":"Point","coordinates":[-75.173098,39.931152]},"properties":{"stop_id":"24223","stop_name":"Tasker St & 17th St","routes":["29"]}},{"type":"Feature","id":1178,"geometry":{"type":"Point","coordinates":[-75.174632,39.931361]},"properties":{"stop_id":"24224","stop_name":"Tasker St & 18th St","routes":["29"]}},{"type":"Feature","id":1179,"geometry":{"type":"Point","coordinates":[-75.176213,39.93156]},"properties":{"stop_id":"24225","stop_name":"Tasker St & 19th St","routes":["29"]}},{"type":"Feature","id":1180,"geometry":{"type":"Point","coordinates":[-75.177783,39.9317600000001]},"properties":{"stop_id":"24226","stop_name":"Tasker St & 20th St","routes":["29"]}},{"type":"Feature","id":1186,"geometry":{"type":"Point","coordinates":[-75.188002,39.933074]},"properties":{"stop_id":"24231","stop_name":"Tasker St & 26th St","routes":["29"]}},{"type":"Feature","id":1187,"geometry":{"type":"Point","coordinates":[-75.1895479999999,39.933273]},"properties":{"stop_id":"24232","stop_name":"Tasker St & 27th St","routes":["29"]}},{"type":"Feature","id":1188,"geometry":{"type":"Point","coordinates":[-75.191129,39.9334720000001]},"properties":{"stop_id":"24233","stop_name":"Tasker St & 28th St","routes":["29"]}},{"type":"Feature","id":1193,"geometry":{"type":"Point","coordinates":[-75.199107,39.934496]},"properties":{"stop_id":"20428","stop_name":"Tasker St & 33rd St","routes":["29"]}},{"type":"Feature","id":1195,"geometry":{"type":"Point","coordinates":[-75.258496,39.96207]},"properties":{"stop_id":"33105","stop_name":"69th St TC South Berth 3","routes":["103","104","105","108","109","120","30","65","68"]}},{"type":"Feature","id":1196,"geometry":{"type":"Point","coordinates":[-75.259002,39.9628920000001]},"properties":{"stop_id":"2024","stop_name":"69th St Transit Center North Termin","routes":["103","105","123","30","65"]}},{"type":"Feature","id":1197,"geometry":{"type":"Point","coordinates":[-75.260114,39.972158]},"properties":{"stop_id":"21392","stop_name":"Lansdowne Av & 75th St","routes":["105","30","65"]}},{"type":"Feature","id":1201,"geometry":{"type":"Point","coordinates":[-75.251515,39.971958]},"properties":{"stop_id":"21395","stop_name":"66th St & Haverford Av - FS","routes":["30"]}},{"type":"Feature","id":1202,"geometry":{"type":"Point","coordinates":[-75.251246,39.970878]},"properties":{"stop_id":"21396","stop_name":"66th St & Girard Av - FS","routes":["30"]}},{"type":"Feature","id":1203,"geometry":{"type":"Point","coordinates":[-75.2515329999999,39.969656]},"properties":{"stop_id":"21397","stop_name":"66th St & Callowhill St","routes":["30"]}},{"type":"Feature","id":1204,"geometry":{"type":"Point","coordinates":[-75.2505889999999,39.969235]},"properties":{"stop_id":"21398","stop_name":"Daggett St & Callowhill St - FS","routes":["30"]}},{"type":"Feature","id":1205,"geometry":{"type":"Point","coordinates":[-75.249943,39.9677620000001]},"properties":{"stop_id":"552","stop_name":"Vine St & 65th St","routes":["30"]}},{"type":"Feature","id":1207,"geometry":{"type":"Point","coordinates":[-75.245976,39.967292]},"properties":{"stop_id":"21400","stop_name":"Vine St & 63rd St","routes":["30"]}},{"type":"Feature","id":1208,"geometry":{"type":"Point","coordinates":[-75.2438739999999,39.967021]},"properties":{"stop_id":"21401","stop_name":"Vine St & 62nd St","routes":["30"]}},{"type":"Feature","id":1209,"geometry":{"type":"Point","coordinates":[-75.241878,39.966777]},"properties":{"stop_id":"21402","stop_name":"Vine St & 61st St","routes":["30"]}},{"type":"Feature","id":1211,"geometry":{"type":"Point","coordinates":[-75.237923,39.9662710000001]},"properties":{"stop_id":"553","stop_name":"Vine St & 59th St","routes":["30"]}},{"type":"Feature","id":1212,"geometry":{"type":"Point","coordinates":[-75.235963,39.966036]},"properties":{"stop_id":"21404","stop_name":"Vine St & 58th St","routes":["30"]}},{"type":"Feature","id":1213,"geometry":{"type":"Point","coordinates":[-75.234003,39.965783]},"properties":{"stop_id":"21405","stop_name":"Vine St & 57th St","routes":["30"]}},{"type":"Feature","id":1214,"geometry":{"type":"Point","coordinates":[-75.232007,39.965539]},"properties":{"stop_id":"21406","stop_name":"Vine St & 56th St","routes":["30"]}},{"type":"Feature","id":1215,"geometry":{"type":"Point","coordinates":[-75.230036,39.965295]},"properties":{"stop_id":"21407","stop_name":"Vine St & 55th St","routes":["30"]}},{"type":"Feature","id":1217,"geometry":{"type":"Point","coordinates":[-75.226175,39.9648250000001]},"properties":{"stop_id":"21409","stop_name":"Vine St & 53rd St","routes":["30"]}},{"type":"Feature","id":1218,"geometry":{"type":"Point","coordinates":[-75.224757,39.9648760000001]},"properties":{"stop_id":"554","stop_name":"Haverford Av & 52nd St","routes":["30"]}},{"type":"Feature","id":1219,"geometry":{"type":"Point","coordinates":[-75.222066,39.964211]},"properties":{"stop_id":"21410","stop_name":"Haverford Av & 51st St","routes":["30"]}},{"type":"Feature","id":1220,"geometry":{"type":"Point","coordinates":[-75.220154,39.9637880000001]},"properties":{"stop_id":"21411","stop_name":"Haverford Av & 50th St","routes":["30"]}},{"type":"Feature","id":1221,"geometry":{"type":"Point","coordinates":[-75.2182069999999,39.963125]},"properties":{"stop_id":"21412","stop_name":"Haverford Av & 49th St","routes":["30"]}},{"type":"Feature","id":1222,"geometry":{"type":"Point","coordinates":[-75.216426,39.962452]},"properties":{"stop_id":"21413","stop_name":"Haverford Av & 48th St","routes":["30"]}},{"type":"Feature","id":1223,"geometry":{"type":"Point","coordinates":[-75.213272,39.962518]},"properties":{"stop_id":"21415","stop_name":"Haverford Av & 46th St","routes":["30"]}},{"type":"Feature","id":1224,"geometry":{"type":"Point","coordinates":[-75.210674,39.9625050000001]},"properties":{"stop_id":"21416","stop_name":"Haverford Av & 44th St","routes":["30"]}},{"type":"Feature","id":1225,"geometry":{"type":"Point","coordinates":[-75.209186,39.9622880000001]},"properties":{"stop_id":"21417","stop_name":"Haverford Av & 43rd St","routes":["30"]}},{"type":"Feature","id":1226,"geometry":{"type":"Point","coordinates":[-75.206965,39.9624450000001]},"properties":{"stop_id":"21418","stop_name":"Haverford Av & 42nd St","routes":["30"]}},{"type":"Feature","id":1227,"geometry":{"type":"Point","coordinates":[-75.205654,39.962541]},"properties":{"stop_id":"21419","stop_name":"Haverford Av & 41st St","routes":["30"]}},{"type":"Feature","id":1228,"geometry":{"type":"Point","coordinates":[-75.2040469999999,39.962681]},"properties":{"stop_id":"21420","stop_name":"Haverford Av & Preston St","routes":["30"]}},{"type":"Feature","id":1229,"geometry":{"type":"Point","coordinates":[-75.202441,39.962812]},"properties":{"stop_id":"21421","stop_name":"Haverford Av & 40th St","routes":["30"]}},{"type":"Feature","id":1230,"geometry":{"type":"Point","coordinates":[-75.2023139999999,39.961705]},"properties":{"stop_id":"21422","stop_name":"40th St & Spring Garden St","routes":["0","30","40"]}},{"type":"Feature","id":1231,"geometry":{"type":"Point","coordinates":[-75.2021769999999,39.9604640000001]},"properties":{"stop_id":"21423","stop_name":"40th St & Baring St","routes":["0","30","40"]}},{"type":"Feature","id":1232,"geometry":{"type":"Point","coordinates":[-75.202039,39.959232]},"properties":{"stop_id":"21424","stop_name":"40th St & Powelton Av","routes":["0","30","40"]}},{"type":"Feature","id":1233,"geometry":{"type":"Point","coordinates":[-75.2020209999999,39.9572590000001]},"properties":{"stop_id":"21248","stop_name":"40th-Market","routes":["0","30","40"]}},{"type":"Feature","id":1234,"geometry":{"type":"Point","coordinates":[-75.202333,39.9557960000001]},"properties":{"stop_id":"21425","stop_name":"40th St & Chestnut St","routes":["0","30","40"]}},{"type":"Feature","id":1235,"geometry":{"type":"Point","coordinates":[-75.2026329999999,39.954262]},"properties":{"stop_id":"21426","stop_name":"40th St & Walnut St - FS","routes":["0","30","316","40"]}},{"type":"Feature","id":1237,"geometry":{"type":"Point","coordinates":[-75.20653,39.954421]},"properties":{"stop_id":"21428","stop_name":"42nd St & Walnut St - FS","routes":["30"]}},{"type":"Feature","id":1238,"geometry":{"type":"Point","coordinates":[-75.206721,39.9535460000001]},"properties":{"stop_id":"21429","stop_name":"42nd St & Locust St","routes":["30"]}},{"type":"Feature","id":1239,"geometry":{"type":"Point","coordinates":[-75.206985,39.952342]},"properties":{"stop_id":"21430","stop_name":"42nd St & Spruce St","routes":["30"]}},{"type":"Feature","id":1242,"geometry":{"type":"Point","coordinates":[-75.207174,39.9485940000001]},"properties":{"stop_id":"21433","stop_name":"42nd St & Chester Av","routes":["0","30"]}},{"type":"Feature","id":1243,"geometry":{"type":"Point","coordinates":[-75.2057569999999,39.948466]},"properties":{"stop_id":"20803","stop_name":"Chester Av & 41st St","routes":["30"]}},{"type":"Feature","id":1244,"geometry":{"type":"Point","coordinates":[-75.203535,39.949034]},"properties":{"stop_id":"20730","stop_name":"Woodland Av & 40th St","routes":["30"]}},{"type":"Feature","id":1245,"geometry":{"type":"Point","coordinates":[-75.2015969999999,39.949655]},"properties":{"stop_id":"30814","stop_name":"Woodland Av & 39th St","routes":["30"]}},{"type":"Feature","id":1246,"geometry":{"type":"Point","coordinates":[-75.199415,39.94883]},"properties":{"stop_id":"21435","stop_name":"University Av & Baltimore Av - MBFS","routes":["0","30","42","49","79"]}},{"type":"Feature","id":1248,"geometry":{"type":"Point","coordinates":[-75.196768,39.9458080000001]},"properties":{"stop_id":"21437","stop_name":"Health Sciences Dr & Civic Ctr Blvd","routes":["0","30","42","49"]}},{"type":"Feature","id":1249,"geometry":{"type":"Point","coordinates":[-75.192671,39.9491120000001]},"properties":{"stop_id":"21438","stop_name":"Civic Center Blvd & Convention Av -","routes":["0","30","42","49"]}},{"type":"Feature","id":1250,"geometry":{"type":"Point","coordinates":[-75.1919119999999,39.9501100000001]},"properties":{"stop_id":"21441","stop_name":"33rd St & Spruce St","routes":["0","30","316","42","49"]}},{"type":"Feature","id":1251,"geometry":{"type":"Point","coordinates":[-75.190503,39.9512490000001]},"properties":{"stop_id":"21442","stop_name":"33rd St & Locust St","routes":["30","42","49"]}},{"type":"Feature","id":1252,"geometry":{"type":"Point","coordinates":[-75.1900029999999,39.9524000000001]},"properties":{"stop_id":"21443","stop_name":"33rd St & Walnut St","routes":["0","30","316","42","49"]}},{"type":"Feature","id":1253,"geometry":{"type":"Point","coordinates":[-75.1895949999999,39.954434]},"properties":{"stop_id":"30196","stop_name":"33rd St & Chestnut St - FS","routes":["30"]}},{"type":"Feature","id":1254,"geometry":{"type":"Point","coordinates":[-75.1894619999999,39.955362]},"properties":{"stop_id":"21445","stop_name":"33rd St & Market St","routes":["0","30"]}},{"type":"Feature","id":1259,"geometry":{"type":"Point","coordinates":[-75.189072,39.9556200000001]},"properties":{"stop_id":"573","stop_name":"Market St & 33rd St","routes":["30","31","49"]}},{"type":"Feature","id":1260,"geometry":{"type":"Point","coordinates":[-75.191587,39.9557050000001]},"properties":{"stop_id":"21486","stop_name":"34th St & Market St - FS","routes":["0","30","316"]}},{"type":"Feature","id":1261,"geometry":{"type":"Point","coordinates":[-75.191839,39.9544740000001]},"properties":{"stop_id":"21448","stop_name":"34th St & Chestnut St","routes":["0","30","49"]}},{"type":"Feature","id":1262,"geometry":{"type":"Point","coordinates":[-75.192247,39.9524930000001]},"properties":{"stop_id":"21449","stop_name":"34th St & Walnut St - FS","routes":["0","30","42","49"]}},{"type":"Feature","id":1263,"geometry":{"type":"Point","coordinates":[-75.192619,39.950638]},"properties":{"stop_id":"21450","stop_name":"34th St & Spruce St","routes":["0","30","316","42","49"]}},{"type":"Feature","id":1264,"geometry":{"type":"Point","coordinates":[-75.192956,39.948871]},"properties":{"stop_id":"31393","stop_name":"34th St & Convention Av","routes":["0","30","42","49"]}},{"type":"Feature","id":1266,"geometry":{"type":"Point","coordinates":[-75.19595,39.946896]},"properties":{"stop_id":"30313","stop_name":"Civic Center Blvd & W Service Dr","routes":["30","42","49"]}},{"type":"Feature","id":1267,"geometry":{"type":"Point","coordinates":[-75.197108,39.9463890000001]},"properties":{"stop_id":"30815","stop_name":"Civic Center Blvd & Health Sciences","routes":["30","42","49"]}},{"type":"Feature","id":1269,"geometry":{"type":"Point","coordinates":[-75.1993429999999,39.9491420000001]},"properties":{"stop_id":"21451","stop_name":"University Av & VA Medical Center","routes":["0","30","42","49","79"]}},{"type":"Feature","id":1270,"geometry":{"type":"Point","coordinates":[-75.203535,39.949167]},"properties":{"stop_id":"556","stop_name":"Woodland Av & 40th St","routes":["30","49"]}},{"type":"Feature","id":1271,"geometry":{"type":"Point","coordinates":[-75.206879,39.9485490000001]},"properties":{"stop_id":"20807","stop_name":"Chester Av & 42nd St","routes":["0","30","49"]}},{"type":"Feature","id":1272,"geometry":{"type":"Point","coordinates":[-75.207076,39.949709]},"properties":{"stop_id":"21456","stop_name":"42nd St & Baltimore Av","routes":["0","30","49"]}},{"type":"Feature","id":1274,"geometry":{"type":"Point","coordinates":[-75.206867,39.952163]},"properties":{"stop_id":"21457","stop_name":"42nd St & Spruce St","routes":["0","30"]}},{"type":"Feature","id":1275,"geometry":{"type":"Point","coordinates":[-75.2066159999999,39.953376]},"properties":{"stop_id":"21458","stop_name":"42nd St & Locust St","routes":["30"]}},{"type":"Feature","id":1276,"geometry":{"type":"Point","coordinates":[-75.206376,39.954501]},"properties":{"stop_id":"30821","stop_name":"42nd St & Walnut St","routes":["30"]}},{"type":"Feature","id":1277,"geometry":{"type":"Point","coordinates":[-75.206064,39.956035]},"properties":{"stop_id":"30822","stop_name":"42nd St & Chestnut St","routes":["30"]}},{"type":"Feature","id":1281,"geometry":{"type":"Point","coordinates":[-75.1983499999999,39.956762]},"properties":{"stop_id":"21463","stop_name":"Market St & 38th St - FS","routes":["30","40","79"]}},{"type":"Feature","id":1282,"geometry":{"type":"Point","coordinates":[-75.199507,39.9568980000001]},"properties":{"stop_id":"21464","stop_name":"Market St & 39th St","routes":["30","40"]}},{"type":"Feature","id":1284,"geometry":{"type":"Point","coordinates":[-75.204961,39.957586]},"properties":{"stop_id":"347","stop_name":"Market St & 41st St","routes":["30","40","79"]}},{"type":"Feature","id":1285,"geometry":{"type":"Point","coordinates":[-75.205111,39.9588360000001]},"properties":{"stop_id":"351","stop_name":"41st St & Powelton Av","routes":["0","30","40","79"]}},{"type":"Feature","id":1288,"geometry":{"type":"Point","coordinates":[-75.205501,39.9625050000001]},"properties":{"stop_id":"21465","stop_name":"41st St & Haverford Av","routes":["0","30","40"]}},{"type":"Feature","id":1289,"geometry":{"type":"Point","coordinates":[-75.2067759999999,39.96256]},"properties":{"stop_id":"21466","stop_name":"Haverford Av & 42nd St","routes":["30"]}},{"type":"Feature","id":1290,"geometry":{"type":"Point","coordinates":[-75.208926,39.9623950000001]},"properties":{"stop_id":"21467","stop_name":"Haverford Av & 43rd St","routes":["30"]}},{"type":"Feature","id":1291,"geometry":{"type":"Point","coordinates":[-75.210425,39.962612]},"properties":{"stop_id":"21468","stop_name":"Haverford Av & 44th St","routes":["30"]}},{"type":"Feature","id":1292,"geometry":{"type":"Point","coordinates":[-75.211429,39.962694]},"properties":{"stop_id":"30825","stop_name":"Haverford Av & 46th St - MBNS","routes":["30"]}},{"type":"Feature","id":1294,"geometry":{"type":"Point","coordinates":[-75.216083,39.962523]},"properties":{"stop_id":"21470","stop_name":"Haverford Av & 48th St","routes":["30","64"]}},{"type":"Feature","id":1295,"geometry":{"type":"Point","coordinates":[-75.2180299999999,39.9631870000001]},"properties":{"stop_id":"21471","stop_name":"Haverford Av & 49th St","routes":["30"]}},{"type":"Feature","id":1296,"geometry":{"type":"Point","coordinates":[-75.220386,39.9639680000001]},"properties":{"stop_id":"21472","stop_name":"Haverford Av & 50th St - FS","routes":["30"]}},{"type":"Feature","id":1297,"geometry":{"type":"Point","coordinates":[-75.22183,39.9642910000001]},"properties":{"stop_id":"21473","stop_name":"Haverford Av & 51st St","routes":["30"]}},{"type":"Feature","id":1298,"geometry":{"type":"Point","coordinates":[-75.224521,39.965045]},"properties":{"stop_id":"557","stop_name":"Haverford Av & 52nd St","routes":["30"]}},{"type":"Feature","id":1299,"geometry":{"type":"Point","coordinates":[-75.2260429999999,39.965538]},"properties":{"stop_id":"21474","stop_name":"Haverford Av & 53rd St","routes":["30"]}},{"type":"Feature","id":1302,"geometry":{"type":"Point","coordinates":[-75.231187,39.967332]},"properties":{"stop_id":"21476","stop_name":"Haverford Av & 56th St","routes":["30"]}},{"type":"Feature","id":1305,"geometry":{"type":"Point","coordinates":[-75.237136,39.96901]},"properties":{"stop_id":"558","stop_name":"Haverford Av & 59th St","routes":["30"]}},{"type":"Feature","id":1306,"geometry":{"type":"Point","coordinates":[-75.2389879999999,39.969861]},"properties":{"stop_id":"21479","stop_name":"Haverford Av & 60th St","routes":["30"]}},{"type":"Feature","id":1307,"geometry":{"type":"Point","coordinates":[-75.240781,39.970899]},"properties":{"stop_id":"21041","stop_name":"Haverford Av & 61st St","routes":["0","30"]}},{"type":"Feature","id":1308,"geometry":{"type":"Point","coordinates":[-75.2427039999999,39.971642]},"properties":{"stop_id":"21042","stop_name":"Haverford Av & 62nd St","routes":["0","30"]}},{"type":"Feature","id":1309,"geometry":{"type":"Point","coordinates":[-75.2446409999999,39.9718950000001]},"properties":{"stop_id":"21481","stop_name":"Haverford Av & 63rd St","routes":["0","30"]}},{"type":"Feature","id":1310,"geometry":{"type":"Point","coordinates":[-75.246814,39.972157]},"properties":{"stop_id":"21482","stop_name":"Haverford Av & 64th St","routes":["30"]}},{"type":"Feature","id":1311,"geometry":{"type":"Point","coordinates":[-75.248679,39.972383]},"properties":{"stop_id":"559","stop_name":"Haverford Av & 65th St","routes":["30"]}},{"type":"Feature","id":1312,"geometry":{"type":"Point","coordinates":[-75.251385,39.972181]},"properties":{"stop_id":"21488","stop_name":"Haverford Av & 66th St","routes":["30"]}},{"type":"Feature","id":1315,"geometry":{"type":"Point","coordinates":[-75.258788,39.973414]},"properties":{"stop_id":"19536","stop_name":"Lansdowne Av & Haverford Av - FS","routes":["105","30","65"]}},{"type":"Feature","id":1316,"geometry":{"type":"Point","coordinates":[-75.2600429999999,39.972363]},"properties":{"stop_id":"21484","stop_name":"Lansdowne Av & 75th St - FS","routes":["105","30","65"]}},{"type":"Feature","id":1318,"geometry":{"type":"Point","coordinates":[-75.258248,39.962115]},"properties":{"stop_id":"33107","stop_name":"69th St TC South DropOff","routes":["103","104","105","108","109","110","111","113","120","30","65","68"]}},{"type":"Feature","id":1319,"geometry":{"type":"Point","coordinates":[-75.270814,39.9785710000001]},"properties":{"stop_id":"563","stop_name":"76th St & City Av - FS","routes":["31"]}},{"type":"Feature","id":1320,"geometry":{"type":"Point","coordinates":[-75.2684389999999,39.978862]},"properties":{"stop_id":"19529","stop_name":"Overbrook Av & Haverford Av","routes":["31"]}},{"type":"Feature","id":1321,"geometry":{"type":"Point","coordinates":[-75.2669759999999,39.978057]},"properties":{"stop_id":"19530","stop_name":"Haverford Rd & Sherwood Rd","routes":["105","31"]}},{"type":"Feature","id":1324,"geometry":{"type":"Point","coordinates":[-75.263153,39.975741]},"properties":{"stop_id":"19533","stop_name":"Haverford Av & Malvern Av","routes":["105","31"]}},{"type":"Feature","id":1325,"geometry":{"type":"Point","coordinates":[-75.2615249999999,39.975016]},"properties":{"stop_id":"21489","stop_name":"Haverford Av & Rhoads St","routes":["105","31"]}},{"type":"Feature","id":1332,"geometry":{"type":"Point","coordinates":[-75.245719,39.975261]},"properties":{"stop_id":"21493","stop_name":"Lansdowne Av & 63rd St","routes":["31"]}},{"type":"Feature","id":1334,"geometry":{"type":"Point","coordinates":[-75.245042,39.9722350000001]},"properties":{"stop_id":"564","stop_name":"63rd St & Master St","routes":["31"]}},{"type":"Feature","id":1337,"geometry":{"type":"Point","coordinates":[-75.245869,39.967408]},"properties":{"stop_id":"21496","stop_name":"63rd St & Vine St","routes":["31"]}},{"type":"Feature","id":1340,"geometry":{"type":"Point","coordinates":[-75.246519,39.962562]},"properties":{"stop_id":"31042","stop_name":"Market St & 63rd St - FS","routes":["31"]}},{"type":"Feature","id":1341,"geometry":{"type":"Point","coordinates":[-75.2444879999999,39.9623090000001]},"properties":{"stop_id":"31043","stop_name":"Market St & 62nd St - FS","routes":["31"]}},{"type":"Feature","id":1342,"geometry":{"type":"Point","coordinates":[-75.242564,39.9620570000001]},"properties":{"stop_id":"31044","stop_name":"Market St & 61st St - FS","routes":["31"]}},{"type":"Feature","id":1344,"geometry":{"type":"Point","coordinates":[-75.2386089999999,39.9615870000001]},"properties":{"stop_id":"31045","stop_name":"Market St & 59th St - FS","routes":["31"]}},{"type":"Feature","id":1345,"geometry":{"type":"Point","coordinates":[-75.2366249999999,39.9613340000001]},"properties":{"stop_id":"31046","stop_name":"Market St & 58th St - FS","routes":["31"]}},{"type":"Feature","id":1346,"geometry":{"type":"Point","coordinates":[-75.234701,39.9610900000001]},"properties":{"stop_id":"31047","stop_name":"Market St & 57th St - FS","routes":["31"]}},{"type":"Feature","id":1347,"geometry":{"type":"Point","coordinates":[-75.2330009999999,39.960873]},"properties":{"stop_id":"1391","stop_name":"Market St & 56th St","routes":["0","31"]}},{"type":"Feature","id":1348,"geometry":{"type":"Point","coordinates":[-75.2306159999999,39.96061]},"properties":{"stop_id":"31141","stop_name":"Market St & 55th St - FS","routes":["31"]}},{"type":"Feature","id":1349,"geometry":{"type":"Point","coordinates":[-75.228467,39.960339]},"properties":{"stop_id":"1401","stop_name":"Market St & 54th St - FS","routes":["31"]}},{"type":"Feature","id":1350,"geometry":{"type":"Point","coordinates":[-75.2266959999999,39.9601220000001]},"properties":{"stop_id":"31142","stop_name":"Market St & 53rd St - FS","routes":["31"]}},{"type":"Feature","id":1351,"geometry":{"type":"Point","coordinates":[-75.224736,39.95986]},"properties":{"stop_id":"18993","stop_name":"Market St & 52nd St - FS","routes":["0","31"]}},{"type":"Feature","id":1352,"geometry":{"type":"Point","coordinates":[-75.222753,39.959616]},"properties":{"stop_id":"31143","stop_name":"Market St & 51st St - FS","routes":["31"]}},{"type":"Feature","id":1353,"geometry":{"type":"Point","coordinates":[-75.220746,39.959372]},"properties":{"stop_id":"31144","stop_name":"Market St & 50th St - FS","routes":["31"]}},{"type":"Feature","id":1354,"geometry":{"type":"Point","coordinates":[-75.218904,39.9591360000001]},"properties":{"stop_id":"31145","stop_name":"Market St & 49th St - FS","routes":["31"]}},{"type":"Feature","id":1355,"geometry":{"type":"Point","coordinates":[-75.2168139999999,39.958874]},"properties":{"stop_id":"31146","stop_name":"Market St & 48th St - FS","routes":["31"]}},{"type":"Feature","id":1356,"geometry":{"type":"Point","coordinates":[-75.2138849999999,39.9588870000001]},"properties":{"stop_id":"31722","stop_name":"46th St & Market St - FS","routes":["31"]}},{"type":"Feature","id":1365,"geometry":{"type":"Point","coordinates":[-75.202717,39.965106]},"properties":{"stop_id":"21511","stop_name":"Fairmount Av & 40th St","routes":["31"]}},{"type":"Feature","id":1369,"geometry":{"type":"Point","coordinates":[-75.196269,39.9648080000001]},"properties":{"stop_id":"21515","stop_name":"37th St & Wallace St","routes":["31"]}},{"type":"Feature","id":1370,"geometry":{"type":"Point","coordinates":[-75.19606,39.9636300000001]},"properties":{"stop_id":"21516","stop_name":"37th St & Haverford Av","routes":["31"]}},{"type":"Feature","id":1371,"geometry":{"type":"Point","coordinates":[-75.19584,39.962496]},"properties":{"stop_id":"21517","stop_name":"37th St & Spring Garden St","routes":["31"]}},{"type":"Feature","id":1372,"geometry":{"type":"Point","coordinates":[-75.195712,39.961755]},"properties":{"stop_id":"21518","stop_name":"37th St & Hamilton St","routes":["31"]}},{"type":"Feature","id":1373,"geometry":{"type":"Point","coordinates":[-75.195219,39.9609060000001]},"properties":{"stop_id":"21519","stop_name":"Baring St & 37th St - FS","routes":["31"]}},{"type":"Feature","id":1377,"geometry":{"type":"Point","coordinates":[-75.190981,39.960273]},"properties":{"stop_id":"21523","stop_name":"34th St & Powelton Av","routes":["31"]}},{"type":"Feature","id":1378,"geometry":{"type":"Point","coordinates":[-75.19095,39.9588360000001]},"properties":{"stop_id":"21524","stop_name":"34th St & Race St","routes":["31"]}},{"type":"Feature","id":1379,"geometry":{"type":"Point","coordinates":[-75.191227,39.9574450000001]},"properties":{"stop_id":"21525","stop_name":"34th St & Lancaster Av","routes":["31"]}},{"type":"Feature","id":1380,"geometry":{"type":"Point","coordinates":[-75.191244,39.955767]},"properties":{"stop_id":"21447","stop_name":"Market St & 34th St - FS","routes":["31"]}},{"type":"Feature","id":1381,"geometry":{"type":"Point","coordinates":[-75.189603,39.955567]},"properties":{"stop_id":"21526","stop_name":"Market St & 33rd St","routes":["31"]}},{"type":"Feature","id":1382,"geometry":{"type":"Point","coordinates":[-75.188352,39.955404]},"properties":{"stop_id":"21527","stop_name":"Market St & 32nd St","routes":["31"]}},{"type":"Feature","id":1387,"geometry":{"type":"Point","coordinates":[-75.176453,39.953899]},"properties":{"stop_id":"20644","stop_name":"Market St & 22nd St - FS","routes":["125","31","44"]}},{"type":"Feature","id":1388,"geometry":{"type":"Point","coordinates":[-75.174789,39.953691]},"properties":{"stop_id":"18447","stop_name":"Market St & 21st St - FS","routes":["125","31","44","48"]}},{"type":"Feature","id":1389,"geometry":{"type":"Point","coordinates":[-75.173325,39.953509]},"properties":{"stop_id":"18448","stop_name":"Market St & 20th St","routes":["125","31","44","48"]}},{"type":"Feature","id":1390,"geometry":{"type":"Point","coordinates":[-75.1717199999999,39.9533190000001]},"properties":{"stop_id":"10275","stop_name":"Market St & 19th St","routes":["0","124","125","17","31","38","44","48"]}},{"type":"Feature","id":1391,"geometry":{"type":"Point","coordinates":[-75.170173,39.9531190000001]},"properties":{"stop_id":"10272","stop_name":"Market St & 18th St","routes":["124","125","17","31","32","33","38","44","48"]}},{"type":"Feature","id":1392,"geometry":{"type":"Point","coordinates":[-75.167045,39.9527380000001]},"properties":{"stop_id":"18451","stop_name":"Market St & 16th St","routes":["124","125","17","31","32","33","38","44","48"]}},{"type":"Feature","id":1393,"geometry":{"type":"Point","coordinates":[-75.165475,39.952547]},"properties":{"stop_id":"10266","stop_name":"Market St & 15th St","routes":["0","124","125","17","31","32","33","38","44","48"]}},{"type":"Feature","id":1394,"geometry":{"type":"Point","coordinates":[-75.165537,39.9517970000001]},"properties":{"stop_id":"30828","stop_name":"15th St & Ranstead St","routes":["31"]}},{"type":"Feature","id":1396,"geometry":{"type":"Point","coordinates":[-75.16372,39.951437]},"properties":{"stop_id":"20414","stop_name":"Broad St & S Penn Square","routes":["0","16","27","31","32","4"]}},{"type":"Feature","id":1398,"geometry":{"type":"Point","coordinates":[-75.1647629999999,39.953652]},"properties":{"stop_id":"17842","stop_name":"JFK Blvd & 15th St","routes":["0","124","125","17","27","31","32","33","38","44","446"]}},{"type":"Feature","id":1399,"geometry":{"type":"Point","coordinates":[-75.168056,39.954061]},"properties":{"stop_id":"8936","stop_name":"JFK Blvd & 17th St","routes":["0","124","125","17","31","32","33","38","44","446"]}},{"type":"Feature","id":1400,"geometry":{"type":"Point","coordinates":[-75.169567,39.9542510000001]},"properties":{"stop_id":"8938","stop_name":"JFK Blvd & 18th St","routes":["0","124","125","31","32","33","38","44","446"]}},{"type":"Feature","id":1401,"geometry":{"type":"Point","coordinates":[-75.171208,39.95446]},"properties":{"stop_id":"8939","stop_name":"JFK Blvd & 19th St","routes":["0","124","125","31","33","38","44"]}},{"type":"Feature","id":1402,"geometry":{"type":"Point","coordinates":[-75.173194,39.95392]},"properties":{"stop_id":"2821","stop_name":"20th St & Market St","routes":["125","31"]}},{"type":"Feature","id":1403,"geometry":{"type":"Point","coordinates":[-75.1765,39.954069]},"properties":{"stop_id":"10281","stop_name":"Market St & 22nd St","routes":["125","31","49","7"]}},{"type":"Feature","id":1404,"geometry":{"type":"Point","coordinates":[-75.177941,39.95392]},"properties":{"stop_id":"93","stop_name":"23rd St & Market St - FS","routes":["31","49","7"]}},{"type":"Feature","id":1405,"geometry":{"type":"Point","coordinates":[-75.178265,39.952484]},"properties":{"stop_id":"20510","stop_name":"23rd St & Chestnut St - FS","routes":["31","49","7"]}},{"type":"Feature","id":1406,"geometry":{"type":"Point","coordinates":[-75.1785169999999,39.951199]},"properties":{"stop_id":"22234","stop_name":"23rd St & Walnut St","routes":["31","49","7"]}},{"type":"Feature","id":1408,"geometry":{"type":"Point","coordinates":[-75.1817819999999,39.9530090000001]},"properties":{"stop_id":"20407","stop_name":"Schuylkill Av & Chestnut St","routes":["31","49","9"]}},{"type":"Feature","id":1409,"geometry":{"type":"Point","coordinates":[-75.1814689999999,39.954668]},"properties":{"stop_id":"30577","stop_name":"Market St & Schuylkill Av - FS","routes":["31","49"]}},{"type":"Feature","id":1414,"geometry":{"type":"Point","coordinates":[-75.189042,39.9574940000001]},"properties":{"stop_id":"21537","stop_name":"33rd St & Arch St","routes":["31"]}},{"type":"Feature","id":1415,"geometry":{"type":"Point","coordinates":[-75.189132,39.958717]},"properties":{"stop_id":"21538","stop_name":"33rd St & Race St","routes":["31"]}},{"type":"Feature","id":1416,"geometry":{"type":"Point","coordinates":[-75.189351,39.960288]},"properties":{"stop_id":"21539","stop_name":"33rd St & Powelton Av","routes":["31"]}},{"type":"Feature","id":1417,"geometry":{"type":"Point","coordinates":[-75.189914,39.961619]},"properties":{"stop_id":"21540","stop_name":"Baring St & 33rd St - FS","routes":["31"]}},{"type":"Feature","id":1421,"geometry":{"type":"Point","coordinates":[-75.1927449999999,39.9626860000001]},"properties":{"stop_id":"21596","stop_name":"35th St & Spring Garden St","routes":["31"]}},{"type":"Feature","id":1422,"geometry":{"type":"Point","coordinates":[-75.192953,39.9638200000001]},"properties":{"stop_id":"21612","stop_name":"35th St & Haverford St","routes":["31"]}},{"type":"Feature","id":1440,"geometry":{"type":"Point","coordinates":[-75.2131899999999,39.9624020000001]},"properties":{"stop_id":"21636","stop_name":"46th St & Haverford Av - FS","routes":["31","64"]}},{"type":"Feature","id":1442,"geometry":{"type":"Point","coordinates":[-75.214015,39.9589320000001]},"properties":{"stop_id":"575","stop_name":"46th St & Market St","routes":["31"]}},{"type":"Feature","id":1443,"geometry":{"type":"Point","coordinates":[-75.21718,39.959187]},"properties":{"stop_id":"22996","stop_name":"Market St & 48th St - FS","routes":["31"]}},{"type":"Feature","id":1444,"geometry":{"type":"Point","coordinates":[-75.219009,39.9594040000001]},"properties":{"stop_id":"22998","stop_name":"Market St & 49th St","routes":["31"]}},{"type":"Feature","id":1445,"geometry":{"type":"Point","coordinates":[-75.2211349999999,39.9596760000001]},"properties":{"stop_id":"22999","stop_name":"Market St & 50th St - FS","routes":["31"]}},{"type":"Feature","id":1446,"geometry":{"type":"Point","coordinates":[-75.223106,39.959929]},"properties":{"stop_id":"23001","stop_name":"Market St & 51st St - FS","routes":["31"]}},{"type":"Feature","id":1447,"geometry":{"type":"Point","coordinates":[-75.2247589999999,39.960128]},"properties":{"stop_id":"19028","stop_name":"Market St & 52nd St","routes":["0","31"]}},{"type":"Feature","id":1448,"geometry":{"type":"Point","coordinates":[-75.227049,39.960408]},"properties":{"stop_id":"23003","stop_name":"Market St & 53rd St - FS","routes":["31"]}},{"type":"Feature","id":1449,"geometry":{"type":"Point","coordinates":[-75.228809,39.960634]},"properties":{"stop_id":"23004","stop_name":"Market St & 54th St - FS","routes":["31"]}},{"type":"Feature","id":1450,"geometry":{"type":"Point","coordinates":[-75.230993,39.960896]},"properties":{"stop_id":"23005","stop_name":"Market St & 55th St - FS","routes":["31"]}},{"type":"Feature","id":1451,"geometry":{"type":"Point","coordinates":[-75.2330229999999,39.9611590000001]},"properties":{"stop_id":"1396","stop_name":"Market St & 56th St - FS","routes":["0","31"]}},{"type":"Feature","id":1452,"geometry":{"type":"Point","coordinates":[-75.2350539999999,39.961412]},"properties":{"stop_id":"1398","stop_name":"Market St & 57th St - FS","routes":["31"]}},{"type":"Feature","id":1453,"geometry":{"type":"Point","coordinates":[-75.2369899999999,39.9616560000001]},"properties":{"stop_id":"1399","stop_name":"Market St & 58th St - FS","routes":["31"]}},{"type":"Feature","id":1454,"geometry":{"type":"Point","coordinates":[-75.238962,39.961908]},"properties":{"stop_id":"1400","stop_name":"Market St & 59th St - FS","routes":["31"]}},{"type":"Feature","id":1456,"geometry":{"type":"Point","coordinates":[-75.242587,39.9623510000001]},"properties":{"stop_id":"23009","stop_name":"Market St & 61st St","routes":["31"]}},{"type":"Feature","id":1457,"geometry":{"type":"Point","coordinates":[-75.244948,39.9626400000001]},"properties":{"stop_id":"23010","stop_name":"Market St & 62nd St - FS","routes":["31"]}},{"type":"Feature","id":1458,"geometry":{"type":"Point","coordinates":[-75.2465769999999,39.962857]},"properties":{"stop_id":"31723","stop_name":"Market St & 63rd St","routes":["0","31"]}},{"type":"Feature","id":1461,"geometry":{"type":"Point","coordinates":[-75.245739,39.9672380000001]},"properties":{"stop_id":"23017","stop_name":"63rd St & Vine St","routes":["31"]}},{"type":"Feature","id":1464,"geometry":{"type":"Point","coordinates":[-75.244818,39.9717350000001]},"properties":{"stop_id":"577","stop_name":"63rd St & Haverford Av","routes":["31"]}},{"type":"Feature","id":1466,"geometry":{"type":"Point","coordinates":[-75.246144,39.9753240000001]},"properties":{"stop_id":"30831","stop_name":"Lansdowne Av & 63rd St - MBFS","routes":["31"]}},{"type":"Feature","id":1474,"geometry":{"type":"Point","coordinates":[-75.261312,39.975042]},"properties":{"stop_id":"19492","stop_name":"Haverford Av & Rhoads St","routes":["105","31"]}},{"type":"Feature","id":1475,"geometry":{"type":"Point","coordinates":[-75.263141,39.975875]},"properties":{"stop_id":"19494","stop_name":"Haverford Av & Malvern Av - FS","routes":["105","31"]}},{"type":"Feature","id":1480,"geometry":{"type":"Point","coordinates":[-75.271399,39.9758670000001]},"properties":{"stop_id":"21672","stop_name":"Sherwood Rd & 77th St","routes":["31"]}},{"type":"Feature","id":1481,"geometry":{"type":"Point","coordinates":[-75.272329,39.9769220000001]},"properties":{"stop_id":"21674","stop_name":"77th St & Overbrook Av","routes":["103","31"]}},{"type":"Feature","id":1482,"geometry":{"type":"Point","coordinates":[-75.2734129999999,39.978235]},"properties":{"stop_id":"21675","stop_name":"77th St & City Av","routes":["103","31"]}},{"type":"Feature","id":1483,"geometry":{"type":"Point","coordinates":[-75.272302,39.978796]},"properties":{"stop_id":"26082","stop_name":"City Line Av & Trent Rd","routes":["31"]}},{"type":"Feature","id":1485,"geometry":{"type":"Point","coordinates":[-75.166219,39.9399020000001]},"properties":{"stop_id":"5166","stop_name":"Broad St & Christian St","routes":["27","32","4"]}},{"type":"Feature","id":1486,"geometry":{"type":"Point","coordinates":[-75.16605,39.940687]},"properties":{"stop_id":"5152","stop_name":"Broad St & Catharine St","routes":["27","32","4"]}},{"type":"Feature","id":1487,"geometry":{"type":"Point","coordinates":[-75.165834,39.941668]},"properties":{"stop_id":"5195","stop_name":"Broad St & Fitzwater St","routes":["27","32","4"]}},{"type":"Feature","id":1488,"geometry":{"type":"Point","coordinates":[-75.1656179999999,39.942641]},"properties":{"stop_id":"5135","stop_name":"Broad St & Bainbridge St","routes":["27","32","4"]}},{"type":"Feature","id":1489,"geometry":{"type":"Point","coordinates":[-75.165426,39.943524]},"properties":{"stop_id":"14996","stop_name":"Broad St & South St","routes":["0","27","32","4"]}},{"type":"Feature","id":1490,"geometry":{"type":"Point","coordinates":[-75.1652099999999,39.944514]},"properties":{"stop_id":"5233","stop_name":"Broad St & Lombard St","routes":["0","27","32","4"]}},{"type":"Feature","id":1491,"geometry":{"type":"Point","coordinates":[-75.165018,39.945433]},"properties":{"stop_id":"5281","stop_name":"Broad St & Pine St","routes":["27","32","4","40"]}},{"type":"Feature","id":1492,"geometry":{"type":"Point","coordinates":[-75.164705,39.946869]},"properties":{"stop_id":"5318","stop_name":"Broad St & Spruce St","routes":["27","32","4"]}},{"type":"Feature","id":1493,"geometry":{"type":"Point","coordinates":[-75.164453,39.9480820000001]},"properties":{"stop_id":"5229","stop_name":"Broad St & Locust St","routes":["0","27","32","4"]}},{"type":"Feature","id":1494,"geometry":{"type":"Point","coordinates":[-75.1642009999999,39.9492060000001]},"properties":{"stop_id":"15941","stop_name":"Broad St & Walnut St","routes":["0","27","32","4"]}},{"type":"Feature","id":1500,"geometry":{"type":"Point","coordinates":[-75.169505,39.955153]},"properties":{"stop_id":"15947","stop_name":"18th St & Arch St","routes":["32","446"]}},{"type":"Feature","id":1501,"geometry":{"type":"Point","coordinates":[-75.168855,39.9584090000001]},"properties":{"stop_id":"15948","stop_name":"18th St & Vine St","routes":["32","446"]}},{"type":"Feature","id":1502,"geometry":{"type":"Point","coordinates":[-75.170246,39.959126]},"properties":{"stop_id":"1321","stop_name":"Vine St & 19th St","routes":["0","32","446","448"]}},{"type":"Feature","id":1503,"geometry":{"type":"Point","coordinates":[-75.1716509999999,39.9592710000001]},"properties":{"stop_id":"15950","stop_name":"Vine St & 20th St","routes":["32","446","448"]}},{"type":"Feature","id":1504,"geometry":{"type":"Point","coordinates":[-75.173513,39.9605070000001]},"properties":{"stop_id":"15951","stop_name":"Ben Franklin Pkwy & 21th St","routes":["32","38","446","448"]}},{"type":"Feature","id":1505,"geometry":{"type":"Point","coordinates":[-75.1749379999999,39.9615450000001]},"properties":{"stop_id":"15952","stop_name":"Ben Franklin Pkwy & 22nd St","routes":["32","38","446","448"]}},{"type":"Feature","id":1506,"geometry":{"type":"Point","coordinates":[-75.1758149999999,39.9641260000001]},"properties":{"stop_id":"15954","stop_name":"Pennsylvania Av & Spring Garden St","routes":["32","446","448"]}},{"type":"Feature","id":1507,"geometry":{"type":"Point","coordinates":[-75.177428,39.9654770000001]},"properties":{"stop_id":"19697","stop_name":"Pennsylvania Av & 24th St","routes":["32","446","448"]}},{"type":"Feature","id":1508,"geometry":{"type":"Point","coordinates":[-75.1787229999999,39.9667470000001]},"properties":{"stop_id":"19698","stop_name":"Pennsylvania Av & 25th St","routes":["32","446","448"]}},{"type":"Feature","id":1509,"geometry":{"type":"Point","coordinates":[-75.1794409999999,39.967382]},"properties":{"stop_id":"31115","stop_name":"Pennsylvania Av & Fairmount Av","routes":["32","446","448"]}},{"type":"Feature","id":1510,"geometry":{"type":"Point","coordinates":[-75.180065,39.9678740000001]},"properties":{"stop_id":"19699","stop_name":"Pennsylvania Av & 26th St","routes":["0","32","446","448","49","7"]}},{"type":"Feature","id":1511,"geometry":{"type":"Point","coordinates":[-75.18109,39.9687240000001]},"properties":{"stop_id":"15955","stop_name":"Pennsylvania Av & 27th St - MBNS","routes":["32","446","448","49","7"]}},{"type":"Feature","id":1513,"geometry":{"type":"Point","coordinates":[-75.1809499999999,39.971508]},"properties":{"stop_id":"2880","stop_name":"27th St & Parrish St","routes":["32","446","448","48","49","7"]}},{"type":"Feature","id":1514,"geometry":{"type":"Point","coordinates":[-75.180674,39.9727570000001]},"properties":{"stop_id":"584","stop_name":"27th St & Poplar St","routes":["0","32","446","448","48","49","7"]}},{"type":"Feature","id":1515,"geometry":{"type":"Point","coordinates":[-75.182067,39.9730460000001]},"properties":{"stop_id":"11944","stop_name":"Poplar St & 28th St","routes":["32","446","448","48","49"]}},{"type":"Feature","id":1516,"geometry":{"type":"Point","coordinates":[-75.183661,39.973236]},"properties":{"stop_id":"14941","stop_name":"Poplar St & 29th St","routes":["32","446","448","48","49"]}},{"type":"Feature","id":1517,"geometry":{"type":"Point","coordinates":[-75.185303,39.973445]},"properties":{"stop_id":"15960","stop_name":"Poplar St & 30th St","routes":["32","446","448","49"]}},{"type":"Feature","id":1518,"geometry":{"type":"Point","coordinates":[-75.187825,39.974967]},"properties":{"stop_id":"585","stop_name":"Poplar Dr & Girard Av","routes":["32","446","448","49"]}},{"type":"Feature","id":1537,"geometry":{"type":"Point","coordinates":[-75.178713,40.0033300000001]},"properties":{"stop_id":"16003","stop_name":"Clearfield St & 30th St","routes":["32","446","448"]}},{"type":"Feature","id":1538,"geometry":{"type":"Point","coordinates":[-75.178436,40.004785]},"properties":{"stop_id":"587","stop_name":"30th St & Allegheny Av","routes":["0","32","446","448"]}},{"type":"Feature","id":1541,"geometry":{"type":"Point","coordinates":[-75.1820289999999,40.011557]},"properties":{"stop_id":"16005","stop_name":"Henry Av & Abbottsford Av","routes":["32","442","446","447","448","82"]}},{"type":"Feature","id":1542,"geometry":{"type":"Point","coordinates":[-75.183384,40.0127820000001]},"properties":{"stop_id":"16006","stop_name":"Henry Av & Indian Queen Ln - MBNS","routes":["32","442","446","447","448","82"]}},{"type":"Feature","id":1543,"geometry":{"type":"Point","coordinates":[-75.186943,40.0158420000001]},"properties":{"stop_id":"16009","stop_name":"Henry Av & Queen Ln","routes":["32","442","446","447","448","82"]}},{"type":"Feature","id":1544,"geometry":{"type":"Point","coordinates":[-75.188204,40.016942]},"properties":{"stop_id":"19704","stop_name":"Henry Av & Midvale Av","routes":["0","32","442","446","447","448"]}},{"type":"Feature","id":1545,"geometry":{"type":"Point","coordinates":[-75.1891229999999,40.017702]},"properties":{"stop_id":"16010","stop_name":"Henry Av & Coulter St","routes":["32","442","446","447","448"]}},{"type":"Feature","id":1546,"geometry":{"type":"Point","coordinates":[-75.192222,40.020475]},"properties":{"stop_id":"16011","stop_name":"Henry Av & School House Ln","routes":["32","442","446","447","448"]}},{"type":"Feature","id":1547,"geometry":{"type":"Point","coordinates":[-75.1944369999999,40.0227550000001]},"properties":{"stop_id":"19709","stop_name":"Henry Av & Phila University Dr","routes":["32","442","446","447","448"]}},{"type":"Feature","id":1548,"geometry":{"type":"Point","coordinates":[-75.203139,40.0259310000001]},"properties":{"stop_id":"16012","stop_name":"Henry Av & Hermit St","routes":["32","442","446","447","448"]}},{"type":"Feature","id":1549,"geometry":{"type":"Point","coordinates":[-75.2043879999999,40.0271730000001]},"properties":{"stop_id":"16013","stop_name":"Henry Av & Markle St","routes":["32","442","446","447","448"]}},{"type":"Feature","id":1550,"geometry":{"type":"Point","coordinates":[-75.2058479999999,40.0292200000001]},"properties":{"stop_id":"16014","stop_name":"Henry Av & Wendover","routes":["32","438","442","446","447","448"]}},{"type":"Feature","id":1551,"geometry":{"type":"Point","coordinates":[-75.2068599999999,40.030552]},"properties":{"stop_id":"16016","stop_name":"Henry Av & Rector St","routes":["32","438","442","446","447","448"]}},{"type":"Feature","id":1552,"geometry":{"type":"Point","coordinates":[-75.2079919999999,40.031526]},"properties":{"stop_id":"16017","stop_name":"Roxborough Av & Henry Av - FS","routes":["32","446","448"]}},{"type":"Feature","id":1553,"geometry":{"type":"Point","coordinates":[-75.209436,40.0308860000001]},"properties":{"stop_id":"16018","stop_name":"Roxborough Av & Houghton St","routes":["32","442","446","448"]}},{"type":"Feature","id":1564,"geometry":{"type":"Point","coordinates":[-75.219062,40.0300550000001]},"properties":{"stop_id":"18586","stop_name":"Lyceum Av & Manayunk Av","routes":["27","32"]}},{"type":"Feature","id":1574,"geometry":{"type":"Point","coordinates":[-75.2097439999999,40.030628]},"properties":{"stop_id":"16521","stop_name":"Roxborough Av & Houghton St","routes":["32","446"]}},{"type":"Feature","id":1575,"geometry":{"type":"Point","coordinates":[-75.207909,40.031437]},"properties":{"stop_id":"16523","stop_name":"Roxborough Av & Henry Av","routes":["32","446"]}},{"type":"Feature","id":1576,"geometry":{"type":"Point","coordinates":[-75.20712,40.030579]},"properties":{"stop_id":"16525","stop_name":"Henry Av & Rector St","routes":["32","438","446","447"]}},{"type":"Feature","id":1577,"geometry":{"type":"Point","coordinates":[-75.205908,40.02889]},"properties":{"stop_id":"16527","stop_name":"Henry Av & Walnut Ln","routes":["32","438","446","447"]}},{"type":"Feature","id":1578,"geometry":{"type":"Point","coordinates":[-75.204707,40.027228]},"properties":{"stop_id":"16528","stop_name":"Henry Av & Markle St","routes":["32","446","447"]}},{"type":"Feature","id":1579,"geometry":{"type":"Point","coordinates":[-75.203458,40.0258600000001]},"properties":{"stop_id":"16529","stop_name":"Henry Av & Hermit St","routes":["32","446","447"]}},{"type":"Feature","id":1580,"geometry":{"type":"Point","coordinates":[-75.194556,40.0225320000001]},"properties":{"stop_id":"19708","stop_name":"Henry Av & Phila University Dr","routes":["32","446","447"]}},{"type":"Feature","id":1581,"geometry":{"type":"Point","coordinates":[-75.192601,40.020449]},"properties":{"stop_id":"16530","stop_name":"Henry Av & School House Ln","routes":["32","446","447"]}},{"type":"Feature","id":1582,"geometry":{"type":"Point","coordinates":[-75.189312,40.0177380000001]},"properties":{"stop_id":"16531","stop_name":"Henry Av & Coulter St","routes":["32","446","447"]}},{"type":"Feature","id":1583,"geometry":{"type":"Point","coordinates":[-75.188523,40.017032]},"properties":{"stop_id":"16532","stop_name":"Henry Av & Midvale Av","routes":["32","446","447"]}},{"type":"Feature","id":1584,"geometry":{"type":"Point","coordinates":[-75.187191,40.015878]},"properties":{"stop_id":"16533","stop_name":"Henry Av & Queen Ln","routes":["32","446","447","82"]}},{"type":"Feature","id":1585,"geometry":{"type":"Point","coordinates":[-75.1834899999999,40.012702]},"properties":{"stop_id":"19703","stop_name":"Henry Av & Indian Queen Ln - MBFS","routes":["32","446","447","82"]}},{"type":"Feature","id":1586,"geometry":{"type":"Point","coordinates":[-75.1820299999999,40.0113160000001]},"properties":{"stop_id":"16536","stop_name":"Henry Av & Abbottsford Av - FS","routes":["32","446","447"]}},{"type":"Feature","id":1589,"geometry":{"type":"Point","coordinates":[-75.178305,40.005141]},"properties":{"stop_id":"16537","stop_name":"Hunting Park Av & Henry Av - FS","routes":["1","32","445","446","447","82"]}},{"type":"Feature","id":1609,"geometry":{"type":"Point","coordinates":[-75.1885329999999,39.9752980000001]},"properties":{"stop_id":"582","stop_name":"33rd St & Girard Av","routes":["32","49"]}},{"type":"Feature","id":1610,"geometry":{"type":"Point","coordinates":[-75.185468,39.9733560000001]},"properties":{"stop_id":"31117","stop_name":"Poplar St & 30th St","routes":["32","49"]}},{"type":"Feature","id":1611,"geometry":{"type":"Point","coordinates":[-75.183862,39.9731560000001]},"properties":{"stop_id":"1313","stop_name":"Poplar St & 29th St","routes":["32","49"]}},{"type":"Feature","id":1612,"geometry":{"type":"Point","coordinates":[-75.182221,39.972948]},"properties":{"stop_id":"16557","stop_name":"Poplar St & 28th St","routes":["32"]}},{"type":"Feature","id":1613,"geometry":{"type":"Point","coordinates":[-75.180863,39.9727750000001]},"properties":{"stop_id":"16558","stop_name":"Poplar St & 27th St","routes":["32"]}},{"type":"Feature","id":1614,"geometry":{"type":"Point","coordinates":[-75.1792579999999,39.9725760000001]},"properties":{"stop_id":"16559","stop_name":"Poplar St & 26th St","routes":["32"]}},{"type":"Feature","id":1615,"geometry":{"type":"Point","coordinates":[-75.1794619999999,39.9714700000001]},"properties":{"stop_id":"16560","stop_name":"26th St & Parrish St","routes":["32"]}},{"type":"Feature","id":1618,"geometry":{"type":"Point","coordinates":[-75.180195,39.968062]},"properties":{"stop_id":"16563","stop_name":"26th St & Pennsylvania Av","routes":["32"]}},{"type":"Feature","id":1619,"geometry":{"type":"Point","coordinates":[-75.1791249999999,39.9666580000001]},"properties":{"stop_id":"16564","stop_name":"Pennsylvania Av & 25th St","routes":["32"]}},{"type":"Feature","id":1620,"geometry":{"type":"Point","coordinates":[-75.177712,39.965379]},"properties":{"stop_id":"16565","stop_name":"Pennsylvania Av & 24th St","routes":["32"]}},{"type":"Feature","id":1621,"geometry":{"type":"Point","coordinates":[-75.1757449999999,39.963689]},"properties":{"stop_id":"16566","stop_name":"Pennsylvania Av & Spring Garden St","routes":["32","48","49","7"]}},{"type":"Feature","id":1622,"geometry":{"type":"Point","coordinates":[-75.173329,39.962452]},"properties":{"stop_id":"25203","stop_name":"Hamilton St & 21st St","routes":["32","48","49","7"]}},{"type":"Feature","id":1623,"geometry":{"type":"Point","coordinates":[-75.173642,39.9606590000001]},"properties":{"stop_id":"16569","stop_name":"21st St & Ben Franklin Pkwy","routes":["32","48","49","7"]}},{"type":"Feature","id":1624,"geometry":{"type":"Point","coordinates":[-75.1730699999999,39.9588640000001]},"properties":{"stop_id":"19711","stop_name":"Winter St & 20th St - MBNS","routes":["32"]}},{"type":"Feature","id":1625,"geometry":{"type":"Point","coordinates":[-75.171024,39.9564050000001]},"properties":{"stop_id":"14911","stop_name":"19th St & Cherry St","routes":["32","33"]}},{"type":"Feature","id":1626,"geometry":{"type":"Point","coordinates":[-75.171216,39.955495]},"properties":{"stop_id":"14912","stop_name":"19th St &  & Arch St","routes":["32","33"]}},{"type":"Feature","id":1627,"geometry":{"type":"Point","coordinates":[-75.17142,39.9545590000001]},"properties":{"stop_id":"31348","stop_name":"19th St & JFK Blvd","routes":["32","33"]}},{"type":"Feature","id":1631,"geometry":{"type":"Point","coordinates":[-75.164125,39.9504820000001]},"properties":{"stop_id":"15185","stop_name":"Broad St & Chestnut St - FS","routes":["27","32","4"]}},{"type":"Feature","id":1632,"geometry":{"type":"Point","coordinates":[-75.164341,39.9494570000001]},"properties":{"stop_id":"15186","stop_name":"Broad St & Walnut St","routes":["0","27","32","4"]}},{"type":"Feature","id":1633,"geometry":{"type":"Point","coordinates":[-75.164594,39.948297]},"properties":{"stop_id":"15187","stop_name":"Broad St & Locust St","routes":["0","27","32","4"]}},{"type":"Feature","id":1634,"geometry":{"type":"Point","coordinates":[-75.164858,39.947102]},"properties":{"stop_id":"15188","stop_name":"Broad St & Spruce St","routes":["27","32","4"]}},{"type":"Feature","id":1635,"geometry":{"type":"Point","coordinates":[-75.165158,39.9456920000001]},"properties":{"stop_id":"15189","stop_name":"Broad St & Pine St","routes":["27","32","4"]}},{"type":"Feature","id":1636,"geometry":{"type":"Point","coordinates":[-75.165362,39.9447730000001]},"properties":{"stop_id":"15190","stop_name":"Broad St & Lombard St","routes":["0","27","32","4"]}},{"type":"Feature","id":1637,"geometry":{"type":"Point","coordinates":[-75.165579,39.9437560000001]},"properties":{"stop_id":"15191","stop_name":"Broad St & South St","routes":["0","27","32","4"]}},{"type":"Feature","id":1638,"geometry":{"type":"Point","coordinates":[-75.1658189999999,39.9426320000001]},"properties":{"stop_id":"15192","stop_name":"Broad St & Bainbridge St - FS","routes":["27","32","4"]}},{"type":"Feature","id":1639,"geometry":{"type":"Point","coordinates":[-75.165987,39.941919]},"properties":{"stop_id":"15193","stop_name":"Broad St & Fitzwater St","routes":["27","32","4"]}},{"type":"Feature","id":1640,"geometry":{"type":"Point","coordinates":[-75.1662029999999,39.940911]},"properties":{"stop_id":"15194","stop_name":"Broad St & Catharine St","routes":["27","32","4"]}},{"type":"Feature","id":1641,"geometry":{"type":"Point","coordinates":[-75.166371,39.9401520000001]},"properties":{"stop_id":"15195","stop_name":"Broad St & Christian St","routes":["27","32","4"]}},{"type":"Feature","id":1642,"geometry":{"type":"Point","coordinates":[-75.1665639999999,39.939198]},"properties":{"stop_id":"15196","stop_name":"Broad St & Carpenter St","routes":["27","32","4"]}},{"type":"Feature","id":1643,"geometry":{"type":"Point","coordinates":[-75.168098,39.9393170000001]},"properties":{"stop_id":"2635","stop_name":"Carpenter St & 15th St","routes":["27","32"]}},{"type":"Feature","id":1644,"geometry":{"type":"Point","coordinates":[-75.168492,39.93814]},"properties":{"stop_id":"15202","stop_name":"15th St & Washington Av","routes":["27","32"]}},{"type":"Feature","id":1645,"geometry":{"type":"Point","coordinates":[-75.166435,39.938858]},"properties":{"stop_id":"5150","stop_name":"Broad St & Carpenter St","routes":["27","32","4"]}},{"type":"Feature","id":1646,"geometry":{"type":"Point","coordinates":[-75.14876,39.9510470000001]},"properties":{"stop_id":"638","stop_name":"5th St & Market St - FS","routes":["33","38"]}},{"type":"Feature","id":1647,"geometry":{"type":"Point","coordinates":[-75.153365,39.9511910000001]},"properties":{"stop_id":"10338","stop_name":"Market St & 8th St","routes":["0","17","33"]}},{"type":"Feature","id":1648,"geometry":{"type":"Point","coordinates":[-75.154958,39.9513820000001]},"properties":{"stop_id":"10341","stop_name":"Market St & 9th St","routes":["17","33"]}},{"type":"Feature","id":1657,"geometry":{"type":"Point","coordinates":[-75.17279,39.9546330000001]},"properties":{"stop_id":"8941","stop_name":"JFK Blvd & 20th St","routes":["0","124","125","33","38","44"]}},{"type":"Feature","id":1658,"geometry":{"type":"Point","coordinates":[-75.172716,39.9555070000001]},"properties":{"stop_id":"14916","stop_name":"20th St & Arch St","routes":["33","38"]}},{"type":"Feature","id":1659,"geometry":{"type":"Point","coordinates":[-75.172331,39.957345]},"properties":{"stop_id":"2836","stop_name":"20th St & Race St","routes":["33","38"]}},{"type":"Feature","id":1660,"geometry":{"type":"Point","coordinates":[-75.172027,39.958695]},"properties":{"stop_id":"2799","stop_name":"20th St & Ben Franklin Pkwy","routes":["33"]}},{"type":"Feature","id":1661,"geometry":{"type":"Point","coordinates":[-75.1717199999999,39.9599230000001]},"properties":{"stop_id":"14917","stop_name":"20th St & Wood St","routes":["33"]}},{"type":"Feature","id":1662,"geometry":{"type":"Point","coordinates":[-75.1715399999999,39.9607170000001]},"properties":{"stop_id":"2802","stop_name":"20th St & Callowhill St","routes":["33"]}},{"type":"Feature","id":1663,"geometry":{"type":"Point","coordinates":[-75.171204,39.9621710000001]},"properties":{"stop_id":"2812","stop_name":"20th St & Hamilton St","routes":["33"]}},{"type":"Feature","id":1664,"geometry":{"type":"Point","coordinates":[-75.170904,39.963491]},"properties":{"stop_id":"14920","stop_name":"20th St & Spring Garden St","routes":["33"]}},{"type":"Feature","id":1665,"geometry":{"type":"Point","coordinates":[-75.1706149999999,39.9648920000001]},"properties":{"stop_id":"2811","stop_name":"20th St & Green St","routes":["33"]}},{"type":"Feature","id":1666,"geometry":{"type":"Point","coordinates":[-75.170267,39.966283]},"properties":{"stop_id":"14921","stop_name":"20th St & Wallace St","routes":["33"]}},{"type":"Feature","id":1667,"geometry":{"type":"Point","coordinates":[-75.1700989999999,39.9671490000001]},"properties":{"stop_id":"2807","stop_name":"20th St & Fairmount Av","routes":["33"]}},{"type":"Feature","id":1668,"geometry":{"type":"Point","coordinates":[-75.169726,39.96896]},"properties":{"stop_id":"2801","stop_name":"20th St & Brown St","routes":["33"]}},{"type":"Feature","id":1669,"geometry":{"type":"Point","coordinates":[-75.1694859999999,39.9700930000001]},"properties":{"stop_id":"2828","stop_name":"20th St & Parrish St","routes":["33"]}},{"type":"Feature","id":1670,"geometry":{"type":"Point","coordinates":[-75.169213,39.9713130000001]},"properties":{"stop_id":"2834","stop_name":"20th St & Poplar St","routes":["33"]}},{"type":"Feature","id":1671,"geometry":{"type":"Point","coordinates":[-75.168873,39.972921]},"properties":{"stop_id":"595","stop_name":"20th St & Girard Av - MBFS","routes":["33"]}},{"type":"Feature","id":1672,"geometry":{"type":"Point","coordinates":[-75.16749,39.973302]},"properties":{"stop_id":"14918","stop_name":"College Av & Ridge Av","routes":["33"]}},{"type":"Feature","id":1673,"geometry":{"type":"Point","coordinates":[-75.167026,39.9740150000001]},"properties":{"stop_id":"2783","stop_name":"19th St & Thompson St - MBNS","routes":["33"]}},{"type":"Feature","id":1674,"geometry":{"type":"Point","coordinates":[-75.166726,39.975424]},"properties":{"stop_id":"2761","stop_name":"19th St & Master St","routes":["33"]}},{"type":"Feature","id":1675,"geometry":{"type":"Point","coordinates":[-75.1664259999999,39.976789]},"properties":{"stop_id":"2756","stop_name":"19th St & Jefferson St","routes":["33"]}},{"type":"Feature","id":1676,"geometry":{"type":"Point","coordinates":[-75.1661129999999,39.9781990000001]},"properties":{"stop_id":"2769","stop_name":"19th St & Oxford St","routes":["33"]}},{"type":"Feature","id":1677,"geometry":{"type":"Point","coordinates":[-75.165813,39.979608]},"properties":{"stop_id":"14919","stop_name":"19th St & Cecil B Moore Av","routes":["33"]}},{"type":"Feature","id":1681,"geometry":{"type":"Point","coordinates":[-75.164479,39.9856560000001]},"properties":{"stop_id":"2749","stop_name":"19th St & Diamond St","routes":["33"]}},{"type":"Feature","id":1682,"geometry":{"type":"Point","coordinates":[-75.16599,39.9859900000001]},"properties":{"stop_id":"14922","stop_name":"Diamond St & 20th St","routes":["33"]}},{"type":"Feature","id":1686,"geometry":{"type":"Point","coordinates":[-75.1672829999999,39.990937]},"properties":{"stop_id":"14752","stop_name":"York St & 21st St - MBFS","routes":["33","39"]}},{"type":"Feature","id":1687,"geometry":{"type":"Point","coordinates":[-75.1682049999999,39.9910550000001]},"properties":{"stop_id":"14754","stop_name":"York St & 22nd St","routes":["33","39"]}},{"type":"Feature","id":1695,"geometry":{"type":"Point","coordinates":[-75.1658439999999,40.0031700000001]},"properties":{"stop_id":"597","stop_name":"22nd St & Allegheny Av","routes":["33"]}},{"type":"Feature","id":1713,"geometry":{"type":"Point","coordinates":[-75.16595,40.0033930000001]},"properties":{"stop_id":"3105","stop_name":"22nd St & Allegheny Av","routes":["33"]}},{"type":"Feature","id":1716,"geometry":{"type":"Point","coordinates":[-75.151868,39.980917]},"properties":{"stop_id":"16867","stop_name":"11th St & Berks St","routes":["23"]}},{"type":"Feature","id":1718,"geometry":{"type":"Point","coordinates":[-75.1515429999999,39.982424]},"properties":{"stop_id":"16868","stop_name":"11th St & Norris St","routes":["23"]}},{"type":"Feature","id":1729,"geometry":{"type":"Point","coordinates":[-75.168618,39.991154]},"properties":{"stop_id":"2852","stop_name":"22nd St & York St","routes":["33"]}},{"type":"Feature","id":1730,"geometry":{"type":"Point","coordinates":[-75.149534,39.9915770000001]},"properties":{"stop_id":"16874","stop_name":"11th St & Huntingdon St","routes":["23"]}},{"type":"Feature","id":1731,"geometry":{"type":"Point","coordinates":[-75.168978,39.989628]},"properties":{"stop_id":"3120","stop_name":"22nd St & Dauphin St","routes":["33"]}},{"type":"Feature","id":1732,"geometry":{"type":"Point","coordinates":[-75.1484829999999,39.99145]},"properties":{"stop_id":"16875","stop_name":"Huntingdon St & Germantown Av","routes":["23"]}},{"type":"Feature","id":1734,"geometry":{"type":"Point","coordinates":[-75.1478509999999,39.992957]},"properties":{"stop_id":"1186","stop_name":"Germantown Av & Lehigh Av","routes":["23"]}},{"type":"Feature","id":1744,"geometry":{"type":"Point","coordinates":[-75.147915,40.0006050000001]},"properties":{"stop_id":"16880","stop_name":"Germantown Av & Sedgley Av","routes":["23"]}},{"type":"Feature","id":1746,"geometry":{"type":"Point","coordinates":[-75.148313,40.001624]},"properties":{"stop_id":"16881","stop_name":"Germantown Av & Hilton St","routes":["23"]}},{"type":"Feature","id":1749,"geometry":{"type":"Point","coordinates":[-75.169566,39.9773670000001]},"properties":{"stop_id":"12293","stop_name":"Ridge Av & Jefferson St","routes":["33","61"]}},{"type":"Feature","id":1750,"geometry":{"type":"Point","coordinates":[-75.149108,40.003857]},"properties":{"stop_id":"16883","stop_name":"Germantown Av & Rising Sun Av","routes":["23"]}},{"type":"Feature","id":1751,"geometry":{"type":"Point","coordinates":[-75.168709,39.975848]},"properties":{"stop_id":"12307","stop_name":"Ridge Av & Master St","routes":["33","61"]}},{"type":"Feature","id":1753,"geometry":{"type":"Point","coordinates":[-75.1673709999999,39.973507]},"properties":{"stop_id":"18426","stop_name":"Ridge Av & 19th St","routes":["33","61"]}},{"type":"Feature","id":1754,"geometry":{"type":"Point","coordinates":[-75.1496559999999,40.0058040000001]},"properties":{"stop_id":"16884","stop_name":"Germantown Av & Tioga St","routes":["23"]}},{"type":"Feature","id":1755,"geometry":{"type":"Point","coordinates":[-75.1675279999999,39.972543]},"properties":{"stop_id":"1206","stop_name":"19th St & Girard Av","routes":["33"]}},{"type":"Feature","id":1756,"geometry":{"type":"Point","coordinates":[-75.1501699999999,40.0074290000001]},"properties":{"stop_id":"16885","stop_name":"Germantown Av & Venango St","routes":["23"]}},{"type":"Feature","id":1757,"geometry":{"type":"Point","coordinates":[-75.167804,39.97125]},"properties":{"stop_id":"2773","stop_name":"19th St & Poplar St","routes":["33"]}},{"type":"Feature","id":1758,"geometry":{"type":"Point","coordinates":[-75.15066,40.0090190000001]},"properties":{"stop_id":"1188","stop_name":"Germantown Av & Erie Av","routes":["23"]}},{"type":"Feature","id":1759,"geometry":{"type":"Point","coordinates":[-75.1680449999999,39.970045]},"properties":{"stop_id":"2770","stop_name":"19th St & Parrish St","routes":["33"]}},{"type":"Feature","id":1760,"geometry":{"type":"Point","coordinates":[-75.151291,40.010796]},"properties":{"stop_id":"1189","stop_name":"Germantown Av & Butler St","routes":["23"]}},{"type":"Feature","id":1761,"geometry":{"type":"Point","coordinates":[-75.168285,39.9689750000001]},"properties":{"stop_id":"2742","stop_name":"19th St & Brown St","routes":["33"]}},{"type":"Feature","id":1763,"geometry":{"type":"Point","coordinates":[-75.1686339999999,39.9673330000001]},"properties":{"stop_id":"2751","stop_name":"19th St & Fairmount Av","routes":["33"]}},{"type":"Feature","id":1767,"geometry":{"type":"Point","coordinates":[-75.169162,39.9648710000001]},"properties":{"stop_id":"2754","stop_name":"19th St & Green St","routes":["33"]}},{"type":"Feature","id":1769,"geometry":{"type":"Point","coordinates":[-75.16945,39.963604]},"properties":{"stop_id":"2780","stop_name":"19th St & Spring Garden St","routes":["33"]}},{"type":"Feature","id":1771,"geometry":{"type":"Point","coordinates":[-75.169751,39.9621320000001]},"properties":{"stop_id":"2755","stop_name":"19th St & Hamilton St","routes":["33"]}},{"type":"Feature","id":1773,"geometry":{"type":"Point","coordinates":[-75.170063,39.960678]},"properties":{"stop_id":"2743","stop_name":"19th St & Callowhill St","routes":["33"]}},{"type":"Feature","id":1774,"geometry":{"type":"Point","coordinates":[-75.156774,40.020448]},"properties":{"stop_id":"16892","stop_name":"Germantown Av & Dennie St","routes":["23"]}},{"type":"Feature","id":1775,"geometry":{"type":"Point","coordinates":[-75.1704109999999,39.9591970000001]},"properties":{"stop_id":"2784","stop_name":"19th St & Vine St","routes":["33"]}},{"type":"Feature","id":1776,"geometry":{"type":"Point","coordinates":[-75.1581869999999,40.021888]},"properties":{"stop_id":"16893","stop_name":"Germantown Av & 20th St","routes":["23"]}},{"type":"Feature","id":1797,"geometry":{"type":"Point","coordinates":[-75.154309,39.9511400000001]},"properties":{"stop_id":"18457","stop_name":"Market St & 8th St - MBNS","routes":["0","17","33","44","48"]}},{"type":"Feature","id":1798,"geometry":{"type":"Point","coordinates":[-75.152149,39.9508760000001]},"properties":{"stop_id":"10331","stop_name":"Market St & 7th St","routes":["17","33","44","48"]}},{"type":"Feature","id":1841,"geometry":{"type":"Point","coordinates":[-75.300396,39.8666000000001]},"properties":{"stop_id":"624","stop_name":"Industrial Hwy & Wanamaker Av - FS","routes":["37"]}},{"type":"Feature","id":1843,"geometry":{"type":"Point","coordinates":[-75.2965149999999,39.866524]},"properties":{"stop_id":"24883","stop_name":"Industrial Hwy & Saude Av","routes":["37"]}},{"type":"Feature","id":1858,"geometry":{"type":"Point","coordinates":[-75.198627,40.0686390000001]},"properties":{"stop_id":"17410","stop_name":"Germantown Av & Moreland Av","routes":["23"]}},{"type":"Feature","id":1860,"geometry":{"type":"Point","coordinates":[-75.199689,40.0695690000001]},"properties":{"stop_id":"17411","stop_name":"Germantown Av & Springfield Av","routes":["23"]}},{"type":"Feature","id":1862,"geometry":{"type":"Point","coordinates":[-75.147215,39.926518]},"properties":{"stop_id":"25128","stop_name":"Front St & Morris St","routes":["7"]}},{"type":"Feature","id":1865,"geometry":{"type":"Point","coordinates":[-75.147885,39.9241010000001]},"properties":{"stop_id":"25130","stop_name":"Front St & Mifflin St","routes":["7"]}},{"type":"Feature","id":1868,"geometry":{"type":"Point","coordinates":[-75.148162,39.9229060000001]},"properties":{"stop_id":"25132","stop_name":"Front St & McKean St","routes":["7"]}},{"type":"Feature","id":1871,"geometry":{"type":"Point","coordinates":[-75.148426,39.921746]},"properties":{"stop_id":"30098","stop_name":"Front St & Snyder Av","routes":["7"]}},{"type":"Feature","id":1873,"geometry":{"type":"Point","coordinates":[-75.2583519999999,39.8742510000001]},"properties":{"stop_id":"618","stop_name":"International Plaza","routes":["108","115","37"]}},{"type":"Feature","id":1874,"geometry":{"type":"Point","coordinates":[-75.147754,39.9214860000001]},"properties":{"stop_id":"30890","stop_name":"Snyder Av & Water St","routes":["7"]}},{"type":"Feature","id":1876,"geometry":{"type":"Point","coordinates":[-75.247175,39.876761]},"properties":{"stop_id":"17103","stop_name":"Philadelphia Airport Terminal A","routes":["108","115","37"]}},{"type":"Feature","id":1877,"geometry":{"type":"Point","coordinates":[-75.147117,39.9214040000001]},"properties":{"stop_id":"24265","stop_name":"Snyder Av & Water St - MBFS","routes":["7"]}},{"type":"Feature","id":1879,"geometry":{"type":"Point","coordinates":[-75.244295,39.8772660000001]},"properties":{"stop_id":"1160","stop_name":"Philadelphia Airport Terminal B","routes":["108","115","37"]}},{"type":"Feature","id":1880,"geometry":{"type":"Point","coordinates":[-75.1462789999999,39.9213040000001]},"properties":{"stop_id":"24266","stop_name":"Snyder Av & Swanson St","routes":["7","79"]}},{"type":"Feature","id":1882,"geometry":{"type":"Point","coordinates":[-75.2418499999999,39.87827]},"properties":{"stop_id":"17105","stop_name":"Philadelphia Airport Terminal D","routes":["108","115","37"]}},{"type":"Feature","id":1883,"geometry":{"type":"Point","coordinates":[-75.143964,39.918666]},"properties":{"stop_id":"15272","stop_name":"Weccacoe Av & Wolf St","routes":["7"]}},{"type":"Feature","id":1885,"geometry":{"type":"Point","coordinates":[-75.2413769999999,39.879037]},"properties":{"stop_id":"633","stop_name":"Philadelphia Airport Terminals E &","routes":["108","115","37"]}},{"type":"Feature","id":1886,"geometry":{"type":"Point","coordinates":[-75.143519,39.9178440000001]},"properties":{"stop_id":"31099","stop_name":"Weccacoe Av & Wolf St - FS","routes":["7"]}},{"type":"Feature","id":1892,"geometry":{"type":"Point","coordinates":[-75.1409409999999,39.9130900000001]},"properties":{"stop_id":"31655","stop_name":"Weccacoe St & Oregon Av","routes":["7"]}},{"type":"Feature","id":1893,"geometry":{"type":"Point","coordinates":[-75.144917,39.913483]},"properties":{"stop_id":"24837","stop_name":"Oregon Av & Weccacoe St - MBFS","routes":["63","7"]}},{"type":"Feature","id":1894,"geometry":{"type":"Point","coordinates":[-75.147571,39.9138820000001]},"properties":{"stop_id":"17362","stop_name":"Oregon Av & Swanson St","routes":["63","7"]}},{"type":"Feature","id":1895,"geometry":{"type":"Point","coordinates":[-75.151417,39.91439]},"properties":{"stop_id":"24351","stop_name":"Oregon Av & 2nd St","routes":["63","7"]}},{"type":"Feature","id":1899,"geometry":{"type":"Point","coordinates":[-75.159687,39.9154340000001]},"properties":{"stop_id":"732","stop_name":"Oregon Av & 7th St","routes":["63","7"]}},{"type":"Feature","id":1900,"geometry":{"type":"Point","coordinates":[-75.162813,39.915852]},"properties":{"stop_id":"24359","stop_name":"Oregon Av & 9th St","routes":["63","7"]}},{"type":"Feature","id":1901,"geometry":{"type":"Point","coordinates":[-75.16594,39.916206]},"properties":{"stop_id":"24360","stop_name":"Oregon Av & 11th St","routes":["63","68","7"]}},{"type":"Feature","id":1902,"geometry":{"type":"Point","coordinates":[-75.16765,39.916424]},"properties":{"stop_id":"24361","stop_name":"Oregon Av & 12th St","routes":["63","68","7"]}},{"type":"Feature","id":1903,"geometry":{"type":"Point","coordinates":[-75.171166,39.916922]},"properties":{"stop_id":"103","stop_name":"Oregon Av & Broad St","routes":["63","68","7"]}},{"type":"Feature","id":1904,"geometry":{"type":"Point","coordinates":[-75.1728649999999,39.917131]},"properties":{"stop_id":"24363","stop_name":"Oregon Av & 15th St","routes":["63","7"]}},{"type":"Feature","id":1905,"geometry":{"type":"Point","coordinates":[-75.174446,39.917339]},"properties":{"stop_id":"24364","stop_name":"Oregon Av & 16th St","routes":["63","7"]}},{"type":"Feature","id":1906,"geometry":{"type":"Point","coordinates":[-75.1760149999999,39.91753]},"properties":{"stop_id":"24365","stop_name":"Oregon Av & 17th St","routes":["63","7"]}},{"type":"Feature","id":1907,"geometry":{"type":"Point","coordinates":[-75.1775959999999,39.917738]},"properties":{"stop_id":"24366","stop_name":"Oregon Av & 18th St","routes":["63","7"]}},{"type":"Feature","id":1908,"geometry":{"type":"Point","coordinates":[-75.179519,39.917983]},"properties":{"stop_id":"24367","stop_name":"Oregon Av & 19th St - FS","routes":["63","7"]}},{"type":"Feature","id":1909,"geometry":{"type":"Point","coordinates":[-75.180734,39.9181370000001]},"properties":{"stop_id":"21346","stop_name":"Oregon Av & 20th St","routes":["63","7"]}},{"type":"Feature","id":1910,"geometry":{"type":"Point","coordinates":[-75.182645,39.9183820000001]},"properties":{"stop_id":"24369","stop_name":"Oregon Av & 21st St","routes":["63","7"]}},{"type":"Feature","id":1911,"geometry":{"type":"Point","coordinates":[-75.184205,39.9185810000001]},"properties":{"stop_id":"24407","stop_name":"Oregon Av & 22nd St","routes":["63","7"]}},{"type":"Feature","id":1913,"geometry":{"type":"Point","coordinates":[-75.1864679999999,39.918863]},"properties":{"stop_id":"24408","stop_name":"Oregon Av & 23rd St - FS","routes":["63","7"]}},{"type":"Feature","id":1914,"geometry":{"type":"Point","coordinates":[-75.1881059999999,39.9197050000001]},"properties":{"stop_id":"105","stop_name":"Oregon Av & 24th St","routes":["63","7"]}},{"type":"Feature","id":1915,"geometry":{"type":"Point","coordinates":[-75.1872529999999,39.9206580000001]},"properties":{"stop_id":"31100","stop_name":"24th St & Oregon Av - MBFS","routes":["7"]}},{"type":"Feature","id":1917,"geometry":{"type":"Point","coordinates":[-75.185322,39.922582]},"properties":{"stop_id":"24912","stop_name":"Passyunk Av & 23rd St","routes":["37","7"]}},{"type":"Feature","id":1918,"geometry":{"type":"Point","coordinates":[-75.183242,39.923497]},"properties":{"stop_id":"25136","stop_name":"22nd St & Wolf St","routes":["7"]}},{"type":"Feature","id":1919,"geometry":{"type":"Point","coordinates":[-75.18299,39.9247280000001]},"properties":{"stop_id":"25137","stop_name":"22nd St & Jackson St","routes":["7"]}},{"type":"Feature","id":1920,"geometry":{"type":"Point","coordinates":[-75.1827019999999,39.925933]},"properties":{"stop_id":"25138","stop_name":"22nd St & Snyder Av","routes":["7"]}},{"type":"Feature","id":1921,"geometry":{"type":"Point","coordinates":[-75.182426,39.9272260000001]},"properties":{"stop_id":"25139","stop_name":"22nd St & McKean St","routes":["7"]}},{"type":"Feature","id":1922,"geometry":{"type":"Point","coordinates":[-75.18215,39.928439]},"properties":{"stop_id":"25140","stop_name":"22nd St & Mifflin St","routes":["7"]}},{"type":"Feature","id":1941,"geometry":{"type":"Point","coordinates":[-75.177771,39.948538]},"properties":{"stop_id":"22278","stop_name":"22nd St & Spruce St","routes":["12","7"]}},{"type":"Feature","id":1942,"geometry":{"type":"Point","coordinates":[-75.177495,39.94976]},"properties":{"stop_id":"22279","stop_name":"22nd St & Locust St","routes":["12","7"]}},{"type":"Feature","id":1943,"geometry":{"type":"Point","coordinates":[-75.177267,39.950884]},"properties":{"stop_id":"30101","stop_name":"22nd St & Walnut St","routes":["7"]}},{"type":"Feature","id":1944,"geometry":{"type":"Point","coordinates":[-75.1769429999999,39.952392]},"properties":{"stop_id":"25155","stop_name":"22nd St & Chestnut St","routes":["7"]}},{"type":"Feature","id":1945,"geometry":{"type":"Point","coordinates":[-75.176619,39.9538820000001]},"properties":{"stop_id":"25156","stop_name":"22nd St & Market St","routes":["49","7"]}},{"type":"Feature","id":1946,"geometry":{"type":"Point","coordinates":[-75.1761739999999,39.955943]},"properties":{"stop_id":"21436","stop_name":"22nd St & Arch St","routes":["49","7"]}},{"type":"Feature","id":1948,"geometry":{"type":"Point","coordinates":[-75.17549,39.9590830000001]},"properties":{"stop_id":"2850","stop_name":"22nd St & Winter St","routes":["48","49","7"]}},{"type":"Feature","id":1949,"geometry":{"type":"Point","coordinates":[-75.1751409999999,39.960814]},"properties":{"stop_id":"3107","stop_name":"22nd St & Ben Franklin Pkwy","routes":["48","49","7"]}},{"type":"Feature","id":1950,"geometry":{"type":"Point","coordinates":[-75.174745,39.9626510000001]},"properties":{"stop_id":"25157","stop_name":"22nd St & Pennsylvania Av","routes":["446","448","48","49","7"]}},{"type":"Feature","id":1951,"geometry":{"type":"Point","coordinates":[-75.17441,39.963918]},"properties":{"stop_id":"3167","stop_name":"22nd St & Spring Garden St","routes":["48","49","7"]}},{"type":"Feature","id":1952,"geometry":{"type":"Point","coordinates":[-75.174098,39.96531]},"properties":{"stop_id":"3129","stop_name":"22nd St & Green St","routes":["48","49","7"]}},{"type":"Feature","id":1954,"geometry":{"type":"Point","coordinates":[-75.1736779999999,39.967201]},"properties":{"stop_id":"3124","stop_name":"22nd St & Fairmount Av","routes":["48","7"]}},{"type":"Feature","id":1957,"geometry":{"type":"Point","coordinates":[-75.178508,39.967452]},"properties":{"stop_id":"30102","stop_name":"Fairmount Av & 25th St","routes":["49","7"]}},{"type":"Feature","id":1963,"geometry":{"type":"Point","coordinates":[-75.1803629999999,39.9740770000001]},"properties":{"stop_id":"108","stop_name":"27th St & Girard Av","routes":["7"]}},{"type":"Feature","id":2008,"geometry":{"type":"Point","coordinates":[-75.183527,39.9746280000001]},"properties":{"stop_id":"92","stop_name":"29th St & Girard Av","routes":["48","7"]}},{"type":"Feature","id":2009,"geometry":{"type":"Point","coordinates":[-75.183826,39.973344]},"properties":{"stop_id":"2903","stop_name":"29th St & Poplar St","routes":["48","7"]}},{"type":"Feature","id":2010,"geometry":{"type":"Point","coordinates":[-75.184019,39.972353]},"properties":{"stop_id":"2899","stop_name":"29th St & Ogden St - FS","routes":["48","7"]}},{"type":"Feature","id":2011,"geometry":{"type":"Point","coordinates":[-75.1842349999999,39.9714080000001]},"properties":{"stop_id":"2902","stop_name":"29th St & Pennsylvania Av","routes":["48","49","7"]}},{"type":"Feature","id":2021,"geometry":{"type":"Point","coordinates":[-75.176121,39.9644210000001]},"properties":{"stop_id":"748","stop_name":"23rd St & Spring Garden St","routes":["48","49","7"]}},{"type":"Feature","id":2025,"geometry":{"type":"Point","coordinates":[-75.173894,39.959553]},"properties":{"stop_id":"30106","stop_name":"21st St & Ben Franklin Pkwy - FS","routes":["48","7"]}},{"type":"Feature","id":2026,"geometry":{"type":"Point","coordinates":[-75.174026,39.9588920000001]},"properties":{"stop_id":"3103","stop_name":"21st St & Winter St - FS","routes":["48","49","7"]}},{"type":"Feature","id":2028,"geometry":{"type":"Point","coordinates":[-75.174675,39.9559310000001]},"properties":{"stop_id":"3092","stop_name":"21st St & Arch St","routes":["0","48","49","7"]}},{"type":"Feature","id":2029,"geometry":{"type":"Point","coordinates":[-75.1751419999999,39.9539150000001]},"properties":{"stop_id":"25204","stop_name":"21st St & Market St","routes":["49","7"]}},{"type":"Feature","id":2034,"geometry":{"type":"Point","coordinates":[-75.178781,39.9500570000001]},"properties":{"stop_id":"22235","stop_name":"23rd St & Locust St","routes":["12","7"]}},{"type":"Feature","id":2035,"geometry":{"type":"Point","coordinates":[-75.179045,39.948835]},"properties":{"stop_id":"315","stop_name":"23rd St & Spruce St","routes":["12","7"]}},{"type":"Feature","id":2054,"geometry":{"type":"Point","coordinates":[-75.183908,39.928844]},"properties":{"stop_id":"25217","stop_name":"23rd St & Mifflin St","routes":["7"]}},{"type":"Feature","id":2055,"geometry":{"type":"Point","coordinates":[-75.1841479999999,39.9276130000001]},"properties":{"stop_id":"25218","stop_name":"23rd St & McKean St","routes":["7"]}},{"type":"Feature","id":2056,"geometry":{"type":"Point","coordinates":[-75.184424,39.926382]},"properties":{"stop_id":"25219","stop_name":"23rd St & Snyder Av","routes":["7"]}},{"type":"Feature","id":2057,"geometry":{"type":"Point","coordinates":[-75.184747,39.9251600000001]},"properties":{"stop_id":"25220","stop_name":"23rd St & Jackson St","routes":["7"]}},{"type":"Feature","id":2058,"geometry":{"type":"Point","coordinates":[-75.1850229999999,39.923911]},"properties":{"stop_id":"25221","stop_name":"23rd St & Wolf St","routes":["7"]}},{"type":"Feature","id":2059,"geometry":{"type":"Point","coordinates":[-75.1852269999999,39.922787]},"properties":{"stop_id":"25222","stop_name":"23rd St & Passyunk Av","routes":["7"]}},{"type":"Feature","id":2060,"geometry":{"type":"Point","coordinates":[-75.1871659999999,39.921615]},"properties":{"stop_id":"30083","stop_name":"24th St & Passyunk Av - MBFS","routes":["7"]}},{"type":"Feature","id":2061,"geometry":{"type":"Point","coordinates":[-75.187381,39.9206520000001]},"properties":{"stop_id":"30084","stop_name":"24th St & Oregon Av - MBNS","routes":["7"]}},{"type":"Feature","id":2062,"geometry":{"type":"Point","coordinates":[-75.18826,39.9194640000001]},"properties":{"stop_id":"24548","stop_name":"Oregon Av & 24th St - FS","routes":["63","7"]}},{"type":"Feature","id":2063,"geometry":{"type":"Point","coordinates":[-75.186386,39.918639]},"properties":{"stop_id":"24549","stop_name":"Oregon Av & 23rd St","routes":["63","7"]}},{"type":"Feature","id":2064,"geometry":{"type":"Point","coordinates":[-75.184805,39.91844]},"properties":{"stop_id":"24550","stop_name":"Oregon Av & 22nd St","routes":["63","7"]}},{"type":"Feature","id":2065,"geometry":{"type":"Point","coordinates":[-75.182611,39.9181590000001]},"properties":{"stop_id":"95","stop_name":"Oregon Av & 21st St - FS","routes":["63","7"]}},{"type":"Feature","id":2066,"geometry":{"type":"Point","coordinates":[-75.180605,39.9178870000001]},"properties":{"stop_id":"96","stop_name":"Oregon Av & 20th St - FS","routes":["63","7"]}},{"type":"Feature","id":2067,"geometry":{"type":"Point","coordinates":[-75.179473,39.917733]},"properties":{"stop_id":"11422","stop_name":"Oregon Av & 19th St","routes":["2","63","7"]}},{"type":"Feature","id":2068,"geometry":{"type":"Point","coordinates":[-75.1778439999999,39.9175520000001]},"properties":{"stop_id":"24551","stop_name":"Oregon Av & 18th St","routes":["63","7"]}},{"type":"Feature","id":2069,"geometry":{"type":"Point","coordinates":[-75.176275,39.917334]},"properties":{"stop_id":"24552","stop_name":"Oregon Av & 17th St","routes":["63","7"]}},{"type":"Feature","id":2070,"geometry":{"type":"Point","coordinates":[-75.174706,39.917135]},"properties":{"stop_id":"24553","stop_name":"Oregon Av & 16th St","routes":["63","7"]}},{"type":"Feature","id":2071,"geometry":{"type":"Point","coordinates":[-75.17322,39.9169620000001]},"properties":{"stop_id":"24554","stop_name":"Oregon Av & 15th St","routes":["63","7"]}},{"type":"Feature","id":2072,"geometry":{"type":"Point","coordinates":[-75.171002,39.9166900000001]},"properties":{"stop_id":"98","stop_name":"Oregon Av & Broad St - FS","routes":["63","7"]}},{"type":"Feature","id":2073,"geometry":{"type":"Point","coordinates":[-75.1676859999999,39.9162370000001]},"properties":{"stop_id":"21794","stop_name":"Oregon Av & 12th St","routes":["45","63","7"]}},{"type":"Feature","id":2075,"geometry":{"type":"Point","coordinates":[-75.1630029999999,39.915647]},"properties":{"stop_id":"24555","stop_name":"Oregon Av & 9th St","routes":["63","7"]}},{"type":"Feature","id":2076,"geometry":{"type":"Point","coordinates":[-75.1596519999999,39.91522]},"properties":{"stop_id":"18577","stop_name":"Oregon Av & 7th St - FS","routes":["47","63","7"]}},{"type":"Feature","id":2080,"geometry":{"type":"Point","coordinates":[-75.152775,39.914313]},"properties":{"stop_id":"18136","stop_name":"Oregon Av & 3rd St","routes":["63","7"]}},{"type":"Feature","id":2081,"geometry":{"type":"Point","coordinates":[-75.149884,39.9139670000001]},"properties":{"stop_id":"18138","stop_name":"Oregon Av & Front St - FS","routes":["63","7"]}},{"type":"Feature","id":2082,"geometry":{"type":"Point","coordinates":[-75.147395,39.913622]},"properties":{"stop_id":"18139","stop_name":"Oregon Av & Swanson St - FS","routes":["63","7"]}},{"type":"Feature","id":2083,"geometry":{"type":"Point","coordinates":[-75.1451539999999,39.913394]},"properties":{"stop_id":"18140","stop_name":"Oregon Av & Vandalia St - MBFS","routes":["63","7"]}},{"type":"Feature","id":2084,"geometry":{"type":"Point","coordinates":[-75.1409859999999,39.913487]},"properties":{"stop_id":"30088","stop_name":"Weccacoe Av & Oregon Av - FS","routes":["63","7","76"]}},{"type":"Feature","id":2086,"geometry":{"type":"Point","coordinates":[-75.143249,39.9175760000001]},"properties":{"stop_id":"30090","stop_name":"Weccacoe Av & Wolf St - MBNS","routes":["63","7","76"]}},{"type":"Feature","id":2087,"geometry":{"type":"Point","coordinates":[-75.144737,39.9202920000001]},"properties":{"stop_id":"28166","stop_name":"Weccacoe Av & Vandalia St","routes":["63","7","76"]}},{"type":"Feature","id":2088,"geometry":{"type":"Point","coordinates":[-75.1452409999999,39.9211050000001]},"properties":{"stop_id":"30091","stop_name":"Weccacoe Av & Snyder Av","routes":["63","7","76"]}},{"type":"Feature","id":2089,"geometry":{"type":"Point","coordinates":[-75.145996,39.921384]},"properties":{"stop_id":"24274","stop_name":"Snyder Av & Swanson St","routes":["7","79"]}},{"type":"Feature","id":2090,"geometry":{"type":"Point","coordinates":[-75.14734,39.921681]},"properties":{"stop_id":"30086","stop_name":"Water St & Snyder Av - FS","routes":["7"]}},{"type":"Feature","id":2091,"geometry":{"type":"Point","coordinates":[-75.147136,39.9226090000001]},"properties":{"stop_id":"25223","stop_name":"Water St & McKean St","routes":["7"]}},{"type":"Feature","id":2092,"geometry":{"type":"Point","coordinates":[-75.1468589999999,39.9238490000001]},"properties":{"stop_id":"25224","stop_name":"Water St & Mifflin St","routes":["7"]}},{"type":"Feature","id":2093,"geometry":{"type":"Point","coordinates":[-75.146583,39.9250530000001]},"properties":{"stop_id":"30087","stop_name":"Water St & Moore St","routes":["7"]}},{"type":"Feature","id":2094,"geometry":{"type":"Point","coordinates":[-75.146307,39.9263110000001]},"properties":{"stop_id":"25225","stop_name":"Water St & Morris St","routes":["7"]}},{"type":"Feature","id":2095,"geometry":{"type":"Point","coordinates":[-75.146042,39.927506]},"properties":{"stop_id":"25226","stop_name":"Water St & Tasker St","routes":["7"]}},{"type":"Feature","id":2099,"geometry":{"type":"Point","coordinates":[-75.149717,40.0385500000001]},"properties":{"stop_id":"24591","stop_name":"Ogontz Av & Olney Av - FS","routes":["8"]}},{"type":"Feature","id":2100,"geometry":{"type":"Point","coordinates":[-75.14494,40.0387450000001]},"properties":{"stop_id":"17225","stop_name":"Broad St & Olney Av - FS","routes":["0","16","6","8"]}},{"type":"Feature","id":2101,"geometry":{"type":"Point","coordinates":[-75.1445629999999,40.03844]},"properties":{"stop_id":"21191","stop_name":"Broad St & Olney Av - MBNS layover","routes":["8"]}},{"type":"Feature","id":2109,"geometry":{"type":"Point","coordinates":[-75.117407,40.0269430000001]},"properties":{"stop_id":"119","stop_name":"C St & Roosevelt Blvd","routes":["41","8"]}},{"type":"Feature","id":2111,"geometry":{"type":"Point","coordinates":[-75.0891579999999,40.0286900000001]},"properties":{"stop_id":"23769","stop_name":"Pratt St & Roosevelt Blvd - FS","routes":["24","426","445","447","72","8","82"]}},{"type":"Feature","id":2114,"geometry":{"type":"Point","coordinates":[-75.078115,40.0242240000001]},"properties":{"stop_id":"21211","stop_name":"Frankford Transit Center - Rts 8 & 26","routes":["26","8"]}},{"type":"Feature","id":2116,"geometry":{"type":"Point","coordinates":[-75.089169,40.0288330000001]},"properties":{"stop_id":"23599","stop_name":"Pratt St & Roosevelt Blvd","routes":["24","426","447","72","8","82"]}},{"type":"Feature","id":2117,"geometry":{"type":"Point","coordinates":[-75.0905989999999,40.029006]},"properties":{"stop_id":"23","stop_name":"Roosevelt Blvd & Pratt St - FS","routes":["1","426","447","72","8","82"]}},{"type":"Feature","id":2118,"geometry":{"type":"Point","coordinates":[-75.101085,40.029484]},"properties":{"stop_id":"24","stop_name":"Roosevelt Blvd & Tower Blvd - FS","routes":["0","1","41","426","447","72","8","82"]}},{"type":"Feature","id":2119,"geometry":{"type":"Point","coordinates":[-75.1170759999999,40.0269240000001]},"properties":{"stop_id":"124","stop_name":"Roosevelt Blvd & C St","routes":["1","41","426","447","8","82"]}},{"type":"Feature","id":2149,"geometry":{"type":"Point","coordinates":[-75.180877,39.95514]},"properties":{"stop_id":"30576","stop_name":"Schuylkill Av & JFK Blvd","routes":["125","9"]}},{"type":"Feature","id":2150,"geometry":{"type":"Point","coordinates":[-75.207634,40.01529]},"properties":{"stop_id":"32991","stop_name":"Ridge Av & WTC Boarding Area 11","routes":["27","441","61","65","9"]}},{"type":"Feature","id":2151,"geometry":{"type":"Point","coordinates":[-75.210297,40.0163220000001]},"properties":{"stop_id":"14995","stop_name":"Ridge Av & Osborn St - MBNS","routes":["27","441","65","9"]}},{"type":"Feature","id":2152,"geometry":{"type":"Point","coordinates":[-75.2113209999999,40.0176890000001]},"properties":{"stop_id":"12319","stop_name":"Ridge Av & Osborn St","routes":["27","441","65","9"]}},{"type":"Feature","id":2153,"geometry":{"type":"Point","coordinates":[-75.210677,40.019554]},"properties":{"stop_id":"12304","stop_name":"Ridge Av & Manayunk Av","routes":["441","65","9"]}},{"type":"Feature","id":2156,"geometry":{"type":"Point","coordinates":[-75.207816,40.023422]},"properties":{"stop_id":"12278","stop_name":"Ridge Av & Hermit St","routes":["441","65","9"]}},{"type":"Feature","id":2157,"geometry":{"type":"Point","coordinates":[-75.208084,40.024574]},"properties":{"stop_id":"12336","stop_name":"Ridge Av & Seville St","routes":["441","65","9"]}},{"type":"Feature","id":2158,"geometry":{"type":"Point","coordinates":[-75.208496,40.0253420000001]},"properties":{"stop_id":"14891","stop_name":"Ridge Av & Markle St","routes":["441","65","9"]}},{"type":"Feature","id":2172,"geometry":{"type":"Point","coordinates":[-75.2284569999999,40.043887]},"properties":{"stop_id":"16072","stop_name":"Ridge Av & Paoli Av","routes":["441","442","448","9"]}},{"type":"Feature","id":2173,"geometry":{"type":"Point","coordinates":[-75.230972,40.044917]},"properties":{"stop_id":"20408","stop_name":"Ridge Av & Domino Ln - 1","routes":["441","442","448","9"]}},{"type":"Feature","id":2174,"geometry":{"type":"Point","coordinates":[-75.2318339999999,40.045302]},"properties":{"stop_id":"16073","stop_name":"Ridge Av & Domino Ln - 2","routes":["441","442","448","9"]}},{"type":"Feature","id":2175,"geometry":{"type":"Point","coordinates":[-75.2349129999999,40.047984]},"properties":{"stop_id":"12329","stop_name":"Ridge Av & Wigard - MBNS","routes":["441","442","448","9"]}},{"type":"Feature","id":2176,"geometry":{"type":"Point","coordinates":[-75.235313,40.0487440000001]},"properties":{"stop_id":"12346","stop_name":"Ridge Av & Wigard Av","routes":["441","442","448","61","9"]}},{"type":"Feature","id":2177,"geometry":{"type":"Point","coordinates":[-75.235948,40.050307]},"properties":{"stop_id":"16079","stop_name":"Ridge Av & Flamingo St","routes":["441","442","448","61","9"]}},{"type":"Feature","id":2180,"geometry":{"type":"Point","coordinates":[-75.235852,40.054948]},"properties":{"stop_id":"20409","stop_name":"Ridge Av & Evergreen Av","routes":["441","442","448","61","9"]}},{"type":"Feature","id":2181,"geometry":{"type":"Point","coordinates":[-75.2359309999999,40.0566170000001]},"properties":{"stop_id":"16347","stop_name":"Ridge Av & Summit Av","routes":["0","441","442","448","61","9"]}},{"type":"Feature","id":2182,"geometry":{"type":"Point","coordinates":[-75.238063,40.059735]},"properties":{"stop_id":"20410","stop_name":"Ridge Av & Port Royal Av","routes":["442","9"]}},{"type":"Feature","id":2183,"geometry":{"type":"Point","coordinates":[-75.239696,40.0637630000001]},"properties":{"stop_id":"19281","stop_name":"Ridge Av & Cathedral Rd - FS","routes":["27","441","9"]}},{"type":"Feature","id":2185,"geometry":{"type":"Point","coordinates":[-75.238935,40.060888]},"properties":{"stop_id":"12397","stop_name":"Ridge Av & Ivins Rd","routes":["27","441","9"]}},{"type":"Feature","id":2186,"geometry":{"type":"Point","coordinates":[-75.238275,40.0598420000001]},"properties":{"stop_id":"30920","stop_name":"Ridge Av & Port Royal Av","routes":["441","9"]}},{"type":"Feature","id":2187,"geometry":{"type":"Point","coordinates":[-75.236237,40.056965]},"properties":{"stop_id":"122","stop_name":"Ridge Av & Summit Av","routes":["61","9"]}},{"type":"Feature","id":2188,"geometry":{"type":"Point","coordinates":[-75.236006,40.055144]},"properties":{"stop_id":"16168","stop_name":"Ridge Av & Evergreen Av","routes":["441","61","9"]}},{"type":"Feature","id":2189,"geometry":{"type":"Point","coordinates":[-75.2361509999999,40.0538680000001]},"properties":{"stop_id":"16169","stop_name":"Ridge Av & Aurania St","routes":["441","61","9"]}},{"type":"Feature","id":2191,"geometry":{"type":"Point","coordinates":[-75.236113,40.050414]},"properties":{"stop_id":"16172","stop_name":"Ridge Av & Flamingo St","routes":["441","61","9"]}},{"type":"Feature","id":2192,"geometry":{"type":"Point","coordinates":[-75.2355019999999,40.048842]},"properties":{"stop_id":"16173","stop_name":"Ridge Av & Wigard Av","routes":["441","61","9"]}},{"type":"Feature","id":2193,"geometry":{"type":"Point","coordinates":[-75.231693,40.0450880000001]},"properties":{"stop_id":"907","stop_name":"Ridge Av & Domino Ln - FS","routes":["0","441","9"]}},{"type":"Feature","id":2194,"geometry":{"type":"Point","coordinates":[-75.2287049999999,40.0439230000001]},"properties":{"stop_id":"20404","stop_name":"Ridge Av & Paoili Av","routes":["441","9"]}},{"type":"Feature","id":2195,"geometry":{"type":"Point","coordinates":[-75.226356,40.0424100000001]},"properties":{"stop_id":"12322","stop_name":"Ridge Av & Parker Av","routes":["441","9"]}},{"type":"Feature","id":2210,"geometry":{"type":"Point","coordinates":[-75.208696,40.02545]},"properties":{"stop_id":"12305","stop_name":"Ridge Av & Markel St","routes":["441","445","65","9"]}},{"type":"Feature","id":2211,"geometry":{"type":"Point","coordinates":[-75.208285,40.0246720000001]},"properties":{"stop_id":"12335","stop_name":"Ridge Av & Seville St","routes":["441","445","65","9"]}},{"type":"Feature","id":2212,"geometry":{"type":"Point","coordinates":[-75.207909,40.0240020000001]},"properties":{"stop_id":"16182","stop_name":"Ridge Av & Hermit St","routes":["441","445","65","9"]}},{"type":"Feature","id":2215,"geometry":{"type":"Point","coordinates":[-75.210605,40.0198120000001]},"properties":{"stop_id":"17343","stop_name":"Ridge Av & Manayunk Av","routes":["441","445","65","9"]}},{"type":"Feature","id":2216,"geometry":{"type":"Point","coordinates":[-75.211486,40.017618]},"properties":{"stop_id":"17345","stop_name":"Ridge Av & Osborn St - FS","routes":["27","441","445","65","9"]}},{"type":"Feature","id":2217,"geometry":{"type":"Point","coordinates":[-75.2105569999999,40.016331]},"properties":{"stop_id":"12261","stop_name":"Ridge Av & Cresson St - FS","routes":["27","441","445","65","9"]}},{"type":"Feature","id":2218,"geometry":{"type":"Point","coordinates":[-75.207837,40.0151320000001]},"properties":{"stop_id":"32990","stop_name":"Ridge Av & WTC Boarding Area 10","routes":["0","27","441","445","61","65","9"]}},{"type":"Feature","id":2242,"geometry":{"type":"Point","coordinates":[-75.213848,39.940064]},"properties":{"stop_id":"317","stop_name":"Woodland Av & 50th St","routes":["0","12","52"]}},{"type":"Feature","id":2243,"geometry":{"type":"Point","coordinates":[-75.212882,39.9390540000001]},"properties":{"stop_id":"25037","stop_name":"50th St & Paschall Av","routes":["12"]}},{"type":"Feature","id":2248,"geometry":{"type":"Point","coordinates":[-75.1987359999999,39.9396180000001]},"properties":{"stop_id":"24641","stop_name":"Grays Ferry Av & 34th St","routes":["12"]}},{"type":"Feature","id":2249,"geometry":{"type":"Point","coordinates":[-75.197344,39.939374]},"properties":{"stop_id":"25039","stop_name":"Grays Ferry Av & 33rd St","routes":["12","64","79"]}},{"type":"Feature","id":2250,"geometry":{"type":"Point","coordinates":[-75.1965529999999,39.939195]},"properties":{"stop_id":"25040","stop_name":"Grays Ferry Av & 32rd St","routes":["12"]}},{"type":"Feature","id":2251,"geometry":{"type":"Point","coordinates":[-75.194983,39.938995]},"properties":{"stop_id":"25041","stop_name":"Grays Ferry Av & 31st St","routes":["12","64","79"]}},{"type":"Feature","id":2252,"geometry":{"type":"Point","coordinates":[-75.193366,39.938992]},"properties":{"stop_id":"25042","stop_name":"Grays Ferry Av & 30th St","routes":["12","64","79"]}},{"type":"Feature","id":2253,"geometry":{"type":"Point","coordinates":[-75.191807,39.938998]},"properties":{"stop_id":"25043","stop_name":"Grays Ferry Av & 29th St","routes":["12","64","79"]}},{"type":"Feature","id":2254,"geometry":{"type":"Point","coordinates":[-75.190107,39.9390310000001]},"properties":{"stop_id":"14781","stop_name":"Grays Ferry Av & 28th St","routes":["12","64"]}},{"type":"Feature","id":2255,"geometry":{"type":"Point","coordinates":[-75.188464,39.9396970000001]},"properties":{"stop_id":"25915","stop_name":"Grays Ferry Av & 27th St","routes":["12","64"]}},{"type":"Feature","id":2267,"geometry":{"type":"Point","coordinates":[-75.176067,39.9495880000001]},"properties":{"stop_id":"25075","stop_name":"Locust St & 21st St","routes":["12"]}},{"type":"Feature","id":2268,"geometry":{"type":"Point","coordinates":[-75.1742139999999,39.94937]},"properties":{"stop_id":"309","stop_name":"Locust St & 20th St","routes":["12"]}},{"type":"Feature","id":2269,"geometry":{"type":"Point","coordinates":[-75.173128,39.949216]},"properties":{"stop_id":"25078","stop_name":"Locust St & Rittenhouse Sq","routes":["12"]}},{"type":"Feature","id":2270,"geometry":{"type":"Point","coordinates":[-75.172693,39.94868]},"properties":{"stop_id":"25079","stop_name":"Rittenhouse Sq & 19th St","routes":["0","12"]}},{"type":"Feature","id":2274,"geometry":{"type":"Point","coordinates":[-75.166376,39.948363]},"properties":{"stop_id":"25084","stop_name":"Locust St & 15th St","routes":["12"]}},{"type":"Feature","id":2275,"geometry":{"type":"Point","coordinates":[-75.1647829999999,39.9481720000001]},"properties":{"stop_id":"310","stop_name":"Locust St & Broad St","routes":["0","12"]}},{"type":"Feature","id":2276,"geometry":{"type":"Point","coordinates":[-75.162505,39.9479]},"properties":{"stop_id":"25085","stop_name":"Locust St & 13th St","routes":["12"]}},{"type":"Feature","id":2277,"geometry":{"type":"Point","coordinates":[-75.1608879999999,39.9477]},"properties":{"stop_id":"25086","stop_name":"Locust St & 12th St","routes":["12"]}},{"type":"Feature","id":2278,"geometry":{"type":"Point","coordinates":[-75.159354,39.947509]},"properties":{"stop_id":"25087","stop_name":"Locust St & 11th St","routes":["12"]}},{"type":"Feature","id":2279,"geometry":{"type":"Point","coordinates":[-75.1577369999999,39.9473]},"properties":{"stop_id":"25088","stop_name":"Locust St & 10th St","routes":["12"]}},{"type":"Feature","id":2283,"geometry":{"type":"Point","coordinates":[-75.153604,39.944087]},"properties":{"stop_id":"25091","stop_name":"Pine St & 7th St","routes":["12","40"]}},{"type":"Feature","id":2288,"geometry":{"type":"Point","coordinates":[-75.143774,39.9428340000001]},"properties":{"stop_id":"32273","stop_name":"Pine St & Front St","routes":["12"]}},{"type":"Feature","id":2289,"geometry":{"type":"Point","coordinates":[-75.1432839999999,39.944198]},"properties":{"stop_id":"32274","stop_name":"Front St & Spruce St","routes":["12"]}},{"type":"Feature","id":2315,"geometry":{"type":"Point","coordinates":[-75.178589,39.950923]},"properties":{"stop_id":"30921","stop_name":"23rd St & Walnut St - FS","routes":["12"]}},{"type":"Feature","id":2326,"geometry":{"type":"Point","coordinates":[-75.188049,39.940205]},"properties":{"stop_id":"30366","stop_name":"Grays Ferry Av & Peltz St","routes":["12","64"]}},{"type":"Feature","id":2327,"geometry":{"type":"Point","coordinates":[-75.189811,39.9393250000001]},"properties":{"stop_id":"25105","stop_name":"Grays Ferry Av & 28th St","routes":["12","64"]}},{"type":"Feature","id":2328,"geometry":{"type":"Point","coordinates":[-75.191559,39.9392300000001]},"properties":{"stop_id":"25106","stop_name":"Grays Ferry Av & 29th St","routes":["12","64"]}},{"type":"Feature","id":2329,"geometry":{"type":"Point","coordinates":[-75.193188,39.939224]},"properties":{"stop_id":"25107","stop_name":"Grays Ferry Av & 30th St","routes":["12","64"]}},{"type":"Feature","id":2330,"geometry":{"type":"Point","coordinates":[-75.1947939999999,39.939245]},"properties":{"stop_id":"25108","stop_name":"Grays Ferry Av & 31st St","routes":["12","64","79"]}},{"type":"Feature","id":2331,"geometry":{"type":"Point","coordinates":[-75.196364,39.939373]},"properties":{"stop_id":"25109","stop_name":"Grays Ferry Av & 32nd St","routes":["12","79"]}},{"type":"Feature","id":2332,"geometry":{"type":"Point","coordinates":[-75.1972009999999,39.9395440000001]},"properties":{"stop_id":"25110","stop_name":"Grays Ferry Av & 33rd St - FS","routes":["12","64","79"]}},{"type":"Feature","id":2336,"geometry":{"type":"Point","coordinates":[-75.211333,39.9399530000001]},"properties":{"stop_id":"31480","stop_name":"Paschall Av & 49th St","routes":["12","64"]}},{"type":"Feature","id":2337,"geometry":{"type":"Point","coordinates":[-75.212429,39.940794]},"properties":{"stop_id":"20957","stop_name":"49th St & Woodland Av","routes":["0","12"]}},{"type":"Feature","id":2339,"geometry":{"type":"Point","coordinates":[-75.0777879999999,40.023402]},"properties":{"stop_id":"21962","stop_name":"Frankford Transit Center-14-BLVDDIR","routes":["0","14"]}},{"type":"Feature","id":2361,"geometry":{"type":"Point","coordinates":[-75.043439,40.0602960000001]},"properties":{"stop_id":"25867","stop_name":"Roosevelt Blvd & Hoffnagle St - MBN","routes":["1","14"]}},{"type":"Feature","id":2362,"geometry":{"type":"Point","coordinates":[-75.042433,40.0624710000001]},"properties":{"stop_id":"22503","stop_name":"Roosevelt Blvd & Strahle St - FS","routes":["1","14"]}},{"type":"Feature","id":2565,"geometry":{"type":"Point","coordinates":[-75.0430949999999,40.0626340000001]},"properties":{"stop_id":"22902","stop_name":"Roosevelt Blvd & Strahle St","routes":["1","14"]}},{"type":"Feature","id":2566,"geometry":{"type":"Point","coordinates":[-75.0437889999999,40.061083]},"properties":{"stop_id":"22903","stop_name":"Roosevelt Blvd & Hoffnagle St","routes":["1","14"]}},{"type":"Feature","id":2591,"geometry":{"type":"Point","coordinates":[-75.165356,39.952797]},"properties":{"stop_id":"515","stop_name":"15th St & Market St","routes":["16","27","4"]}},{"type":"Feature","id":2593,"geometry":{"type":"Point","coordinates":[-75.1630479999999,39.9543]},"properties":{"stop_id":"17261","stop_name":"Broad St & Arch St","routes":["16","4"]}},{"type":"Feature","id":2595,"geometry":{"type":"Point","coordinates":[-75.162123,39.9584750000001]},"properties":{"stop_id":"17263","stop_name":"Broad St & Vine St - FS","routes":["0","16","4"]}},{"type":"Feature","id":2596,"geometry":{"type":"Point","coordinates":[-75.161894,39.959679]},"properties":{"stop_id":"17264","stop_name":"Broad St & Callowhill St - FS","routes":["16","4"]}},{"type":"Feature","id":2597,"geometry":{"type":"Point","coordinates":[-75.161366,39.9619900000001]},"properties":{"stop_id":"17265","stop_name":"Broad St & Spring Garden St","routes":["0","16","4"]}},{"type":"Feature","id":2598,"geometry":{"type":"Point","coordinates":[-75.161053,39.963667]},"properties":{"stop_id":"17266","stop_name":"Broad St & Green St","routes":["16","4"]}},{"type":"Feature","id":2599,"geometry":{"type":"Point","coordinates":[-75.1606209999999,39.9653260000001]},"properties":{"stop_id":"17267","stop_name":"Broad St & Wallace St - FS","routes":["16","4"]}},{"type":"Feature","id":2600,"geometry":{"type":"Point","coordinates":[-75.1604169999999,39.966254]},"properties":{"stop_id":"17268","stop_name":"Broad St & Ridge Av","routes":["0","16","4"]}},{"type":"Feature","id":2601,"geometry":{"type":"Point","coordinates":[-75.160068,39.9680020000001]},"properties":{"stop_id":"17269","stop_name":"Broad St & Brown St","routes":["16","4"]}},{"type":"Feature","id":2602,"geometry":{"type":"Point","coordinates":[-75.159864,39.968868]},"properties":{"stop_id":"17270","stop_name":"Broad St & Parrish St","routes":["16","4"]}},{"type":"Feature","id":2603,"geometry":{"type":"Point","coordinates":[-75.159576,39.970081]},"properties":{"stop_id":"17271","stop_name":"Broad St & Poplar St","routes":["16","4"]}},{"type":"Feature","id":2604,"geometry":{"type":"Point","coordinates":[-75.1593349999999,39.9712850000001]},"properties":{"stop_id":"164","stop_name":"Broad St & Girard Av","routes":["0","16","4"]}},{"type":"Feature","id":2605,"geometry":{"type":"Point","coordinates":[-75.158962,39.9730870000001]},"properties":{"stop_id":"17273","stop_name":"Broad St & Thompson St","routes":["16","4"]}},{"type":"Feature","id":2606,"geometry":{"type":"Point","coordinates":[-75.1586619999999,39.9743810000001]},"properties":{"stop_id":"17274","stop_name":"Broad St & Master St","routes":["16","4"]}},{"type":"Feature","id":2607,"geometry":{"type":"Point","coordinates":[-75.158361,39.9757450000001]},"properties":{"stop_id":"17275","stop_name":"Broad St & Jefferson St","routes":["16","4"]}},{"type":"Feature","id":2608,"geometry":{"type":"Point","coordinates":[-75.158108,39.977128]},"properties":{"stop_id":"17276","stop_name":"Broad St & Oxford St","routes":["16","4"]}},{"type":"Feature","id":2609,"geometry":{"type":"Point","coordinates":[-75.157819,39.978502]},"properties":{"stop_id":"17277","stop_name":"Broad St & Cecil B Moore Av","routes":["0","16","4"]}},{"type":"Feature","id":2610,"geometry":{"type":"Point","coordinates":[-75.1574219999999,39.980376]},"properties":{"stop_id":"17278","stop_name":"Broad St & Montgomery Av - FS","routes":["16","4"]}},{"type":"Feature","id":2611,"geometry":{"type":"Point","coordinates":[-75.157146,39.9815980000001]},"properties":{"stop_id":"17279","stop_name":"Broad St & Polett Walk","routes":["16","4"]}},{"type":"Feature","id":2612,"geometry":{"type":"Point","coordinates":[-75.1568329999999,39.9830430000001]},"properties":{"stop_id":"17280","stop_name":"Broad St & Norris St","routes":["16","4"]}},{"type":"Feature","id":2613,"geometry":{"type":"Point","coordinates":[-75.156437,39.984854]},"properties":{"stop_id":"17281","stop_name":"Broad St & Diamond St - FS","routes":["16","4"]}},{"type":"Feature","id":2614,"geometry":{"type":"Point","coordinates":[-75.156148,39.9861470000001]},"properties":{"stop_id":"17282","stop_name":"Broad St & Susquehanna Av","routes":["0","16","4"]}},{"type":"Feature","id":2615,"geometry":{"type":"Point","coordinates":[-75.1557989999999,39.987762]},"properties":{"stop_id":"17283","stop_name":"Broad St & Dauphin St","routes":["0","16","4"]}},{"type":"Feature","id":2617,"geometry":{"type":"Point","coordinates":[-75.155138,39.990759]},"properties":{"stop_id":"17286","stop_name":"Broad St & Cumberland St","routes":["16","4"]}},{"type":"Feature","id":2618,"geometry":{"type":"Point","coordinates":[-75.1548129999999,39.992267]},"properties":{"stop_id":"17287","stop_name":"Broad St & Huntingdon St","routes":["16","4"]}},{"type":"Feature","id":2619,"geometry":{"type":"Point","coordinates":[-75.154524,39.9937660000001]},"properties":{"stop_id":"17288","stop_name":"Broad St & Lehigh Av","routes":["0","16","4"]}},{"type":"Feature","id":2620,"geometry":{"type":"Point","coordinates":[-75.154175,39.9954250000001]},"properties":{"stop_id":"17290","stop_name":"Broad St & Somerset St","routes":["16","4"]}},{"type":"Feature","id":2621,"geometry":{"type":"Point","coordinates":[-75.153851,39.996674]},"properties":{"stop_id":"17291","stop_name":"Broad St & Glenwood Av","routes":["0","16","4"]}},{"type":"Feature","id":2623,"geometry":{"type":"Point","coordinates":[-75.153093,40.0001530000001]},"properties":{"stop_id":"17297","stop_name":"Broad St & Clearfield St - FS","routes":["16","4"]}},{"type":"Feature","id":2624,"geometry":{"type":"Point","coordinates":[-75.152793,40.0014640000001]},"properties":{"stop_id":"165","stop_name":"Broad St & Allegheny Av","routes":["0","16","4"]}},{"type":"Feature","id":2625,"geometry":{"type":"Point","coordinates":[-75.152419,40.0033290000001]},"properties":{"stop_id":"28696","stop_name":"Broad St & Rising Sun Av - FS","routes":["16"]}},{"type":"Feature","id":2626,"geometry":{"type":"Point","coordinates":[-75.1521059999999,40.004827]},"properties":{"stop_id":"17298","stop_name":"Broad St & Ontario St - FS","routes":["16"]}},{"type":"Feature","id":2627,"geometry":{"type":"Point","coordinates":[-75.15183,40.0060320000001]},"properties":{"stop_id":"17299","stop_name":"Broad St & Tioga St","routes":["16"]}},{"type":"Feature","id":2628,"geometry":{"type":"Point","coordinates":[-75.151469,40.0075570000001]},"properties":{"stop_id":"17300","stop_name":"Broad St & Venango St","routes":["16"]}},{"type":"Feature","id":2629,"geometry":{"type":"Point","coordinates":[-75.151107,40.009395]},"properties":{"stop_id":"30285","stop_name":"Broad St & Erie Av - FS","routes":["0","16"]}},{"type":"Feature","id":2630,"geometry":{"type":"Point","coordinates":[-75.1507579999999,40.010992]},"properties":{"stop_id":"17301","stop_name":"Broad St & Butler St - FS","routes":["16"]}},{"type":"Feature","id":2635,"geometry":{"type":"Point","coordinates":[-75.148677,40.02043]},"properties":{"stop_id":"31383","stop_name":"Broad St & Cayuga St - FS","routes":["16"]}},{"type":"Feature","id":2636,"geometry":{"type":"Point","coordinates":[-75.148424,40.021598]},"properties":{"stop_id":"17308","stop_name":"Broad St & Wingohocking St - FS","routes":["16"]}},{"type":"Feature","id":2637,"geometry":{"type":"Point","coordinates":[-75.148087,40.0230970000001]},"properties":{"stop_id":"28697","stop_name":"Broad St & Courtland St - FS","routes":["16"]}},{"type":"Feature","id":2638,"geometry":{"type":"Point","coordinates":[-75.147822,40.0244710000001]},"properties":{"stop_id":"17309","stop_name":"Broad St & Wyoming Av","routes":["0","16"]}},{"type":"Feature","id":2639,"geometry":{"type":"Point","coordinates":[-75.1474729999999,40.026059]},"properties":{"stop_id":"17310","stop_name":"Broad St & Loudon St","routes":["16"]}},{"type":"Feature","id":2641,"geometry":{"type":"Point","coordinates":[-75.1467279999999,40.029047]},"properties":{"stop_id":"17312","stop_name":"Broad St & Ruscomb St","routes":["16"]}},{"type":"Feature","id":2642,"geometry":{"type":"Point","coordinates":[-75.146497,40.0305280000001]},"properties":{"stop_id":"17313","stop_name":"Broad St & Lindley Av","routes":["0","16"]}},{"type":"Feature","id":2644,"geometry":{"type":"Point","coordinates":[-75.145811,40.0336330000001]},"properties":{"stop_id":"17315","stop_name":"Broad St & Fisher Av","routes":["16"]}},{"type":"Feature","id":2645,"geometry":{"type":"Point","coordinates":[-75.1454859999999,40.0351580000001]},"properties":{"stop_id":"17316","stop_name":"Broad St & Somerville Av","routes":["16"]}},{"type":"Feature","id":2646,"geometry":{"type":"Point","coordinates":[-75.145161,40.0366300000001]},"properties":{"stop_id":"17317","stop_name":"Broad St & Albert Einstein Dr","routes":["16"]}},{"type":"Feature","id":2647,"geometry":{"type":"Point","coordinates":[-75.144705,40.03828]},"properties":{"stop_id":"17318","stop_name":"Broad St & Tabor Rd","routes":["0","16"]}},{"type":"Feature","id":2674,"geometry":{"type":"Point","coordinates":[-75.159098,40.0748340000001]},"properties":{"stop_id":"136","stop_name":"Cheltenham Av & Ogontz Av Loop","routes":["16","6","71","81"]}},{"type":"Feature","id":2694,"geometry":{"type":"Point","coordinates":[-75.142581,40.049093]},"properties":{"stop_id":"15580","stop_name":"Broad St & Medary Av","routes":["16"]}},{"type":"Feature","id":2695,"geometry":{"type":"Point","coordinates":[-75.142846,40.0478620000001]},"properties":{"stop_id":"15588","stop_name":"Broad St & Stenton Av","routes":["16"]}},{"type":"Feature","id":2696,"geometry":{"type":"Point","coordinates":[-75.143268,40.0458540000001]},"properties":{"stop_id":"15721","stop_name":"Broad St & Green Ln","routes":["16"]}},{"type":"Feature","id":2697,"geometry":{"type":"Point","coordinates":[-75.143557,40.044534]},"properties":{"stop_id":"15741","stop_name":"Broad St & Champlost Av","routes":["16"]}},{"type":"Feature","id":2698,"geometry":{"type":"Point","coordinates":[-75.143894,40.0430000000001]},"properties":{"stop_id":"15742","stop_name":"Broad St & Nedro Av","routes":["16"]}},{"type":"Feature","id":2699,"geometry":{"type":"Point","coordinates":[-75.1442309999999,40.041519]},"properties":{"stop_id":"15743","stop_name":"Broad St & Grange St","routes":["16"]}},{"type":"Feature","id":2701,"geometry":{"type":"Point","coordinates":[-75.145231,40.0369430000001]},"properties":{"stop_id":"28698","stop_name":"Broad St & Albert Einstein Dr","routes":["16"]}},{"type":"Feature","id":2702,"geometry":{"type":"Point","coordinates":[-75.145592,40.035355]},"properties":{"stop_id":"15775","stop_name":"Broad St & Somerville Av","routes":["16"]}},{"type":"Feature","id":2703,"geometry":{"type":"Point","coordinates":[-75.145929,40.033802]},"properties":{"stop_id":"15778","stop_name":"Broad St & Fisher Av","routes":["16"]}},{"type":"Feature","id":2705,"geometry":{"type":"Point","coordinates":[-75.146687,40.0303500000001]},"properties":{"stop_id":"15790","stop_name":"Broad St & Fishers Ln","routes":["0","16"]}},{"type":"Feature","id":2706,"geometry":{"type":"Point","coordinates":[-75.147047,40.0289760000001]},"properties":{"stop_id":"15797","stop_name":"Broad St & Ruscomb St - FS","routes":["16"]}},{"type":"Feature","id":2708,"geometry":{"type":"Point","coordinates":[-75.14759,40.0262200000001]},"properties":{"stop_id":"15802","stop_name":"Broad St & Loudon St","routes":["16"]}},{"type":"Feature","id":2709,"geometry":{"type":"Point","coordinates":[-75.147927,40.024676]},"properties":{"stop_id":"15973","stop_name":"Broad St & Wyoming Av","routes":["0","16"]}},{"type":"Feature","id":2710,"geometry":{"type":"Point","coordinates":[-75.148336,40.022812]},"properties":{"stop_id":"15974","stop_name":"Broad St & Belfield Av - FS","routes":["16"]}},{"type":"Feature","id":2711,"geometry":{"type":"Point","coordinates":[-75.148601,40.0215450000001]},"properties":{"stop_id":"15975","stop_name":"Broad St & Wingohocking St","routes":["16"]}},{"type":"Feature","id":2712,"geometry":{"type":"Point","coordinates":[-75.149143,40.0190830000001]},"properties":{"stop_id":"15978","stop_name":"Broad St & Saint Lukes St - MBFS","routes":["16"]}},{"type":"Feature","id":2716,"geometry":{"type":"Point","coordinates":[-75.150924,40.010903]},"properties":{"stop_id":"15986","stop_name":"Broad St & Butler St","routes":["16"]}},{"type":"Feature","id":2717,"geometry":{"type":"Point","coordinates":[-75.151261,40.0093680000001]},"properties":{"stop_id":"29964","stop_name":"Broad St & Erie Av","routes":["0","16"]}},{"type":"Feature","id":2718,"geometry":{"type":"Point","coordinates":[-75.151622,40.0077180000001]},"properties":{"stop_id":"17117","stop_name":"Broad St & Venango St","routes":["16"]}},{"type":"Feature","id":2719,"geometry":{"type":"Point","coordinates":[-75.151947,40.006237]},"properties":{"stop_id":"17118","stop_name":"Broad St & Tioga St","routes":["16"]}},{"type":"Feature","id":2720,"geometry":{"type":"Point","coordinates":[-75.15232,40.0045240000001]},"properties":{"stop_id":"17120","stop_name":"Broad St & Ontario St - FS","routes":["16"]}},{"type":"Feature","id":2721,"geometry":{"type":"Point","coordinates":[-75.1526679999999,40.003026]},"properties":{"stop_id":"17121","stop_name":"Broad St & Westmoreland Av - FS","routes":["16","4"]}},{"type":"Feature","id":2722,"geometry":{"type":"Point","coordinates":[-75.152957,40.0017050000001]},"properties":{"stop_id":"21194","stop_name":"Broad St & Allegheny Av","routes":["0","16","4"]}},{"type":"Feature","id":2723,"geometry":{"type":"Point","coordinates":[-75.1533659999999,39.999877]},"properties":{"stop_id":"5169","stop_name":"Broad St & Clearfield St - FS","routes":["16","4"]}},{"type":"Feature","id":2725,"geometry":{"type":"Point","coordinates":[-75.154027,39.9968880000001]},"properties":{"stop_id":"17129","stop_name":"Broad St & Glenwood Av","routes":["0","16","4"]}},{"type":"Feature","id":2726,"geometry":{"type":"Point","coordinates":[-75.154351,39.9956310000001]},"properties":{"stop_id":"17132","stop_name":"Broad St & Somerset St","routes":["16","4"]}},{"type":"Feature","id":2727,"geometry":{"type":"Point","coordinates":[-75.154773,39.993498]},"properties":{"stop_id":"17133","stop_name":"Broad St & Lehigh Av - FS","routes":["0","16","4"]}},{"type":"Feature","id":2728,"geometry":{"type":"Point","coordinates":[-75.1549899999999,39.9924730000001]},"properties":{"stop_id":"17134","stop_name":"Broad St & Huntingdon St","routes":["16","4"]}},{"type":"Feature","id":2729,"geometry":{"type":"Point","coordinates":[-75.155314,39.9909650000001]},"properties":{"stop_id":"17135","stop_name":"Broad St & Cumberland St","routes":["16","4"]}},{"type":"Feature","id":2730,"geometry":{"type":"Point","coordinates":[-75.155723,39.989092]},"properties":{"stop_id":"17136","stop_name":"Broad St & York St - FS","routes":["16","4"]}},{"type":"Feature","id":2731,"geometry":{"type":"Point","coordinates":[-75.155964,39.9879940000001]},"properties":{"stop_id":"17137","stop_name":"Broad St & Dauphin St","routes":["0","16","4"]}},{"type":"Feature","id":2732,"geometry":{"type":"Point","coordinates":[-75.156313,39.9863710000001]},"properties":{"stop_id":"17138","stop_name":"Broad St & Susquehanna Av","routes":["0","16","4"]}},{"type":"Feature","id":2733,"geometry":{"type":"Point","coordinates":[-75.156661,39.9848270000001]},"properties":{"stop_id":"17158","stop_name":"Broad St & Diamond St","routes":["16","4"]}},{"type":"Feature","id":2734,"geometry":{"type":"Point","coordinates":[-75.156998,39.9832660000001]},"properties":{"stop_id":"17159","stop_name":"Broad St & Norris St","routes":["16","4"]}},{"type":"Feature","id":2735,"geometry":{"type":"Point","coordinates":[-75.157322,39.981812]},"properties":{"stop_id":"17160","stop_name":"Broad St & Berks St","routes":["16","4"]}},{"type":"Feature","id":2736,"geometry":{"type":"Point","coordinates":[-75.1576469999999,39.980305]},"properties":{"stop_id":"17161","stop_name":"Broad St & Montgomery Av","routes":["16","4"]}},{"type":"Feature","id":2737,"geometry":{"type":"Point","coordinates":[-75.157972,39.9787610000001]},"properties":{"stop_id":"17162","stop_name":"Broad St & Cecil B Moore Av","routes":["0","16","4"]}},{"type":"Feature","id":2738,"geometry":{"type":"Point","coordinates":[-75.1583209999999,39.977129]},"properties":{"stop_id":"5273","stop_name":"Broad St & Oxford St - FS","routes":["16","4"]}},{"type":"Feature","id":2739,"geometry":{"type":"Point","coordinates":[-75.158609,39.9759600000001]},"properties":{"stop_id":"17163","stop_name":"Broad St & Jefferson St","routes":["16","4"]}},{"type":"Feature","id":2740,"geometry":{"type":"Point","coordinates":[-75.158897,39.974613]},"properties":{"stop_id":"5252","stop_name":"Broad St & Master St","routes":["16","4"]}},{"type":"Feature","id":2741,"geometry":{"type":"Point","coordinates":[-75.159233,39.973284]},"properties":{"stop_id":"5328","stop_name":"Broad St & Thompson St","routes":["16","4"]}},{"type":"Feature","id":2742,"geometry":{"type":"Point","coordinates":[-75.15957,39.9715800000001]},"properties":{"stop_id":"143","stop_name":"Broad St & Girard Av","routes":["0","16","4"]}},{"type":"Feature","id":2743,"geometry":{"type":"Point","coordinates":[-75.159835,39.9703400000001]},"properties":{"stop_id":"17164","stop_name":"Broad St & Poplar St","routes":["16","4"]}},{"type":"Feature","id":2744,"geometry":{"type":"Point","coordinates":[-75.160135,39.969091]},"properties":{"stop_id":"5277","stop_name":"Broad St & Parrish St","routes":["16","4"]}},{"type":"Feature","id":2745,"geometry":{"type":"Point","coordinates":[-75.160363,39.9679580000001]},"properties":{"stop_id":"5144","stop_name":"Broad St & Brown St","routes":["16","4"]}},{"type":"Feature","id":2746,"geometry":{"type":"Point","coordinates":[-75.1606639999999,39.9665580000001]},"properties":{"stop_id":"17165","stop_name":"Broad St & Ridge Av - FS","routes":["0","16","4"]}},{"type":"Feature","id":2747,"geometry":{"type":"Point","coordinates":[-75.160964,39.965273]},"properties":{"stop_id":"17166","stop_name":"Broad St & Wallace St","routes":["16","4"]}},{"type":"Feature","id":2748,"geometry":{"type":"Point","coordinates":[-75.16129,39.963444]},"properties":{"stop_id":"17167","stop_name":"Broad St & Green St","routes":["16","4"]}},{"type":"Feature","id":2749,"geometry":{"type":"Point","coordinates":[-75.1614939999999,39.9625790000001]},"properties":{"stop_id":"17168","stop_name":"Broad St & Spring Garden St","routes":["0","16","4"]}},{"type":"Feature","id":2750,"geometry":{"type":"Point","coordinates":[-75.162178,39.959689]},"properties":{"stop_id":"17169","stop_name":"Broad St & Callowhill St","routes":["16","4"]}},{"type":"Feature","id":2751,"geometry":{"type":"Point","coordinates":[-75.162502,39.958181]},"properties":{"stop_id":"31123","stop_name":"Broad St & Vine St","routes":["0","16","4","441","448"]}},{"type":"Feature","id":2753,"geometry":{"type":"Point","coordinates":[-75.1633189999999,39.954524]},"properties":{"stop_id":"5131","stop_name":"Broad St & Arch St","routes":["16","27","4"]}},{"type":"Feature","id":2755,"geometry":{"type":"Point","coordinates":[-75.181094,39.9166210000001]},"properties":{"stop_id":"40","stop_name":"20th St & Johnston St","routes":["17","2"]}},{"type":"Feature","id":2756,"geometry":{"type":"Point","coordinates":[-75.180853,39.917879]},"properties":{"stop_id":"21289","stop_name":"20th St & Oregon Av","routes":["17","2"]}},{"type":"Feature","id":2757,"geometry":{"type":"Point","coordinates":[-75.18053,39.9192440000001]},"properties":{"stop_id":"21290","stop_name":"20th St & Shunk St","routes":["17"]}},{"type":"Feature","id":2761,"geometry":{"type":"Point","coordinates":[-75.17945,39.9242840000001]},"properties":{"stop_id":"21294","stop_name":"20th St & Jackson St","routes":["17"]}},{"type":"Feature","id":2762,"geometry":{"type":"Point","coordinates":[-75.179198,39.925488]},"properties":{"stop_id":"21295","stop_name":"20th St & Snyder Av","routes":["17"]}},{"type":"Feature","id":2763,"geometry":{"type":"Point","coordinates":[-75.1789219999999,39.926728]},"properties":{"stop_id":"21296","stop_name":"20th St & McKean St","routes":["17"]}},{"type":"Feature","id":2765,"geometry":{"type":"Point","coordinates":[-75.1783819999999,39.9291640000001]},"properties":{"stop_id":"21298","stop_name":"20th St & Moore St","routes":["17"]}},{"type":"Feature","id":2766,"geometry":{"type":"Point","coordinates":[-75.178118,39.930413]},"properties":{"stop_id":"21299","stop_name":"20th St & Morris St","routes":["17"]}},{"type":"Feature","id":2767,"geometry":{"type":"Point","coordinates":[-75.177854,39.931608]},"properties":{"stop_id":"21300","stop_name":"20th St & Tasker St","routes":["17"]}},{"type":"Feature","id":2784,"geometry":{"type":"Point","coordinates":[-75.1740129999999,39.9492710000001]},"properties":{"stop_id":"21315","stop_name":"20th St & Locust St","routes":["17"]}},{"type":"Feature","id":2785,"geometry":{"type":"Point","coordinates":[-75.173749,39.950422]},"properties":{"stop_id":"358","stop_name":"20th St & Walnut St","routes":["17"]}},{"type":"Feature","id":2788,"geometry":{"type":"Point","coordinates":[-75.173125,39.9534370000001]},"properties":{"stop_id":"21317","stop_name":"20th St & Market St","routes":["124","17"]}},{"type":"Feature","id":2800,"geometry":{"type":"Point","coordinates":[-75.150544,39.950703]},"properties":{"stop_id":"10329","stop_name":"Market St & 6th St","routes":["0","17","44","48"]}},{"type":"Feature","id":2804,"geometry":{"type":"Point","coordinates":[-75.142329,39.9496490000001]},"properties":{"stop_id":"7657","stop_name":"Market St & Front St","routes":["17"]}},{"type":"Feature","id":2806,"geometry":{"type":"Point","coordinates":[-75.1423169999999,39.9497650000001]},"properties":{"stop_id":"69","stop_name":"Front St & Market St Loop","routes":["17","44","48"]}},{"type":"Feature","id":2813,"geometry":{"type":"Point","coordinates":[-75.1502369999999,39.950809]},"properties":{"stop_id":"359","stop_name":"Market St & 6th St","routes":["0","17"]}},{"type":"Feature","id":2824,"geometry":{"type":"Point","coordinates":[-75.1714919999999,39.954103]},"properties":{"stop_id":"21319","stop_name":"19th St & JFK Blvd - FS","routes":["17"]}},{"type":"Feature","id":2825,"geometry":{"type":"Point","coordinates":[-75.1720099999999,39.9516170000001]},"properties":{"stop_id":"14923","stop_name":"19th St & Chestnut St - FS","routes":["17"]}},{"type":"Feature","id":2826,"geometry":{"type":"Point","coordinates":[-75.172225,39.9507580000001]},"properties":{"stop_id":"30327","stop_name":"19th St & Moravian St - FS","routes":["17"]}},{"type":"Feature","id":2828,"geometry":{"type":"Point","coordinates":[-75.1730449999999,39.949368]},"properties":{"stop_id":"14929","stop_name":"W Rittenhouse Square & Locust St","routes":["17"]}},{"type":"Feature","id":2829,"geometry":{"type":"Point","coordinates":[-75.172789,39.9480730000001]},"properties":{"stop_id":"14954","stop_name":"19th St & Spruce St","routes":["17"]}},{"type":"Feature","id":2831,"geometry":{"type":"Point","coordinates":[-75.173306,39.945727]},"properties":{"stop_id":"14958","stop_name":"19th St & Lombard St","routes":["17"]}},{"type":"Feature","id":2844,"geometry":{"type":"Point","coordinates":[-75.176126,39.932845]},"properties":{"stop_id":"21328","stop_name":"19th St & Dickinson St","routes":["17"]}},{"type":"Feature","id":2845,"geometry":{"type":"Point","coordinates":[-75.17639,39.9316050000001]},"properties":{"stop_id":"21329","stop_name":"19th St & Tasker St","routes":["17"]}},{"type":"Feature","id":2846,"geometry":{"type":"Point","coordinates":[-75.176642,39.930374]},"properties":{"stop_id":"21330","stop_name":"19th St & Morris St","routes":["17"]}},{"type":"Feature","id":2847,"geometry":{"type":"Point","coordinates":[-75.1769179999999,39.92917]},"properties":{"stop_id":"21331","stop_name":"19th St & Moore St","routes":["17"]}},{"type":"Feature","id":2848,"geometry":{"type":"Point","coordinates":[-75.1771469999999,39.9279470000001]},"properties":{"stop_id":"21332","stop_name":"19th St & Mifflin St","routes":["17"]}},{"type":"Feature","id":2849,"geometry":{"type":"Point","coordinates":[-75.1774109999999,39.9267160000001]},"properties":{"stop_id":"21333","stop_name":"19th St & McKean St","routes":["17"]}},{"type":"Feature","id":2850,"geometry":{"type":"Point","coordinates":[-75.177698,39.925512]},"properties":{"stop_id":"21334","stop_name":"19th St & Snyder Av","routes":["17"]}},{"type":"Feature","id":2851,"geometry":{"type":"Point","coordinates":[-75.1779739999999,39.924317]},"properties":{"stop_id":"21335","stop_name":"19th St & Passyunk Av","routes":["17"]}},{"type":"Feature","id":2856,"geometry":{"type":"Point","coordinates":[-75.179342,39.9180190000001]},"properties":{"stop_id":"21340","stop_name":"19th St & Oregon Av","routes":["17"]}},{"type":"Feature","id":2857,"geometry":{"type":"Point","coordinates":[-75.179654,39.916609]},"properties":{"stop_id":"21341","stop_name":"19th St & Johnston St","routes":["17","2"]}},{"type":"Feature","id":2858,"geometry":{"type":"Point","coordinates":[-75.1797319999999,39.9142800000001]},"properties":{"stop_id":"38","stop_name":"19th St & Moyamensing Av","routes":["17","2"]}},{"type":"Feature","id":2859,"geometry":{"type":"Point","coordinates":[-75.181682,39.9136590000001]},"properties":{"stop_id":"31456","stop_name":"Moyamensing Av & 20th St","routes":["17","2"]}},{"type":"Feature","id":2862,"geometry":{"type":"Point","coordinates":[-75.168398,40.0837530000001]},"properties":{"stop_id":"25974","stop_name":"Cedarbrook Plaza Stop - 5","routes":["18","72","77"]}},{"type":"Feature","id":2863,"geometry":{"type":"Point","coordinates":[-75.170294,40.0829260000001]},"properties":{"stop_id":"15421","stop_name":"Cedarbrook Plaza Stop - 6","routes":["18","72","77"]}},{"type":"Feature","id":2864,"geometry":{"type":"Point","coordinates":[-75.1727089999999,40.082565]},"properties":{"stop_id":"368","stop_name":"Cheltenham Av & Gowen Av","routes":["18","77"]}},{"type":"Feature","id":2897,"geometry":{"type":"Point","coordinates":[-75.239806,39.893154]},"properties":{"stop_id":"29438","stop_name":"Bartram Av & 84th St - MBFS","routes":["37","68"]}},{"type":"Feature","id":2900,"geometry":{"type":"Point","coordinates":[-75.233485,39.8961870000001]},"properties":{"stop_id":"29457","stop_name":"Holstein Av & Bartram Av - FS","routes":["37","68"]}},{"type":"Feature","id":2904,"geometry":{"type":"Point","coordinates":[-75.199866,40.0695420000001]},"properties":{"stop_id":"15436","stop_name":"Germantown Av & Springfield Av","routes":["23"]}},{"type":"Feature","id":2907,"geometry":{"type":"Point","coordinates":[-75.1989819999999,40.0687550000001]},"properties":{"stop_id":"15437","stop_name":"Germantown Av & Moreland Av","routes":["23"]}},{"type":"Feature","id":2908,"geometry":{"type":"Point","coordinates":[-75.2112549999999,40.0081930000001]},"properties":{"stop_id":"699","stop_name":"City Av & Presidential Blvd","routes":["1","44","52","65"]}},{"type":"Feature","id":2910,"geometry":{"type":"Point","coordinates":[-75.1975179999999,40.067753]},"properties":{"stop_id":"30860","stop_name":"Germantown Av & Mermaid Ln","routes":["23"]}},{"type":"Feature","id":2911,"geometry":{"type":"Point","coordinates":[-75.208226,40.0150130000001]},"properties":{"stop_id":"32989","stop_name":"WTC Boarding Area 9","routes":["1","124","125"]}},{"type":"Feature","id":2914,"geometry":{"type":"Point","coordinates":[-75.204535,40.014277]},"properties":{"stop_id":"18394","stop_name":"Ridge Av & I-76 Ramp FJ - FS","routes":["1","445","60","61","82"]}},{"type":"Feature","id":2917,"geometry":{"type":"Point","coordinates":[-75.202198,40.0131660000001]},"properties":{"stop_id":"18395","stop_name":"Ridge Av & School House Ln","routes":["1","445","60","61","82"]}},{"type":"Feature","id":2918,"geometry":{"type":"Point","coordinates":[-75.2260889999999,39.903601]},"properties":{"stop_id":"30163","stop_name":"70th St & Holstein Av - FS","routes":["37"]}},{"type":"Feature","id":2920,"geometry":{"type":"Point","coordinates":[-75.201398,40.012192]},"properties":{"stop_id":"24116","stop_name":"Ridge Av & School House Ln - MBFS","routes":["1","445","60","82"]}},{"type":"Feature","id":2923,"geometry":{"type":"Point","coordinates":[-75.199416,40.0110010000001]},"properties":{"stop_id":"24117","stop_name":"Ridge Av & Merrick Rd - MBNS","routes":["1","445","60","82"]}},{"type":"Feature","id":2926,"geometry":{"type":"Point","coordinates":[-75.1978819999999,40.010364]},"properties":{"stop_id":"18396","stop_name":"Ridge Av & Merrick Rd","routes":["1","445","60","61","82"]}},{"type":"Feature","id":2927,"geometry":{"type":"Point","coordinates":[-75.1966189999999,40.0098800000001]},"properties":{"stop_id":"18397","stop_name":"Ridge Av & Calumet St","routes":["1","445","60","61","82"]}},{"type":"Feature","id":2929,"geometry":{"type":"Point","coordinates":[-75.1920039999999,40.0080150000001]},"properties":{"stop_id":"18400","stop_name":"Ridge Av & Ferry Rd","routes":["1","445","60","61","82"]}},{"type":"Feature","id":2930,"geometry":{"type":"Point","coordinates":[-75.190847,40.007683]},"properties":{"stop_id":"30916","stop_name":"Ridge Av & Ferry Rd - FS","routes":["1","445","60","82"]}},{"type":"Feature","id":2931,"geometry":{"type":"Point","coordinates":[-75.189336,40.0071980000001]},"properties":{"stop_id":"21957","stop_name":"Ridge Av & Scotts Ln - MBNS","routes":["1","445","60","61","82"]}},{"type":"Feature","id":2932,"geometry":{"type":"Point","coordinates":[-75.187496,40.005998]},"properties":{"stop_id":"31617","stop_name":"Allegheny Av & Ridge Av - FS","routes":["1","445","60","82"]}},{"type":"Feature","id":2933,"geometry":{"type":"Point","coordinates":[-75.18661,40.0058720000001]},"properties":{"stop_id":"22386","stop_name":"Allegheny Av & 35th St","routes":["1","445","60","82"]}},{"type":"Feature","id":2937,"geometry":{"type":"Point","coordinates":[-75.180491,40.005074]},"properties":{"stop_id":"24646","stop_name":"Allegheny Av & Napa St","routes":["1","445","60","82"]}},{"type":"Feature","id":2944,"geometry":{"type":"Point","coordinates":[-75.1662919999999,40.010088]},"properties":{"stop_id":"21198","stop_name":"Hunting Park Av & Wissahickon Av - FS","routes":["1","445","447","56","71","81","82"]}},{"type":"Feature","id":2945,"geometry":{"type":"Point","coordinates":[-75.1610229999999,40.0125400000001]},"properties":{"stop_id":"22403","stop_name":"Hunting Park Av & 20th St","routes":["1","445","447","82"]}},{"type":"Feature","id":2950,"geometry":{"type":"Point","coordinates":[-75.1404249999999,40.0206430000001]},"properties":{"stop_id":"22406","stop_name":"Roosevelt Blvd & 9th St","routes":["1","445","447","82"]}},{"type":"Feature","id":2951,"geometry":{"type":"Point","coordinates":[-75.135664,40.0228990000001]},"properties":{"stop_id":"23308","stop_name":"Roosevelt Blvd & Wyoming Av","routes":["1","426","433","445","447","82"]}},{"type":"Feature","id":2953,"geometry":{"type":"Point","coordinates":[-75.12562,40.0249820000001]},"properties":{"stop_id":"22407","stop_name":"Roosevelt Blvd & Mascher St","routes":["1","426","433","445","447","82"]}},{"type":"Feature","id":2954,"geometry":{"type":"Point","coordinates":[-75.1236919999999,40.025271]},"properties":{"stop_id":"23311","stop_name":"Roosevelt Blvd & Front St","routes":["1","426","433","445","447","82"]}},{"type":"Feature","id":2955,"geometry":{"type":"Point","coordinates":[-75.122024,40.025499]},"properties":{"stop_id":"22408","stop_name":"Roosevelt Blvd & Rising Sun - FS","routes":["1","426","445","447","82"]}},{"type":"Feature","id":2956,"geometry":{"type":"Point","coordinates":[-75.11689,40.026254]},"properties":{"stop_id":"22409","stop_name":"Roosevelt Blvd & C St - FS","routes":["1","41","426","445","447","82"]}},{"type":"Feature","id":2958,"geometry":{"type":"Point","coordinates":[-75.089524,40.028754]},"properties":{"stop_id":"7","stop_name":"Roosevelt Blvd & Pratt St","routes":["1","426"]}},{"type":"Feature","id":2959,"geometry":{"type":"Point","coordinates":[-75.087722,40.029748]},"properties":{"stop_id":"22474","stop_name":"Roosevelt Blvd & Bridge St","routes":["1"]}},{"type":"Feature","id":2960,"geometry":{"type":"Point","coordinates":[-75.0858499999999,40.0307700000001]},"properties":{"stop_id":"22475","stop_name":"Roosevelt Blvd & Sanger St","routes":["1"]}},{"type":"Feature","id":2961,"geometry":{"type":"Point","coordinates":[-75.0837529999999,40.031665]},"properties":{"stop_id":"22477","stop_name":"Roosevelt Blvd & Cheltenham Av - FS","routes":["1"]}},{"type":"Feature","id":2962,"geometry":{"type":"Point","coordinates":[-75.0816579999999,40.0321420000001]},"properties":{"stop_id":"22478","stop_name":"Roosevelt Blvd & Van Kirk St","routes":["1"]}},{"type":"Feature","id":2963,"geometry":{"type":"Point","coordinates":[-75.079172,40.0327330000001]},"properties":{"stop_id":"22596","stop_name":"Roosevelt Blvd & Comly St","routes":["1"]}},{"type":"Feature","id":2964,"geometry":{"type":"Point","coordinates":[-75.074497,40.033791]},"properties":{"stop_id":"22479","stop_name":"Roosevelt Blvd & Devereaux St","routes":["1"]}},{"type":"Feature","id":3131,"geometry":{"type":"Point","coordinates":[-75.074778,40.034434]},"properties":{"stop_id":"22924","stop_name":"Roosevelt Blvd & Devereaux Av","routes":["1"]}},{"type":"Feature","id":3132,"geometry":{"type":"Point","coordinates":[-75.079774,40.0332670000001]},"properties":{"stop_id":"22926","stop_name":"Roosevelt Blvd & Large St","routes":["1"]}},{"type":"Feature","id":3133,"geometry":{"type":"Point","coordinates":[-75.082128,40.0327500000001]},"properties":{"stop_id":"22927","stop_name":"Roosevelt Blvd & Van Kirk St","routes":["1"]}},{"type":"Feature","id":3134,"geometry":{"type":"Point","coordinates":[-75.083962,40.032335]},"properties":{"stop_id":"22928","stop_name":"Roosevelt Blvd & Oxford Cir","routes":["1"]}},{"type":"Feature","id":3135,"geometry":{"type":"Point","coordinates":[-75.0864979999999,40.031253]},"properties":{"stop_id":"22929","stop_name":"Roosevelt Blvd & Sanger St","routes":["1"]}},{"type":"Feature","id":3136,"geometry":{"type":"Point","coordinates":[-75.088181,40.030312]},"properties":{"stop_id":"22930","stop_name":"Roosevelt Blvd & Bridge St","routes":["1"]}},{"type":"Feature","id":3140,"geometry":{"type":"Point","coordinates":[-75.121548,40.0262480000001]},"properties":{"stop_id":"23046","stop_name":"Roosevelt Blvd & Rising Sun Av","routes":["1","426","447","82"]}},{"type":"Feature","id":3141,"geometry":{"type":"Point","coordinates":[-75.123204,40.0260020000001]},"properties":{"stop_id":"23047","stop_name":"Roosevelt Blvd & Front St","routes":["1","426","433","447","82"]}},{"type":"Feature","id":3144,"geometry":{"type":"Point","coordinates":[-75.137307,40.02301]},"properties":{"stop_id":"174","stop_name":"Roosevelt Blvd & 7th St - FS","routes":["1","426","433","447","82"]}},{"type":"Feature","id":3150,"geometry":{"type":"Point","coordinates":[-75.1608449999999,40.012754]},"properties":{"stop_id":"23271","stop_name":"Hunting Park Av & Blaine St","routes":["1","447","82"]}},{"type":"Feature","id":3151,"geometry":{"type":"Point","coordinates":[-75.1667169999999,40.0100350000001]},"properties":{"stop_id":"18218","stop_name":"Hunting Park Av & Wissahickon Av","routes":["1","447","56","71","81","82"]}},{"type":"Feature","id":3158,"geometry":{"type":"Point","coordinates":[-75.178388,40.004963]},"properties":{"stop_id":"275","stop_name":"Allegheny Av & Hunting Park Av","routes":["1","60","82"]}},{"type":"Feature","id":3159,"geometry":{"type":"Point","coordinates":[-75.1799359999999,40.005145]},"properties":{"stop_id":"4344","stop_name":"Allegheny Av & Napa St","routes":["1","60","82"]}},{"type":"Feature","id":3163,"geometry":{"type":"Point","coordinates":[-75.186362,40.0059600000001]},"properties":{"stop_id":"4350","stop_name":"Allegheny Av & 35th St","routes":["1","60","82"]}},{"type":"Feature","id":3164,"geometry":{"type":"Point","coordinates":[-75.187685,40.0061150000001]},"properties":{"stop_id":"23052","stop_name":"Allegheny Av & Ridge Av","routes":["1","60","82"]}},{"type":"Feature","id":3165,"geometry":{"type":"Point","coordinates":[-75.189418,40.007385]},"properties":{"stop_id":"18008","stop_name":"Ridge Av & Scotts Ln - MBFS","routes":["1","60","61","82"]}},{"type":"Feature","id":3167,"geometry":{"type":"Point","coordinates":[-75.196335,40.0099060000001]},"properties":{"stop_id":"18013","stop_name":"Ridge Av & Calumet St","routes":["1","60","61","82"]}},{"type":"Feature","id":3168,"geometry":{"type":"Point","coordinates":[-75.197551,40.010364]},"properties":{"stop_id":"18014","stop_name":"Ridge Av & Merrick Rd","routes":["1","60","61","82"]}},{"type":"Feature","id":3169,"geometry":{"type":"Point","coordinates":[-75.2047939999999,40.0144740000001]},"properties":{"stop_id":"18017","stop_name":"Ridge Av & I-76 Ramp FJ","routes":["1","60","61","82"]}},{"type":"Feature","id":3171,"geometry":{"type":"Point","coordinates":[-75.2117279999999,40.0082120000001]},"properties":{"stop_id":"703","stop_name":"City Av & Presidential Blv - FS","routes":["1","44","52","65"]}},{"type":"Feature","id":3192,"geometry":{"type":"Point","coordinates":[-75.174768,39.916251]},"properties":{"stop_id":"10848","stop_name":"16th St & Moyamensing Av","routes":["2"]}},{"type":"Feature","id":3193,"geometry":{"type":"Point","coordinates":[-75.1745529999999,39.917125]},"properties":{"stop_id":"3052","stop_name":"16th St & Oregon Av","routes":["2"]}},{"type":"Feature","id":3194,"geometry":{"type":"Point","coordinates":[-75.174253,39.9184720000001]},"properties":{"stop_id":"3061","stop_name":"16th St & Shunk St","routes":["2"]}},{"type":"Feature","id":3198,"geometry":{"type":"Point","coordinates":[-75.1731609999999,39.923522]},"properties":{"stop_id":"3037","stop_name":"16th St & Jackson St","routes":["2"]}},{"type":"Feature","id":3199,"geometry":{"type":"Point","coordinates":[-75.17292,39.9247710000001]},"properties":{"stop_id":"41","stop_name":"16th St & Snyder Av","routes":["2"]}},{"type":"Feature","id":3200,"geometry":{"type":"Point","coordinates":[-75.172609,39.9259480000001]},"properties":{"stop_id":"3045","stop_name":"16th St & McKean St","routes":["2"]}},{"type":"Feature","id":3201,"geometry":{"type":"Point","coordinates":[-75.172321,39.9271340000001]},"properties":{"stop_id":"3046","stop_name":"16th St & Mifflin St","routes":["2"]}},{"type":"Feature","id":3203,"geometry":{"type":"Point","coordinates":[-75.171781,39.9296140000001]},"properties":{"stop_id":"3049","stop_name":"16th St & Morris St","routes":["2"]}},{"type":"Feature","id":3204,"geometry":{"type":"Point","coordinates":[-75.171576,39.930774]},"properties":{"stop_id":"3067","stop_name":"16th St & Tasker St","routes":["2"]}},{"type":"Feature","id":3205,"geometry":{"type":"Point","coordinates":[-75.1713119999999,39.931995]},"properties":{"stop_id":"3029","stop_name":"16th St & Dickinson St","routes":["2"]}},{"type":"Feature","id":3206,"geometry":{"type":"Point","coordinates":[-75.171059,39.933208]},"properties":{"stop_id":"3058","stop_name":"16th St & Reed St","routes":["2"]}},{"type":"Feature","id":3207,"geometry":{"type":"Point","coordinates":[-75.1707479999999,39.934494]},"properties":{"stop_id":"3072","stop_name":"16th St & Wharton St","routes":["2"]}},{"type":"Feature","id":3208,"geometry":{"type":"Point","coordinates":[-75.170376,39.936153]},"properties":{"stop_id":"3032","stop_name":"16th St & Federal St","routes":["2"]}},{"type":"Feature","id":3209,"geometry":{"type":"Point","coordinates":[-75.17016,39.937197]},"properties":{"stop_id":"3030","stop_name":"16th St & Ellsworth St","routes":["2"]}},{"type":"Feature","id":3210,"geometry":{"type":"Point","coordinates":[-75.169968,39.9381960000001]},"properties":{"stop_id":"42","stop_name":"16th St & Washington Av","routes":["2"]}},{"type":"Feature","id":3211,"geometry":{"type":"Point","coordinates":[-75.169704,39.939374]},"properties":{"stop_id":"26146","stop_name":"16th St & Carpenter St","routes":["2"]}},{"type":"Feature","id":3212,"geometry":{"type":"Point","coordinates":[-75.1694879999999,39.940364]},"properties":{"stop_id":"15403","stop_name":"16th St & Christian St","routes":["2"]}},{"type":"Feature","id":3217,"geometry":{"type":"Point","coordinates":[-75.1684789999999,39.945003]},"properties":{"stop_id":"15404","stop_name":"16th St & Lombard St","routes":["2"]}},{"type":"Feature","id":3220,"geometry":{"type":"Point","coordinates":[-75.167698,39.948535]},"properties":{"stop_id":"3042","stop_name":"16th St & Locust St","routes":["2"]}},{"type":"Feature","id":3221,"geometry":{"type":"Point","coordinates":[-75.1674819999999,39.949642]},"properties":{"stop_id":"3069","stop_name":"16th St & Walnut St","routes":["2"]}},{"type":"Feature","id":3222,"geometry":{"type":"Point","coordinates":[-75.1671459999999,39.9511400000001]},"properties":{"stop_id":"2660","stop_name":"16th St & Chestnut St","routes":["2"]}},{"type":"Feature","id":3223,"geometry":{"type":"Point","coordinates":[-75.166822,39.952594]},"properties":{"stop_id":"21213","stop_name":"16th St & Market St","routes":["2"]}},{"type":"Feature","id":3224,"geometry":{"type":"Point","coordinates":[-75.166569,39.953654]},"properties":{"stop_id":"3040","stop_name":"16th St & JFK Blvd","routes":["2"]}},{"type":"Feature","id":3225,"geometry":{"type":"Point","coordinates":[-75.1661369999999,39.95561]},"properties":{"stop_id":"3024","stop_name":"16th St & Cherry St","routes":["2","27"]}},{"type":"Feature","id":3229,"geometry":{"type":"Point","coordinates":[-75.1646229999999,39.962702]},"properties":{"stop_id":"13188","stop_name":"16th St & Spring Garden St","routes":["2"]}},{"type":"Feature","id":3238,"geometry":{"type":"Point","coordinates":[-75.162628,39.9717370000001]},"properties":{"stop_id":"45","stop_name":"16th St & Girard Av","routes":["2"]}},{"type":"Feature","id":3239,"geometry":{"type":"Point","coordinates":[-75.16228,39.973505]},"properties":{"stop_id":"3068","stop_name":"16th St & Thompson St","routes":["2"]}},{"type":"Feature","id":3240,"geometry":{"type":"Point","coordinates":[-75.162003,39.974772]},"properties":{"stop_id":"3044","stop_name":"16th St & Master St","routes":["2"]}},{"type":"Feature","id":3242,"geometry":{"type":"Point","coordinates":[-75.161402,39.977564]},"properties":{"stop_id":"3053","stop_name":"16th St & Oxford St","routes":["2"]}},{"type":"Feature","id":3243,"geometry":{"type":"Point","coordinates":[-75.1610889999999,39.978909]},"properties":{"stop_id":"2659","stop_name":"16th St & Cecil B Moore Av","routes":["2"]}},{"type":"Feature","id":3244,"geometry":{"type":"Point","coordinates":[-75.160741,39.9805420000001]},"properties":{"stop_id":"3047","stop_name":"16th St & Montgomery Av","routes":["2"]}},{"type":"Feature","id":3247,"geometry":{"type":"Point","coordinates":[-75.159779,39.985056]},"properties":{"stop_id":"3028","stop_name":"16th St & Diamond St","routes":["2"]}},{"type":"Feature","id":3248,"geometry":{"type":"Point","coordinates":[-75.159442,39.986653]},"properties":{"stop_id":"3066","stop_name":"16th St & Susquehanna Av","routes":["2"]}},{"type":"Feature","id":3251,"geometry":{"type":"Point","coordinates":[-75.158421,39.9911770000001]},"properties":{"stop_id":"3026","stop_name":"16th St & Cumberland St","routes":["2"]}},{"type":"Feature","id":3252,"geometry":{"type":"Point","coordinates":[-75.158379,39.9928820000001]},"properties":{"stop_id":"46","stop_name":"Huntingdon St & 16th St","routes":["2"]}},{"type":"Feature","id":3253,"geometry":{"type":"Point","coordinates":[-75.1595599999999,39.993027]},"properties":{"stop_id":"8704","stop_name":"Huntingdon St & 17th St","routes":["2"]}},{"type":"Feature","id":3254,"geometry":{"type":"Point","coordinates":[-75.159341,39.9943910000001]},"properties":{"stop_id":"47","stop_name":"17th St & Lehigh Av","routes":["2"]}},{"type":"Feature","id":3255,"geometry":{"type":"Point","coordinates":[-75.158826,39.9966670000001]},"properties":{"stop_id":"2712","stop_name":"17th St & Sedgley Av","routes":["2"]}},{"type":"Feature","id":3256,"geometry":{"type":"Point","coordinates":[-75.158645,39.997523]},"properties":{"stop_id":"2662","stop_name":"17th St & Cambria St","routes":["2"]}},{"type":"Feature","id":3257,"geometry":{"type":"Point","coordinates":[-75.1588409999999,39.9987550000001]},"properties":{"stop_id":"2684","stop_name":"17th St & Indiana Av","routes":["2"]}},{"type":"Feature","id":3258,"geometry":{"type":"Point","coordinates":[-75.158019,40.000501]},"properties":{"stop_id":"2669","stop_name":"17Th St & Clearfield St","routes":["2"]}},{"type":"Feature","id":3259,"geometry":{"type":"Point","coordinates":[-75.1576469999999,40.002099]},"properties":{"stop_id":"3075","stop_name":"17th St & Allegheny Av","routes":["2"]}},{"type":"Feature","id":3261,"geometry":{"type":"Point","coordinates":[-75.156985,40.005159]},"properties":{"stop_id":"2702","stop_name":"17th St & Ontario St","routes":["2"]}},{"type":"Feature","id":3262,"geometry":{"type":"Point","coordinates":[-75.156672,40.00663]},"properties":{"stop_id":"2723","stop_name":"17th St & Tioga St","routes":["2"]}},{"type":"Feature","id":3264,"geometry":{"type":"Point","coordinates":[-75.155987,40.0097450000001]},"properties":{"stop_id":"2676","stop_name":"17th St & Erie Av","routes":["2"]}},{"type":"Feature","id":3265,"geometry":{"type":"Point","coordinates":[-75.157451,40.0101050000001]},"properties":{"stop_id":"18213","stop_name":"Erie Av & 18th St","routes":["2","56","71","81"]}},{"type":"Feature","id":3268,"geometry":{"type":"Point","coordinates":[-75.1608219999999,40.0125840000001]},"properties":{"stop_id":"2814","stop_name":"20th St & Hunting Park Av","routes":["2"]}},{"type":"Feature","id":3269,"geometry":{"type":"Point","coordinates":[-75.158809,40.013544]},"properties":{"stop_id":"8709","stop_name":"Hunting Park Av & 19th St","routes":["2","445","447","82"]}},{"type":"Feature","id":3270,"geometry":{"type":"Point","coordinates":[-75.157992,40.0139350000001]},"properties":{"stop_id":"48","stop_name":"Hunting Park Av & Pulaski Av","routes":["2","445","447","82"]}},{"type":"Feature","id":3271,"geometry":{"type":"Point","coordinates":[-75.157404,40.013264]},"properties":{"stop_id":"30","stop_name":"Pulaski Av & Pike St","routes":["2"]}},{"type":"Feature","id":3272,"geometry":{"type":"Point","coordinates":[-75.158136,40.016622]},"properties":{"stop_id":"16415","stop_name":"Clarissa St & Juniata St","routes":["2","53"]}},{"type":"Feature","id":3273,"geometry":{"type":"Point","coordinates":[-75.158935,40.017659]},"properties":{"stop_id":"16416","stop_name":"Clarissa St & Bristol St","routes":["2","53"]}},{"type":"Feature","id":3274,"geometry":{"type":"Point","coordinates":[-75.1599229999999,40.0189370000001]},"properties":{"stop_id":"31724","stop_name":"Clarissa St & Dennie St","routes":["2","53"]}},{"type":"Feature","id":3275,"geometry":{"type":"Point","coordinates":[-75.1605089999999,40.0204910000001]},"properties":{"stop_id":"28552","stop_name":"Clarissa St & Wayne Av","routes":["2","53"]}},{"type":"Feature","id":3276,"geometry":{"type":"Point","coordinates":[-75.1600789999999,40.021669]},"properties":{"stop_id":"25815","stop_name":"Windrim Av & Wayne Av","routes":["2","75"]}},{"type":"Feature","id":3278,"geometry":{"type":"Point","coordinates":[-75.160567,40.0207500000001]},"properties":{"stop_id":"28551","stop_name":"Clarissa St & Wayne Av","routes":["2","53"]}},{"type":"Feature","id":3279,"geometry":{"type":"Point","coordinates":[-75.160183,40.019036]},"properties":{"stop_id":"16479","stop_name":"Clarissa St & Dennie St","routes":["2","53"]}},{"type":"Feature","id":3280,"geometry":{"type":"Point","coordinates":[-75.159172,40.017731]},"properties":{"stop_id":"16480","stop_name":"Clarissa St & Bristol St","routes":["2","53"]}},{"type":"Feature","id":3281,"geometry":{"type":"Point","coordinates":[-75.158372,40.016694]},"properties":{"stop_id":"16481","stop_name":"Clarissa St & Juniata St","routes":["2","53"]}},{"type":"Feature","id":3283,"geometry":{"type":"Point","coordinates":[-75.157002,40.0132100000001]},"properties":{"stop_id":"16483","stop_name":"18th St & Pike St","routes":["2","53"]}},{"type":"Feature","id":3284,"geometry":{"type":"Point","coordinates":[-75.155863,40.011155]},"properties":{"stop_id":"12058","stop_name":"Pulaski Av & 17th St","routes":["2","53"]}},{"type":"Feature","id":3287,"geometry":{"type":"Point","coordinates":[-75.15608,40.010048]},"properties":{"stop_id":"2675","stop_name":"17th St & Erie Av","routes":["2","53"]}},{"type":"Feature","id":3289,"geometry":{"type":"Point","coordinates":[-75.1567659999999,40.006899]},"properties":{"stop_id":"2722","stop_name":"17th St & Tioga St","routes":["2"]}},{"type":"Feature","id":3290,"geometry":{"type":"Point","coordinates":[-75.1571029999999,40.005392]},"properties":{"stop_id":"15396","stop_name":"17th St & Ontario St","routes":["2"]}},{"type":"Feature","id":3292,"geometry":{"type":"Point","coordinates":[-75.157752,40.0023410000001]},"properties":{"stop_id":"15397","stop_name":"17th St & Allegheny Av","routes":["2"]}},{"type":"Feature","id":3293,"geometry":{"type":"Point","coordinates":[-75.158159,40.000482]},"properties":{"stop_id":"2668","stop_name":"17th St & Clearfield Rd","routes":["2"]}},{"type":"Feature","id":3294,"geometry":{"type":"Point","coordinates":[-75.158762,39.997755]},"properties":{"stop_id":"2661","stop_name":"17th St & Cambria St","routes":["2"]}},{"type":"Feature","id":3295,"geometry":{"type":"Point","coordinates":[-75.158966,39.996747]},"properties":{"stop_id":"2711","stop_name":"17th St & Sedgley Av","routes":["2"]}},{"type":"Feature","id":3296,"geometry":{"type":"Point","coordinates":[-75.159388,39.9948830000001]},"properties":{"stop_id":"2689","stop_name":"17th St & Lehigh Av","routes":["2"]}},{"type":"Feature","id":3297,"geometry":{"type":"Point","coordinates":[-75.1597839999999,39.993099]},"properties":{"stop_id":"31","stop_name":"17th St & Huntingdon St","routes":["2"]}},{"type":"Feature","id":3298,"geometry":{"type":"Point","coordinates":[-75.160132,39.9916180000001]},"properties":{"stop_id":"2670","stop_name":"17th St & Cumberland St","routes":["2"]}},{"type":"Feature","id":3301,"geometry":{"type":"Point","coordinates":[-75.161106,39.987032]},"properties":{"stop_id":"2718","stop_name":"17th St & Susquehanna Av","routes":["2"]}},{"type":"Feature","id":3302,"geometry":{"type":"Point","coordinates":[-75.161479,39.985462]},"properties":{"stop_id":"2672","stop_name":"17th St & Diamond St","routes":["2"]}},{"type":"Feature","id":3305,"geometry":{"type":"Point","coordinates":[-75.162429,39.9809660000001]},"properties":{"stop_id":"2697","stop_name":"17th St & Montgomery Av","routes":["2"]}},{"type":"Feature","id":3306,"geometry":{"type":"Point","coordinates":[-75.1627769999999,39.9794140000001]},"properties":{"stop_id":"2665","stop_name":"17th St & Cecil B Moore Av","routes":["2"]}},{"type":"Feature","id":3307,"geometry":{"type":"Point","coordinates":[-75.16309,39.9779780000001]},"properties":{"stop_id":"2704","stop_name":"17th St & Oxford St","routes":["2"]}},{"type":"Feature","id":3308,"geometry":{"type":"Point","coordinates":[-75.1633909999999,39.976551]},"properties":{"stop_id":"2686","stop_name":"17th St & Jefferson St","routes":["2"]}},{"type":"Feature","id":3309,"geometry":{"type":"Point","coordinates":[-75.1637029999999,39.975177]},"properties":{"stop_id":"2694","stop_name":"17th St & Master St","routes":["2"]}},{"type":"Feature","id":3310,"geometry":{"type":"Point","coordinates":[-75.163967,39.9739010000001]},"properties":{"stop_id":"2721","stop_name":"17th St & Thompson St","routes":["2"]}},{"type":"Feature","id":3311,"geometry":{"type":"Point","coordinates":[-75.164352,39.972153]},"properties":{"stop_id":"32","stop_name":"17th St & Girard Av","routes":["2"]}},{"type":"Feature","id":3318,"geometry":{"type":"Point","coordinates":[-75.166034,39.9644630000001]},"properties":{"stop_id":"2681","stop_name":"17th St & Green St","routes":["2"]}},{"type":"Feature","id":3319,"geometry":{"type":"Point","coordinates":[-75.1663339999999,39.963223]},"properties":{"stop_id":"33","stop_name":"17th St & Spring Garden St","routes":["2"]}},{"type":"Feature","id":3323,"geometry":{"type":"Point","coordinates":[-75.1673519999999,39.959414]},"properties":{"stop_id":"24172","stop_name":"17th St & Franklin Town Blvd","routes":["2"]}},{"type":"Feature","id":3324,"geometry":{"type":"Point","coordinates":[-75.167271,39.958834]},"properties":{"stop_id":"2726","stop_name":"17th St & Vine St","routes":["2"]}},{"type":"Feature","id":3325,"geometry":{"type":"Point","coordinates":[-75.1674869999999,39.957817]},"properties":{"stop_id":"15398","stop_name":"17th St & Summer St","routes":["2"]}},{"type":"Feature","id":3326,"geometry":{"type":"Point","coordinates":[-75.1676909999999,39.9569250000001]},"properties":{"stop_id":"2707","stop_name":"17th St & Race St","routes":["2"]}},{"type":"Feature","id":3327,"geometry":{"type":"Point","coordinates":[-75.167872,39.9560770000001]},"properties":{"stop_id":"3078","stop_name":"17th St & Ben Franklin Pkwy","routes":["2"]}},{"type":"Feature","id":3328,"geometry":{"type":"Point","coordinates":[-75.168076,39.955096]},"properties":{"stop_id":"3076","stop_name":"17th St & Arch St","routes":["2"]}},{"type":"Feature","id":3329,"geometry":{"type":"Point","coordinates":[-75.168268,39.954124]},"properties":{"stop_id":"2687","stop_name":"17th St & JFK Blvd","routes":["2"]}},{"type":"Feature","id":3330,"geometry":{"type":"Point","coordinates":[-75.1684729999999,39.9531240000001]},"properties":{"stop_id":"34","stop_name":"17th St & Market St","routes":["2"]}},{"type":"Feature","id":3331,"geometry":{"type":"Point","coordinates":[-75.168845,39.9515190000001]},"properties":{"stop_id":"2666","stop_name":"17th St & Chestnut St","routes":["2"]}},{"type":"Feature","id":3335,"geometry":{"type":"Point","coordinates":[-75.169997,39.946264]},"properties":{"stop_id":"35","stop_name":"17th St & Pine St","routes":["2"]}},{"type":"Feature","id":3336,"geometry":{"type":"Point","coordinates":[-75.1701899999999,39.9453720000001]},"properties":{"stop_id":"2692","stop_name":"17th St & Lombard St","routes":["2"]}},{"type":"Feature","id":3337,"geometry":{"type":"Point","coordinates":[-75.170382,39.9443640000001]},"properties":{"stop_id":"2715","stop_name":"17th St & South St","routes":["2"]}},{"type":"Feature","id":3341,"geometry":{"type":"Point","coordinates":[-75.171186,39.9407600000001]},"properties":{"stop_id":"2667","stop_name":"17th St & Christian St","routes":["2"]}},{"type":"Feature","id":3342,"geometry":{"type":"Point","coordinates":[-75.171412,39.939764]},"properties":{"stop_id":"2663","stop_name":"17th St & Carpenter St","routes":["2"]}},{"type":"Feature","id":3343,"geometry":{"type":"Point","coordinates":[-75.171655,39.938592]},"properties":{"stop_id":"36","stop_name":"17th St & Washington Av","routes":["2"]}},{"type":"Feature","id":3344,"geometry":{"type":"Point","coordinates":[-75.171859,39.937575]},"properties":{"stop_id":"2674","stop_name":"17th St & Ellsworth St","routes":["2"]}},{"type":"Feature","id":3345,"geometry":{"type":"Point","coordinates":[-75.172063,39.9366210000001]},"properties":{"stop_id":"2678","stop_name":"17th St & Federal St","routes":["2"]}},{"type":"Feature","id":3346,"geometry":{"type":"Point","coordinates":[-75.172435,39.9348810000001]},"properties":{"stop_id":"2731","stop_name":"17th St & Wharton St","routes":["2"]}},{"type":"Feature","id":3348,"geometry":{"type":"Point","coordinates":[-75.1729989999999,39.9324550000001]},"properties":{"stop_id":"2673","stop_name":"17th St & Dickinson St","routes":["2"]}},{"type":"Feature","id":3349,"geometry":{"type":"Point","coordinates":[-75.173275,39.9312330000001]},"properties":{"stop_id":"2720","stop_name":"17th St & Tasker St","routes":["2"]}},{"type":"Feature","id":3353,"geometry":{"type":"Point","coordinates":[-75.1742839999999,39.926344]},"properties":{"stop_id":"2695","stop_name":"17th St & McKean St","routes":["2"]}},{"type":"Feature","id":3354,"geometry":{"type":"Point","coordinates":[-75.174548,39.925122]},"properties":{"stop_id":"37","stop_name":"17th St & Snyder Av","routes":["2"]}},{"type":"Feature","id":3355,"geometry":{"type":"Point","coordinates":[-75.1748239999999,39.923891]},"properties":{"stop_id":"2685","stop_name":"17th St & Jackson St","routes":["2"]}},{"type":"Feature","id":3360,"geometry":{"type":"Point","coordinates":[-75.176215,39.917629]},"properties":{"stop_id":"2703","stop_name":"17th St & Oregon St","routes":["2"]}},{"type":"Feature","id":3364,"geometry":{"type":"Point","coordinates":[-75.17952,39.9143060000001]},"properties":{"stop_id":"21212","stop_name":"Moyamensing Av & 19th St","routes":["2","68"]}},{"type":"Feature","id":3382,"geometry":{"type":"Point","coordinates":[-75.167513,39.979853]},"properties":{"stop_id":"57","stop_name":"Cecil B Moore Av & 20th St","routes":["3"]}},{"type":"Feature","id":3383,"geometry":{"type":"Point","coordinates":[-75.165966,39.979653]},"properties":{"stop_id":"25381","stop_name":"Cecil B Moore Av & 19th St","routes":["3"]}},{"type":"Feature","id":3384,"geometry":{"type":"Point","coordinates":[-75.164372,39.979471]},"properties":{"stop_id":"25382","stop_name":"Cecil B Moore Av & 18th St","routes":["3"]}},{"type":"Feature","id":3385,"geometry":{"type":"Point","coordinates":[-75.162814,39.979254]},"properties":{"stop_id":"25383","stop_name":"Cecil B Moore Av & 17th St","routes":["3"]}},{"type":"Feature","id":3386,"geometry":{"type":"Point","coordinates":[-75.161231,39.9790540000001]},"properties":{"stop_id":"25384","stop_name":"Cecil B Moore Av & 16th St","routes":["3"]}},{"type":"Feature","id":3387,"geometry":{"type":"Point","coordinates":[-75.159661,39.9788540000001]},"properties":{"stop_id":"25385","stop_name":"Cecil B Moore Av & 15th St","routes":["3"]}},{"type":"Feature","id":3388,"geometry":{"type":"Point","coordinates":[-75.157972,39.978618]},"properties":{"stop_id":"58","stop_name":"Cecil B Moore Av & Broad St","routes":["3"]}},{"type":"Feature","id":3394,"geometry":{"type":"Point","coordinates":[-75.1485499999999,39.9774110000001]},"properties":{"stop_id":"25391","stop_name":"Cecil B Moore Av & 8th St","routes":["3"]}},{"type":"Feature","id":3395,"geometry":{"type":"Point","coordinates":[-75.146766,39.977407]},"properties":{"stop_id":"18529","stop_name":"7th St & Cecil B Moore Av - FS","routes":["3","47"]}},{"type":"Feature","id":3396,"geometry":{"type":"Point","coordinates":[-75.146513,39.978709]},"properties":{"stop_id":"18530","stop_name":"7th St & Montgomery Av","routes":["3","47"]}},{"type":"Feature","id":3397,"geometry":{"type":"Point","coordinates":[-75.146259,39.9802260000001]},"properties":{"stop_id":"18531","stop_name":"7th St & Berks St","routes":["3","47"]}},{"type":"Feature","id":3398,"geometry":{"type":"Point","coordinates":[-75.144866,39.9800440000001]},"properties":{"stop_id":"25393","stop_name":"Berks St & 6th St","routes":["3"]}},{"type":"Feature","id":3399,"geometry":{"type":"Point","coordinates":[-75.1435309999999,39.979881]},"properties":{"stop_id":"25394","stop_name":"Berks St & Germantown Av","routes":["3"]}},{"type":"Feature","id":3408,"geometry":{"type":"Point","coordinates":[-75.1329039999999,39.9814710000001]},"properties":{"stop_id":"25403","stop_name":"Front St & Coral St","routes":["3"]}},{"type":"Feature","id":3409,"geometry":{"type":"Point","coordinates":[-75.132485,39.9829520000001]},"properties":{"stop_id":"25404","stop_name":"Front St & Susquehanna Av","routes":["3"]}},{"type":"Feature","id":3412,"geometry":{"type":"Point","coordinates":[-75.129654,39.987443]},"properties":{"stop_id":"25405","stop_name":"Kensington Av & Cumberland St","routes":["3"]}},{"type":"Feature","id":3414,"geometry":{"type":"Point","coordinates":[-75.125462,39.989745]},"properties":{"stop_id":"25406","stop_name":"Kensington Av & Lehigh Av","routes":["3"]}},{"type":"Feature","id":3420,"geometry":{"type":"Point","coordinates":[-75.111024,39.9977420000001]},"properties":{"stop_id":"17744","stop_name":"Kensington Av & Westmoreland St","routes":["3"]}},{"type":"Feature","id":3421,"geometry":{"type":"Point","coordinates":[-75.108797,39.998968]},"properties":{"stop_id":"17745","stop_name":"Kensington Av & Ontario St","routes":["3"]}},{"type":"Feature","id":3422,"geometry":{"type":"Point","coordinates":[-75.106522,40.0002020000001]},"properties":{"stop_id":"19007","stop_name":"Kensington Av & Tioga St","routes":["0","3"]}},{"type":"Feature","id":3423,"geometry":{"type":"Point","coordinates":[-75.104366,40.0014110000001]},"properties":{"stop_id":"17747","stop_name":"Kensington Av & Venango St","routes":["3","428"]}},{"type":"Feature","id":3424,"geometry":{"type":"Point","coordinates":[-75.1019019999999,40.0027610000001]},"properties":{"stop_id":"26262","stop_name":"Kensington Av & Sedgley Av","routes":["3"]}},{"type":"Feature","id":3425,"geometry":{"type":"Point","coordinates":[-75.099556,40.00404]},"properties":{"stop_id":"25408","stop_name":"Kensington Av & Castor Av","routes":["3"]}},{"type":"Feature","id":3426,"geometry":{"type":"Point","coordinates":[-75.096417,40.0057810000001]},"properties":{"stop_id":"19008","stop_name":"Kensington Av & Torresdale Av","routes":["0","3","53"]}},{"type":"Feature","id":3427,"geometry":{"type":"Point","coordinates":[-75.094189,40.0069800000001]},"properties":{"stop_id":"25409","stop_name":"Kensington Av & Hunting Park Av","routes":["3"]}},{"type":"Feature","id":3428,"geometry":{"type":"Point","coordinates":[-75.091606,40.00841]},"properties":{"stop_id":"25410","stop_name":"Kensington Av & Adams Av","routes":["3"]}},{"type":"Feature","id":3429,"geometry":{"type":"Point","coordinates":[-75.090267,40.009147]},"properties":{"stop_id":"25411","stop_name":"Kensington Av & Womrath St","routes":["3"]}},{"type":"Feature","id":3430,"geometry":{"type":"Point","coordinates":[-75.089187,40.0100630000001]},"properties":{"stop_id":"23961","stop_name":"Frankford Av & Ruan St","routes":["0","3","5"]}},{"type":"Feature","id":3431,"geometry":{"type":"Point","coordinates":[-75.088699,40.010794]},"properties":{"stop_id":"23962","stop_name":"Frankford Av & Church St","routes":["3","5"]}},{"type":"Feature","id":3433,"geometry":{"type":"Point","coordinates":[-75.0863449999999,40.0137330000001]},"properties":{"stop_id":"23964","stop_name":"Frankford Av & Sellers St","routes":["3","5"]}},{"type":"Feature","id":3434,"geometry":{"type":"Point","coordinates":[-75.0855129999999,40.014641]},"properties":{"stop_id":"19010","stop_name":"Frankford Av & Orthodox St","routes":["3","5"]}},{"type":"Feature","id":3441,"geometry":{"type":"Point","coordinates":[-75.078114,40.024322]},"properties":{"stop_id":"21971","stop_name":"Frankford Transit Center - Rt 3","routes":["3"]}},{"type":"Feature","id":3447,"geometry":{"type":"Point","coordinates":[-75.085453,40.0148730000001]},"properties":{"stop_id":"19011","stop_name":"Frankford Av & Orthodox St","routes":["3","5"]}},{"type":"Feature","id":3448,"geometry":{"type":"Point","coordinates":[-75.086308,40.0139740000001]},"properties":{"stop_id":"24093","stop_name":"Frankford Av & Sellers St","routes":["3","5"]}},{"type":"Feature","id":3450,"geometry":{"type":"Point","coordinates":[-75.088698,40.011035]},"properties":{"stop_id":"24095","stop_name":"Frankford Av & Church St","routes":["3","5"]}},{"type":"Feature","id":3451,"geometry":{"type":"Point","coordinates":[-75.089079,40.010492]},"properties":{"stop_id":"24129","stop_name":"Frankford Av & Ruan St - MBNS","routes":["0","3","5"]}},{"type":"Feature","id":3452,"geometry":{"type":"Point","coordinates":[-75.0901719999999,40.0093610000001]},"properties":{"stop_id":"25426","stop_name":"Kensington Av & Womrath St","routes":["3"]}},{"type":"Feature","id":3453,"geometry":{"type":"Point","coordinates":[-75.09138,40.0086860000001]},"properties":{"stop_id":"25427","stop_name":"Kensington Av & Adams Av","routes":["3"]}},{"type":"Feature","id":3454,"geometry":{"type":"Point","coordinates":[-75.0939989999999,40.007256]},"properties":{"stop_id":"25428","stop_name":"Kensington Av & Hunting Park Av","routes":["3","53"]}},{"type":"Feature","id":3455,"geometry":{"type":"Point","coordinates":[-75.0964039999999,40.005942]},"properties":{"stop_id":"19013","stop_name":"Kensington Av & Erie Av","routes":["0","3","53"]}},{"type":"Feature","id":3456,"geometry":{"type":"Point","coordinates":[-75.099271,40.004351]},"properties":{"stop_id":"25429","stop_name":"Kensington Av & Castor Av","routes":["3","53"]}},{"type":"Feature","id":3458,"geometry":{"type":"Point","coordinates":[-75.1041279999999,40.001696]},"properties":{"stop_id":"17840","stop_name":"Kensington Av & Venango St","routes":["3"]}},{"type":"Feature","id":3459,"geometry":{"type":"Point","coordinates":[-75.106308,40.0004870000001]},"properties":{"stop_id":"19014","stop_name":"Kensington Av & K St","routes":["0","3","428"]}},{"type":"Feature","id":3460,"geometry":{"type":"Point","coordinates":[-75.1086299999999,39.999217]},"properties":{"stop_id":"17848","stop_name":"Kensington Av & J St","routes":["3","428"]}},{"type":"Feature","id":3461,"geometry":{"type":"Point","coordinates":[-75.110869,39.9979910000001]},"properties":{"stop_id":"17853","stop_name":"Kensington Av & I St","routes":["3","428"]}},{"type":"Feature","id":3467,"geometry":{"type":"Point","coordinates":[-75.12539,39.989941]},"properties":{"stop_id":"8986","stop_name":"Kensington Av & Lehigh Av","routes":["3"]}},{"type":"Feature","id":3469,"geometry":{"type":"Point","coordinates":[-75.129535,39.987666]},"properties":{"stop_id":"16355","stop_name":"Kensington Av & Cumberland St","routes":["3","39"]}},{"type":"Feature","id":3472,"geometry":{"type":"Point","coordinates":[-75.132578,39.983282]},"properties":{"stop_id":"25451","stop_name":"Front St & Susquehanna Av","routes":["3"]}},{"type":"Feature","id":3473,"geometry":{"type":"Point","coordinates":[-75.133022,39.9817130000001]},"properties":{"stop_id":"25452","stop_name":"Front St & Diamond St","routes":["3"]}},{"type":"Feature","id":3482,"geometry":{"type":"Point","coordinates":[-75.1433069999999,39.9799780000001]},"properties":{"stop_id":"26260","stop_name":"Berks St & Germantown Av","routes":["3"]}},{"type":"Feature","id":3483,"geometry":{"type":"Point","coordinates":[-75.1445229999999,39.9801330000001]},"properties":{"stop_id":"25465","stop_name":"Berks St & 6th St","routes":["3"]}},{"type":"Feature","id":3484,"geometry":{"type":"Point","coordinates":[-75.1450839999999,39.978688]},"properties":{"stop_id":"25467","stop_name":"6th St & Montgomery Av","routes":["3"]}},{"type":"Feature","id":3485,"geometry":{"type":"Point","coordinates":[-75.145361,39.977154]},"properties":{"stop_id":"25468","stop_name":"6th St & Cecil B Moore Av","routes":["3"]}},{"type":"Feature","id":3486,"geometry":{"type":"Point","coordinates":[-75.146708,39.9772990000001]},"properties":{"stop_id":"25469","stop_name":"Cecil B Moore Av & 7th St","routes":["3"]}},{"type":"Feature","id":3492,"geometry":{"type":"Point","coordinates":[-75.157724,39.978707]},"properties":{"stop_id":"53","stop_name":"Cecil B Moore Av & Broad St","routes":["3"]}},{"type":"Feature","id":3493,"geometry":{"type":"Point","coordinates":[-75.1594009999999,39.9789430000001]},"properties":{"stop_id":"25475","stop_name":"Cecil B Moore Av & 15th St","routes":["3"]}},{"type":"Feature","id":3494,"geometry":{"type":"Point","coordinates":[-75.160971,39.979152]},"properties":{"stop_id":"25476","stop_name":"Cecil B Moore Av & 16th St","routes":["3"]}},{"type":"Feature","id":3495,"geometry":{"type":"Point","coordinates":[-75.1625529999999,39.9793510000001]},"properties":{"stop_id":"25477","stop_name":"Cecil B Moore Av & 17th St","routes":["3"]}},{"type":"Feature","id":3497,"geometry":{"type":"Point","coordinates":[-75.1657059999999,39.9797510000001]},"properties":{"stop_id":"25479","stop_name":"Cecil B Moore Av & 19th St","routes":["3"]}},{"type":"Feature","id":3498,"geometry":{"type":"Point","coordinates":[-75.167253,39.979941]},"properties":{"stop_id":"54","stop_name":"Cecil B Moore Av & 20th St","routes":["3"]}},{"type":"Feature","id":3514,"geometry":{"type":"Point","coordinates":[-75.173283,39.905735]},"properties":{"stop_id":"31487","stop_name":"Broad St & Pattison Av - 3 FS","routes":["0","4"]}},{"type":"Feature","id":3515,"geometry":{"type":"Point","coordinates":[-75.172816,39.9077780000001]},"properties":{"stop_id":"25239","stop_name":"Broad St & Hartranft St","routes":["4","45"]}},{"type":"Feature","id":3516,"geometry":{"type":"Point","coordinates":[-75.172929,39.909135]},"properties":{"stop_id":"158","stop_name":"Broad St & Geary St","routes":["4","45"]}},{"type":"Feature","id":3517,"geometry":{"type":"Point","coordinates":[-75.1726649999999,39.910446]},"properties":{"stop_id":"17229","stop_name":"Broad St & Curtin St","routes":["4"]}},{"type":"Feature","id":3518,"geometry":{"type":"Point","coordinates":[-75.172066,39.912881]},"properties":{"stop_id":"17231","stop_name":"Broad St & Pollack St","routes":["4"]}},{"type":"Feature","id":3519,"geometry":{"type":"Point","coordinates":[-75.171706,39.9144150000001]},"properties":{"stop_id":"17232","stop_name":"Broad St & Bigler St - FS","routes":["4","45"]}},{"type":"Feature","id":3520,"geometry":{"type":"Point","coordinates":[-75.17125,39.916565]},"properties":{"stop_id":"31307","stop_name":"Broad St & Oregon Av - 2","routes":["0","4"]}},{"type":"Feature","id":3521,"geometry":{"type":"Point","coordinates":[-75.170938,39.9180020000001]},"properties":{"stop_id":"17233","stop_name":"Broad St & Shunk St","routes":["4"]}},{"type":"Feature","id":3524,"geometry":{"type":"Point","coordinates":[-75.170181,39.921766]},"properties":{"stop_id":"17236","stop_name":"Broad St & Wolf St","routes":["4"]}},{"type":"Feature","id":3525,"geometry":{"type":"Point","coordinates":[-75.1698929999999,39.923033]},"properties":{"stop_id":"17237","stop_name":"Broad St & Jackson St","routes":["4"]}},{"type":"Feature","id":3526,"geometry":{"type":"Point","coordinates":[-75.169617,39.9242640000001]},"properties":{"stop_id":"17238","stop_name":"Broad St & Snyder Av","routes":["0","4"]}},{"type":"Feature","id":3527,"geometry":{"type":"Point","coordinates":[-75.169341,39.9254680000001]},"properties":{"stop_id":"17239","stop_name":"Broad St & McKean St","routes":["4"]}},{"type":"Feature","id":3528,"geometry":{"type":"Point","coordinates":[-75.1691,39.9267170000001]},"properties":{"stop_id":"17240","stop_name":"Broad St & Mifflin St","routes":["4"]}},{"type":"Feature","id":3529,"geometry":{"type":"Point","coordinates":[-75.1688359999999,39.9279220000001]},"properties":{"stop_id":"17241","stop_name":"Broad St & Moore St","routes":["4"]}},{"type":"Feature","id":3530,"geometry":{"type":"Point","coordinates":[-75.168548,39.929153]},"properties":{"stop_id":"17243","stop_name":"Broad St & Morris St","routes":["0","4"]}},{"type":"Feature","id":3531,"geometry":{"type":"Point","coordinates":[-75.168284,39.930393]},"properties":{"stop_id":"17244","stop_name":"Broad St & Tasker St","routes":["0","4"]}},{"type":"Feature","id":3532,"geometry":{"type":"Point","coordinates":[-75.168044,39.9315790000001]},"properties":{"stop_id":"17245","stop_name":"Broad St & Dickinson St","routes":["4"]}},{"type":"Feature","id":3533,"geometry":{"type":"Point","coordinates":[-75.167768,39.932819]},"properties":{"stop_id":"17246","stop_name":"Broad St & Reed  St","routes":["4"]}},{"type":"Feature","id":3535,"geometry":{"type":"Point","coordinates":[-75.167144,39.935575]},"properties":{"stop_id":"17248","stop_name":"Broad St & Federal St","routes":["0","4"]}},{"type":"Feature","id":3536,"geometry":{"type":"Point","coordinates":[-75.166916,39.93661]},"properties":{"stop_id":"17249","stop_name":"Broad St & Ellsworth St","routes":["0","4"]}},{"type":"Feature","id":3537,"geometry":{"type":"Point","coordinates":[-75.166687,39.9376810000001]},"properties":{"stop_id":"18273","stop_name":"Broad St & Washington Av","routes":["4"]}},{"type":"Feature","id":3582,"geometry":{"type":"Point","coordinates":[-75.1517929999999,40.003247]},"properties":{"stop_id":"30065","stop_name":"Rising Sun Av & Westmoreland St - FS","routes":["4"]}},{"type":"Feature","id":3583,"geometry":{"type":"Point","coordinates":[-75.149309,40.0038040000001]},"properties":{"stop_id":"17363","stop_name":"Rising Sun Av & Germantown Av","routes":["4"]}},{"type":"Feature","id":3584,"geometry":{"type":"Point","coordinates":[-75.1483259999999,40.0042920000001]},"properties":{"stop_id":"17365","stop_name":"Rising Sun Av & Old York Rd - FS","routes":["4"]}},{"type":"Feature","id":3585,"geometry":{"type":"Point","coordinates":[-75.146764,40.0049940000001]},"properties":{"stop_id":"17366","stop_name":"Rising Sun Av & 11th St","routes":["4"]}},{"type":"Feature","id":3586,"geometry":{"type":"Point","coordinates":[-75.143153,40.0065920000001]},"properties":{"stop_id":"17367","stop_name":"Rising Sun Av & 9th St","routes":["4"]}},{"type":"Feature","id":3587,"geometry":{"type":"Point","coordinates":[-75.14271,40.0080370000001]},"properties":{"stop_id":"167","stop_name":"9th St & Erie Av","routes":["4"]}},{"type":"Feature","id":3592,"geometry":{"type":"Point","coordinates":[-75.141072,40.0157360000001]},"properties":{"stop_id":"17374","stop_name":"9th St & Hunting Park Av","routes":["4","426","433","495","53"]}},{"type":"Feature","id":3595,"geometry":{"type":"Point","coordinates":[-75.139916,40.0208200000001]},"properties":{"stop_id":"17379","stop_name":"9th St & Roosevelt Blvd","routes":["4","426","433"]}},{"type":"Feature","id":3632,"geometry":{"type":"Point","coordinates":[-75.140226,40.0202410000001]},"properties":{"stop_id":"16139","stop_name":"9th St & Wingohocking St - FS","routes":["4"]}},{"type":"Feature","id":3635,"geometry":{"type":"Point","coordinates":[-75.1411889999999,40.015879]},"properties":{"stop_id":"16147","stop_name":"9th St & Hunting Park Av","routes":["4"]}},{"type":"Feature","id":3640,"geometry":{"type":"Point","coordinates":[-75.142827,40.008252]},"properties":{"stop_id":"141","stop_name":"9th St & Erie Av","routes":["4"]}},{"type":"Feature","id":3641,"geometry":{"type":"Point","coordinates":[-75.141871,40.007973]},"properties":{"stop_id":"18193","stop_name":"Erie Av & 8th St","routes":["4","428","56"]}},{"type":"Feature","id":3642,"geometry":{"type":"Point","coordinates":[-75.14108,40.0078730000001]},"properties":{"stop_id":"17425","stop_name":"Erie Av & Rising Sun Av","routes":["4","428","56"]}},{"type":"Feature","id":3643,"geometry":{"type":"Point","coordinates":[-75.142963,40.006833]},"properties":{"stop_id":"16159","stop_name":"Rising Sun Av & 9th St","routes":["4"]}},{"type":"Feature","id":3644,"geometry":{"type":"Point","coordinates":[-75.146586,40.005208]},"properties":{"stop_id":"16160","stop_name":"Rising Sun Av &  11th St","routes":["4"]}},{"type":"Feature","id":3645,"geometry":{"type":"Point","coordinates":[-75.1485269999999,40.004346]},"properties":{"stop_id":"16161","stop_name":"Rising Sun Av & Old York Rd","routes":["4"]}},{"type":"Feature","id":3646,"geometry":{"type":"Point","coordinates":[-75.14938,40.003929]},"properties":{"stop_id":"16162","stop_name":"Rising Sun Av & Germantown Av - FS","routes":["4"]}},{"type":"Feature","id":3693,"geometry":{"type":"Point","coordinates":[-75.166816,39.938002]},"properties":{"stop_id":"148","stop_name":"Broad St & Washington Av","routes":["4"]}},{"type":"Feature","id":3694,"geometry":{"type":"Point","coordinates":[-75.1670799999999,39.9368610000001]},"properties":{"stop_id":"17177","stop_name":"Broad St & Ellsworth St","routes":["0","4"]}},{"type":"Feature","id":3695,"geometry":{"type":"Point","coordinates":[-75.1673079999999,39.935835]},"properties":{"stop_id":"17180","stop_name":"Broad St & Federal St","routes":["0","4"]}},{"type":"Feature","id":3697,"geometry":{"type":"Point","coordinates":[-75.16792,39.9330780000001]},"properties":{"stop_id":"17184","stop_name":"Broad St & Reed St","routes":["4"]}},{"type":"Feature","id":3698,"geometry":{"type":"Point","coordinates":[-75.1682079999999,39.9318200000001]},"properties":{"stop_id":"17187","stop_name":"Broad St & Dickinson St","routes":["4"]}},{"type":"Feature","id":3699,"geometry":{"type":"Point","coordinates":[-75.168449,39.9306070000001]},"properties":{"stop_id":"17189","stop_name":"Broad St & Tasker St","routes":["0","4"]}},{"type":"Feature","id":3700,"geometry":{"type":"Point","coordinates":[-75.168713,39.929403]},"properties":{"stop_id":"17190","stop_name":"Broad St & Morris St","routes":["0","4"]}},{"type":"Feature","id":3701,"geometry":{"type":"Point","coordinates":[-75.168989,39.9281810000001]},"properties":{"stop_id":"17192","stop_name":"Broad St & Moore St","routes":["4"]}},{"type":"Feature","id":3702,"geometry":{"type":"Point","coordinates":[-75.1692649999999,39.926967]},"properties":{"stop_id":"17194","stop_name":"Broad St & Mifflin St","routes":["4"]}},{"type":"Feature","id":3703,"geometry":{"type":"Point","coordinates":[-75.169517,39.925692]},"properties":{"stop_id":"17195","stop_name":"Broad St & McKean St","routes":["4"]}},{"type":"Feature","id":3704,"geometry":{"type":"Point","coordinates":[-75.169769,39.924541]},"properties":{"stop_id":"5308","stop_name":"Broad St & Snyder Av","routes":["0","4"]}},{"type":"Feature","id":3705,"geometry":{"type":"Point","coordinates":[-75.170057,39.923256]},"properties":{"stop_id":"5221","stop_name":"Broad St & Jackson St","routes":["4"]}},{"type":"Feature","id":3706,"geometry":{"type":"Point","coordinates":[-75.170333,39.9220250000001]},"properties":{"stop_id":"17198","stop_name":"Broad St & Wolf St","routes":["4"]}},{"type":"Feature","id":3710,"geometry":{"type":"Point","coordinates":[-75.171616,39.9164230000001]},"properties":{"stop_id":"20960","stop_name":"Broad St & Oregon Av - FS","routes":["0","4"]}},{"type":"Feature","id":3711,"geometry":{"type":"Point","coordinates":[-75.1719899999999,39.9143540000001]},"properties":{"stop_id":"5140","stop_name":"Broad St & Bigler St","routes":["4","68"]}},{"type":"Feature","id":3712,"geometry":{"type":"Point","coordinates":[-75.172489,39.913284]},"properties":{"stop_id":"17203","stop_name":"Broad St & Pollack St","routes":["4","68"]}},{"type":"Feature","id":3713,"geometry":{"type":"Point","coordinates":[-75.1731,39.910715]},"properties":{"stop_id":"17209","stop_name":"Broad St & Curtain St","routes":["4"]}},{"type":"Feature","id":3714,"geometry":{"type":"Point","coordinates":[-75.173388,39.90943]},"properties":{"stop_id":"150","stop_name":"Broad St & Geary St","routes":["4","45"]}},{"type":"Feature","id":3715,"geometry":{"type":"Point","coordinates":[-75.1736519999999,39.90819]},"properties":{"stop_id":"31309","stop_name":"Broad St & Hartranft St","routes":["4","45"]}},{"type":"Feature","id":3716,"geometry":{"type":"Point","coordinates":[-75.173462,39.9052]},"properties":{"stop_id":"356","stop_name":"Broad St & Pattison Av - 2 NS","routes":["0","4","45","68"]}},{"type":"Feature","id":3718,"geometry":{"type":"Point","coordinates":[-75.1431469999999,39.9519710000001]},"properties":{"stop_id":"14931","stop_name":"Arch St & 2nd St","routes":["44","48","5"]}},{"type":"Feature","id":3720,"geometry":{"type":"Point","coordinates":[-75.1447929999999,39.953849]},"properties":{"stop_id":"17575","stop_name":"3rd St & Race St","routes":["5","57"]}},{"type":"Feature","id":3721,"geometry":{"type":"Point","coordinates":[-75.144395,39.955767]},"properties":{"stop_id":"17579","stop_name":"3rd St & Vine St","routes":["5","57"]}},{"type":"Feature","id":3722,"geometry":{"type":"Point","coordinates":[-75.1440699999999,39.9573820000001]},"properties":{"stop_id":"17581","stop_name":"3rd St & Callowhill St","routes":["5","57"]}},{"type":"Feature","id":3723,"geometry":{"type":"Point","coordinates":[-75.14383,39.958426]},"properties":{"stop_id":"17602","stop_name":"3rd St & Willow St","routes":["5","57"]}},{"type":"Feature","id":3731,"geometry":{"type":"Point","coordinates":[-75.14147,39.969639]},"properties":{"stop_id":"21959","stop_name":"3rd St & Girard Av","routes":["5","57"]}},{"type":"Feature","id":3732,"geometry":{"type":"Point","coordinates":[-75.139805,39.9694390000001]},"properties":{"stop_id":"21096","stop_name":"Girard Av & 2nd St","routes":["0","5"]}},{"type":"Feature","id":3733,"geometry":{"type":"Point","coordinates":[-75.136358,39.968851]},"properties":{"stop_id":"20978","stop_name":"Girard Av & Front St","routes":["0","5"]}},{"type":"Feature","id":3734,"geometry":{"type":"Point","coordinates":[-75.134361,39.9692210000001]},"properties":{"stop_id":"23928","stop_name":"Frankford Av & Girard Av - FS","routes":["5","76"]}},{"type":"Feature","id":3735,"geometry":{"type":"Point","coordinates":[-75.1343459999999,39.9699790000001]},"properties":{"stop_id":"23929","stop_name":"Frankford Av & Thompson St","routes":["25","5","76"]}},{"type":"Feature","id":3739,"geometry":{"type":"Point","coordinates":[-75.132659,39.975179]},"properties":{"stop_id":"23933","stop_name":"Frankford Av & Palmer St","routes":["25","5","76"]}},{"type":"Feature","id":3741,"geometry":{"type":"Point","coordinates":[-75.1313259999999,39.9775230000001]},"properties":{"stop_id":"23935","stop_name":"Frankford Av & Berks St","routes":["25","5","76"]}},{"type":"Feature","id":3742,"geometry":{"type":"Point","coordinates":[-75.1304709999999,39.9785200000001]},"properties":{"stop_id":"23936","stop_name":"Frankford Av & Norris St","routes":["25","5","76"]}},{"type":"Feature","id":3743,"geometry":{"type":"Point","coordinates":[-75.12951,39.9794640000001]},"properties":{"stop_id":"23937","stop_name":"Frankford Av & Susquehanna Av","routes":["25","5","76"]}},{"type":"Feature","id":3750,"geometry":{"type":"Point","coordinates":[-75.1223899999999,39.986944]},"properties":{"stop_id":"72","stop_name":"Frankford Av & Lehigh Av","routes":["5","76"]}},{"type":"Feature","id":3756,"geometry":{"type":"Point","coordinates":[-75.110384,39.9928760000001]},"properties":{"stop_id":"23949","stop_name":"Frankford Av & Allegheny Av","routes":["5"]}},{"type":"Feature","id":3759,"geometry":{"type":"Point","coordinates":[-75.1034539999999,39.996714]},"properties":{"stop_id":"23952","stop_name":"Frankford Av & Tioga St","routes":["5"]}},{"type":"Feature","id":3760,"geometry":{"type":"Point","coordinates":[-75.101344,39.998092]},"properties":{"stop_id":"23953","stop_name":"Frankford Av & Venango St","routes":["5"]}},{"type":"Feature","id":3761,"geometry":{"type":"Point","coordinates":[-75.099033,39.9995940000001]},"properties":{"stop_id":"23954","stop_name":"Frankford Av & Castor Av","routes":["5"]}},{"type":"Feature","id":3766,"geometry":{"type":"Point","coordinates":[-75.092958,40.0049240000001]},"properties":{"stop_id":"23958","stop_name":"Frankford Av & Jasper St","routes":["5"]}},{"type":"Feature","id":3767,"geometry":{"type":"Point","coordinates":[-75.091259,40.0068200000001]},"properties":{"stop_id":"73","stop_name":"Frankford Av & Torresdale Av","routes":["5"]}},{"type":"Feature","id":3768,"geometry":{"type":"Point","coordinates":[-75.090807,40.00748]},"properties":{"stop_id":"23959","stop_name":"Frankford Av & Adams St","routes":["5"]}},{"type":"Feature","id":3769,"geometry":{"type":"Point","coordinates":[-75.0901039999999,40.0086380000001]},"properties":{"stop_id":"23960","stop_name":"Frankford Av & Womrath St","routes":["5"]}},{"type":"Feature","id":3792,"geometry":{"type":"Point","coordinates":[-75.090031,40.008995]},"properties":{"stop_id":"24130","stop_name":"Frankford Av & Womrath St","routes":["5"]}},{"type":"Feature","id":3793,"geometry":{"type":"Point","coordinates":[-75.0908889999999,40.007631]},"properties":{"stop_id":"24131","stop_name":"Frankford Av & Adams Av","routes":["5"]}},{"type":"Feature","id":3794,"geometry":{"type":"Point","coordinates":[-75.09183,40.006135]},"properties":{"stop_id":"64","stop_name":"Frankford Av & Torresdale Av","routes":["5"]}},{"type":"Feature","id":3795,"geometry":{"type":"Point","coordinates":[-75.0930519999999,40.0050130000001]},"properties":{"stop_id":"24133","stop_name":"Frankford Av & Jasper St","routes":["5"]}},{"type":"Feature","id":3800,"geometry":{"type":"Point","coordinates":[-75.0989489999999,39.9997990000001]},"properties":{"stop_id":"24138","stop_name":"Frankford Av & Castor Av","routes":["5"]}},{"type":"Feature","id":3801,"geometry":{"type":"Point","coordinates":[-75.10119,39.998296]},"properties":{"stop_id":"24139","stop_name":"Frankford Av & Venango St","routes":["5"]}},{"type":"Feature","id":3802,"geometry":{"type":"Point","coordinates":[-75.103323,39.9969360000001]},"properties":{"stop_id":"24140","stop_name":"Frankford Av & Tioga St","routes":["5"]}},{"type":"Feature","id":3805,"geometry":{"type":"Point","coordinates":[-75.110205,39.9930810000001]},"properties":{"stop_id":"24143","stop_name":"Frankford Av & Allegheny Av","routes":["5"]}},{"type":"Feature","id":3811,"geometry":{"type":"Point","coordinates":[-75.1223659999999,39.987122]},"properties":{"stop_id":"65","stop_name":"Frankford Av & Lehigh Av","routes":["5","76"]}},{"type":"Feature","id":3819,"geometry":{"type":"Point","coordinates":[-75.130435,39.9786990000001]},"properties":{"stop_id":"24156","stop_name":"Frankford Av & Norris St","routes":["25","5","76"]}},{"type":"Feature","id":3820,"geometry":{"type":"Point","coordinates":[-75.131384,39.9776570000001]},"properties":{"stop_id":"24157","stop_name":"Frankford Av & Berks St","routes":["25","5","76"]}},{"type":"Feature","id":3822,"geometry":{"type":"Point","coordinates":[-75.1326579999999,39.975464]},"properties":{"stop_id":"24159","stop_name":"Frankford Av & Palmer St","routes":["25","5","76"]}},{"type":"Feature","id":3827,"geometry":{"type":"Point","coordinates":[-75.1345039999999,39.9689000000001]},"properties":{"stop_id":"493","stop_name":"Frankford Av & Girard Av","routes":["25","5","76"]}},{"type":"Feature","id":3828,"geometry":{"type":"Point","coordinates":[-75.1360749999999,39.9689030000001]},"properties":{"stop_id":"342","stop_name":"Girard Av & Front St","routes":["0","5"]}},{"type":"Feature","id":3829,"geometry":{"type":"Point","coordinates":[-75.13945,39.9695]},"properties":{"stop_id":"20993","stop_name":"Girard Av & 2nd St","routes":["0","5"]}},{"type":"Feature","id":3830,"geometry":{"type":"Point","coordinates":[-75.139892,39.96835]},"properties":{"stop_id":"24162","stop_name":"2nd St & Germantown Av","routes":["5"]}},{"type":"Feature","id":3833,"geometry":{"type":"Point","coordinates":[-75.141012,39.963016]},"properties":{"stop_id":"24165","stop_name":"2nd St & Brown St","routes":["5"]}},{"type":"Feature","id":3834,"geometry":{"type":"Point","coordinates":[-75.141229,39.9620160000001]},"properties":{"stop_id":"24166","stop_name":"2nd St & Fairmount Av","routes":["5"]}},{"type":"Feature","id":3835,"geometry":{"type":"Point","coordinates":[-75.141445,39.961017]},"properties":{"stop_id":"67","stop_name":"2nd St & Green St","routes":["0","5"]}},{"type":"Feature","id":3836,"geometry":{"type":"Point","coordinates":[-75.1417939999999,39.9594030000001]},"properties":{"stop_id":"24167","stop_name":"2nd St & Noble St","routes":["5"]}},{"type":"Feature","id":3837,"geometry":{"type":"Point","coordinates":[-75.14224,39.9573150000001]},"properties":{"stop_id":"24168","stop_name":"2nd St & Callowhill St","routes":["5"]}},{"type":"Feature","id":3838,"geometry":{"type":"Point","coordinates":[-75.142589,39.9556920000001]},"properties":{"stop_id":"24169","stop_name":"2nd St & Vine St","routes":["5"]}},{"type":"Feature","id":3839,"geometry":{"type":"Point","coordinates":[-75.14295,39.9539080000001]},"properties":{"stop_id":"24170","stop_name":"2nd St & Race St","routes":["5"]}},{"type":"Feature","id":3842,"geometry":{"type":"Point","coordinates":[-75.1442069999999,40.038752]},"properties":{"stop_id":"32630","stop_name":"Olney Transit Center - Rt 6","routes":["6"]}},{"type":"Feature","id":3843,"geometry":{"type":"Point","coordinates":[-75.144337,40.041724]},"properties":{"stop_id":"19064","stop_name":"Old York Rd & Grange Av - FS","routes":["51","55","6"]}},{"type":"Feature","id":3844,"geometry":{"type":"Point","coordinates":[-75.144344,40.0428580000001]},"properties":{"stop_id":"16595","stop_name":"Old York Rd & Nedro Av","routes":["51","55","6"]}},{"type":"Feature","id":3845,"geometry":{"type":"Point","coordinates":[-75.144515,40.0444830000001]},"properties":{"stop_id":"11217","stop_name":"Old York Rd & Champlost Av","routes":["55","6"]}},{"type":"Feature","id":3847,"geometry":{"type":"Point","coordinates":[-75.148226,40.044973]},"properties":{"stop_id":"14889","stop_name":"Champlost Av & 17th St","routes":["6"]}},{"type":"Feature","id":3848,"geometry":{"type":"Point","coordinates":[-75.149526,40.0450300000001]},"properties":{"stop_id":"5756","stop_name":"Champlost Av & Ogontz Av","routes":["6"]}},{"type":"Feature","id":3849,"geometry":{"type":"Point","coordinates":[-75.15055,40.0462900000001]},"properties":{"stop_id":"14890","stop_name":"Ogontz Av & Church Ln","routes":["6"]}},{"type":"Feature","id":3850,"geometry":{"type":"Point","coordinates":[-75.150797,40.0482420000001]},"properties":{"stop_id":"11132","stop_name":"Ogontz Av & Limekiln Pk - FS","routes":["6"]}},{"type":"Feature","id":3851,"geometry":{"type":"Point","coordinates":[-75.1504409999999,40.049967]},"properties":{"stop_id":"11133","stop_name":"Ogontz Av & Medary Av","routes":["6"]}},{"type":"Feature","id":3852,"geometry":{"type":"Point","coordinates":[-75.150068,40.051743]},"properties":{"stop_id":"84","stop_name":"Ogontz Av & Chelten Av - FS","routes":["6"]}},{"type":"Feature","id":3859,"geometry":{"type":"Point","coordinates":[-75.150024,40.0598200000001]},"properties":{"stop_id":"30811","stop_name":"Ogontz Av & 69th Av","routes":["6"]}},{"type":"Feature","id":3860,"geometry":{"type":"Point","coordinates":[-75.151036,40.0612770000001]},"properties":{"stop_id":"11122","stop_name":"Ogontz Av & Andrews Av","routes":["6"]}},{"type":"Feature","id":3861,"geometry":{"type":"Point","coordinates":[-75.1516589999999,40.0621800000001]},"properties":{"stop_id":"11108","stop_name":"Ogontz Av & 71st Av","routes":["6"]}},{"type":"Feature","id":3864,"geometry":{"type":"Point","coordinates":[-75.1562059999999,40.066947]},"properties":{"stop_id":"3939","stop_name":"Ogontz Av & 74th Av","routes":["6"]}},{"type":"Feature","id":3865,"geometry":{"type":"Point","coordinates":[-75.156697,40.0685720000001]},"properties":{"stop_id":"14900","stop_name":"Ogontz Av & Washington Ln","routes":["6"]}},{"type":"Feature","id":3866,"geometry":{"type":"Point","coordinates":[-75.15707,40.069885]},"properties":{"stop_id":"11113","stop_name":"Ogontz Av & 76th Av","routes":["6"]}},{"type":"Feature","id":3869,"geometry":{"type":"Point","coordinates":[-75.157794,40.0723150000001]},"properties":{"stop_id":"14903","stop_name":"Ogontz Av & 79th Av","routes":["6"]}},{"type":"Feature","id":3872,"geometry":{"type":"Point","coordinates":[-75.158216,40.0733060000001]},"properties":{"stop_id":"11120","stop_name":"Ogontz Av & 80th Av","routes":["6"]}},{"type":"Feature","id":3873,"geometry":{"type":"Point","coordinates":[-75.157971,40.072484]},"properties":{"stop_id":"11119","stop_name":"Ogontz Av & 79th Av","routes":["6"]}},{"type":"Feature","id":3877,"geometry":{"type":"Point","coordinates":[-75.156932,40.0688670000001]},"properties":{"stop_id":"11138","stop_name":"Ogontz Av & Washington Ln","routes":["6"]}},{"type":"Feature","id":3878,"geometry":{"type":"Point","coordinates":[-75.156371,40.067054]},"properties":{"stop_id":"11111","stop_name":"Ogontz Av & 74th Av","routes":["6"]}},{"type":"Feature","id":3881,"geometry":{"type":"Point","coordinates":[-75.151919,40.062323]},"properties":{"stop_id":"11134","stop_name":"Ogontz Av & Middletown St","routes":["6"]}},{"type":"Feature","id":3882,"geometry":{"type":"Point","coordinates":[-75.151225,40.061358]},"properties":{"stop_id":"11121","stop_name":"Ogontz Av & Andrews Av","routes":["6"]}},{"type":"Feature","id":3883,"geometry":{"type":"Point","coordinates":[-75.150213,40.0598830000001]},"properties":{"stop_id":"77","stop_name":"Ogontz Av & 69th Av","routes":["6"]}},{"type":"Feature","id":3889,"geometry":{"type":"Point","coordinates":[-75.150221,40.051743]},"properties":{"stop_id":"80","stop_name":"Ogontz Av & Stenton Av","routes":["6"]}},{"type":"Feature","id":3891,"geometry":{"type":"Point","coordinates":[-75.150547,40.050128]},"properties":{"stop_id":"25288","stop_name":"Ogontz Av & Medary Av","routes":["6"]}},{"type":"Feature","id":3892,"geometry":{"type":"Point","coordinates":[-75.150896,40.048567]},"properties":{"stop_id":"11128","stop_name":"Ogontz Av & Godfrey Av","routes":["6"]}},{"type":"Feature","id":3893,"geometry":{"type":"Point","coordinates":[-75.150821,40.046452]},"properties":{"stop_id":"11127","stop_name":"Ogontz Av & Church Ln","routes":["6"]}},{"type":"Feature","id":3894,"geometry":{"type":"Point","coordinates":[-75.150292,40.045754]},"properties":{"stop_id":"11135","stop_name":"Ogontz Av & Roselyn St","routes":["6"]}},{"type":"Feature","id":3895,"geometry":{"type":"Point","coordinates":[-75.149456,40.044922]},"properties":{"stop_id":"5755","stop_name":"Champlost Av & Ogontz Av - FS","routes":["6"]}},{"type":"Feature","id":3896,"geometry":{"type":"Point","coordinates":[-75.148451,40.044875]},"properties":{"stop_id":"5748","stop_name":"Champlost Av & 17th St","routes":["6"]}},{"type":"Feature","id":3898,"geometry":{"type":"Point","coordinates":[-75.144714,40.044522]},"properties":{"stop_id":"5757","stop_name":"Champlost Av & Old York Rd","routes":["6"]}},{"type":"Feature","id":3899,"geometry":{"type":"Point","coordinates":[-75.143676,40.0443740000001]},"properties":{"stop_id":"5751","stop_name":"Champlost Av & Broad St","routes":["6"]}},{"type":"Feature","id":3907,"geometry":{"type":"Point","coordinates":[-75.1450639999999,39.930012]},"properties":{"stop_id":"25121","stop_name":"Reed St & Columbus Blvd - MBFS","routes":["64","7"]}},{"type":"Feature","id":3908,"geometry":{"type":"Point","coordinates":[-75.146686,39.9289890000001]},"properties":{"stop_id":"25124","stop_name":"Front St & Dickinson St","routes":["7"]}},{"type":"Feature","id":3909,"geometry":{"type":"Point","coordinates":[-75.1469489999999,39.9279720000001]},"properties":{"stop_id":"25126","stop_name":"Front St & Greenwich St","routes":["7"]}},{"type":"Feature","id":3913,"geometry":{"type":"Point","coordinates":[-75.216443,39.9168020000001]},"properties":{"stop_id":"30165","stop_name":"Passyunk Av & 63rd St","routes":["37","63"]}},{"type":"Feature","id":3915,"geometry":{"type":"Point","coordinates":[-75.209393,39.9180300000001]},"properties":{"stop_id":"24546","stop_name":"Passyunk Av & 61st St","routes":["37","63"]}},{"type":"Feature","id":3917,"geometry":{"type":"Point","coordinates":[-75.2474819999999,39.8950840000001]},"properties":{"stop_id":"15053","stop_name":"84th St & Crane St - FS","routes":["108","115","37"]}},{"type":"Feature","id":3919,"geometry":{"type":"Point","coordinates":[-75.2497089999999,39.8962740000001]},"properties":{"stop_id":"19554","stop_name":"84th St & Lyons Pl - FS","routes":["108","115","37"]}},{"type":"Feature","id":3921,"geometry":{"type":"Point","coordinates":[-75.251336,39.897115]},"properties":{"stop_id":"19555","stop_name":"84th St & Lindbergh Blvd","routes":["108","115","37"]}},{"type":"Feature","id":3923,"geometry":{"type":"Point","coordinates":[-75.251155,39.898695]},"properties":{"stop_id":"19556","stop_name":"Lindbergh Blvd & 83rd St","routes":["108","37"]}},{"type":"Feature","id":3925,"geometry":{"type":"Point","coordinates":[-75.2500659999999,39.89988]},"properties":{"stop_id":"19557","stop_name":"Lindbergh Blvd & 82nd St","routes":["108","37"]}},{"type":"Feature","id":3927,"geometry":{"type":"Point","coordinates":[-75.248871,39.901038]},"properties":{"stop_id":"19558","stop_name":"Lindbergh Blvd & 81st St","routes":["108","37"]}},{"type":"Feature","id":3929,"geometry":{"type":"Point","coordinates":[-75.247169,39.902134]},"properties":{"stop_id":"19559","stop_name":"Lindbergh Blvd & 80th St","routes":["108","37"]}},{"type":"Feature","id":3932,"geometry":{"type":"Point","coordinates":[-75.245255,39.9028980000001]},"properties":{"stop_id":"19560","stop_name":"Lindbergh Blvd & 79th St","routes":["108","37"]}},{"type":"Feature","id":3934,"geometry":{"type":"Point","coordinates":[-75.242941,39.903413]},"properties":{"stop_id":"30167","stop_name":"Lindbergh Blvd & Mario Lanza Blvd -","routes":["37"]}},{"type":"Feature","id":3936,"geometry":{"type":"Point","coordinates":[-75.240674,39.9038550000001]},"properties":{"stop_id":"630","stop_name":"Lindbergh Blvd & Island Av","routes":["37"]}},{"type":"Feature","id":3938,"geometry":{"type":"Point","coordinates":[-75.238938,39.9042190000001]},"properties":{"stop_id":"24896","stop_name":"Lindbergh Blvd  & Suffolk Av","routes":["37","68"]}},{"type":"Feature","id":3940,"geometry":{"type":"Point","coordinates":[-75.2376859999999,39.904726]},"properties":{"stop_id":"30168","stop_name":"Linbergh Blvd & Suffolk Av - MBFS","routes":["37","68"]}},{"type":"Feature","id":3942,"geometry":{"type":"Point","coordinates":[-75.2348959999999,39.906622]},"properties":{"stop_id":"24897","stop_name":"Lindbergh Blvd  & 74th St - FS","routes":["37","68"]}},{"type":"Feature","id":3944,"geometry":{"type":"Point","coordinates":[-75.234008,39.907611]},"properties":{"stop_id":"29458","stop_name":"Lindbergh Blvd  & 74th St - MBFS","routes":["37","68"]}},{"type":"Feature","id":3946,"geometry":{"type":"Point","coordinates":[-75.232718,39.9090110000001]},"properties":{"stop_id":"24898","stop_name":"Lindbergh Blvd  & 72nd St - FS","routes":["37","68"]}},{"type":"Feature","id":3948,"geometry":{"type":"Point","coordinates":[-75.231937,39.909813]},"properties":{"stop_id":"29459","stop_name":"Lindbergh Blvd  & 72nd St - MBFS","routes":["37","68"]}},{"type":"Feature","id":3950,"geometry":{"type":"Point","coordinates":[-75.229914,39.9113180000001]},"properties":{"stop_id":"24899","stop_name":"Lindbergh Blvd  & 70th St - FS","routes":["37"]}},{"type":"Feature","id":3952,"geometry":{"type":"Point","coordinates":[-75.228685,39.9121640000001]},"properties":{"stop_id":"29460","stop_name":"Lindbergh Blvd  & 70th St - MBFS","routes":["37"]}},{"type":"Feature","id":3954,"geometry":{"type":"Point","coordinates":[-75.227265,39.913259]},"properties":{"stop_id":"24900","stop_name":"Lindbergh Blvd  & 68th St","routes":["37"]}},{"type":"Feature","id":3956,"geometry":{"type":"Point","coordinates":[-75.2260219999999,39.9148010000001]},"properties":{"stop_id":"24901","stop_name":"Lindbergh Blvd  & Eastwick Av - MBN","routes":["37"]}},{"type":"Feature","id":3972,"geometry":{"type":"Point","coordinates":[-75.2094739999999,39.918593]},"properties":{"stop_id":"32213","stop_name":"61st St & Passyunk Av","routes":["37"]}},{"type":"Feature","id":3974,"geometry":{"type":"Point","coordinates":[-75.193519,39.9211250000001]},"properties":{"stop_id":"24547","stop_name":"Passyunk Av & 28th St - FS","routes":["37","63"]}},{"type":"Feature","id":3976,"geometry":{"type":"Point","coordinates":[-75.1873659999999,39.9221840000001]},"properties":{"stop_id":"24911","stop_name":"Passyunk Av & 24th St","routes":["37"]}},{"type":"Feature","id":3978,"geometry":{"type":"Point","coordinates":[-75.15827,40.0217630000001]},"properties":{"stop_id":"15712","stop_name":"Germantown Av & Roberts Av","routes":["23"]}},{"type":"Feature","id":3979,"geometry":{"type":"Point","coordinates":[-75.183551,39.922891]},"properties":{"stop_id":"24913","stop_name":"Passyunk Av & 22nd St","routes":["37"]}},{"type":"Feature","id":3980,"geometry":{"type":"Point","coordinates":[-75.157069,40.0205290000001]},"properties":{"stop_id":"15713","stop_name":"Germantown Av & Dennie St","routes":["23"]}},{"type":"Feature","id":3981,"geometry":{"type":"Point","coordinates":[-75.181838,39.9232180000001]},"properties":{"stop_id":"24914","stop_name":"Passyunk Av & 21st St","routes":["37"]}},{"type":"Feature","id":3982,"geometry":{"type":"Point","coordinates":[-75.155856,40.019187]},"properties":{"stop_id":"15715","stop_name":"Germantown Av & Saint Paul St","routes":["23"]}},{"type":"Feature","id":3987,"geometry":{"type":"Point","coordinates":[-75.176464,39.9241710000001]},"properties":{"stop_id":"24916","stop_name":"Passyunk Av & 18th St","routes":["37"]}},{"type":"Feature","id":3989,"geometry":{"type":"Point","coordinates":[-75.174739,39.9244800000001]},"properties":{"stop_id":"24917","stop_name":"Passyunk Av & 17th St","routes":["37"]}},{"type":"Feature","id":3991,"geometry":{"type":"Point","coordinates":[-75.173109,39.924762]},"properties":{"stop_id":"24918","stop_name":"Passyunk Av & 16th St","routes":["37","79"]}},{"type":"Feature","id":3992,"geometry":{"type":"Point","coordinates":[-75.171384,39.9251160000001]},"properties":{"stop_id":"24919","stop_name":"Passyunk Av & 15th St","routes":["37"]}},{"type":"Feature","id":3994,"geometry":{"type":"Point","coordinates":[-75.169697,39.9248000000001]},"properties":{"stop_id":"31566","stop_name":"Broad St & Snyder Av - MBNS","routes":["37"]}},{"type":"Feature","id":3995,"geometry":{"type":"Point","coordinates":[-75.151597,40.011083]},"properties":{"stop_id":"1176","stop_name":"Germantown Av & Butler St","routes":["23"]}},{"type":"Feature","id":3997,"geometry":{"type":"Point","coordinates":[-75.1511869999999,40.010136]},"properties":{"stop_id":"21224","stop_name":"Germantown Av & Broad St","routes":["23"]}},{"type":"Feature","id":3998,"geometry":{"type":"Point","coordinates":[-75.1712919999999,39.924651]},"properties":{"stop_id":"24289","stop_name":"Snyder Av & 15th St","routes":["37","79"]}},{"type":"Feature","id":3999,"geometry":{"type":"Point","coordinates":[-75.150954,40.0094030000001]},"properties":{"stop_id":"31613","stop_name":"Germantown Av & Erie Av","routes":["23"]}},{"type":"Feature","id":4000,"geometry":{"type":"Point","coordinates":[-75.1724359999999,39.924787]},"properties":{"stop_id":"24290","stop_name":"Snyder Av & 16th St","routes":["37","79"]}},{"type":"Feature","id":4001,"geometry":{"type":"Point","coordinates":[-75.150405,40.0076080000001]},"properties":{"stop_id":"16076","stop_name":"Germantown Av & Venango St","routes":["23"]}},{"type":"Feature","id":4002,"geometry":{"type":"Point","coordinates":[-75.174502,39.9246220000001]},"properties":{"stop_id":"24920","stop_name":"Passyunk Av & 17th St","routes":["37"]}},{"type":"Feature","id":4004,"geometry":{"type":"Point","coordinates":[-75.176192,39.9243040000001]},"properties":{"stop_id":"24921","stop_name":"Passyunk Av & 18th St","routes":["37"]}},{"type":"Feature","id":4005,"geometry":{"type":"Point","coordinates":[-75.149285,40.003973]},"properties":{"stop_id":"1178","stop_name":"Germantown Av & Rising Sun Av","routes":["23"]}},{"type":"Feature","id":4006,"geometry":{"type":"Point","coordinates":[-75.177857,39.924049]},"properties":{"stop_id":"24922","stop_name":"Passyunk Av & 19th St","routes":["37"]}},{"type":"Feature","id":4010,"geometry":{"type":"Point","coordinates":[-75.1814009999999,39.923395]},"properties":{"stop_id":"24923","stop_name":"Passyunk Av & 21st St","routes":["37"]}},{"type":"Feature","id":4011,"geometry":{"type":"Point","coordinates":[-75.148292,40.0010970000001]},"properties":{"stop_id":"16087","stop_name":"Germantown Av & Allegheny Av","routes":["23"]}},{"type":"Feature","id":4012,"geometry":{"type":"Point","coordinates":[-75.183302,39.923033]},"properties":{"stop_id":"24924","stop_name":"Passyunk Av & 22nd St","routes":["37"]}},{"type":"Feature","id":4014,"geometry":{"type":"Point","coordinates":[-75.185039,39.922715]},"properties":{"stop_id":"24925","stop_name":"Passyunk Av & 23rd St","routes":["37"]}},{"type":"Feature","id":4016,"geometry":{"type":"Point","coordinates":[-75.18681,39.922424]},"properties":{"stop_id":"24926","stop_name":"Passyunk Av & 24th St","routes":["37"]}},{"type":"Feature","id":4018,"geometry":{"type":"Point","coordinates":[-75.188712,39.922107]},"properties":{"stop_id":"24927","stop_name":"Passyunk Av & 25th St","routes":["37"]}},{"type":"Feature","id":4020,"geometry":{"type":"Point","coordinates":[-75.19255,39.9214450000001]},"properties":{"stop_id":"28171","stop_name":"Passyunk Av & 28th St - MBNS","routes":["37","63"]}},{"type":"Feature","id":4021,"geometry":{"type":"Point","coordinates":[-75.147956,39.9931980000001]},"properties":{"stop_id":"1179","stop_name":"Germantown Av & Lehigh Av","routes":["23"]}},{"type":"Feature","id":4022,"geometry":{"type":"Point","coordinates":[-75.1940729999999,39.9213050000001]},"properties":{"stop_id":"24929","stop_name":"Passyunk Av & 28th St - FS","routes":["37","63"]}},{"type":"Feature","id":4023,"geometry":{"type":"Point","coordinates":[-75.148376,39.9916010000001]},"properties":{"stop_id":"16101","stop_name":"Germantown Av & Huntingdon St","routes":["23"]}},{"type":"Feature","id":4024,"geometry":{"type":"Point","coordinates":[-75.209841,39.918165]},"properties":{"stop_id":"30147","stop_name":"Passyunk Av & 61st St - FS","routes":["37","63"]}},{"type":"Feature","id":4026,"geometry":{"type":"Point","coordinates":[-75.216644,39.9168920000001]},"properties":{"stop_id":"24931","stop_name":"Passyunk Av & 63rd St - FS","routes":["37","63"]}},{"type":"Feature","id":4036,"geometry":{"type":"Point","coordinates":[-75.225559,39.903154]},"properties":{"stop_id":"30149","stop_name":"70th St & Essington Av - FS","routes":["37"]}},{"type":"Feature","id":4038,"geometry":{"type":"Point","coordinates":[-75.227659,39.90346]},"properties":{"stop_id":"24933","stop_name":"Holstein Av & 74th St","routes":["37","68"]}},{"type":"Feature","id":4048,"geometry":{"type":"Point","coordinates":[-75.233732,39.8963570000001]},"properties":{"stop_id":"32113","stop_name":"Holstein Av & Bartram Av - MBNS","routes":["37","68"]}},{"type":"Feature","id":4051,"geometry":{"type":"Point","coordinates":[-75.239344,39.8936790000001]},"properties":{"stop_id":"29435","stop_name":"Bartram Av & Island Rd - MBFS","routes":["37","68"]}},{"type":"Feature","id":4053,"geometry":{"type":"Point","coordinates":[-75.209556,39.9187450000001]},"properties":{"stop_id":"29389","stop_name":"61st St & Passyunk Av - FS","routes":["37"]}},{"type":"Feature","id":4054,"geometry":{"type":"Point","coordinates":[-75.155792,39.971126]},"properties":{"stop_id":"1180","stop_name":"12th St & Girard Av","routes":["23"]}},{"type":"Feature","id":4056,"geometry":{"type":"Point","coordinates":[-75.156165,39.9694220000001]},"properties":{"stop_id":"16118","stop_name":"12th St & Poplar St","routes":["23"]}},{"type":"Feature","id":4058,"geometry":{"type":"Point","coordinates":[-75.156417,39.9682090000001]},"properties":{"stop_id":"16119","stop_name":"12th St & Parrish St","routes":["23"]}},{"type":"Feature","id":4060,"geometry":{"type":"Point","coordinates":[-75.156622,39.967254]},"properties":{"stop_id":"16120","stop_name":"12th St & Brown St","routes":["23"]}},{"type":"Feature","id":4062,"geometry":{"type":"Point","coordinates":[-75.1568379999999,39.9662730000001]},"properties":{"stop_id":"16121","stop_name":"12th St & Fairmount Av","routes":["23"]}},{"type":"Feature","id":4064,"geometry":{"type":"Point","coordinates":[-75.157187,39.9646670000001]},"properties":{"stop_id":"16122","stop_name":"12th St & Wallace St","routes":["23"]}},{"type":"Feature","id":4069,"geometry":{"type":"Point","coordinates":[-75.2263809999999,39.9172380000001]},"properties":{"stop_id":"24941","stop_name":"Lindbergh Blvd & Harley Av","routes":["37"]}},{"type":"Feature","id":4070,"geometry":{"type":"Point","coordinates":[-75.157968,39.9611170000001]},"properties":{"stop_id":"16125","stop_name":"12th St & Buttonwood St","routes":["23"]}},{"type":"Feature","id":4071,"geometry":{"type":"Point","coordinates":[-75.2260649999999,39.9161580000001]},"properties":{"stop_id":"24942","stop_name":"Lindbergh Blvd & Eastwick Av","routes":["37"]}},{"type":"Feature","id":4073,"geometry":{"type":"Point","coordinates":[-75.226304,39.914989]},"properties":{"stop_id":"29390","stop_name":"Lindbergh Blvd & Eastwick Av - MBFS","routes":["37"]}},{"type":"Feature","id":4075,"geometry":{"type":"Point","coordinates":[-75.227252,39.9136520000001]},"properties":{"stop_id":"24943","stop_name":"Lindbergh Blvd & 68th St","routes":["37"]}},{"type":"Feature","id":4076,"geometry":{"type":"Point","coordinates":[-75.158689,39.9578250000001]},"properties":{"stop_id":"16128","stop_name":"12th St & Vine St","routes":["23","45"]}},{"type":"Feature","id":4077,"geometry":{"type":"Point","coordinates":[-75.228624,39.912574]},"properties":{"stop_id":"29391","stop_name":"Lindbergh Blvd & 69th St","routes":["37"]}},{"type":"Feature","id":4079,"geometry":{"type":"Point","coordinates":[-75.230245,39.911416]},"properties":{"stop_id":"24944","stop_name":"Lindbergh Blvd & 70th St","routes":["37"]}},{"type":"Feature","id":4080,"geometry":{"type":"Point","coordinates":[-75.159542,39.954069]},"properties":{"stop_id":"16130","stop_name":"12th St & Arch St","routes":["23","45"]}},{"type":"Feature","id":4081,"geometry":{"type":"Point","coordinates":[-75.2318769999999,39.9102320000001]},"properties":{"stop_id":"29392","stop_name":"Lindbergh Blvd & 71st St","routes":["37","68"]}},{"type":"Feature","id":4083,"geometry":{"type":"Point","coordinates":[-75.2330249999999,39.9091000000001]},"properties":{"stop_id":"24945","stop_name":"Lindbergh Blvd & 72nd St","routes":["37","68"]}},{"type":"Feature","id":4084,"geometry":{"type":"Point","coordinates":[-75.160299,39.950501]},"properties":{"stop_id":"16131","stop_name":"12th St & Chestnut St","routes":["23","45"]}},{"type":"Feature","id":4085,"geometry":{"type":"Point","coordinates":[-75.234102,39.907924]},"properties":{"stop_id":"29393","stop_name":"Lindbergh Blvd & 73rd St","routes":["37","68"]}},{"type":"Feature","id":4086,"geometry":{"type":"Point","coordinates":[-75.160624,39.948967]},"properties":{"stop_id":"16132","stop_name":"12th St & Walnut St","routes":["23","45"]}},{"type":"Feature","id":4087,"geometry":{"type":"Point","coordinates":[-75.235664,39.906302]},"properties":{"stop_id":"24946","stop_name":"Lindbergh Blvd & 74th St - FS","routes":["37","68"]}},{"type":"Feature","id":4088,"geometry":{"type":"Point","coordinates":[-75.158913,39.9485790000001]},"properties":{"stop_id":"16843","stop_name":"11th St & Walnut St","routes":["23","45"]}},{"type":"Feature","id":4089,"geometry":{"type":"Point","coordinates":[-75.238772,39.9045750000001]},"properties":{"stop_id":"29394","stop_name":"Lindbergh Blvd & Suffolk Av - FS","routes":["37","68"]}},{"type":"Feature","id":4090,"geometry":{"type":"Point","coordinates":[-75.158576,39.9501050000001]},"properties":{"stop_id":"16844","stop_name":"11th St & Chestnut St","routes":["23","45"]}},{"type":"Feature","id":4091,"geometry":{"type":"Point","coordinates":[-75.239965,39.904247]},"properties":{"stop_id":"615","stop_name":"Lindbergh Blvd & Island Av","routes":["37"]}},{"type":"Feature","id":4093,"geometry":{"type":"Point","coordinates":[-75.243117,39.903672]},"properties":{"stop_id":"24947","stop_name":"Lindbergh Blvd & 78th St","routes":["37"]}},{"type":"Feature","id":4095,"geometry":{"type":"Point","coordinates":[-75.245467,39.9030950000001]},"properties":{"stop_id":"19665","stop_name":"Lindbergh Blvd & 79th St","routes":["108","37","409"]}},{"type":"Feature","id":4097,"geometry":{"type":"Point","coordinates":[-75.247263,39.902384]},"properties":{"stop_id":"19666","stop_name":"Lindbergh Blvd & 80th St","routes":["108","37","409"]}},{"type":"Feature","id":4099,"geometry":{"type":"Point","coordinates":[-75.2492369999999,39.901075]},"properties":{"stop_id":"19667","stop_name":"Lindbergh Blvd & 81st St","routes":["108","37","409"]}},{"type":"Feature","id":4101,"geometry":{"type":"Point","coordinates":[-75.250231,39.900112]},"properties":{"stop_id":"19668","stop_name":"Lindbergh Blvd & 82nd St","routes":["108","37","409"]}},{"type":"Feature","id":4103,"geometry":{"type":"Point","coordinates":[-75.251414,39.898847]},"properties":{"stop_id":"19669","stop_name":"Lindbergh Blvd & 83rd St","routes":["108","37","409"]}},{"type":"Feature","id":4105,"geometry":{"type":"Point","coordinates":[-75.252079,39.897232]},"properties":{"stop_id":"19670","stop_name":"84th St & Lindbergh Blvd - FS","routes":["108","115","37","409"]}},{"type":"Feature","id":4107,"geometry":{"type":"Point","coordinates":[-75.2504519999999,39.8963820000001]},"properties":{"stop_id":"19671","stop_name":"84th St & Madison Pl","routes":["108","115","37","409"]}},{"type":"Feature","id":4108,"geometry":{"type":"Point","coordinates":[-75.088073,40.028223]},"properties":{"stop_id":"23592","stop_name":"Pratt St & Castor Av","routes":["24","426","447","72","82"]}},{"type":"Feature","id":4109,"geometry":{"type":"Point","coordinates":[-75.2469409999999,39.894485]},"properties":{"stop_id":"15054","stop_name":"84th St & Crane St","routes":["108","115","37","409"]}},{"type":"Feature","id":4112,"geometry":{"type":"Point","coordinates":[-75.090112,40.029344]},"properties":{"stop_id":"23600","stop_name":"Pratt St & Roosevelt Blvd  - FS","routes":["24"]}},{"type":"Feature","id":4132,"geometry":{"type":"Point","coordinates":[-75.0882569999999,40.041611]},"properties":{"stop_id":"22847","stop_name":"Oxford Av & Devereaux Av","routes":["24","495"]}},{"type":"Feature","id":4154,"geometry":{"type":"Point","coordinates":[-75.2948049999999,39.8668440000001]},"properties":{"stop_id":"24953","stop_name":"Governor Printz & Jansen Av - FS","routes":["37"]}},{"type":"Feature","id":4156,"geometry":{"type":"Point","coordinates":[-75.2963379999999,39.8667560000001]},"properties":{"stop_id":"24955","stop_name":"Governor Printz & Saude Av","routes":["37"]}},{"type":"Feature","id":4158,"geometry":{"type":"Point","coordinates":[-75.3011739999999,39.8668500000001]},"properties":{"stop_id":"29419","stop_name":"Industrial Hwy & Wanamaker Av - FS","routes":["37"]}},{"type":"Feature","id":4164,"geometry":{"type":"Point","coordinates":[-75.309182,39.867171]},"properties":{"stop_id":"31453","stop_name":"Industrial Hwy & Clarion Hotel","routes":["37"]}},{"type":"Feature","id":4165,"geometry":{"type":"Point","coordinates":[-75.084246,40.0617980000001]},"properties":{"stop_id":"17697","stop_name":"Cottman Av & Rising Sun Av - FS","routes":["24","70","77"]}},{"type":"Feature","id":4169,"geometry":{"type":"Point","coordinates":[-75.0894,40.0647940000001]},"properties":{"stop_id":"17700","stop_name":"Cottman Av & Ryers Av","routes":["24","70","77"]}},{"type":"Feature","id":4171,"geometry":{"type":"Point","coordinates":[-75.0900829999999,40.065501]},"properties":{"stop_id":"1029","stop_name":"Central Av & Cottman Av - FS","routes":["24"]}},{"type":"Feature","id":4177,"geometry":{"type":"Point","coordinates":[-75.085293,40.0702630000001]},"properties":{"stop_id":"23618","stop_name":"Hasbrook Av & Central Av - FS","routes":["24"]}},{"type":"Feature","id":4179,"geometry":{"type":"Point","coordinates":[-75.084989,40.0721540000001]},"properties":{"stop_id":"23619","stop_name":"Hasbrook Av & Hartel Av","routes":["24"]}},{"type":"Feature","id":4181,"geometry":{"type":"Point","coordinates":[-75.0848779999999,40.07293]},"properties":{"stop_id":"25494","stop_name":"Hasbrook Av & Chandler St","routes":["24"]}},{"type":"Feature","id":4198,"geometry":{"type":"Point","coordinates":[-75.208182,40.014432]},"properties":{"stop_id":"32980","stop_name":"WTC Boarding Area 1","routes":["38"]}},{"type":"Feature","id":4200,"geometry":{"type":"Point","coordinates":[-75.210358,40.0079500000001]},"properties":{"stop_id":"22302","stop_name":"Presidential & City Line Av - FS","routes":["38"]}},{"type":"Feature","id":4202,"geometry":{"type":"Point","coordinates":[-75.209487,40.0069540000001]},"properties":{"stop_id":"634","stop_name":"Presidential Blvd & Winding Dr - FS","routes":["38"]}},{"type":"Feature","id":4204,"geometry":{"type":"Point","coordinates":[-75.202368,40.004402]},"properties":{"stop_id":"30832","stop_name":"Conshohocken Av & E Country Club Rd","routes":["38"]}},{"type":"Feature","id":4206,"geometry":{"type":"Point","coordinates":[-75.203198,40.0035290000001]},"properties":{"stop_id":"22304","stop_name":"Conshohocken Av & E Country Club -","routes":["38"]}},{"type":"Feature","id":4208,"geometry":{"type":"Point","coordinates":[-75.204286,40.0032630000001]},"properties":{"stop_id":"22305","stop_name":"Conshohocken Av & E Cntry Club MBFS","routes":["38"]}},{"type":"Feature","id":4210,"geometry":{"type":"Point","coordinates":[-75.204936,40.0031660000001]},"properties":{"stop_id":"22306","stop_name":"Conshohocken Av & W Cntry Club - 1","routes":["38"]}},{"type":"Feature","id":4212,"geometry":{"type":"Point","coordinates":[-75.20645,40.0029450000001]},"properties":{"stop_id":"25991","stop_name":"Conshohocken Av & W Cntry Club - 2","routes":["38"]}},{"type":"Feature","id":4214,"geometry":{"type":"Point","coordinates":[-75.2077859999999,40.002734]},"properties":{"stop_id":"22307","stop_name":"Conshohocken Av & W Country Club","routes":["38"]}},{"type":"Feature","id":4216,"geometry":{"type":"Point","coordinates":[-75.2104219999999,40.002319]},"properties":{"stop_id":"30935","stop_name":"Conshohocken Av & Cranston Rd - MBN","routes":["38"]}},{"type":"Feature","id":4218,"geometry":{"type":"Point","coordinates":[-75.2111439999999,40.001963]},"properties":{"stop_id":"22309","stop_name":"Cranston Rd & Conshohocken - FS","routes":["38"]}},{"type":"Feature","id":4226,"geometry":{"type":"Point","coordinates":[-75.213181,40.0005830000001]},"properties":{"stop_id":"22313","stop_name":"Ford Rd & Balwynne Park Rd - FS","routes":["38"]}},{"type":"Feature","id":4228,"geometry":{"type":"Point","coordinates":[-75.2152589999999,40.0011220000001]},"properties":{"stop_id":"22314","stop_name":"Ford Rd & Monument Rd","routes":["38"]}},{"type":"Feature","id":4250,"geometry":{"type":"Point","coordinates":[-75.2158239999999,39.985861]},"properties":{"stop_id":"22319","stop_name":"Belmont Av & S Georges Hill Dr","routes":["38"]}},{"type":"Feature","id":4252,"geometry":{"type":"Point","coordinates":[-75.214772,39.982174]},"properties":{"stop_id":"22320","stop_name":"Belmont Av & Lansdowne Dr","routes":["38"]}},{"type":"Feature","id":4254,"geometry":{"type":"Point","coordinates":[-75.214281,39.980379]},"properties":{"stop_id":"22321","stop_name":"Belmont Av & S Concourse Dr","routes":["38"]}},{"type":"Feature","id":4256,"geometry":{"type":"Point","coordinates":[-75.2128489999999,39.9775020000001]},"properties":{"stop_id":"30833","stop_name":"Parkside Av & Belmont Av - FS","routes":["38"]}},{"type":"Feature","id":4258,"geometry":{"type":"Point","coordinates":[-75.2114089999999,39.976973]},"properties":{"stop_id":"25809","stop_name":"Parkside Av & W Memorial Hall Dr","routes":["38","40"]}},{"type":"Feature","id":4262,"geometry":{"type":"Point","coordinates":[-75.209439,39.9762380000001]},"properties":{"stop_id":"22219","stop_name":"Parkside Av & 42nd St","routes":["38","40"]}},{"type":"Feature","id":4264,"geometry":{"type":"Point","coordinates":[-75.207008,39.9753410000001]},"properties":{"stop_id":"22220","stop_name":"Parkside Av & 41st St","routes":["38","40"]}},{"type":"Feature","id":4266,"geometry":{"type":"Point","coordinates":[-75.204495,39.9744180000001]},"properties":{"stop_id":"635","stop_name":"Parkside Av & 40th St","routes":["38","40"]}},{"type":"Feature","id":4288,"geometry":{"type":"Point","coordinates":[-75.191909,39.965273]},"properties":{"stop_id":"22323","stop_name":"34th St & Wallace St","routes":["38"]}},{"type":"Feature","id":4342,"geometry":{"type":"Point","coordinates":[-75.0851059999999,40.072351]},"properties":{"stop_id":"23750","stop_name":"Hasbrook Av & Hartel Av","routes":["24"]}},{"type":"Feature","id":4343,"geometry":{"type":"Point","coordinates":[-75.085411,40.070316]},"properties":{"stop_id":"23751","stop_name":"Hasbrook Av & Central Av","routes":["24"]}},{"type":"Feature","id":4347,"geometry":{"type":"Point","coordinates":[-75.0898559999999,40.0658750000001]},"properties":{"stop_id":"477","stop_name":"Central Av & Cottman Av - MBNS","routes":["24"]}},{"type":"Feature","id":4348,"geometry":{"type":"Point","coordinates":[-75.0897429999999,40.0648660000001]},"properties":{"stop_id":"20620","stop_name":"Cottman Av & Ryers Av","routes":["24","70","77"]}},{"type":"Feature","id":4350,"geometry":{"type":"Point","coordinates":[-75.084931,40.062059]},"properties":{"stop_id":"17498","stop_name":"Cottman Av & Oakley St","routes":["24","70","77"]}},{"type":"Feature","id":4373,"geometry":{"type":"Point","coordinates":[-75.0902189999999,40.029255]},"properties":{"stop_id":"23768","stop_name":"Pratt St & Roosevelt Blvd","routes":["24"]}},{"type":"Feature","id":4375,"geometry":{"type":"Point","coordinates":[-75.088356,40.0282240000001]},"properties":{"stop_id":"23770","stop_name":"Pratt St & Castor Av","routes":["24","426","445","447","72","82"]}},{"type":"Feature","id":4382,"geometry":{"type":"Point","coordinates":[-75.140349,39.9604170000001]},"properties":{"stop_id":"33118","stop_name":"Spring Garden St & 2nd St","routes":["25"]}},{"type":"Feature","id":4383,"geometry":{"type":"Point","coordinates":[-75.1390269999999,39.9602530000001]},"properties":{"stop_id":"31687","stop_name":"Spring Garden St & Front St","routes":["25","43"]}},{"type":"Feature","id":4384,"geometry":{"type":"Point","coordinates":[-75.1364819999999,39.961666]},"properties":{"stop_id":"30602","stop_name":"Delaware Av & Penn St","routes":["25","43","76"]}},{"type":"Feature","id":4385,"geometry":{"type":"Point","coordinates":[-75.135744,39.9632090000001]},"properties":{"stop_id":"24072","stop_name":"Delaware Av & Ellen St","routes":["25","43","76"]}},{"type":"Feature","id":4386,"geometry":{"type":"Point","coordinates":[-75.1343419999999,39.965205]},"properties":{"stop_id":"31289","stop_name":"Frankford Av & Delaware Av - FS","routes":["25","76"]}},{"type":"Feature","id":4387,"geometry":{"type":"Point","coordinates":[-75.134338,39.966008]},"properties":{"stop_id":"23992","stop_name":"Frankford Av & Richmond St","routes":["0","25","76"]}},{"type":"Feature","id":4388,"geometry":{"type":"Point","coordinates":[-75.134351,39.9687740000001]},"properties":{"stop_id":"481","stop_name":"Frankford Av & Girard Av","routes":["0","25"]}},{"type":"Feature","id":4401,"geometry":{"type":"Point","coordinates":[-75.125731,39.9791430000001]},"properties":{"stop_id":"32704","stop_name":"York St & Memphis St","routes":["25"]}},{"type":"Feature","id":4402,"geometry":{"type":"Point","coordinates":[-75.12492,39.9782300000001]},"properties":{"stop_id":"32705","stop_name":"York St & Cedar St","routes":["25"]}},{"type":"Feature","id":4403,"geometry":{"type":"Point","coordinates":[-75.124062,39.9772550000001]},"properties":{"stop_id":"17809","stop_name":"York St & Gaul St","routes":["25"]}},{"type":"Feature","id":4404,"geometry":{"type":"Point","coordinates":[-75.122991,39.9764050000001]},"properties":{"stop_id":"21950","stop_name":"York St & Almond St","routes":["25"]}},{"type":"Feature","id":4405,"geometry":{"type":"Point","coordinates":[-75.120739,39.975427]},"properties":{"stop_id":"22033","stop_name":"Aramingo Av & York St - FS","routes":["25","43"]}},{"type":"Feature","id":4406,"geometry":{"type":"Point","coordinates":[-75.1195989999999,39.9765840000001]},"properties":{"stop_id":"17811","stop_name":"Aramingo Av & Cumberland St - FS","routes":["25"]}},{"type":"Feature","id":4408,"geometry":{"type":"Point","coordinates":[-75.117405,39.9813980000001]},"properties":{"stop_id":"17813","stop_name":"Aramingo Av & Lehigh Av","routes":["25"]}},{"type":"Feature","id":4409,"geometry":{"type":"Point","coordinates":[-75.115671,39.983455]},"properties":{"stop_id":"17814","stop_name":"Aramingo Av & Somerset St","routes":["25"]}},{"type":"Feature","id":4412,"geometry":{"type":"Point","coordinates":[-75.108885,39.987133]},"properties":{"stop_id":"17817","stop_name":"Aramingo Av & Clearfield St","routes":["25"]}},{"type":"Feature","id":4413,"geometry":{"type":"Point","coordinates":[-75.106434,39.988394]},"properties":{"stop_id":"17818","stop_name":"Aramingo Av & Allegheny Av","routes":["25"]}},{"type":"Feature","id":4414,"geometry":{"type":"Point","coordinates":[-75.103402,39.989984]},"properties":{"stop_id":"17819","stop_name":"Aramingo Av & Westmoreland St - FS","routes":["25"]}},{"type":"Feature","id":4415,"geometry":{"type":"Point","coordinates":[-75.101708,39.9908810000001]},"properties":{"stop_id":"17821","stop_name":"Aramingo Av & Ontario St","routes":["25"]}},{"type":"Feature","id":4416,"geometry":{"type":"Point","coordinates":[-75.099387,39.99208]},"properties":{"stop_id":"17822","stop_name":"Aramingo Av & Tioga St","routes":["25","53"]}},{"type":"Feature","id":4417,"geometry":{"type":"Point","coordinates":[-75.097101,39.993279]},"properties":{"stop_id":"23999","stop_name":"Aramingo Av & Venango St","routes":["25","53"]}},{"type":"Feature","id":4418,"geometry":{"type":"Point","coordinates":[-75.0947199999999,39.9945220000001]},"properties":{"stop_id":"483","stop_name":"Aramingo Av & Castor Av","routes":["25","53"]}},{"type":"Feature","id":4419,"geometry":{"type":"Point","coordinates":[-75.093473,39.993323]},"properties":{"stop_id":"24106","stop_name":"Castor Av & Gaul St","routes":["25"]}},{"type":"Feature","id":4421,"geometry":{"type":"Point","coordinates":[-75.090276,39.989717]},"properties":{"stop_id":"30307","stop_name":"Castor Av & Salmon St","routes":["25"]}},{"type":"Feature","id":4422,"geometry":{"type":"Point","coordinates":[-75.0872019999999,39.990253]},"properties":{"stop_id":"24108","stop_name":"Richmond St & Butler St","routes":["25","73"]}},{"type":"Feature","id":4423,"geometry":{"type":"Point","coordinates":[-75.0852,39.9912650000001]},"properties":{"stop_id":"23796","stop_name":"Richmond St & Wheatsheaf Ln","routes":["25","73"]}},{"type":"Feature","id":4424,"geometry":{"type":"Point","coordinates":[-75.083175,39.992304]},"properties":{"stop_id":"23797","stop_name":"Richmond St & Luzerne St","routes":["25","73"]}},{"type":"Feature","id":4425,"geometry":{"type":"Point","coordinates":[-75.0817529999999,39.993032]},"properties":{"stop_id":"23798","stop_name":"Richmond St & Lewis St","routes":["25","73"]}},{"type":"Feature","id":4426,"geometry":{"type":"Point","coordinates":[-75.0785549999999,39.994629]},"properties":{"stop_id":"23799","stop_name":"Richmond St & Berkshire St - FS","routes":["25","73"]}},{"type":"Feature","id":4430,"geometry":{"type":"Point","coordinates":[-75.073651,39.9971590000001]},"properties":{"stop_id":"485","stop_name":"Richmond St & Orthodox St","routes":["25","73"]}},{"type":"Feature","id":4431,"geometry":{"type":"Point","coordinates":[-75.071044,39.998517]},"properties":{"stop_id":"23804","stop_name":"Richmond St & Lefevre St","routes":["25","41","73"]}},{"type":"Feature","id":4432,"geometry":{"type":"Point","coordinates":[-75.071525,39.9993850000001]},"properties":{"stop_id":"24000","stop_name":"Lefevre St & Salmon St","routes":["25","41"]}},{"type":"Feature","id":4436,"geometry":{"type":"Point","coordinates":[-75.075456,40.0048130000001]},"properties":{"stop_id":"24109","stop_name":"Lefevre St & Pearce St - FS","routes":["25","41"]}},{"type":"Feature","id":4437,"geometry":{"type":"Point","coordinates":[-75.075863,40.0062960000001]},"properties":{"stop_id":"24005","stop_name":"Margaret St & Stiles St","routes":["25","41"]}},{"type":"Feature","id":4438,"geometry":{"type":"Point","coordinates":[-75.076128,40.0076]},"properties":{"stop_id":"31195","stop_name":"Margaret St & Tacony St","routes":["25","41"]}},{"type":"Feature","id":4453,"geometry":{"type":"Point","coordinates":[-75.076475,40.0234340000001]},"properties":{"stop_id":"30388","stop_name":"Frankford Av & Bridge St - FS","routes":["25","73","84"]}},{"type":"Feature","id":4454,"geometry":{"type":"Point","coordinates":[-75.075405,40.027072]},"properties":{"stop_id":"30389","stop_name":"Cheltenham Av & Bustleton Av","routes":["25","26","73","84"]}},{"type":"Feature","id":4455,"geometry":{"type":"Point","coordinates":[-75.076873,40.0242470000001]},"properties":{"stop_id":"33037","stop_name":"Frankford Transit Center - Drop-off","routes":["25","73","84"]}},{"type":"Feature","id":4456,"geometry":{"type":"Point","coordinates":[-75.077031,40.023444]},"properties":{"stop_id":"21970","stop_name":"Frankford Transit Center - Rt 25","routes":["25"]}},{"type":"Feature","id":4473,"geometry":{"type":"Point","coordinates":[-75.077979,40.0061230000001]},"properties":{"stop_id":"24012","stop_name":"Orthodox St & Stiles St","routes":["25","41"]}},{"type":"Feature","id":4474,"geometry":{"type":"Point","coordinates":[-75.077667,40.0047660000001]},"properties":{"stop_id":"24013","stop_name":"Orthodox St & Bermuda St","routes":["25","41"]}},{"type":"Feature","id":4475,"geometry":{"type":"Point","coordinates":[-75.07753,40.0037840000001]},"properties":{"stop_id":"24014","stop_name":"Orthodox St & Aramingo Av - FS","routes":["25","41"]}},{"type":"Feature","id":4479,"geometry":{"type":"Point","coordinates":[-75.074284,39.998089]},"properties":{"stop_id":"24018","stop_name":"Orthodox St & Salmon St","routes":["25","41","73"]}},{"type":"Feature","id":4480,"geometry":{"type":"Point","coordinates":[-75.073614,39.9973380000001]},"properties":{"stop_id":"488","stop_name":"Orthodox St & Richmond St","routes":["25","41","73"]}},{"type":"Feature","id":4484,"geometry":{"type":"Point","coordinates":[-75.0787559999999,39.994719]},"properties":{"stop_id":"23785","stop_name":"Richmond St & Berkshire St","routes":["25","73"]}},{"type":"Feature","id":4485,"geometry":{"type":"Point","coordinates":[-75.0818829999999,39.993095]},"properties":{"stop_id":"23786","stop_name":"Richmond St & Lewis St - FS","routes":["25","73"]}},{"type":"Feature","id":4486,"geometry":{"type":"Point","coordinates":[-75.083115,39.9924550000001]},"properties":{"stop_id":"23787","stop_name":"Richmond St & Luzerne St","routes":["25","73"]}},{"type":"Feature","id":4487,"geometry":{"type":"Point","coordinates":[-75.08514,39.9914170000001]},"properties":{"stop_id":"23788","stop_name":"Richmond St & Wheatsheaf Ln","routes":["25","73"]}},{"type":"Feature","id":4488,"geometry":{"type":"Point","coordinates":[-75.0873549999999,39.9902980000001]},"properties":{"stop_id":"23789","stop_name":"Richmond St & Butler St - FS","routes":["25","73"]}},{"type":"Feature","id":4489,"geometry":{"type":"Point","coordinates":[-75.0896059999999,39.989135]},"properties":{"stop_id":"23790","stop_name":"Richmond St & Castor Av","routes":["25","73"]}},{"type":"Feature","id":4491,"geometry":{"type":"Point","coordinates":[-75.093202,39.9932150000001]},"properties":{"stop_id":"30897","stop_name":"Castor Av & Gaul St","routes":["25"]}},{"type":"Feature","id":4492,"geometry":{"type":"Point","coordinates":[-75.094885,39.9945940000001]},"properties":{"stop_id":"489","stop_name":"Aramingo Av & Castor Av - FS","routes":["25","53"]}},{"type":"Feature","id":4493,"geometry":{"type":"Point","coordinates":[-75.096958,39.9935100000001]},"properties":{"stop_id":"24019","stop_name":"Aramingo Av & Venango St","routes":["25","53"]}},{"type":"Feature","id":4494,"geometry":{"type":"Point","coordinates":[-75.099102,39.9923830000001]},"properties":{"stop_id":"17768","stop_name":"Aramingo Av & Tioga St","routes":["25","53"]}},{"type":"Feature","id":4495,"geometry":{"type":"Point","coordinates":[-75.101554,39.9911040000001]},"properties":{"stop_id":"17769","stop_name":"Aramingo Av & Ontario St","routes":["25"]}},{"type":"Feature","id":4496,"geometry":{"type":"Point","coordinates":[-75.103828,39.989914]},"properties":{"stop_id":"17772","stop_name":"Aramingo Av & Westmoreland St","routes":["25"]}},{"type":"Feature","id":4497,"geometry":{"type":"Point","coordinates":[-75.1062669999999,39.988635]},"properties":{"stop_id":"17773","stop_name":"Aramingo Av & Allegheny Av","routes":["25"]}},{"type":"Feature","id":4498,"geometry":{"type":"Point","coordinates":[-75.1087419999999,39.9873650000001]},"properties":{"stop_id":"17775","stop_name":"Aramingo Av & Clearfield St","routes":["25"]}},{"type":"Feature","id":4501,"geometry":{"type":"Point","coordinates":[-75.1155639999999,39.983705]},"properties":{"stop_id":"17784","stop_name":"Aramingo Av & Somerset St","routes":["25"]}},{"type":"Feature","id":4502,"geometry":{"type":"Point","coordinates":[-75.117582,39.981416]},"properties":{"stop_id":"17785","stop_name":"Aramingo Av & Lehigh St - FS","routes":["25"]}},{"type":"Feature","id":4505,"geometry":{"type":"Point","coordinates":[-75.119765,39.976611]},"properties":{"stop_id":"17787","stop_name":"Aramingo Av & Cumberland St","routes":["25"]}},{"type":"Feature","id":4506,"geometry":{"type":"Point","coordinates":[-75.120832,39.9755520000001]},"properties":{"stop_id":"1133","stop_name":"Aramingo Av & Moyer St","routes":["25","43"]}},{"type":"Feature","id":4507,"geometry":{"type":"Point","coordinates":[-75.122672,39.976413]},"properties":{"stop_id":"32707","stop_name":"York St & Almond St","routes":["25"]}},{"type":"Feature","id":4508,"geometry":{"type":"Point","coordinates":[-75.123767,39.9772370000001]},"properties":{"stop_id":"32709","stop_name":"York St & Gaul St","routes":["25"]}},{"type":"Feature","id":4509,"geometry":{"type":"Point","coordinates":[-75.124613,39.978185]},"properties":{"stop_id":"32710","stop_name":"York St & Cedar St","routes":["25"]}},{"type":"Feature","id":4510,"geometry":{"type":"Point","coordinates":[-75.125436,39.9791060000001]},"properties":{"stop_id":"32713","stop_name":"York St & Memphis St","routes":["25"]}},{"type":"Feature","id":4523,"geometry":{"type":"Point","coordinates":[-75.134492,39.966124]},"properties":{"stop_id":"24038","stop_name":"Frankford Av & Richmond St","routes":["0","25","76"]}},{"type":"Feature","id":4524,"geometry":{"type":"Point","coordinates":[-75.134485,39.964812]},"properties":{"stop_id":"24039","stop_name":"Frankford Av & Delaware Av","routes":["25","76"]}},{"type":"Feature","id":4525,"geometry":{"type":"Point","coordinates":[-75.1354939999999,39.9636810000001]},"properties":{"stop_id":"30603","stop_name":"Delaware Av & Ellen St - FS","routes":["25","43","76"]}},{"type":"Feature","id":4526,"geometry":{"type":"Point","coordinates":[-75.136718,39.961872]},"properties":{"stop_id":"31753","stop_name":"Delaware Av & Penn St","routes":["25","43","76"]}},{"type":"Feature","id":4527,"geometry":{"type":"Point","coordinates":[-75.138503,39.961332]},"properties":{"stop_id":"24041","stop_name":"Fairmount Av & Front St","routes":["25"]}},{"type":"Feature","id":4528,"geometry":{"type":"Point","coordinates":[-75.141087,39.961936]},"properties":{"stop_id":"30301","stop_name":"Fairmount Av & 2nd St","routes":["25"]}},{"type":"Feature","id":4530,"geometry":{"type":"Point","coordinates":[-75.1809249999999,40.0298510000001]},"properties":{"stop_id":"496","stop_name":"Chelten Av & Morris St - MBNS","routes":["26"]}},{"type":"Feature","id":4531,"geometry":{"type":"Point","coordinates":[-75.1814229999999,40.02937]},"properties":{"stop_id":"31669","stop_name":"Chelten Av & Morris St","routes":["26","41"]}},{"type":"Feature","id":4532,"geometry":{"type":"Point","coordinates":[-75.182804,40.030114]},"properties":{"stop_id":"15657","stop_name":"Morris St & Price St","routes":["26"]}},{"type":"Feature","id":4535,"geometry":{"type":"Point","coordinates":[-75.181359,40.0309950000001]},"properties":{"stop_id":"31344","stop_name":"Pulaski Av & Chelten Av - MBNS","routes":["26"]}},{"type":"Feature","id":4536,"geometry":{"type":"Point","coordinates":[-75.180368,40.030404]},"properties":{"stop_id":"15660","stop_name":"Pulaski Av & Chelten Av - 2","routes":["26"]}},{"type":"Feature","id":4541,"geometry":{"type":"Point","coordinates":[-75.173891,40.036549]},"properties":{"stop_id":"15665","stop_name":"Chelten Av & Kenyon St","routes":["0","26","41"]}},{"type":"Feature","id":4542,"geometry":{"type":"Point","coordinates":[-75.172989,40.037431]},"properties":{"stop_id":"15666","stop_name":"Chelten Av & Lena St - FS","routes":["0","26","41"]}},{"type":"Feature","id":4543,"geometry":{"type":"Point","coordinates":[-75.1716489999999,40.0387220000001]},"properties":{"stop_id":"213","stop_name":"Chelten Av & Baynton St","routes":["0","26","41"]}},{"type":"Feature","id":4545,"geometry":{"type":"Point","coordinates":[-75.168753,40.0415810000001]},"properties":{"stop_id":"15669","stop_name":"Chelten Av & Magnolia St","routes":["0","26"]}},{"type":"Feature","id":4546,"geometry":{"type":"Point","coordinates":[-75.167211,40.0430860000001]},"properties":{"stop_id":"15670","stop_name":"Chelten Av & Musgrave St","routes":["0","26"]}},{"type":"Feature","id":4547,"geometry":{"type":"Point","coordinates":[-75.166107,40.0441730000001]},"properties":{"stop_id":"15671","stop_name":"Chelten Av & McMahon St","routes":["0","26"]}},{"type":"Feature","id":4561,"geometry":{"type":"Point","coordinates":[-75.143852,40.038823]},"properties":{"stop_id":"32636","stop_name":"Olney Av & Broad St - MBFS","routes":["26"]}},{"type":"Feature","id":4578,"geometry":{"type":"Point","coordinates":[-75.115425,40.03414]},"properties":{"stop_id":"844","stop_name":"Olney Av & Rising Sun Av Loop","routes":["26","76"]}},{"type":"Feature","id":4615,"geometry":{"type":"Point","coordinates":[-75.064622,40.036859]},"properties":{"stop_id":"15756","stop_name":"Harbison Av & Roosevelt Blvd","routes":["26","433"]}},{"type":"Feature","id":4616,"geometry":{"type":"Point","coordinates":[-75.06425,40.0355020000001]},"properties":{"stop_id":"15757","stop_name":"Harbison Av & Roosevelt Blvd - FS","routes":["26","433"]}},{"type":"Feature","id":4672,"geometry":{"type":"Point","coordinates":[-75.063978,40.035608]},"properties":{"stop_id":"15846","stop_name":"Harbison Av & Magee Av","routes":["26","433"]}},{"type":"Feature","id":4673,"geometry":{"type":"Point","coordinates":[-75.064385,40.036975]},"properties":{"stop_id":"15849","stop_name":"Harbison Av & Roosevelt Blvd - FS","routes":["26","433"]}},{"type":"Feature","id":4709,"geometry":{"type":"Point","coordinates":[-75.115376,40.034587]},"properties":{"stop_id":"15896","stop_name":"Olney Av & Arbor St","routes":["26","57"]}},{"type":"Feature","id":4742,"geometry":{"type":"Point","coordinates":[-75.167175,40.0432650000001]},"properties":{"stop_id":"15921","stop_name":"Chelten Av & Musgrave St","routes":["0","26"]}},{"type":"Feature","id":4743,"geometry":{"type":"Point","coordinates":[-75.16867,40.0418040000001]},"properties":{"stop_id":"15922","stop_name":"Chelten Av & Magnolia St","routes":["0","26"]}},{"type":"Feature","id":4744,"geometry":{"type":"Point","coordinates":[-75.1697609999999,40.040735]},"properties":{"stop_id":"15923","stop_name":"Chelten Av & Morton St","routes":["0","26"]}},{"type":"Feature","id":4745,"geometry":{"type":"Point","coordinates":[-75.171589,40.038954]},"properties":{"stop_id":"15924","stop_name":"Chelten Av & Baynton St","routes":["0","26"]}},{"type":"Feature","id":4746,"geometry":{"type":"Point","coordinates":[-75.1730719999999,40.03752]},"properties":{"stop_id":"15925","stop_name":"Chelten Av & Lena St","routes":["0","26","41"]}},{"type":"Feature","id":4747,"geometry":{"type":"Point","coordinates":[-75.17389,40.0367630000001]},"properties":{"stop_id":"15926","stop_name":"Chelten Av & Kenyon St","routes":["0","26","41"]}},{"type":"Feature","id":4752,"geometry":{"type":"Point","coordinates":[-75.180261,40.030537]},"properties":{"stop_id":"15931","stop_name":"Chelten Av & Pulaski Av","routes":["26","41"]}},{"type":"Feature","id":4767,"geometry":{"type":"Point","coordinates":[-75.1664019999999,39.954173]},"properties":{"stop_id":"14934","stop_name":"16th St & Arch St - FS","routes":["27"]}},{"type":"Feature","id":4773,"geometry":{"type":"Point","coordinates":[-75.2107109999999,40.019884]},"properties":{"stop_id":"30394","stop_name":"Manayunk Av & Ridge Av - FS","routes":["27"]}},{"type":"Feature","id":4775,"geometry":{"type":"Point","coordinates":[-75.212689,40.022565]},"properties":{"stop_id":"19033","stop_name":"Manayunk Av & Seville St","routes":["27"]}},{"type":"Feature","id":4776,"geometry":{"type":"Point","coordinates":[-75.2137959999999,40.023986]},"properties":{"stop_id":"19034","stop_name":"Manayunk Av & Kingsley St","routes":["27"]}},{"type":"Feature","id":4777,"geometry":{"type":"Point","coordinates":[-75.2143609999999,40.02471]},"properties":{"stop_id":"31353","stop_name":"Manayunk Av & Burnside St","routes":["27"]}},{"type":"Feature","id":4781,"geometry":{"type":"Point","coordinates":[-75.217907,40.028893]},"properties":{"stop_id":"16052","stop_name":"Manayunk Av & Monastery Av","routes":["27"]}},{"type":"Feature","id":4782,"geometry":{"type":"Point","coordinates":[-75.219003,40.029912]},"properties":{"stop_id":"16024","stop_name":"Manayunk Av & Lyceum Av","routes":["27"]}},{"type":"Feature","id":4783,"geometry":{"type":"Point","coordinates":[-75.2178759999999,40.0306840000001]},"properties":{"stop_id":"16023","stop_name":"Lyceum Av & Pechin St","routes":["27"]}},{"type":"Feature","id":4789,"geometry":{"type":"Point","coordinates":[-75.21048,40.03743]},"properties":{"stop_id":"6841","stop_name":"Dupont St & Henry Av","routes":["27"]}},{"type":"Feature","id":4790,"geometry":{"type":"Point","coordinates":[-75.213936,40.0402300000001]},"properties":{"stop_id":"8523","stop_name":"Henry Av & Gates St","routes":["27","438","446","447"]}},{"type":"Feature","id":4791,"geometry":{"type":"Point","coordinates":[-75.217619,40.0461000000001]},"properties":{"stop_id":"19040","stop_name":"Henry Av & Livezey Ln","routes":["27","438","446","447"]}},{"type":"Feature","id":4792,"geometry":{"type":"Point","coordinates":[-75.219644,40.0491920000001]},"properties":{"stop_id":"1308","stop_name":"Henry Av & Cinnaminson St","routes":["0","27","438","446","447"]}},{"type":"Feature","id":4793,"geometry":{"type":"Point","coordinates":[-75.2231159999999,40.0508310000001]},"properties":{"stop_id":"31714","stop_name":"Henry Av & Domino La - MBNS","routes":["27"]}},{"type":"Feature","id":4794,"geometry":{"type":"Point","coordinates":[-75.22686,40.0525680000001]},"properties":{"stop_id":"8531","stop_name":"Henry Av & Wigard Av","routes":["27"]}},{"type":"Feature","id":4795,"geometry":{"type":"Point","coordinates":[-75.2308649999999,40.053753]},"properties":{"stop_id":"30726","stop_name":"Henry Av & Wises Mill Rd","routes":["27"]}},{"type":"Feature","id":4796,"geometry":{"type":"Point","coordinates":[-75.232491,40.0560850000001]},"properties":{"stop_id":"14997","stop_name":"Henry Av & Cheswick Rd - MBNS","routes":["27"]}},{"type":"Feature","id":4797,"geometry":{"type":"Point","coordinates":[-75.2334549999999,40.057916]},"properties":{"stop_id":"519","stop_name":"Henry Av & Summit Av","routes":["27"]}},{"type":"Feature","id":4798,"geometry":{"type":"Point","coordinates":[-75.2358599999999,40.060928]},"properties":{"stop_id":"520","stop_name":"Henry Av & Port Royal Av","routes":["27"]}},{"type":"Feature","id":4800,"geometry":{"type":"Point","coordinates":[-75.239423,40.0640300000001]},"properties":{"stop_id":"12253","stop_name":"Ridge Av & Cathedral Rd","routes":["27","442"]}},{"type":"Feature","id":4801,"geometry":{"type":"Point","coordinates":[-75.2398899999999,40.0663870000001]},"properties":{"stop_id":"30728","stop_name":"Ridge Av & Grakyn Ln - MBFS","routes":["27","442"]}},{"type":"Feature","id":4802,"geometry":{"type":"Point","coordinates":[-75.240263,40.068333]},"properties":{"stop_id":"19042","stop_name":"Ridge Av & Manatawna Av","routes":["27","442"]}},{"type":"Feature","id":4803,"geometry":{"type":"Point","coordinates":[-75.241274,40.0709140000001]},"properties":{"stop_id":"12370","stop_name":"Ridge Av & Bells Mill Rd - FS","routes":["27","442"]}},{"type":"Feature","id":4804,"geometry":{"type":"Point","coordinates":[-75.242653,40.0728530000001]},"properties":{"stop_id":"12415","stop_name":"Ridge Av & Northwestern Av - MBNS","routes":["27","442"]}},{"type":"Feature","id":4805,"geometry":{"type":"Point","coordinates":[-75.244423,40.074614]},"properties":{"stop_id":"30730","stop_name":"Ridge Av & Northwestern Av - MBFS","routes":["27","442"]}},{"type":"Feature","id":4806,"geometry":{"type":"Point","coordinates":[-75.247115,40.076287]},"properties":{"stop_id":"19043","stop_name":"Ridge Pk & Manor Rd","routes":["27","442"]}},{"type":"Feature","id":4807,"geometry":{"type":"Point","coordinates":[-75.249111,40.077798]},"properties":{"stop_id":"30731","stop_name":"Ridge Pk & Barren Hill Rd - MBNS","routes":["27","442"]}},{"type":"Feature","id":4808,"geometry":{"type":"Point","coordinates":[-75.2530169999999,40.081731]},"properties":{"stop_id":"521","stop_name":"Ridge Pk & Church Rd","routes":["27","442"]}},{"type":"Feature","id":4809,"geometry":{"type":"Point","coordinates":[-75.254384,40.0835270000001]},"properties":{"stop_id":"14999","stop_name":"Ridge Pk & Crescent Av","routes":["27","442","97"]}},{"type":"Feature","id":4810,"geometry":{"type":"Point","coordinates":[-75.2531289999999,40.084275]},"properties":{"stop_id":"30732","stop_name":"Cresent Av & Wagner Rd","routes":["27","442"]}},{"type":"Feature","id":4811,"geometry":{"type":"Point","coordinates":[-75.251315,40.085781]},"properties":{"stop_id":"30733","stop_name":"Crescent Av & Germantown Pk","routes":["27","442"]}},{"type":"Feature","id":4812,"geometry":{"type":"Point","coordinates":[-75.250666,40.0850390000001]},"properties":{"stop_id":"511","stop_name":"Germantown Pk & Church Rd - MBNS","routes":["0","27","442","51","97"]}},{"type":"Feature","id":4828,"geometry":{"type":"Point","coordinates":[-75.28182,40.106144]},"properties":{"stop_id":"29823","stop_name":"Germantown Pk & Chemical Rd - MBFS","routes":["27","51","95"]}},{"type":"Feature","id":4835,"geometry":{"type":"Point","coordinates":[-75.2830059999999,40.1051630000001]},"properties":{"stop_id":"27223","stop_name":"Chemical Rd & Germantown Pk - MBFS","routes":["27","95"]}},{"type":"Feature","id":4851,"geometry":{"type":"Point","coordinates":[-75.255128,40.084081]},"properties":{"stop_id":"30549","stop_name":"Ridge Pk & Pine Ridge Rd","routes":["27"]}},{"type":"Feature","id":4854,"geometry":{"type":"Point","coordinates":[-75.252933,40.081981]},"properties":{"stop_id":"27350","stop_name":"Church Rd & Ridge Pk","routes":["27","97"]}},{"type":"Feature","id":4855,"geometry":{"type":"Point","coordinates":[-75.248887,40.07745]},"properties":{"stop_id":"14990","stop_name":"Ridge Pk & Barren Hill Rd - MBFS","routes":["27"]}},{"type":"Feature","id":4856,"geometry":{"type":"Point","coordinates":[-75.247033,40.0761000000001]},"properties":{"stop_id":"12410","stop_name":"Ridge Pk & Manor Rd","routes":["27"]}},{"type":"Feature","id":4857,"geometry":{"type":"Point","coordinates":[-75.24283,40.0727820000001]},"properties":{"stop_id":"30742","stop_name":"Ridge Av & Northwestern Av - FS","routes":["27"]}},{"type":"Feature","id":4858,"geometry":{"type":"Point","coordinates":[-75.241298,40.0707]},"properties":{"stop_id":"14991","stop_name":"Ridge Av & Spring  Ln","routes":["27"]}},{"type":"Feature","id":4859,"geometry":{"type":"Point","coordinates":[-75.240417,40.0684140000001]},"properties":{"stop_id":"12408","stop_name":"Ridge Av & Manatawna Av","routes":["27"]}},{"type":"Feature","id":4860,"geometry":{"type":"Point","coordinates":[-75.24009,40.0667350000001]},"properties":{"stop_id":"12366","stop_name":"Ridge Av & Caledonia St - MBFS","routes":["27"]}},{"type":"Feature","id":4863,"geometry":{"type":"Point","coordinates":[-75.237861,40.0599040000001]},"properties":{"stop_id":"14993","stop_name":"Port Royal  Av Ridge Av - FS","routes":["27","442"]}},{"type":"Feature","id":4864,"geometry":{"type":"Point","coordinates":[-75.2363799999999,40.0609460000001]},"properties":{"stop_id":"513","stop_name":"Port Royal Av & Henry Av","routes":["27","442"]}},{"type":"Feature","id":4865,"geometry":{"type":"Point","coordinates":[-75.233775,40.0579250000001]},"properties":{"stop_id":"514","stop_name":"Henry Av & Summit Av","routes":["27"]}},{"type":"Feature","id":4866,"geometry":{"type":"Point","coordinates":[-75.23281,40.056183]},"properties":{"stop_id":"8546","stop_name":"Henry Av & Cheswick Rd - MBFS","routes":["27"]}},{"type":"Feature","id":4867,"geometry":{"type":"Point","coordinates":[-75.2313149999999,40.053727]},"properties":{"stop_id":"8550","stop_name":"Henry Av & Wises Mill Rd","routes":["27"]}},{"type":"Feature","id":4868,"geometry":{"type":"Point","coordinates":[-75.22738,40.05256]},"properties":{"stop_id":"8549","stop_name":"Henry Av & Wigard Av","routes":["27"]}},{"type":"Feature","id":4869,"geometry":{"type":"Point","coordinates":[-75.2241789999999,40.0510640000001]},"properties":{"stop_id":"8525","stop_name":"Henry Av & Valley Green Ct - FS","routes":["27"]}},{"type":"Feature","id":4870,"geometry":{"type":"Point","coordinates":[-75.219904,40.0490760000001]},"properties":{"stop_id":"8517","stop_name":"Henry Av & Cinnaminson St","routes":["0","27","438","446","447"]}},{"type":"Feature","id":4872,"geometry":{"type":"Point","coordinates":[-75.217891,40.0461540000001]},"properties":{"stop_id":"8534","stop_name":"Henry Av & Livezey Ln","routes":["27","446"]}},{"type":"Feature","id":4873,"geometry":{"type":"Point","coordinates":[-75.217884,40.044431]},"properties":{"stop_id":"8545","stop_name":"Henry Av & Valley Av","routes":["27","438","446","447"]}},{"type":"Feature","id":4874,"geometry":{"type":"Point","coordinates":[-75.2142909999999,40.040177]},"properties":{"stop_id":"30743","stop_name":"Henry Av & Gates St","routes":["27","438","446","447"]}},{"type":"Feature","id":4875,"geometry":{"type":"Point","coordinates":[-75.213205,40.039452]},"properties":{"stop_id":"8528","stop_name":"Henry Av & Hermitage St","routes":["27","438","446","447"]}},{"type":"Feature","id":4876,"geometry":{"type":"Point","coordinates":[-75.211742,40.038459]},"properties":{"stop_id":"8533","stop_name":"Henry Av & Leverington Av","routes":["27","438","446","447"]}},{"type":"Feature","id":4884,"geometry":{"type":"Point","coordinates":[-75.218155,40.028956]},"properties":{"stop_id":"10205","stop_name":"Manayunk Av & Monastery Av","routes":["27"]}},{"type":"Feature","id":4888,"geometry":{"type":"Point","coordinates":[-75.21455,40.024755]},"properties":{"stop_id":"30744","stop_name":"Manayunk Av & Burnside St","routes":["27"]}},{"type":"Feature","id":4889,"geometry":{"type":"Point","coordinates":[-75.213996,40.0240400000001]},"properties":{"stop_id":"10201","stop_name":"Manayunk Av & Kingsley St","routes":["27"]}},{"type":"Feature","id":4890,"geometry":{"type":"Point","coordinates":[-75.212972,40.0226190000001]},"properties":{"stop_id":"10211","stop_name":"Manayunk Av & Seville St","routes":["27"]}},{"type":"Feature","id":4892,"geometry":{"type":"Point","coordinates":[-75.210771,40.0197590000001]},"properties":{"stop_id":"10208","stop_name":"Manayunk Av & Ridge Av","routes":["27"]}},{"type":"Feature","id":4903,"geometry":{"type":"Point","coordinates":[-75.166333,39.947238]},"properties":{"stop_id":"145","stop_name":"Spruce St & 15th St","routes":["27"]}},{"type":"Feature","id":4919,"geometry":{"type":"Point","coordinates":[-75.137507,40.0465370000001]},"properties":{"stop_id":"23420","stop_name":"11th St & Godfrey Av","routes":["28"]}},{"type":"Feature","id":4929,"geometry":{"type":"Point","coordinates":[-75.1335139999999,40.059755]},"properties":{"stop_id":"23430","stop_name":"70th Av & Cheltenham Av","routes":["28"]}},{"type":"Feature","id":4957,"geometry":{"type":"Point","coordinates":[-75.098316,40.085792]},"properties":{"stop_id":"25992","stop_name":"Cedar Rd & Fox Chase Rd - FS","routes":["28"]}},{"type":"Feature","id":4977,"geometry":{"type":"Point","coordinates":[-75.07419,40.07199]},"properties":{"stop_id":"23474","stop_name":"Rhawn St & Rising Sun Av","routes":["28"]}},{"type":"Feature","id":4978,"geometry":{"type":"Point","coordinates":[-75.072443,40.0711370000001]},"properties":{"stop_id":"23475","stop_name":"Rhawn St & Bingham St","routes":["28"]}},{"type":"Feature","id":4984,"geometry":{"type":"Point","coordinates":[-75.063183,40.066157]},"properties":{"stop_id":"23481","stop_name":"Rhawn St & Algon Av","routes":["28"]}},{"type":"Feature","id":4998,"geometry":{"type":"Point","coordinates":[-75.040473,40.053183]},"properties":{"stop_id":"23493","stop_name":"Rhawn St & Lexington Av","routes":["28"]}},{"type":"Feature","id":4999,"geometry":{"type":"Point","coordinates":[-75.036169,40.050893]},"properties":{"stop_id":"23494","stop_name":"Rhawn St & Holmehurst Av","routes":["28"]}},{"type":"Feature","id":5000,"geometry":{"type":"Point","coordinates":[-75.031691,40.048148]},"properties":{"stop_id":"31549","stop_name":"Rhawn St & Cresco Av","routes":["28"]}},{"type":"Feature","id":5005,"geometry":{"type":"Point","coordinates":[-75.160852,39.947843]},"properties":{"stop_id":"16495","stop_name":"12th St & Locust St","routes":["45"]}},{"type":"Feature","id":5006,"geometry":{"type":"Point","coordinates":[-75.1611159999999,39.946629]},"properties":{"stop_id":"16498","stop_name":"12th St & Spruce St","routes":["45"]}},{"type":"Feature","id":5007,"geometry":{"type":"Point","coordinates":[-75.161417,39.945184]},"properties":{"stop_id":"16499","stop_name":"12th St & Pine St","routes":["45"]}},{"type":"Feature","id":5008,"geometry":{"type":"Point","coordinates":[-75.161598,39.9442740000001]},"properties":{"stop_id":"16500","stop_name":"12th St & Lombard St","routes":["45"]}},{"type":"Feature","id":5009,"geometry":{"type":"Point","coordinates":[-75.1618139999999,39.94332]},"properties":{"stop_id":"16501","stop_name":"12th St & South St","routes":["45"]}},{"type":"Feature","id":5014,"geometry":{"type":"Point","coordinates":[-75.1628459999999,39.9387080000001]},"properties":{"stop_id":"16506","stop_name":"12th St & Carpenter St","routes":["45"]}},{"type":"Feature","id":5015,"geometry":{"type":"Point","coordinates":[-75.163099,39.9375130000001]},"properties":{"stop_id":"1181","stop_name":"12th St & Washington Av","routes":["45"]}},{"type":"Feature","id":5016,"geometry":{"type":"Point","coordinates":[-75.163399,39.9361920000001]},"properties":{"stop_id":"16507","stop_name":"12th St & Ellsworth St","routes":["45"]}},{"type":"Feature","id":5025,"geometry":{"type":"Point","coordinates":[-75.165536,39.9264420000001]},"properties":{"stop_id":"16575","stop_name":"12th St & Mifflin St","routes":["45"]}},{"type":"Feature","id":5026,"geometry":{"type":"Point","coordinates":[-75.165836,39.9252290000001]},"properties":{"stop_id":"16576","stop_name":"12th St & McKean St","routes":["45"]}},{"type":"Feature","id":5027,"geometry":{"type":"Point","coordinates":[-75.1661119999999,39.924025]},"properties":{"stop_id":"16577","stop_name":"12th St & Snyder Av","routes":["45"]}},{"type":"Feature","id":5028,"geometry":{"type":"Point","coordinates":[-75.166364,39.922785]},"properties":{"stop_id":"16585","stop_name":"12th St & Jackson St","routes":["45"]}},{"type":"Feature","id":5029,"geometry":{"type":"Point","coordinates":[-75.16664,39.9215360000001]},"properties":{"stop_id":"16586","stop_name":"12th St & Wolf St","routes":["45"]}},{"type":"Feature","id":5033,"geometry":{"type":"Point","coordinates":[-75.1677089999999,39.916522]},"properties":{"stop_id":"16590","stop_name":"12th St & Oregon Av","routes":["45"]}},{"type":"Feature","id":5035,"geometry":{"type":"Point","coordinates":[-75.1648949999999,39.9147140000001]},"properties":{"stop_id":"16592","stop_name":"10th St & Johnston St","routes":["45"]}},{"type":"Feature","id":5036,"geometry":{"type":"Point","coordinates":[-75.165174,39.9135630000001]},"properties":{"stop_id":"759","stop_name":"10th St & Bigler St","routes":["45"]}},{"type":"Feature","id":5037,"geometry":{"type":"Point","coordinates":[-75.165723,39.9108600000001]},"properties":{"stop_id":"31461","stop_name":"10th St & Packer Av","routes":["45"]}},{"type":"Feature","id":5038,"geometry":{"type":"Point","coordinates":[-75.171905,39.9116760000001]},"properties":{"stop_id":"31380","stop_name":"Packer Av & Broad St","routes":["45"]}},{"type":"Feature","id":5040,"geometry":{"type":"Point","coordinates":[-75.171274,39.916387]},"properties":{"stop_id":"20959","stop_name":"Broad St & Oregon Av","routes":["45"]}},{"type":"Feature","id":5043,"geometry":{"type":"Point","coordinates":[-75.1742159999999,39.9056390000001]},"properties":{"stop_id":"25240","stop_name":"Broad St & Pattison Av","routes":["45"]}},{"type":"Feature","id":5044,"geometry":{"type":"Point","coordinates":[-75.175937,39.896262]},"properties":{"stop_id":"365","stop_name":"Broad St & Crescent Dr","routes":["45"]}},{"type":"Feature","id":5047,"geometry":{"type":"Point","coordinates":[-75.1737639999999,39.890162]},"properties":{"stop_id":"32996","stop_name":"Kitty Hawk Av & 13th St","routes":["45"]}},{"type":"Feature","id":5052,"geometry":{"type":"Point","coordinates":[-75.2399609999999,39.946131]},"properties":{"stop_id":"30854","stop_name":"58th St & Batimore Av - FS","routes":["46"]}},{"type":"Feature","id":5053,"geometry":{"type":"Point","coordinates":[-75.239721,39.94721]},"properties":{"stop_id":"32212","stop_name":"58th St & Washington Av","routes":["46"]}},{"type":"Feature","id":5064,"geometry":{"type":"Point","coordinates":[-75.241572,39.9576730000001]},"properties":{"stop_id":"21856","stop_name":"60th St & Locust St","routes":["46"]}},{"type":"Feature","id":5065,"geometry":{"type":"Point","coordinates":[-75.241321,39.9588150000001]},"properties":{"stop_id":"21857","stop_name":"60th St & Walnut St","routes":["46"]}},{"type":"Feature","id":5072,"geometry":{"type":"Point","coordinates":[-75.23943,39.967996]},"properties":{"stop_id":"717","stop_name":"60th St & Callowhill St","routes":["46"]}},{"type":"Feature","id":5075,"geometry":{"type":"Point","coordinates":[-75.2390599999999,39.9696640000001]},"properties":{"stop_id":"21860","stop_name":"60th St & Haverford Av","routes":["46"]}},{"type":"Feature","id":5082,"geometry":{"type":"Point","coordinates":[-75.240922,39.9801360000001]},"properties":{"stop_id":"21875","stop_name":"60th St & Oxford St","routes":["46"]}},{"type":"Feature","id":5083,"geometry":{"type":"Point","coordinates":[-75.241521,39.981253]},"properties":{"stop_id":"21879","stop_name":"Columbia Av & 60th St - FS","routes":["46"]}},{"type":"Feature","id":5084,"geometry":{"type":"Point","coordinates":[-75.242644,39.98112]},"properties":{"stop_id":"21881","stop_name":"Columbia Av & 61st St","routes":["46"]}},{"type":"Feature","id":5085,"geometry":{"type":"Point","coordinates":[-75.246402,39.980715]},"properties":{"stop_id":"21882","stop_name":"Columbia Av & 63rd St","routes":["46"]}},{"type":"Feature","id":5086,"geometry":{"type":"Point","coordinates":[-75.247021,39.9835190000001]},"properties":{"stop_id":"20696","stop_name":"63rd St & Malvern Av","routes":["46"]}},{"type":"Feature","id":5087,"geometry":{"type":"Point","coordinates":[-75.245957,39.983838]},"properties":{"stop_id":"31294","stop_name":"63rd-Malvern","routes":["0","46"]}},{"type":"Feature","id":5089,"geometry":{"type":"Point","coordinates":[-75.2470089999999,39.9836970000001]},"properties":{"stop_id":"20610","stop_name":"Malvern Av & 63rd St","routes":["0","46","63"]}},{"type":"Feature","id":5090,"geometry":{"type":"Point","coordinates":[-75.246142,39.980626]},"properties":{"stop_id":"21801","stop_name":"Columbia Av & 63rd St - FS","routes":["46"]}},{"type":"Feature","id":5091,"geometry":{"type":"Point","coordinates":[-75.242904,39.980987]},"properties":{"stop_id":"21802","stop_name":"Columbia Av & 61st St","routes":["46"]}},{"type":"Feature","id":5092,"geometry":{"type":"Point","coordinates":[-75.241368,39.981163]},"properties":{"stop_id":"21804","stop_name":"Columbia Av & 60th St","routes":["46"]}},{"type":"Feature","id":5093,"geometry":{"type":"Point","coordinates":[-75.241122,39.980279]},"properties":{"stop_id":"21805","stop_name":"60th St & Oxford St","routes":["46"]}},{"type":"Feature","id":5100,"geometry":{"type":"Point","coordinates":[-75.2392359999999,39.970066]},"properties":{"stop_id":"21811","stop_name":"60th St & Haverford Av","routes":["46"]}},{"type":"Feature","id":5101,"geometry":{"type":"Point","coordinates":[-75.23956,39.9681570000001]},"properties":{"stop_id":"710","stop_name":"60th St & Callowhill St","routes":["46"]}},{"type":"Feature","id":5108,"geometry":{"type":"Point","coordinates":[-75.24145,39.959029]},"properties":{"stop_id":"21813","stop_name":"60th St & Walnut St","routes":["46"]}},{"type":"Feature","id":5109,"geometry":{"type":"Point","coordinates":[-75.241701,39.957887]},"properties":{"stop_id":"21814","stop_name":"60th St & Locust St","routes":["46"]}},{"type":"Feature","id":5119,"geometry":{"type":"Point","coordinates":[-75.2441039999999,39.946423]},"properties":{"stop_id":"21822","stop_name":"60th St & Cobbs Creek Pkwy","routes":["46"]}},{"type":"Feature","id":5120,"geometry":{"type":"Point","coordinates":[-75.244499,39.944469]},"properties":{"stop_id":"21823","stop_name":"60th St & Baltimore Av","routes":["46"]}},{"type":"Feature","id":5121,"geometry":{"type":"Point","coordinates":[-75.241899,39.9451970000001]},"properties":{"stop_id":"20860","stop_name":"Baltimore Av & 59th St","routes":["0","46","63"]}},{"type":"Feature","id":5122,"geometry":{"type":"Point","coordinates":[-75.240304,39.9457830000001]},"properties":{"stop_id":"20861","stop_name":"Baltimore Av & 58th St","routes":["0","46"]}},{"type":"Feature","id":5126,"geometry":{"type":"Point","coordinates":[-75.159722,39.915559]},"properties":{"stop_id":"30864","stop_name":"7th St & Oregon Av - FS","routes":["47"]}},{"type":"Feature","id":5127,"geometry":{"type":"Point","coordinates":[-75.159482,39.916612]},"properties":{"stop_id":"18491","stop_name":"7th St & Shunk St","routes":["47"]}},{"type":"Feature","id":5128,"geometry":{"type":"Point","coordinates":[-75.159218,39.9178610000001]},"properties":{"stop_id":"18492","stop_name":"7th St & Porter St","routes":["47"]}},{"type":"Feature","id":5130,"geometry":{"type":"Point","coordinates":[-75.158665,39.9203590000001]},"properties":{"stop_id":"18494","stop_name":"7th St & Wolf St","routes":["47"]}},{"type":"Feature","id":5133,"geometry":{"type":"Point","coordinates":[-75.15786,39.924025]},"properties":{"stop_id":"18496","stop_name":"7th St & McKean St","routes":["47"]}},{"type":"Feature","id":5134,"geometry":{"type":"Point","coordinates":[-75.157608,39.925256]},"properties":{"stop_id":"18497","stop_name":"7th St & Mifflin St","routes":["47"]}},{"type":"Feature","id":5135,"geometry":{"type":"Point","coordinates":[-75.15732,39.926469]},"properties":{"stop_id":"18498","stop_name":"7th St & Moore St","routes":["47"]}},{"type":"Feature","id":5136,"geometry":{"type":"Point","coordinates":[-75.157056,39.927691]},"properties":{"stop_id":"18499","stop_name":"7th St & Morris St","routes":["47"]}},{"type":"Feature","id":5144,"geometry":{"type":"Point","coordinates":[-75.154737,39.9380570000001]},"properties":{"stop_id":"18506","stop_name":"7th St & Christian St","routes":["47"]}},{"type":"Feature","id":5145,"geometry":{"type":"Point","coordinates":[-75.1542689999999,39.940233]},"properties":{"stop_id":"18508","stop_name":"7th St & Fitzwater St","routes":["47"]}},{"type":"Feature","id":5146,"geometry":{"type":"Point","coordinates":[-75.154029,39.9412680000001]},"properties":{"stop_id":"18509","stop_name":"7th St & Bainbridge St","routes":["47"]}},{"type":"Feature","id":5147,"geometry":{"type":"Point","coordinates":[-75.15386,39.9421070000001]},"properties":{"stop_id":"18510","stop_name":"7th St & South St","routes":["47"]}},{"type":"Feature","id":5148,"geometry":{"type":"Point","coordinates":[-75.153644,39.9431330000001]},"properties":{"stop_id":"18511","stop_name":"7th St & Lombard St","routes":["47"]}},{"type":"Feature","id":5149,"geometry":{"type":"Point","coordinates":[-75.153428,39.944042]},"properties":{"stop_id":"18512","stop_name":"7th St & Pine St","routes":["47"]}},{"type":"Feature","id":5154,"geometry":{"type":"Point","coordinates":[-75.1519489999999,39.950795]},"properties":{"stop_id":"735","stop_name":"7th St & Market St","routes":["47"]}},{"type":"Feature","id":5155,"geometry":{"type":"Point","coordinates":[-75.151492,39.952883]},"properties":{"stop_id":"18517","stop_name":"7th St & Arch St","routes":["47"]}},{"type":"Feature","id":5156,"geometry":{"type":"Point","coordinates":[-75.151199,39.955252]},"properties":{"stop_id":"18518","stop_name":"7th St & Race St - FS","routes":["47"]}},{"type":"Feature","id":5157,"geometry":{"type":"Point","coordinates":[-75.1512779999999,39.9564520000001]},"properties":{"stop_id":"18519","stop_name":"7th St & Vine St","routes":["47"]}},{"type":"Feature","id":5158,"geometry":{"type":"Point","coordinates":[-75.150289,39.958601]},"properties":{"stop_id":"18520","stop_name":"7th St & Willow St","routes":["47"]}},{"type":"Feature","id":5159,"geometry":{"type":"Point","coordinates":[-75.1500839999999,39.9595820000001]},"properties":{"stop_id":"26056","stop_name":"7th St & Willow St - MBFS","routes":["47"]}},{"type":"Feature","id":5160,"geometry":{"type":"Point","coordinates":[-75.149782,39.961286]},"properties":{"stop_id":"736","stop_name":"7th St & Spring Garden St","routes":["47"]}},{"type":"Feature","id":5161,"geometry":{"type":"Point","coordinates":[-75.149602,39.96225]},"properties":{"stop_id":"18521","stop_name":"7th St & Green St","routes":["47"]}},{"type":"Feature","id":5162,"geometry":{"type":"Point","coordinates":[-75.149457,39.963044]},"properties":{"stop_id":"24337","stop_name":"7th St & Wallace St","routes":["47"]}},{"type":"Feature","id":5163,"geometry":{"type":"Point","coordinates":[-75.1493,39.963873]},"properties":{"stop_id":"18522","stop_name":"7th St & Fairmount Av","routes":["47"]}},{"type":"Feature","id":5168,"geometry":{"type":"Point","coordinates":[-75.148082,39.970314]},"properties":{"stop_id":"737","stop_name":"7th St & Girard Av","routes":["47"]}},{"type":"Feature","id":5169,"geometry":{"type":"Point","coordinates":[-75.14784,39.9716700000001]},"properties":{"stop_id":"18525","stop_name":"7th St & Thompson St","routes":["47"]}},{"type":"Feature","id":5170,"geometry":{"type":"Point","coordinates":[-75.147611,39.9729100000001]},"properties":{"stop_id":"18526","stop_name":"7th St & Master St","routes":["47"]}},{"type":"Feature","id":5172,"geometry":{"type":"Point","coordinates":[-75.14708,39.975756]},"properties":{"stop_id":"18528","stop_name":"7th St & Oxford St","routes":["47"]}},{"type":"Feature","id":5176,"geometry":{"type":"Point","coordinates":[-75.145957,39.9817000000001]},"properties":{"stop_id":"18532","stop_name":"7th St & Norris St","routes":["47"]}},{"type":"Feature","id":5177,"geometry":{"type":"Point","coordinates":[-75.145656,39.98319]},"properties":{"stop_id":"18533","stop_name":"7th St & Diamond St","routes":["47"]}},{"type":"Feature","id":5178,"geometry":{"type":"Point","coordinates":[-75.1454019999999,39.984767]},"properties":{"stop_id":"738","stop_name":"7th St & Susquehanna Av","routes":["47"]}},{"type":"Feature","id":5196,"geometry":{"type":"Point","coordinates":[-75.136443,40.0088880000001]},"properties":{"stop_id":"18550","stop_name":"5th St & Butler St","routes":["47"]}},{"type":"Feature","id":5197,"geometry":{"type":"Point","coordinates":[-75.1361899999999,40.0100120000001]},"properties":{"stop_id":"26059","stop_name":"5th St & Rising Sun Av","routes":["47"]}},{"type":"Feature","id":5198,"geometry":{"type":"Point","coordinates":[-75.135804,40.011868]},"properties":{"stop_id":"18552","stop_name":"5th St & Luzerne St","routes":["47"]}},{"type":"Feature","id":5199,"geometry":{"type":"Point","coordinates":[-75.135455,40.0134110000001]},"properties":{"stop_id":"18553","stop_name":"5th St & Lycoming St","routes":["47"]}},{"type":"Feature","id":5200,"geometry":{"type":"Point","coordinates":[-75.135118,40.0149450000001]},"properties":{"stop_id":"18555","stop_name":"5th St & Hunting Park Av","routes":["47"]}},{"type":"Feature","id":5222,"geometry":{"type":"Point","coordinates":[-75.127989,40.046292]},"properties":{"stop_id":"722","stop_name":"Godfrey Loop - FS","routes":["47"]}},{"type":"Feature","id":5239,"geometry":{"type":"Point","coordinates":[-75.133584,40.0228230000001]},"properties":{"stop_id":"723","stop_name":"5th St & Wyoming Av","routes":["47"]}},{"type":"Feature","id":5243,"geometry":{"type":"Point","coordinates":[-75.1352469999999,40.015115]},"properties":{"stop_id":"16255","stop_name":"5th St & Hunting Park Av","routes":["47"]}},{"type":"Feature","id":5244,"geometry":{"type":"Point","coordinates":[-75.135596,40.0135280000001]},"properties":{"stop_id":"16256","stop_name":"5th St & Lycoming St","routes":["47"]}},{"type":"Feature","id":5245,"geometry":{"type":"Point","coordinates":[-75.1359219999999,40.012056]},"properties":{"stop_id":"16257","stop_name":"5th St & Luzerne St","routes":["47"]}},{"type":"Feature","id":5246,"geometry":{"type":"Point","coordinates":[-75.136247,40.010548]},"properties":{"stop_id":"16258","stop_name":"5th St &  Pike St","routes":["47"]}},{"type":"Feature","id":5247,"geometry":{"type":"Point","coordinates":[-75.130665,40.0113650000001]},"properties":{"stop_id":"721","stop_name":"Luzerne St & 2nd St - FS","routes":["47"]}},{"type":"Feature","id":5248,"geometry":{"type":"Point","coordinates":[-75.137422,40.0093820000001]},"properties":{"stop_id":"26044","stop_name":"Rising Sun Av & Randolph St","routes":["47"]}},{"type":"Feature","id":5249,"geometry":{"type":"Point","coordinates":[-75.1388939999999,40.007796]},"properties":{"stop_id":"724","stop_name":"6th St & Erie Av","routes":["47"]}},{"type":"Feature","id":5264,"geometry":{"type":"Point","coordinates":[-75.143925,39.984835]},"properties":{"stop_id":"16270","stop_name":"6th St & Susquehanna Av","routes":["47"]}},{"type":"Feature","id":5265,"geometry":{"type":"Point","coordinates":[-75.145342,39.984945]},"properties":{"stop_id":"21133","stop_name":"Susquehanna Av & 7th St","routes":["39","47"]}},{"type":"Feature","id":5266,"geometry":{"type":"Point","coordinates":[-75.146914,39.984904]},"properties":{"stop_id":"725","stop_name":"8th St & Susquehanna Av - FS","routes":["47"]}},{"type":"Feature","id":5267,"geometry":{"type":"Point","coordinates":[-75.1471789999999,39.9835570000001]},"properties":{"stop_id":"30192","stop_name":"8th St & Diamond St","routes":["47"]}},{"type":"Feature","id":5270,"geometry":{"type":"Point","coordinates":[-75.148154,39.979097]},"properties":{"stop_id":"16275","stop_name":"8th St & Montgomery Av","routes":["47"]}},{"type":"Feature","id":5271,"geometry":{"type":"Point","coordinates":[-75.148478,39.97758]},"properties":{"stop_id":"16276","stop_name":"8th St & Cecil B Moore Av","routes":["47"]}},{"type":"Feature","id":5272,"geometry":{"type":"Point","coordinates":[-75.1485989999999,39.9769820000001]},"properties":{"stop_id":"26050","stop_name":"8th St & Cecil B Moore Av - FS","routes":["47"]}},{"type":"Feature","id":5276,"geometry":{"type":"Point","coordinates":[-75.149705,39.972139]},"properties":{"stop_id":"26051","stop_name":"8th St & Thompson St","routes":["47"]}},{"type":"Feature","id":5277,"geometry":{"type":"Point","coordinates":[-75.1488439999999,39.971824]},"properties":{"stop_id":"16280","stop_name":"Thompson St & Franklin St","routes":["47"]}},{"type":"Feature","id":5278,"geometry":{"type":"Point","coordinates":[-75.149037,39.970602]},"properties":{"stop_id":"16281","stop_name":"Franklin St & Girard Av","routes":["47"]}},{"type":"Feature","id":5279,"geometry":{"type":"Point","coordinates":[-75.149853,39.9705680000001]},"properties":{"stop_id":"20999","stop_name":"Girard Av & 8th St","routes":["0","47"]}},{"type":"Feature","id":5280,"geometry":{"type":"Point","coordinates":[-75.150595,39.9680440000001]},"properties":{"stop_id":"16282","stop_name":"8th St & Poplar St","routes":["47"]}},{"type":"Feature","id":5286,"geometry":{"type":"Point","coordinates":[-75.151938,39.9596930000001]},"properties":{"stop_id":"24339","stop_name":"8th St & Noble St","routes":["47","61"]}},{"type":"Feature","id":5287,"geometry":{"type":"Point","coordinates":[-75.1521319999999,39.9584350000001]},"properties":{"stop_id":"18441","stop_name":"8th St & Callowhill St","routes":["47","61"]}},{"type":"Feature","id":5288,"geometry":{"type":"Point","coordinates":[-75.1528059999999,39.9551880000001]},"properties":{"stop_id":"18442","stop_name":"8th St & Race St","routes":["47","61"]}},{"type":"Feature","id":5289,"geometry":{"type":"Point","coordinates":[-75.153022,39.9541980000001]},"properties":{"stop_id":"16288","stop_name":"8th St & Cherry St","routes":["47"]}},{"type":"Feature","id":5290,"geometry":{"type":"Point","coordinates":[-75.153215,39.9532970000001]},"properties":{"stop_id":"16289","stop_name":"8th St & Arch St","routes":["47","61"]}},{"type":"Feature","id":5291,"geometry":{"type":"Point","coordinates":[-75.153624,39.9513430000001]},"properties":{"stop_id":"728","stop_name":"8th St & Market St","routes":["47","61"]}},{"type":"Feature","id":5296,"geometry":{"type":"Point","coordinates":[-75.1551029999999,39.9444030000001]},"properties":{"stop_id":"16294","stop_name":"8th St & Pine St","routes":["47"]}},{"type":"Feature","id":5297,"geometry":{"type":"Point","coordinates":[-75.155331,39.94352]},"properties":{"stop_id":"16295","stop_name":"8th St & Lombard St","routes":["47"]}},{"type":"Feature","id":5298,"geometry":{"type":"Point","coordinates":[-75.155559,39.942485]},"properties":{"stop_id":"16296","stop_name":"8th St & South St","routes":["47"]}},{"type":"Feature","id":5299,"geometry":{"type":"Point","coordinates":[-75.155727,39.9416380000001]},"properties":{"stop_id":"26053","stop_name":"8th St & Bainbridge St","routes":["47"]}},{"type":"Feature","id":5300,"geometry":{"type":"Point","coordinates":[-75.1559549999999,39.940657]},"properties":{"stop_id":"16297","stop_name":"8th St & Fitzwater St","routes":["47"]}},{"type":"Feature","id":5301,"geometry":{"type":"Point","coordinates":[-75.156172,39.939666]},"properties":{"stop_id":"16298","stop_name":"8th St & Catharine St","routes":["47"]}},{"type":"Feature","id":5302,"geometry":{"type":"Point","coordinates":[-75.156376,39.9386670000001]},"properties":{"stop_id":"16299","stop_name":"8th St & Christian St","routes":["47"]}},{"type":"Feature","id":5303,"geometry":{"type":"Point","coordinates":[-75.156688,39.9372940000001]},"properties":{"stop_id":"16300","stop_name":"8th St & Carpenter St","routes":["47"]}},{"type":"Feature","id":5311,"geometry":{"type":"Point","coordinates":[-75.1587299999999,39.9280610000001]},"properties":{"stop_id":"16306","stop_name":"8th St & Morris St","routes":["47"]}},{"type":"Feature","id":5312,"geometry":{"type":"Point","coordinates":[-75.1589949999999,39.926839]},"properties":{"stop_id":"16307","stop_name":"8th St & Moore St","routes":["47"]}},{"type":"Feature","id":5313,"geometry":{"type":"Point","coordinates":[-75.159283,39.925599]},"properties":{"stop_id":"21227","stop_name":"8th St & Mifflin St","routes":["47"]}},{"type":"Feature","id":5314,"geometry":{"type":"Point","coordinates":[-75.159523,39.924403]},"properties":{"stop_id":"16309","stop_name":"8th St & McKean St","routes":["47"]}},{"type":"Feature","id":5316,"geometry":{"type":"Point","coordinates":[-75.1600759999999,39.9219590000001]},"properties":{"stop_id":"16310","stop_name":"8th St & Jackson St","routes":["47"]}},{"type":"Feature","id":5317,"geometry":{"type":"Point","coordinates":[-75.1603279999999,39.920737]},"properties":{"stop_id":"16311","stop_name":"8th St & Wolf St","routes":["47"]}},{"type":"Feature","id":5318,"geometry":{"type":"Point","coordinates":[-75.160604,39.91947]},"properties":{"stop_id":"16312","stop_name":"8th St & Ritner St","routes":["47"]}},{"type":"Feature","id":5320,"geometry":{"type":"Point","coordinates":[-75.161168,39.9169810000001]},"properties":{"stop_id":"16314","stop_name":"8th St & Shunk St","routes":["47"]}},{"type":"Feature","id":5321,"geometry":{"type":"Point","coordinates":[-75.1614089999999,39.9157060000001]},"properties":{"stop_id":"21253","stop_name":"8th St & Oregon Av","routes":["47"]}},{"type":"Feature","id":5329,"geometry":{"type":"Point","coordinates":[-75.14834,39.952617]},"properties":{"stop_id":"4469","stop_name":"Arch St & 5th St","routes":["44","48"]}},{"type":"Feature","id":5330,"geometry":{"type":"Point","coordinates":[-75.149804,39.952816]},"properties":{"stop_id":"4470","stop_name":"Arch St & 6th St","routes":["48"]}},{"type":"Feature","id":5331,"geometry":{"type":"Point","coordinates":[-75.1514559999999,39.952999]},"properties":{"stop_id":"4471","stop_name":"Arch St & 7th St","routes":["48"]}},{"type":"Feature","id":5332,"geometry":{"type":"Point","coordinates":[-75.1529439999999,39.9531710000001]},"properties":{"stop_id":"4472","stop_name":"Arch St & 8th St","routes":["48"]}},{"type":"Feature","id":5333,"geometry":{"type":"Point","coordinates":[-75.154502,39.953353]},"properties":{"stop_id":"14932","stop_name":"Arch St & 9th St","routes":["48"]}},{"type":"Feature","id":5334,"geometry":{"type":"Point","coordinates":[-75.156166,39.953598]},"properties":{"stop_id":"4459","stop_name":"Arch St & 10th St","routes":["48","61"]}},{"type":"Feature","id":5335,"geometry":{"type":"Point","coordinates":[-75.157771,39.953807]},"properties":{"stop_id":"14933","stop_name":"Arch St & 11th St","routes":["48","61"]}},{"type":"Feature","id":5336,"geometry":{"type":"Point","coordinates":[-75.159318,39.953971]},"properties":{"stop_id":"4460","stop_name":"Arch St & 12th St","routes":["48"]}},{"type":"Feature","id":5340,"geometry":{"type":"Point","coordinates":[-75.164676,39.9546520000001]},"properties":{"stop_id":"4462","stop_name":"Arch St & 15th St","routes":["48"]}},{"type":"Feature","id":5341,"geometry":{"type":"Point","coordinates":[-75.167875,39.955051]},"properties":{"stop_id":"4463","stop_name":"Arch St & 17th St","routes":["48"]}},{"type":"Feature","id":5342,"geometry":{"type":"Point","coordinates":[-75.1694449999999,39.955242]},"properties":{"stop_id":"14935","stop_name":"Arch St & 18th St","routes":["48"]}},{"type":"Feature","id":5343,"geometry":{"type":"Point","coordinates":[-75.171039,39.9554590000001]},"properties":{"stop_id":"4464","stop_name":"Arch St & 19th St","routes":["48"]}},{"type":"Feature","id":5344,"geometry":{"type":"Point","coordinates":[-75.172609,39.95565]},"properties":{"stop_id":"4465","stop_name":"Arch St & 20th St","routes":["48"]}},{"type":"Feature","id":5345,"geometry":{"type":"Point","coordinates":[-75.17445,39.9558680000001]},"properties":{"stop_id":"14928","stop_name":"Arch St & 21st St","routes":["48"]}},{"type":"Feature","id":5346,"geometry":{"type":"Point","coordinates":[-75.176079,39.9560500000001]},"properties":{"stop_id":"107","stop_name":"Arch St & 22nd St","routes":["48"]}},{"type":"Feature","id":5366,"geometry":{"type":"Point","coordinates":[-75.183433,39.9744230000001]},"properties":{"stop_id":"751","stop_name":"29th St & Girard Av","routes":["48"]}},{"type":"Feature","id":5456,"geometry":{"type":"Point","coordinates":[-75.2032849999999,39.9499080000001]},"properties":{"stop_id":"33038","stop_name":"Baltimore Av & 40th St","routes":["49"]}},{"type":"Feature","id":5460,"geometry":{"type":"Point","coordinates":[-75.191683,39.947905]},"properties":{"stop_id":"31744","stop_name":"Convention Av & Health Sciences Dr","routes":["0","49"]}},{"type":"Feature","id":5465,"geometry":{"type":"Point","coordinates":[-75.189691,39.953925]},"properties":{"stop_id":"32416","stop_name":"33rd st & Chestnut St","routes":["42","49"]}},{"type":"Feature","id":5480,"geometry":{"type":"Point","coordinates":[-75.173831,39.9673710000001]},"properties":{"stop_id":"32503","stop_name":"Fairmount Av & 22nd St","routes":["49"]}},{"type":"Feature","id":5575,"geometry":{"type":"Point","coordinates":[-75.010865,40.070885]},"properties":{"stop_id":"23354","stop_name":"Grant Av & Ashton Rd - MBFS","routes":["50"]}},{"type":"Feature","id":5668,"geometry":{"type":"Point","coordinates":[-75.007796,40.0696610000001]},"properties":{"stop_id":"30888","stop_name":"Grant Rd & Academy Rd - FS","routes":["50"]}},{"type":"Feature","id":5690,"geometry":{"type":"Point","coordinates":[-75.1443609999999,40.0386810000001]},"properties":{"stop_id":"32627","stop_name":"Olney Transit Center - Rt 51","routes":["51"]}},{"type":"Feature","id":5693,"geometry":{"type":"Point","coordinates":[-75.145431,40.043146]},"properties":{"stop_id":"19060","stop_name":"Nedro Av & 15th St","routes":["51"]}},{"type":"Feature","id":5695,"geometry":{"type":"Point","coordinates":[-75.1485509999999,40.043573]},"properties":{"stop_id":"15458","stop_name":"Nedro Av & 17 th St","routes":["51"]}},{"type":"Feature","id":5696,"geometry":{"type":"Point","coordinates":[-75.149602,40.043709]},"properties":{"stop_id":"15447","stop_name":"Nedro Av & Ogontz Av","routes":["51"]}},{"type":"Feature","id":5711,"geometry":{"type":"Point","coordinates":[-75.1622609999999,40.057803]},"properties":{"stop_id":"15556","stop_name":"Stenton Av & Beverly Rd - FS","routes":["51"]}},{"type":"Feature","id":5712,"geometry":{"type":"Point","coordinates":[-75.163287,40.0583940000001]},"properties":{"stop_id":"15557","stop_name":"Stenton Av & Tupehocken St - FS","routes":["51"]}},{"type":"Feature","id":5714,"geometry":{"type":"Point","coordinates":[-75.1668989999999,40.060419]},"properties":{"stop_id":"15558","stop_name":"Stenton Av & Johnson St","routes":["51"]}},{"type":"Feature","id":5715,"geometry":{"type":"Point","coordinates":[-75.170652,40.0625860000001]},"properties":{"stop_id":"15581","stop_name":"Stenton Av & Upsal St","routes":["51"]}},{"type":"Feature","id":5722,"geometry":{"type":"Point","coordinates":[-75.184474,40.070549]},"properties":{"stop_id":"17242","stop_name":"Stenton Av & Gowen Av","routes":["51"]}},{"type":"Feature","id":5723,"geometry":{"type":"Point","coordinates":[-75.186387,40.071623]},"properties":{"stop_id":"15608","stop_name":"Stenton Av & Roumfort Rd","routes":["51"]}},{"type":"Feature","id":5724,"geometry":{"type":"Point","coordinates":[-75.188323,40.072734]},"properties":{"stop_id":"15614","stop_name":"Stenton Ave & Ivy Hill Rd","routes":["51"]}},{"type":"Feature","id":5725,"geometry":{"type":"Point","coordinates":[-75.190637,40.0741570000001]},"properties":{"stop_id":"15616","stop_name":"Stenton Av & Mermaid Ln","routes":["51"]}},{"type":"Feature","id":5726,"geometry":{"type":"Point","coordinates":[-75.193022,40.0755270000001]},"properties":{"stop_id":"26524","stop_name":"Stenton Av & Mermaid Ln - MBFS","routes":["51"]}},{"type":"Feature","id":5727,"geometry":{"type":"Point","coordinates":[-75.194781,40.0765210000001]},"properties":{"stop_id":"15617","stop_name":"Stenton Av & Willow Grove Av","routes":["51"]}},{"type":"Feature","id":5728,"geometry":{"type":"Point","coordinates":[-75.1963279999999,40.0773540000001]},"properties":{"stop_id":"15618","stop_name":"Stenton Av & Abington Av","routes":["51"]}},{"type":"Feature","id":5729,"geometry":{"type":"Point","coordinates":[-75.197462,40.0779900000001]},"properties":{"stop_id":"15619","stop_name":"Stenton Av & Cresheim Valley Rd","routes":["51"]}},{"type":"Feature","id":5730,"geometry":{"type":"Point","coordinates":[-75.200236,40.079575]},"properties":{"stop_id":"15620","stop_name":"Stenton Av & Gravers Ln","routes":["51"]}},{"type":"Feature","id":5731,"geometry":{"type":"Point","coordinates":[-75.2033929999999,40.0802860000001]},"properties":{"stop_id":"15621","stop_name":"Evergreen Av & Prospect Av","routes":["51"]}},{"type":"Feature","id":5738,"geometry":{"type":"Point","coordinates":[-75.209616,40.0839120000001]},"properties":{"stop_id":"19054","stop_name":"Bethlehem Pk & Lynnebrook Ln - FS","routes":["51","94"]}},{"type":"Feature","id":5739,"geometry":{"type":"Point","coordinates":[-75.21149,40.086441]},"properties":{"stop_id":"26525","stop_name":"Paper Mill Rd & Stenton Av - FS","routes":["51"]}},{"type":"Feature","id":5740,"geometry":{"type":"Point","coordinates":[-75.2100179999999,40.0878930000001]},"properties":{"stop_id":"19056","stop_name":"Paper Mill Rd & Biddle Woods Ln","routes":["51"]}},{"type":"Feature","id":5742,"geometry":{"type":"Point","coordinates":[-75.21378,40.0919700000001]},"properties":{"stop_id":"31199","stop_name":"Montgomery Av & Bethlehem Pk","routes":["51"]}},{"type":"Feature","id":5743,"geometry":{"type":"Point","coordinates":[-75.214848,40.0909180000001]},"properties":{"stop_id":"26515","stop_name":"Bethlehem Pk & Gordon Ln","routes":["51","94"]}},{"type":"Feature","id":5744,"geometry":{"type":"Point","coordinates":[-75.213309,40.087301]},"properties":{"stop_id":"26516","stop_name":"Bethlehem Pk & Bells Mill Rd","routes":["51","94"]}},{"type":"Feature","id":5745,"geometry":{"type":"Point","coordinates":[-75.212082,40.0860670000001]},"properties":{"stop_id":"26517","stop_name":"Bethlehem Pk & Stenton Av","routes":["51","94"]}},{"type":"Feature","id":5747,"geometry":{"type":"Point","coordinates":[-75.223468,40.0928870000001]},"properties":{"stop_id":"31752","stop_name":"Stenton Av & Northwestern Av","routes":["51"]}},{"type":"Feature","id":5755,"geometry":{"type":"Point","coordinates":[-75.222122,40.0835220000001]},"properties":{"stop_id":"19059","stop_name":"Germantown Av & Hillcrest Av","routes":["51","97"]}},{"type":"Feature","id":5756,"geometry":{"type":"Point","coordinates":[-75.228719,40.0850770000001]},"properties":{"stop_id":"30717","stop_name":"Germantown Pk & Rodgers Dr","routes":["51","97"]}},{"type":"Feature","id":5757,"geometry":{"type":"Point","coordinates":[-75.230314,40.0859990000001]},"properties":{"stop_id":"244","stop_name":"Germantown Pk & Northwestern Av","routes":["51","97"]}},{"type":"Feature","id":5760,"geometry":{"type":"Point","coordinates":[-75.244975,40.0850130000001]},"properties":{"stop_id":"15644","stop_name":"Germantown Pk & Thornhill Dr","routes":["51","97"]}},{"type":"Feature","id":5762,"geometry":{"type":"Point","coordinates":[-75.250194,40.084699]},"properties":{"stop_id":"26529","stop_name":"Germantown Pk & Church Rd - FS","routes":["51","97"]}},{"type":"Feature","id":5763,"geometry":{"type":"Point","coordinates":[-75.2511019999999,40.0858430000001]},"properties":{"stop_id":"15963","stop_name":"Germantown Pk & Crescent Av","routes":["51","97"]}},{"type":"Feature","id":5764,"geometry":{"type":"Point","coordinates":[-75.254149,40.0878290000001]},"properties":{"stop_id":"15964","stop_name":"Germantown Pk & Westaway Dr","routes":["51","97"]}},{"type":"Feature","id":5767,"geometry":{"type":"Point","coordinates":[-75.260752,40.092274]},"properties":{"stop_id":"31454","stop_name":"Germantown Pk & 1st Av","routes":["51","97"]}},{"type":"Feature","id":5768,"geometry":{"type":"Point","coordinates":[-75.2619809999999,40.0931410000001]},"properties":{"stop_id":"15967","stop_name":"Germantown Pk & Joshua Rd - FS","routes":["51"]}},{"type":"Feature","id":5769,"geometry":{"type":"Point","coordinates":[-75.2673569999999,40.096665]},"properties":{"stop_id":"15968","stop_name":"Germantown Pk & Fairway Rd","routes":["51"]}},{"type":"Feature","id":5773,"geometry":{"type":"Point","coordinates":[-75.275854,40.101388]},"properties":{"stop_id":"15972","stop_name":"Germantown Pk & Marple Ln","routes":["51"]}},{"type":"Feature","id":5774,"geometry":{"type":"Point","coordinates":[-75.279034,40.102945]},"properties":{"stop_id":"15976","stop_name":"Germantown Pk & Butler Pk - FS","routes":["51"]}},{"type":"Feature","id":5775,"geometry":{"type":"Point","coordinates":[-75.281314,40.105108]},"properties":{"stop_id":"15977","stop_name":"Germantown Pk & Chemical Rd","routes":["51"]}},{"type":"Feature","id":5783,"geometry":{"type":"Point","coordinates":[-75.281373,40.1048940000001]},"properties":{"stop_id":"16748","stop_name":"Germantown Pk & Chemical Rd - FS","routes":["51"]}},{"type":"Feature","id":5784,"geometry":{"type":"Point","coordinates":[-75.280028,40.103259]},"properties":{"stop_id":"16778","stop_name":"Germantown Pk & Meetinghouse Ln","routes":["51"]}},{"type":"Feature","id":5785,"geometry":{"type":"Point","coordinates":[-75.2787509999999,40.10265]},"properties":{"stop_id":"30722","stop_name":"Germantown Pk & Butler Pk","routes":["51"]}},{"type":"Feature","id":5786,"geometry":{"type":"Point","coordinates":[-75.278207,40.1024]},"properties":{"stop_id":"16780","stop_name":"Germantown Pk & Butler Pk - FS","routes":["51"]}},{"type":"Feature","id":5787,"geometry":{"type":"Point","coordinates":[-75.276221,40.1014240000001]},"properties":{"stop_id":"16781","stop_name":"Germantown Pk & Marple Ln","routes":["51"]}},{"type":"Feature","id":5788,"geometry":{"type":"Point","coordinates":[-75.274897,40.100762]},"properties":{"stop_id":"16783","stop_name":"Germantown Pk & Alden Rd","routes":["51"]}},{"type":"Feature","id":5791,"geometry":{"type":"Point","coordinates":[-75.267664,40.096719]},"properties":{"stop_id":"16793","stop_name":"Germantown Pk & Fairway Rd","routes":["51"]}},{"type":"Feature","id":5792,"geometry":{"type":"Point","coordinates":[-75.261969,40.092971]},"properties":{"stop_id":"15645","stop_name":"Germantown Pk & Joshua Rd","routes":["51"]}},{"type":"Feature","id":5793,"geometry":{"type":"Point","coordinates":[-75.260611,40.092024]},"properties":{"stop_id":"26511","stop_name":"Germantown Pk & Edmonds Rd","routes":["51","97"]}},{"type":"Feature","id":5796,"geometry":{"type":"Point","coordinates":[-75.254858,40.088133]},"properties":{"stop_id":"17428","stop_name":"Germantown Pk & Westway Dr - MBNS","routes":["51","97"]}},{"type":"Feature","id":5797,"geometry":{"type":"Point","coordinates":[-75.25148,40.0858880000001]},"properties":{"stop_id":"19048","stop_name":"Germantown Pk & Crescent Av","routes":["51","97"]}},{"type":"Feature","id":5802,"geometry":{"type":"Point","coordinates":[-75.2236569999999,40.0927810000001]},"properties":{"stop_id":"31788","stop_name":"Northwestern Av & Stenton Av","routes":["51"]}},{"type":"Feature","id":5803,"geometry":{"type":"Point","coordinates":[-75.2303259999999,40.085874]},"properties":{"stop_id":"248","stop_name":"Germantown Pk & Northwestern Av - F","routes":["51","97"]}},{"type":"Feature","id":5804,"geometry":{"type":"Point","coordinates":[-75.229051,40.085042]},"properties":{"stop_id":"30718","stop_name":"Germantown Pk & Rodgers Dr","routes":["51","97"]}},{"type":"Feature","id":5805,"geometry":{"type":"Point","coordinates":[-75.22243,40.083532]},"properties":{"stop_id":"17432","stop_name":"Germantown Av & Hillcrest Av","routes":["51","97"]}},{"type":"Feature","id":5818,"geometry":{"type":"Point","coordinates":[-75.209888,40.084118]},"properties":{"stop_id":"19049","stop_name":"Bethlehem Pk & Lynnebrook Ln - MBFS","routes":["51","94"]}},{"type":"Feature","id":5826,"geometry":{"type":"Point","coordinates":[-75.200485,40.079442]},"properties":{"stop_id":"17983","stop_name":"Gravers Ln & Stenton Av","routes":["51"]}},{"type":"Feature","id":5827,"geometry":{"type":"Point","coordinates":[-75.1977449999999,40.077991]},"properties":{"stop_id":"17985","stop_name":"Stenton Av & Cresheim Valley Dr","routes":["51"]}},{"type":"Feature","id":5828,"geometry":{"type":"Point","coordinates":[-75.196636,40.077346]},"properties":{"stop_id":"17988","stop_name":"Stenton Av & Abington Av","routes":["51"]}},{"type":"Feature","id":5829,"geometry":{"type":"Point","coordinates":[-75.1947699999999,40.076263]},"properties":{"stop_id":"17992","stop_name":"Stenton Av & Willow Grove Av - FS","routes":["51"]}},{"type":"Feature","id":5830,"geometry":{"type":"Point","coordinates":[-75.193188,40.07534]},"properties":{"stop_id":"26519","stop_name":"Stenton Av & Willow Grove Av - MBFS","routes":["51"]}},{"type":"Feature","id":5831,"geometry":{"type":"Point","coordinates":[-75.1910149999999,40.0740960000001]},"properties":{"stop_id":"18023","stop_name":"Stenton Av & Mermaid Ln","routes":["51"]}},{"type":"Feature","id":5832,"geometry":{"type":"Point","coordinates":[-75.1885119999999,40.072734]},"properties":{"stop_id":"18025","stop_name":"Stenton Av & Ivy Hill Rd","routes":["51"]}},{"type":"Feature","id":5833,"geometry":{"type":"Point","coordinates":[-75.186541,40.0715700000001]},"properties":{"stop_id":"18026","stop_name":"Stenton Av & Roumfort Rd","routes":["51"]}},{"type":"Feature","id":5834,"geometry":{"type":"Point","coordinates":[-75.184758,40.070549]},"properties":{"stop_id":"18029","stop_name":"Stenton Av & Gowen Av","routes":["51"]}},{"type":"Feature","id":5843,"geometry":{"type":"Point","coordinates":[-75.170971,40.062623]},"properties":{"stop_id":"19067","stop_name":"Stenton Av & Upsal St","routes":["51"]}},{"type":"Feature","id":5844,"geometry":{"type":"Point","coordinates":[-75.1668759999999,40.0602850000001]},"properties":{"stop_id":"26521","stop_name":"Stenton Av & Johnson St - FS","routes":["51"]}},{"type":"Feature","id":5846,"geometry":{"type":"Point","coordinates":[-75.1633229999999,40.058251]},"properties":{"stop_id":"18470","stop_name":"Stenton Av & Tulpehocken St","routes":["51"]}},{"type":"Feature","id":5847,"geometry":{"type":"Point","coordinates":[-75.162403,40.0577230000001]},"properties":{"stop_id":"18471","stop_name":"Stenton Av & Beverly Rd","routes":["51"]}},{"type":"Feature","id":5848,"geometry":{"type":"Point","coordinates":[-75.160857,40.056836]},"properties":{"stop_id":"18472","stop_name":"Stenton Av & Walnut Ln","routes":["51"]}},{"type":"Feature","id":5864,"geometry":{"type":"Point","coordinates":[-75.1500159999999,40.0436290000001]},"properties":{"stop_id":"18484","stop_name":"Nedro Av & Ogontz Av","routes":["51"]}},{"type":"Feature","id":5865,"geometry":{"type":"Point","coordinates":[-75.1487759999999,40.043475]},"properties":{"stop_id":"18485","stop_name":"Nedro Av & 17th St","routes":["51"]}},{"type":"Feature","id":5867,"geometry":{"type":"Point","coordinates":[-75.145927,40.043094]},"properties":{"stop_id":"18487","stop_name":"Nedro Av & 15th St","routes":["51"]}},{"type":"Feature","id":5868,"geometry":{"type":"Point","coordinates":[-75.1445679999999,40.0429480000001]},"properties":{"stop_id":"18488","stop_name":"Nedro Av & Old York Rd","routes":["51"]}},{"type":"Feature","id":5875,"geometry":{"type":"Point","coordinates":[-75.2151019999999,39.939192]},"properties":{"stop_id":"20741","stop_name":"Woodland Av & 51st St","routes":["0","52"]}},{"type":"Feature","id":5877,"geometry":{"type":"Point","coordinates":[-75.217598,39.937438]},"properties":{"stop_id":"20743","stop_name":"Woodland Av & 53rd St","routes":["0","52"]}},{"type":"Feature","id":5878,"geometry":{"type":"Point","coordinates":[-75.2191119999999,39.9365300000001]},"properties":{"stop_id":"21727","stop_name":"54th St & Woodland Av - FS","routes":["411","52"]}},{"type":"Feature","id":5879,"geometry":{"type":"Point","coordinates":[-75.220113,39.9373800000001]},"properties":{"stop_id":"21728","stop_name":"54th St & Greenway Av","routes":["411","52"]}},{"type":"Feature","id":5887,"geometry":{"type":"Point","coordinates":[-75.229418,39.9452580000001]},"properties":{"stop_id":"21735","stop_name":"54th St & Whitby Av","routes":["52"]}},{"type":"Feature","id":5888,"geometry":{"type":"Point","coordinates":[-75.228756,39.94581]},"properties":{"stop_id":"21736","stop_name":"Whitby Av & 53rd St","routes":["52"]}},{"type":"Feature","id":5889,"geometry":{"type":"Point","coordinates":[-75.227454,39.9467270000001]},"properties":{"stop_id":"25520","stop_name":"Whitby Av & 52nd St - MBNS","routes":["52"]}},{"type":"Feature","id":5890,"geometry":{"type":"Point","coordinates":[-75.2272619999999,39.947709]},"properties":{"stop_id":"777","stop_name":"52nd St & Baltimore Av","routes":["52"]}},{"type":"Feature","id":5891,"geometry":{"type":"Point","coordinates":[-75.2270809999999,39.9491180000001]},"properties":{"stop_id":"21737","stop_name":"52nd St & Catherine St - FS","routes":["52"]}},{"type":"Feature","id":5892,"geometry":{"type":"Point","coordinates":[-75.2267459999999,39.9506260000001]},"properties":{"stop_id":"21738","stop_name":"52nd St & Cedar Av - FS","routes":["52"]}},{"type":"Feature","id":5893,"geometry":{"type":"Point","coordinates":[-75.226483,39.9519290000001]},"properties":{"stop_id":"21739","stop_name":"52nd St & Larchwood Av","routes":["52"]}},{"type":"Feature","id":5894,"geometry":{"type":"Point","coordinates":[-75.226124,39.953695]},"properties":{"stop_id":"21740","stop_name":"52nd St & Pine St - FS","routes":["52"]}},{"type":"Feature","id":5895,"geometry":{"type":"Point","coordinates":[-75.225884,39.9547480000001]},"properties":{"stop_id":"21741","stop_name":"52nd St & Spruce St - FS","routes":["52"]}},{"type":"Feature","id":5896,"geometry":{"type":"Point","coordinates":[-75.225645,39.9559790000001]},"properties":{"stop_id":"21742","stop_name":"52nd St & Locust St - FS","routes":["52"]}},{"type":"Feature","id":5897,"geometry":{"type":"Point","coordinates":[-75.225453,39.9568540000001]},"properties":{"stop_id":"21743","stop_name":"52nd St & Walnut St","routes":["52"]}},{"type":"Feature","id":5898,"geometry":{"type":"Point","coordinates":[-75.225154,39.958361]},"properties":{"stop_id":"3574","stop_name":"52nd St & Chestnut St","routes":["52"]}},{"type":"Feature","id":5899,"geometry":{"type":"Point","coordinates":[-75.224878,39.9598250000001]},"properties":{"stop_id":"779","stop_name":"52nd St & Market St - north","routes":["52"]}},{"type":"Feature","id":5902,"geometry":{"type":"Point","coordinates":[-75.224591,39.965197]},"properties":{"stop_id":"780","stop_name":"52nd St & Haverford Av - FS","routes":["52"]}},{"type":"Feature","id":5903,"geometry":{"type":"Point","coordinates":[-75.224812,39.9665360000001]},"properties":{"stop_id":"21746","stop_name":"52nd St & Parrish St","routes":["52"]}},{"type":"Feature","id":5909,"geometry":{"type":"Point","coordinates":[-75.2266729999999,39.9764550000001]},"properties":{"stop_id":"21751","stop_name":"52nd St & Warren St - FS","routes":["52"]}},{"type":"Feature","id":5910,"geometry":{"type":"Point","coordinates":[-75.226422,39.977632]},"properties":{"stop_id":"21752","stop_name":"52nd St & Lancaster Av - FS","routes":["52"]}},{"type":"Feature","id":5914,"geometry":{"type":"Point","coordinates":[-75.221581,39.9807210000001]},"properties":{"stop_id":"21724","stop_name":"Parkside Av & 51st St","routes":["40","52"]}},{"type":"Feature","id":5915,"geometry":{"type":"Point","coordinates":[-75.219422,39.979923]},"properties":{"stop_id":"21725","stop_name":"Parkside Av & 50th St","routes":["40","52"]}},{"type":"Feature","id":5918,"geometry":{"type":"Point","coordinates":[-75.227041,39.980123]},"properties":{"stop_id":"21759","stop_name":"Jefferson St & Lindenwood St","routes":["52"]}},{"type":"Feature","id":5919,"geometry":{"type":"Point","coordinates":[-75.227997,39.9804550000001]},"properties":{"stop_id":"22290","stop_name":"Jefferson St & 53rd St","routes":["52"]}},{"type":"Feature","id":5920,"geometry":{"type":"Point","coordinates":[-75.229967,39.9814670000001]},"properties":{"stop_id":"21760","stop_name":"54th St & Oxford St","routes":["40","52"]}},{"type":"Feature","id":5921,"geometry":{"type":"Point","coordinates":[-75.230602,39.982414]},"properties":{"stop_id":"21761","stop_name":"54th St & Columbia Av","routes":["40","52"]}},{"type":"Feature","id":5941,"geometry":{"type":"Point","coordinates":[-75.2080809999999,40.0145870000001]},"properties":{"stop_id":"32992","stop_name":"WTC Drop Off","routes":["38","52","60","61","82"]}},{"type":"Feature","id":5942,"geometry":{"type":"Point","coordinates":[-75.208546,40.014441]},"properties":{"stop_id":"32984","stop_name":"WTC Boarding Area 4","routes":["52"]}},{"type":"Feature","id":5961,"geometry":{"type":"Point","coordinates":[-75.230826,39.9825750000001]},"properties":{"stop_id":"21689","stop_name":"54th St & Upland Way","routes":["40","52"]}},{"type":"Feature","id":5962,"geometry":{"type":"Point","coordinates":[-75.2303209999999,39.981771]},"properties":{"stop_id":"21690","stop_name":"54th St & Oxford St","routes":["40","52"]}},{"type":"Feature","id":5963,"geometry":{"type":"Point","coordinates":[-75.228269,39.980438]},"properties":{"stop_id":"25982","stop_name":"Jefferson St & 53rd St","routes":["40","52"]}},{"type":"Feature","id":5964,"geometry":{"type":"Point","coordinates":[-75.227301,39.9800970000001]},"properties":{"stop_id":"21691","stop_name":"Jefferson St & Lindenwood St","routes":["40","52"]}},{"type":"Feature","id":5967,"geometry":{"type":"Point","coordinates":[-75.219328,39.9798250000001]},"properties":{"stop_id":"30844","stop_name":"50th St & Parkside Av","routes":["52"]}},{"type":"Feature","id":5968,"geometry":{"type":"Point","coordinates":[-75.221392,39.9807750000001]},"properties":{"stop_id":"21754","stop_name":"Parkside Av & 51st St","routes":["40","52"]}},{"type":"Feature","id":5972,"geometry":{"type":"Point","coordinates":[-75.22692,39.977017]},"properties":{"stop_id":"21692","stop_name":"52nd St & Lancaster Av - FS","routes":["52"]}},{"type":"Feature","id":5978,"geometry":{"type":"Point","coordinates":[-75.225186,39.967929]},"properties":{"stop_id":"21697","stop_name":"52nd St & Westminster Av - FS","routes":["52"]}},{"type":"Feature","id":5979,"geometry":{"type":"Point","coordinates":[-75.224954,39.966411]},"properties":{"stop_id":"21698","stop_name":"52nd St & Parrish St - FS","routes":["52"]}},{"type":"Feature","id":5980,"geometry":{"type":"Point","coordinates":[-75.2246509999999,39.9646970000001]},"properties":{"stop_id":"768","stop_name":"52nd St & Haverford Av - FS","routes":["52"]}},{"type":"Feature","id":5982,"geometry":{"type":"Point","coordinates":[-75.2246959999999,39.9614040000001]},"properties":{"stop_id":"21700","stop_name":"52nd St & Arch St - FS","routes":["52"]}},{"type":"Feature","id":5983,"geometry":{"type":"Point","coordinates":[-75.224948,39.9602]},"properties":{"stop_id":"769","stop_name":"52nd St & Market St - south","routes":["52"]}},{"type":"Feature","id":5984,"geometry":{"type":"Point","coordinates":[-75.2252829999999,39.9585670000001]},"properties":{"stop_id":"21701","stop_name":"52nd St & Chestnut St","routes":["52"]}},{"type":"Feature","id":5985,"geometry":{"type":"Point","coordinates":[-75.2255709999999,39.9570590000001]},"properties":{"stop_id":"21702","stop_name":"52nd St & Walnut St","routes":["52"]}},{"type":"Feature","id":5986,"geometry":{"type":"Point","coordinates":[-75.225906,39.955569]},"properties":{"stop_id":"21703","stop_name":"52nd St & Locust St - FS","routes":["52"]}},{"type":"Feature","id":5987,"geometry":{"type":"Point","coordinates":[-75.2261329999999,39.9544270000001]},"properties":{"stop_id":"21704","stop_name":"52nd St & Spruce St - FS","routes":["52"]}},{"type":"Feature","id":5988,"geometry":{"type":"Point","coordinates":[-75.2263129999999,39.953633]},"properties":{"stop_id":"21705","stop_name":"52nd St & Pine St","routes":["52"]}},{"type":"Feature","id":5989,"geometry":{"type":"Point","coordinates":[-75.226612,39.952098]},"properties":{"stop_id":"21706","stop_name":"52nd St & Larchwood St","routes":["52"]}},{"type":"Feature","id":5990,"geometry":{"type":"Point","coordinates":[-75.226936,39.950564]},"properties":{"stop_id":"21707","stop_name":"52nd St & Cedar Av","routes":["52"]}},{"type":"Feature","id":5992,"geometry":{"type":"Point","coordinates":[-75.227498,39.9478700000001]},"properties":{"stop_id":"771","stop_name":"52nd St & Baltimore Av","routes":["52"]}},{"type":"Feature","id":5993,"geometry":{"type":"Point","coordinates":[-75.228731,39.9460060000001]},"properties":{"stop_id":"21709","stop_name":"Whitby Av & 53rd St - FS","routes":["52"]}},{"type":"Feature","id":5994,"geometry":{"type":"Point","coordinates":[-75.229501,39.945133]},"properties":{"stop_id":"21710","stop_name":"54th St & Whitby Av - FS","routes":["52"]}},{"type":"Feature","id":6005,"geometry":{"type":"Point","coordinates":[-75.2138899999999,39.941832]},"properties":{"stop_id":"30185","stop_name":"Greenway Av & 49th St","routes":["411","52"]}},{"type":"Feature","id":6006,"geometry":{"type":"Point","coordinates":[-75.2127589999999,39.940866]},"properties":{"stop_id":"21256","stop_name":"49th St & Woodland Av","routes":["52","64"]}},{"type":"Feature","id":6008,"geometry":{"type":"Point","coordinates":[-75.1932389999999,40.0490290000001]},"properties":{"stop_id":"32812","stop_name":"Lincoln Dr & Carpenter Ln","routes":["53"]}},{"type":"Feature","id":6009,"geometry":{"type":"Point","coordinates":[-75.1924079999999,40.046457]},"properties":{"stop_id":"32814","stop_name":"Lincoln Dr & McCallum St","routes":["53"]}},{"type":"Feature","id":6011,"geometry":{"type":"Point","coordinates":[-75.192258,40.0418330000001]},"properties":{"stop_id":"17027","stop_name":"Lincoln Dr & Hortter St","routes":["53","71"]}},{"type":"Feature","id":6012,"geometry":{"type":"Point","coordinates":[-75.191298,40.038886]},"properties":{"stop_id":"17029","stop_name":"Wayne Av & Cliveden St","routes":["53","71"]}},{"type":"Feature","id":6013,"geometry":{"type":"Point","coordinates":[-75.190165,40.0382320000001]},"properties":{"stop_id":"17039","stop_name":"Wayne Av & Johnson St","routes":["53"]}},{"type":"Feature","id":6031,"geometry":{"type":"Point","coordinates":[-75.160423,40.0213390000001]},"properties":{"stop_id":"28550","stop_name":"Wayne Av & Clarissa St","routes":["53"]}},{"type":"Feature","id":6040,"geometry":{"type":"Point","coordinates":[-75.154794,40.009644]},"properties":{"stop_id":"17037","stop_name":"Erie Av & 16th St","routes":["53","56"]}},{"type":"Feature","id":6041,"geometry":{"type":"Point","coordinates":[-75.152998,40.0094080000001]},"properties":{"stop_id":"17038","stop_name":"Erie Av & 15th St","routes":["53","56"]}},{"type":"Feature","id":6042,"geometry":{"type":"Point","coordinates":[-75.151439,40.0092080000001]},"properties":{"stop_id":"21260","stop_name":"Erie Av & Broad St","routes":["53","56"]}},{"type":"Feature","id":6043,"geometry":{"type":"Point","coordinates":[-75.149844,40.009053]},"properties":{"stop_id":"17419","stop_name":"Erie Av & Elder St - FS","routes":["53","56"]}},{"type":"Feature","id":6052,"geometry":{"type":"Point","coordinates":[-75.1389809999999,40.015472]},"properties":{"stop_id":"32313","stop_name":"Hunting Park Av & 7th St","routes":["495","53"]}},{"type":"Feature","id":6053,"geometry":{"type":"Point","coordinates":[-75.1373149999999,40.0152630000001]},"properties":{"stop_id":"32314","stop_name":"Hunting Park Av & 6th St","routes":["495","53"]}},{"type":"Feature","id":6054,"geometry":{"type":"Point","coordinates":[-75.13533,40.0149910000001]},"properties":{"stop_id":"32315","stop_name":"Hunting Park Av & 5th St","routes":["495","53"]}},{"type":"Feature","id":6055,"geometry":{"type":"Point","coordinates":[-75.131267,40.0144720000001]},"properties":{"stop_id":"32317","stop_name":"Hunting Park Av & American St","routes":["495","53"]}},{"type":"Feature","id":6056,"geometry":{"type":"Point","coordinates":[-75.12614,40.0138000000001]},"properties":{"stop_id":"32318","stop_name":"Hunting Park Av & Front St","routes":["495","53"]}},{"type":"Feature","id":6057,"geometry":{"type":"Point","coordinates":[-75.1223239999999,40.0132990000001]},"properties":{"stop_id":"32369","stop_name":"Hunting Park Av & Macalester St","routes":["495","53"]}},{"type":"Feature","id":6058,"geometry":{"type":"Point","coordinates":[-75.119678,40.012972]},"properties":{"stop_id":"32320","stop_name":"Hunting Park Av & Whitaker Av","routes":["495","53"]}},{"type":"Feature","id":6059,"geometry":{"type":"Point","coordinates":[-75.114115,40.012279]},"properties":{"stop_id":"20391","stop_name":"Hunting Park Av & G St - MBNS","routes":["53"]}},{"type":"Feature","id":6061,"geometry":{"type":"Point","coordinates":[-75.108173,40.011488]},"properties":{"stop_id":"17901","stop_name":"Hunting Park Av & I St","routes":["495","53"]}},{"type":"Feature","id":6062,"geometry":{"type":"Point","coordinates":[-75.1062239999999,40.0112330000001]},"properties":{"stop_id":"17902","stop_name":"Hunting Park Av & J St","routes":["495","53"]}},{"type":"Feature","id":6063,"geometry":{"type":"Point","coordinates":[-75.1043109999999,40.010987]},"properties":{"stop_id":"17903","stop_name":"Hunting Park Av & K St","routes":["495","53"]}},{"type":"Feature","id":6066,"geometry":{"type":"Point","coordinates":[-75.094212,40.007141]},"properties":{"stop_id":"32696","stop_name":"Hunting Park Av & Kensington Av","routes":["53"]}},{"type":"Feature","id":6077,"geometry":{"type":"Point","coordinates":[-75.1014959999999,39.990747]},"properties":{"stop_id":"32698","stop_name":"Ontario St & Aramingo Av - MBFS","routes":["53"]}},{"type":"Feature","id":6080,"geometry":{"type":"Point","coordinates":[-75.0968769999999,39.9854690000001]},"properties":{"stop_id":"32701","stop_name":"Ontario St & Richmond St","routes":["53"]}},{"type":"Feature","id":6081,"geometry":{"type":"Point","coordinates":[-75.099553,39.9842530000001]},"properties":{"stop_id":"341","stop_name":"Richmond St & Westmoreland St Loop","routes":["0","53","60"]}},{"type":"Feature","id":6086,"geometry":{"type":"Point","coordinates":[-75.10146,39.990996]},"properties":{"stop_id":"32685","stop_name":"Ontario St & Aramingo Av","routes":["53"]}},{"type":"Feature","id":6094,"geometry":{"type":"Point","coordinates":[-75.0993559999999,40.003968]},"properties":{"stop_id":"32692","stop_name":"Castor Av & Kensington Av","routes":["53"]}},{"type":"Feature","id":6100,"geometry":{"type":"Point","coordinates":[-75.1040859999999,40.011085]},"properties":{"stop_id":"17640","stop_name":"Hunting Park Av & K St","routes":["495","53"]}},{"type":"Feature","id":6101,"geometry":{"type":"Point","coordinates":[-75.1059989999999,40.011331]},"properties":{"stop_id":"17641","stop_name":"Hunting Park Av & J St","routes":["495","53"]}},{"type":"Feature","id":6102,"geometry":{"type":"Point","coordinates":[-75.1079599999999,40.0115940000001]},"properties":{"stop_id":"17642","stop_name":"Hunting Park Av & I St","routes":["495","53"]}},{"type":"Feature","id":6104,"geometry":{"type":"Point","coordinates":[-75.112602,40.0121950000001]},"properties":{"stop_id":"32319","stop_name":"Hunting Park Av & G St - FS","routes":["53"]}},{"type":"Feature","id":6105,"geometry":{"type":"Point","coordinates":[-75.119796,40.013115]},"properties":{"stop_id":"32321","stop_name":"Hunting Park Av & Whitaker St","routes":["495","53"]}},{"type":"Feature","id":6106,"geometry":{"type":"Point","coordinates":[-75.122832,40.0135240000001]},"properties":{"stop_id":"32368","stop_name":"Hunting Park Av & Macalester St - F","routes":["495","53"]}},{"type":"Feature","id":6107,"geometry":{"type":"Point","coordinates":[-75.1258319999999,40.0138880000001]},"properties":{"stop_id":"32322","stop_name":"Hunting Park Av & Front St","routes":["495","53"]}},{"type":"Feature","id":6108,"geometry":{"type":"Point","coordinates":[-75.1284429999999,40.014233]},"properties":{"stop_id":"32323","stop_name":"Hunting Park Av & Bristol St","routes":["495","53"]}},{"type":"Feature","id":6109,"geometry":{"type":"Point","coordinates":[-75.130959,40.014552]},"properties":{"stop_id":"32324","stop_name":"Hunting Park Av & American St","routes":["495","53"]}},{"type":"Feature","id":6110,"geometry":{"type":"Point","coordinates":[-75.135011,40.0150790000001]},"properties":{"stop_id":"32326","stop_name":"Hunting Park Av & 5th St","routes":["495","53"]}},{"type":"Feature","id":6111,"geometry":{"type":"Point","coordinates":[-75.137007,40.015343]},"properties":{"stop_id":"32327","stop_name":"Hunting Park Av & 6th St","routes":["495","53"]}},{"type":"Feature","id":6112,"geometry":{"type":"Point","coordinates":[-75.138661,40.0155520000001]},"properties":{"stop_id":"32328","stop_name":"Hunting Park Av & 7th St","routes":["495","53"]}},{"type":"Feature","id":6113,"geometry":{"type":"Point","coordinates":[-75.141261,40.015567]},"properties":{"stop_id":"32329","stop_name":"9th St & Hunting Park Av - FS","routes":["495","53"]}},{"type":"Feature","id":6122,"geometry":{"type":"Point","coordinates":[-75.1489579999999,40.009006]},"properties":{"stop_id":"16401","stop_name":"Erie Av & 13th St","routes":["53","56"]}},{"type":"Feature","id":6123,"geometry":{"type":"Point","coordinates":[-75.150671,40.0092330000001]},"properties":{"stop_id":"21261","stop_name":"Erie Av & Germantown Av","routes":["53","56"]}},{"type":"Feature","id":6124,"geometry":{"type":"Point","coordinates":[-75.15275,40.0094970000001]},"properties":{"stop_id":"18208","stop_name":"Erie Av & 15th St","routes":["53","56","71","81"]}},{"type":"Feature","id":6125,"geometry":{"type":"Point","coordinates":[-75.154321,40.009687]},"properties":{"stop_id":"18211","stop_name":"Erie Av & 16th St","routes":["53","56","71","81"]}},{"type":"Feature","id":6126,"geometry":{"type":"Point","coordinates":[-75.155639,40.011101]},"properties":{"stop_id":"16410","stop_name":"Pulaski Av & 17th St","routes":["53"]}},{"type":"Feature","id":6127,"geometry":{"type":"Point","coordinates":[-75.156886,40.0127370000001]},"properties":{"stop_id":"16411","stop_name":"Pulaski Av & 18th St","routes":["53"]}},{"type":"Feature","id":6151,"geometry":{"type":"Point","coordinates":[-75.189917,40.0382230000001]},"properties":{"stop_id":"16452","stop_name":"Wayne Av & Johnson St","routes":["53"]}},{"type":"Feature","id":6152,"geometry":{"type":"Point","coordinates":[-75.191569,40.0391900000001]},"properties":{"stop_id":"18275","stop_name":"Wayne Av & Lincoln Dr","routes":["53","71"]}},{"type":"Feature","id":6153,"geometry":{"type":"Point","coordinates":[-75.191963,40.041788]},"properties":{"stop_id":"18276","stop_name":"Lincoln Dr & Hortter St","routes":["53","71"]}},{"type":"Feature","id":6155,"geometry":{"type":"Point","coordinates":[-75.192315,40.0461800000001]},"properties":{"stop_id":"32819","stop_name":"Lincoln Dr & McCallum St","routes":["53"]}},{"type":"Feature","id":6156,"geometry":{"type":"Point","coordinates":[-75.19292,40.049001]},"properties":{"stop_id":"32859","stop_name":"Lincoln Dr. & Carpenter Ln","routes":["53"]}},{"type":"Feature","id":6177,"geometry":{"type":"Point","coordinates":[-75.161078,39.99469]},"properties":{"stop_id":"9347","stop_name":"Lehigh Av & 18th St","routes":["54"]}},{"type":"Feature","id":6178,"geometry":{"type":"Point","coordinates":[-75.1594959999999,39.9944990000001]},"properties":{"stop_id":"9346","stop_name":"Lehigh Av & 17th St","routes":["54"]}},{"type":"Feature","id":6179,"geometry":{"type":"Point","coordinates":[-75.157925,39.994291]},"properties":{"stop_id":"9345","stop_name":"Lehigh Av & 16th St","routes":["54"]}},{"type":"Feature","id":6181,"geometry":{"type":"Point","coordinates":[-75.154712,39.993882]},"properties":{"stop_id":"9375","stop_name":"Lehigh Av & Broad St","routes":["54"]}},{"type":"Feature","id":6184,"geometry":{"type":"Point","coordinates":[-75.149374,39.9932190000001]},"properties":{"stop_id":"20542","stop_name":"Lehigh Av & 11th St","routes":["54"]}},{"type":"Feature","id":6185,"geometry":{"type":"Point","coordinates":[-75.147685,39.992983]},"properties":{"stop_id":"9378","stop_name":"Lehigh Av & Germantown Av - FS","routes":["54"]}},{"type":"Feature","id":6194,"geometry":{"type":"Point","coordinates":[-75.1329709999999,39.991093]},"properties":{"stop_id":"17648","stop_name":"Lehigh Av & Mascher St","routes":["54","57"]}},{"type":"Feature","id":6195,"geometry":{"type":"Point","coordinates":[-75.1309869999999,39.9908380000001]},"properties":{"stop_id":"20544","stop_name":"Lehigh Av & Front St","routes":["54"]}},{"type":"Feature","id":6196,"geometry":{"type":"Point","coordinates":[-75.129086,39.990575]},"properties":{"stop_id":"9368","stop_name":"Lehigh Av & A St","routes":["54"]}},{"type":"Feature","id":6197,"geometry":{"type":"Point","coordinates":[-75.1271369999999,39.990329]},"properties":{"stop_id":"9374","stop_name":"Lehigh Av & B St","routes":["54"]}},{"type":"Feature","id":6205,"geometry":{"type":"Point","coordinates":[-75.114573,39.9859870000001]},"properties":{"stop_id":"5608","stop_name":"Cambria St & Tulip St","routes":["54"]}},{"type":"Feature","id":6206,"geometry":{"type":"Point","coordinates":[-75.113973,39.9853430000001]},"properties":{"stop_id":"30804","stop_name":"Cambria St & Memphis St","routes":["54"]}},{"type":"Feature","id":6207,"geometry":{"type":"Point","coordinates":[-75.113574,39.984878]},"properties":{"stop_id":"20546","stop_name":"Cambria St & Aramingo Av","routes":["54"]}},{"type":"Feature","id":6212,"geometry":{"type":"Point","coordinates":[-75.110227,39.980264]},"properties":{"stop_id":"5601","stop_name":"Cambria St & Edgemont St","routes":["54"]}},{"type":"Feature","id":6213,"geometry":{"type":"Point","coordinates":[-75.109134,39.979119]},"properties":{"stop_id":"20596","stop_name":"Cambria St & Richmond St","routes":["54"]}},{"type":"Feature","id":6215,"geometry":{"type":"Point","coordinates":[-75.110697,39.9781590000001]},"properties":{"stop_id":"12218","stop_name":"Richmond St & Somerset St","routes":["0","54"]}},{"type":"Feature","id":6219,"geometry":{"type":"Point","coordinates":[-75.11547,39.983553]},"properties":{"stop_id":"20512","stop_name":"Somerset St & Aramingo Av","routes":["54"]}},{"type":"Feature","id":6220,"geometry":{"type":"Point","coordinates":[-75.116528,39.984743]},"properties":{"stop_id":"13115","stop_name":"Somerset St & Tulip St","routes":["54"]}},{"type":"Feature","id":6227,"geometry":{"type":"Point","coordinates":[-75.125732,39.990236]},"properties":{"stop_id":"30805","stop_name":"Lehigh Av & Gurney St","routes":["54"]}},{"type":"Feature","id":6228,"geometry":{"type":"Point","coordinates":[-75.1268889999999,39.990462]},"properties":{"stop_id":"20514","stop_name":"Lehigh Av & B St","routes":["54"]}},{"type":"Feature","id":6229,"geometry":{"type":"Point","coordinates":[-75.128837,39.990708]},"properties":{"stop_id":"20515","stop_name":"Lehigh Av & A St","routes":["54"]}},{"type":"Feature","id":6230,"geometry":{"type":"Point","coordinates":[-75.130774,39.990962]},"properties":{"stop_id":"9377","stop_name":"Lehigh Av & Front St","routes":["54"]}},{"type":"Feature","id":6231,"geometry":{"type":"Point","coordinates":[-75.1327459999999,39.991208]},"properties":{"stop_id":"9382","stop_name":"Lehigh Av & Mascher St","routes":["54"]}},{"type":"Feature","id":6241,"geometry":{"type":"Point","coordinates":[-75.147768,39.993153]},"properties":{"stop_id":"20519","stop_name":"Lehigh Av & Germantown Av","routes":["54"]}},{"type":"Feature","id":6242,"geometry":{"type":"Point","coordinates":[-75.1491369999999,39.9933520000001]},"properties":{"stop_id":"20520","stop_name":"Lehigh Av & 11th St","routes":["54"]}},{"type":"Feature","id":6245,"geometry":{"type":"Point","coordinates":[-75.1544519999999,39.9940060000001]},"properties":{"stop_id":"20547","stop_name":"Lehigh Av & Broad St","routes":["54"]}},{"type":"Feature","id":6246,"geometry":{"type":"Point","coordinates":[-75.156105,39.994224]},"properties":{"stop_id":"20523","stop_name":"Lehigh Av & 15 St","routes":["54"]}},{"type":"Feature","id":6247,"geometry":{"type":"Point","coordinates":[-75.157676,39.994424]},"properties":{"stop_id":"20524","stop_name":"Lehigh Av & 16th St","routes":["54"]}},{"type":"Feature","id":6248,"geometry":{"type":"Point","coordinates":[-75.159979,39.994715]},"properties":{"stop_id":"20525","stop_name":"Lehigh Av & Glenwood Av - FS","routes":["54"]}},{"type":"Feature","id":6267,"geometry":{"type":"Point","coordinates":[-75.144301,40.0388590000001]},"properties":{"stop_id":"32628","stop_name":"Olney Transit Center - Rt 55","routes":["55"]}},{"type":"Feature","id":6271,"geometry":{"type":"Point","coordinates":[-75.145182,40.0461710000001]},"properties":{"stop_id":"16597","stop_name":"Old York Rd & Church Ln","routes":["55"]}},{"type":"Feature","id":6278,"geometry":{"type":"Point","coordinates":[-75.140855,40.0549080000001]},"properties":{"stop_id":"16611","stop_name":"Old York Rd & Broad St - FS","routes":["55"]}},{"type":"Feature","id":6279,"geometry":{"type":"Point","coordinates":[-75.1399259999999,40.056477]},"properties":{"stop_id":"16612","stop_name":"Old York Rd & 68th Av","routes":["55"]}},{"type":"Feature","id":6283,"geometry":{"type":"Point","coordinates":[-75.1372709999999,40.060817]},"properties":{"stop_id":"16616","stop_name":"Old York Rd & 71st Av","routes":["55"]}},{"type":"Feature","id":6284,"geometry":{"type":"Point","coordinates":[-75.1364139999999,40.0621090000001]},"properties":{"stop_id":"806","stop_name":"Old York Rd & Cheltenham Av - FS","routes":["55"]}},{"type":"Feature","id":6285,"geometry":{"type":"Point","coordinates":[-75.135914,40.062974]},"properties":{"stop_id":"16618","stop_name":"Old York Rd & Valley Rd","routes":["55"]}},{"type":"Feature","id":6521,"geometry":{"type":"Point","coordinates":[-75.1367329999999,40.062146]},"properties":{"stop_id":"823","stop_name":"Old York Rd & Cheltenham Av","routes":["55"]}},{"type":"Feature","id":6522,"geometry":{"type":"Point","coordinates":[-75.13746,40.0608]},"properties":{"stop_id":"17545","stop_name":"Old York Rd & 71st Av - FS","routes":["55"]}},{"type":"Feature","id":6525,"geometry":{"type":"Point","coordinates":[-75.139984,40.0566640000001]},"properties":{"stop_id":"17555","stop_name":"Old York Rd & 68th Av","routes":["55"]}},{"type":"Feature","id":6526,"geometry":{"type":"Point","coordinates":[-75.140841,40.0552920000001]},"properties":{"stop_id":"31343","stop_name":"Old York Rd & Broad St","routes":["55"]}},{"type":"Feature","id":6550,"geometry":{"type":"Point","coordinates":[-75.1627559999999,40.0106700000001]},"properties":{"stop_id":"18161","stop_name":"Erie Av & 21st St","routes":["56","71","81"]}},{"type":"Feature","id":6553,"geometry":{"type":"Point","coordinates":[-75.1577119999999,40.0100160000001]},"properties":{"stop_id":"18164","stop_name":"Erie Av & 18th St","routes":["56","71","81"]}},{"type":"Feature","id":6554,"geometry":{"type":"Point","coordinates":[-75.156129,40.0098160000001]},"properties":{"stop_id":"18165","stop_name":"Erie Av & 17th St","routes":["56","71","81"]}},{"type":"Feature","id":6567,"geometry":{"type":"Point","coordinates":[-75.142863,40.008109]},"properties":{"stop_id":"18188","stop_name":"Erie Av & 9th St","routes":["428","56"]}},{"type":"Feature","id":6570,"geometry":{"type":"Point","coordinates":[-75.138942,40.0076]},"properties":{"stop_id":"18194","stop_name":"Erie Av & 6th St","routes":["428","56"]}},{"type":"Feature","id":6575,"geometry":{"type":"Point","coordinates":[-75.127774,40.0074930000001]},"properties":{"stop_id":"837","stop_name":"Erie Av & Front St","routes":["428","56"]}},{"type":"Feature","id":6578,"geometry":{"type":"Point","coordinates":[-75.123615,40.0071800000001]},"properties":{"stop_id":"18198","stop_name":"Erie Av & B St","routes":["56"]}},{"type":"Feature","id":6579,"geometry":{"type":"Point","coordinates":[-75.121182,40.006897]},"properties":{"stop_id":"17442","stop_name":"Erie Av & B St - MBFS","routes":["56"]}},{"type":"Feature","id":6590,"geometry":{"type":"Point","coordinates":[-75.09917,40.005699]},"properties":{"stop_id":"17600","stop_name":"Erie Av & Castor Av","routes":["56"]}},{"type":"Feature","id":6591,"geometry":{"type":"Point","coordinates":[-75.0971259999999,40.005765]},"properties":{"stop_id":"17462","stop_name":"Erie Av & O St","routes":["56"]}},{"type":"Feature","id":6592,"geometry":{"type":"Point","coordinates":[-75.0958019999999,40.0057880000001]},"properties":{"stop_id":"30289","stop_name":"Torresdale Av & Kensington Av - FS","routes":["56"]}},{"type":"Feature","id":6594,"geometry":{"type":"Point","coordinates":[-75.093403,40.005862]},"properties":{"stop_id":"839","stop_name":"Torresdale Av & Hunting Park Av","routes":["56"]}},{"type":"Feature","id":6595,"geometry":{"type":"Point","coordinates":[-75.092327,40.0059400000001]},"properties":{"stop_id":"17610","stop_name":"Torresdale Av & Frankford Av","routes":["56"]}},{"type":"Feature","id":6596,"geometry":{"type":"Point","coordinates":[-75.0900329999999,40.0061830000001]},"properties":{"stop_id":"17611","stop_name":"Torresdale Av & Salem St","routes":["56"]}},{"type":"Feature","id":6597,"geometry":{"type":"Point","coordinates":[-75.087974,40.006651]},"properties":{"stop_id":"17612","stop_name":"Torresdale Av & Adams Av - FS","routes":["56"]}},{"type":"Feature","id":6598,"geometry":{"type":"Point","coordinates":[-75.0868849999999,40.007103]},"properties":{"stop_id":"17613","stop_name":"Torresdale Av & Womrath St","routes":["56"]}},{"type":"Feature","id":6599,"geometry":{"type":"Point","coordinates":[-75.085251,40.0078040000001]},"properties":{"stop_id":"17820","stop_name":"Torresdale Av & Ruan St","routes":["56"]}},{"type":"Feature","id":6600,"geometry":{"type":"Point","coordinates":[-75.0838409999999,40.008398]},"properties":{"stop_id":"18287","stop_name":"Torresdale Av & Church St","routes":["56"]}},{"type":"Feature","id":6601,"geometry":{"type":"Point","coordinates":[-75.082184,40.009098]},"properties":{"stop_id":"17825","stop_name":"Torresdale Av & Kinsey St","routes":["56"]}},{"type":"Feature","id":6617,"geometry":{"type":"Point","coordinates":[-75.0557269999999,40.0194020000001]},"properties":{"stop_id":"17916","stop_name":"Torresdale Av & Deveraux Av","routes":["56"]}},{"type":"Feature","id":6618,"geometry":{"type":"Point","coordinates":[-75.053772,40.020405]},"properties":{"stop_id":"17917","stop_name":"Torresdale Av & Robbins Av","routes":["56"]}},{"type":"Feature","id":6641,"geometry":{"type":"Point","coordinates":[-75.053712,40.02061]},"properties":{"stop_id":"17972","stop_name":"Torresdale Av & Robbins Av","routes":["56"]}},{"type":"Feature","id":6642,"geometry":{"type":"Point","coordinates":[-75.055667,40.0196070000001]},"properties":{"stop_id":"17973","stop_name":"Torresdale Av & Deveraux Av","routes":["56"]}},{"type":"Feature","id":6659,"geometry":{"type":"Point","coordinates":[-75.083699,40.0085940000001]},"properties":{"stop_id":"17978","stop_name":"Torresdale Av & Church St","routes":["56"]}},{"type":"Feature","id":6660,"geometry":{"type":"Point","coordinates":[-75.08512,40.008]},"properties":{"stop_id":"17993","stop_name":"Torresdale Av & Ruan St","routes":["56"]}},{"type":"Feature","id":6661,"geometry":{"type":"Point","coordinates":[-75.086789,40.007299]},"properties":{"stop_id":"17994","stop_name":"Torresdale Av & Womrath St","routes":["56"]}},{"type":"Feature","id":6662,"geometry":{"type":"Point","coordinates":[-75.088139,40.006732]},"properties":{"stop_id":"17995","stop_name":"Torresdale Av & Adams Av","routes":["56"]}},{"type":"Feature","id":6663,"geometry":{"type":"Point","coordinates":[-75.08989,40.006335]},"properties":{"stop_id":"17996","stop_name":"Torresdale Av & Paul St - FS","routes":["56"]}},{"type":"Feature","id":6664,"geometry":{"type":"Point","coordinates":[-75.0916989999999,40.0060710000001]},"properties":{"stop_id":"17997","stop_name":"Torresdale Av & Frankford Av","routes":["56"]}},{"type":"Feature","id":6665,"geometry":{"type":"Point","coordinates":[-75.0931889999999,40.0060130000001]},"properties":{"stop_id":"826","stop_name":"Torresdale Av & Hunting Park Av","routes":["56"]}},{"type":"Feature","id":6667,"geometry":{"type":"Point","coordinates":[-75.0966999999999,40.0058980000001]},"properties":{"stop_id":"827","stop_name":"Erie Av & Kensington Av - FS","routes":["56"]}},{"type":"Feature","id":6669,"geometry":{"type":"Point","coordinates":[-75.09891,40.005832]},"properties":{"stop_id":"18006","stop_name":"Erie Av & Castor Av","routes":["56"]}},{"type":"Feature","id":6681,"geometry":{"type":"Point","coordinates":[-75.123272,40.007277]},"properties":{"stop_id":"18036","stop_name":"Erie Av & Whitaker Av","routes":["56"]}},{"type":"Feature","id":6683,"geometry":{"type":"Point","coordinates":[-75.1271819999999,40.0076970000001]},"properties":{"stop_id":"828","stop_name":"Erie Av & Front St","routes":["56"]}},{"type":"Feature","id":6689,"geometry":{"type":"Point","coordinates":[-75.138717,40.0076980000001]},"properties":{"stop_id":"18150","stop_name":"Erie Av & 6th St","routes":["428","56"]}},{"type":"Feature","id":6690,"geometry":{"type":"Point","coordinates":[-75.140252,40.007889]},"properties":{"stop_id":"18151","stop_name":"Erie Av & Rising Sun Av","routes":["428","56"]}},{"type":"Feature","id":6691,"geometry":{"type":"Point","coordinates":[-75.141646,40.00807]},"properties":{"stop_id":"18152","stop_name":"Erie Av & 8th St","routes":["428","56"]}},{"type":"Feature","id":6692,"geometry":{"type":"Point","coordinates":[-75.1426499999999,40.008207]},"properties":{"stop_id":"18153","stop_name":"Erie Av & 9th St","routes":["428","56"]}},{"type":"Feature","id":6701,"geometry":{"type":"Point","coordinates":[-75.1558679999999,40.0099050000001]},"properties":{"stop_id":"18212","stop_name":"Erie Av & 17th St","routes":["56","71","81"]}},{"type":"Feature","id":6705,"geometry":{"type":"Point","coordinates":[-75.162472,40.010749]},"properties":{"stop_id":"18216","stop_name":"Erie Av & 21st St","routes":["56","71","81"]}},{"type":"Feature","id":6706,"geometry":{"type":"Point","coordinates":[-75.163889,40.010931]},"properties":{"stop_id":"18217","stop_name":"Erie Av & 22nd St","routes":["56","71","81"]}},{"type":"Feature","id":6720,"geometry":{"type":"Point","coordinates":[-75.151417,39.9145150000001]},"properties":{"stop_id":"855","stop_name":"2nd St & Oregon Av - FS","routes":["57"]}},{"type":"Feature","id":6721,"geometry":{"type":"Point","coordinates":[-75.1512,39.915532]},"properties":{"stop_id":"17371","stop_name":"2nd St & Shunk St","routes":["57"]}},{"type":"Feature","id":6722,"geometry":{"type":"Point","coordinates":[-75.150924,39.9168070000001]},"properties":{"stop_id":"17373","stop_name":"2nd St & Porter St","routes":["57"]}},{"type":"Feature","id":6729,"geometry":{"type":"Point","coordinates":[-75.152528,39.923326]},"properties":{"stop_id":"17391","stop_name":"Moyamensing Av & McKean St","routes":["57"]}},{"type":"Feature","id":6730,"geometry":{"type":"Point","coordinates":[-75.1520389999999,39.9245030000001]},"properties":{"stop_id":"17392","stop_name":"Moyamensing Av & Mifflin St","routes":["57"]}},{"type":"Feature","id":6731,"geometry":{"type":"Point","coordinates":[-75.151586,39.9257160000001]},"properties":{"stop_id":"17395","stop_name":"Moyamensing Av & Moore St","routes":["57"]}},{"type":"Feature","id":6733,"geometry":{"type":"Point","coordinates":[-75.1506679999999,39.9280880000001]},"properties":{"stop_id":"17399","stop_name":"Moyamensing Av & Tasker St","routes":["57"]}},{"type":"Feature","id":6734,"geometry":{"type":"Point","coordinates":[-75.1502379999999,39.9292830000001]},"properties":{"stop_id":"17401","stop_name":"Moyamensing Av & Dickinson St","routes":["57"]}},{"type":"Feature","id":6735,"geometry":{"type":"Point","coordinates":[-75.1498319999999,39.9304690000001]},"properties":{"stop_id":"17533","stop_name":"3rd St & Reed St","routes":["57"]}},{"type":"Feature","id":6736,"geometry":{"type":"Point","coordinates":[-75.1496739999999,39.9317090000001]},"properties":{"stop_id":"17535","stop_name":"3rd St & Wharton St","routes":["57"]}},{"type":"Feature","id":6766,"geometry":{"type":"Point","coordinates":[-75.141217,39.9708430000001]},"properties":{"stop_id":"17609","stop_name":"3rd St & Thompson St","routes":["57"]}},{"type":"Feature","id":6784,"geometry":{"type":"Point","coordinates":[-75.130749,39.991159]},"properties":{"stop_id":"31728","stop_name":"Front St & Lehigh Av - FS","routes":["57"]}},{"type":"Feature","id":6789,"geometry":{"type":"Point","coordinates":[-75.1292299999999,39.9984200000001]},"properties":{"stop_id":"17653","stop_name":"Front St & Allegheny Av","routes":["57"]}},{"type":"Feature","id":6790,"geometry":{"type":"Point","coordinates":[-75.128869,40.000026]},"properties":{"stop_id":"17654","stop_name":"Front St & Westmoreland St","routes":["57"]}},{"type":"Feature","id":6792,"geometry":{"type":"Point","coordinates":[-75.12823,40.0030140000001]},"properties":{"stop_id":"17655","stop_name":"Front St & Tioga St","routes":["57"]}},{"type":"Feature","id":6793,"geometry":{"type":"Point","coordinates":[-75.1279529999999,40.0042270000001]},"properties":{"stop_id":"17656","stop_name":"Front St & Venango St","routes":["428","57"]}},{"type":"Feature","id":6794,"geometry":{"type":"Point","coordinates":[-75.127313,40.0074300000001]},"properties":{"stop_id":"861","stop_name":"Front St & Erie Av","routes":["57"]}},{"type":"Feature","id":6795,"geometry":{"type":"Point","coordinates":[-75.12659,40.010721]},"properties":{"stop_id":"17657","stop_name":"Front St & Luzerne St","routes":["57"]}},{"type":"Feature","id":6797,"geometry":{"type":"Point","coordinates":[-75.125964,40.0135940000001]},"properties":{"stop_id":"17658","stop_name":"Front St & Hunting Park Av","routes":["57"]}},{"type":"Feature","id":6805,"geometry":{"type":"Point","coordinates":[-75.123187,40.024476]},"properties":{"stop_id":"17664","stop_name":"Rising Sun Av & Rockland St","routes":["57"]}},{"type":"Feature","id":6806,"geometry":{"type":"Point","coordinates":[-75.122628,40.0251260000001]},"properties":{"stop_id":"17665","stop_name":"Rising Sun Av & Ruscomb St","routes":["57"]}},{"type":"Feature","id":6807,"geometry":{"type":"Point","coordinates":[-75.121571,40.026346]},"properties":{"stop_id":"17666","stop_name":"Rising Sun Av & Roosevelt Blvd - FS","routes":["433","57"]}},{"type":"Feature","id":6822,"geometry":{"type":"Point","coordinates":[-75.1130659999999,40.0437200000001]},"properties":{"stop_id":"24968","stop_name":"Crescentville Rd & Adams Av - MBFS","routes":["57","72"]}},{"type":"Feature","id":6825,"geometry":{"type":"Point","coordinates":[-75.112834,40.047897]},"properties":{"stop_id":"17680","stop_name":"Cheltenham Av & Rowland Av","routes":["57","72"]}},{"type":"Feature","id":6826,"geometry":{"type":"Point","coordinates":[-75.1149809999999,40.0491430000001]},"properties":{"stop_id":"17684","stop_name":"Cheltenham Av & Ivinetta Rd","routes":["57","72"]}},{"type":"Feature","id":6829,"geometry":{"type":"Point","coordinates":[-75.1223209999999,40.0527040000001]},"properties":{"stop_id":"864","stop_name":"2nd St & Cheltenham Av - FS","routes":["57"]}},{"type":"Feature","id":6834,"geometry":{"type":"Point","coordinates":[-75.123631,40.04513]},"properties":{"stop_id":"17704","stop_name":"2nd St & Godfrey Av","routes":["57"]}},{"type":"Feature","id":6836,"geometry":{"type":"Point","coordinates":[-75.119849,40.0445760000001]},"properties":{"stop_id":"24695","stop_name":"Godfrey Av & Front St - FS","routes":["0","57"]}},{"type":"Feature","id":6837,"geometry":{"type":"Point","coordinates":[-75.121314,40.044794]},"properties":{"stop_id":"24696","stop_name":"Godfrey Av & Mascher St","routes":["57"]}},{"type":"Feature","id":6838,"geometry":{"type":"Point","coordinates":[-75.123442,40.045058]},"properties":{"stop_id":"21624","stop_name":"Godfrey Av & 2nd St","routes":["0","57"]}},{"type":"Feature","id":6839,"geometry":{"type":"Point","coordinates":[-75.125486,40.0453130000001]},"properties":{"stop_id":"24697","stop_name":"Godfrey Av & 3rd St","routes":["0","57"]}},{"type":"Feature","id":6840,"geometry":{"type":"Point","coordinates":[-75.126514,40.04544]},"properties":{"stop_id":"24698","stop_name":"Godfrey Av & 4th St","routes":["0","57"]}},{"type":"Feature","id":6841,"geometry":{"type":"Point","coordinates":[-75.1282869999999,40.045694]},"properties":{"stop_id":"865","stop_name":"Godfrey Av & 5th St","routes":["0","57"]}},{"type":"Feature","id":6843,"geometry":{"type":"Point","coordinates":[-75.1320219999999,40.0460780000001]},"properties":{"stop_id":"17710","stop_name":"Godfrey Av & 7th St","routes":["57","70"]}},{"type":"Feature","id":6844,"geometry":{"type":"Point","coordinates":[-75.1356749999999,40.0462650000001]},"properties":{"stop_id":"17711","stop_name":"Godfrey Av & 10th St","routes":["57","70"]}},{"type":"Feature","id":6852,"geometry":{"type":"Point","coordinates":[-75.136224,40.044946]},"properties":{"stop_id":"17923","stop_name":"10th St & Spencer St","routes":["57","70"]}},{"type":"Feature","id":6853,"geometry":{"type":"Point","coordinates":[-75.135995,40.0461320000001]},"properties":{"stop_id":"17925","stop_name":"10th St & Godfrey Av","routes":["57","70"]}},{"type":"Feature","id":6854,"geometry":{"type":"Point","coordinates":[-75.134588,40.046093]},"properties":{"stop_id":"24123","stop_name":"Godfrey Av & Franklin St - MBNS","routes":["57","70"]}},{"type":"Feature","id":6855,"geometry":{"type":"Point","coordinates":[-75.132223,40.045963]},"properties":{"stop_id":"17926","stop_name":"Godfrey Av & 7th St","routes":["57","70"]}},{"type":"Feature","id":6858,"geometry":{"type":"Point","coordinates":[-75.126739,40.0453430000001]},"properties":{"stop_id":"17930","stop_name":"Godfrey Av & 4th St","routes":["0","57"]}},{"type":"Feature","id":6859,"geometry":{"type":"Point","coordinates":[-75.125711,40.045215]},"properties":{"stop_id":"17931","stop_name":"Godfrey Av & 3rd St","routes":["0","57"]}},{"type":"Feature","id":6860,"geometry":{"type":"Point","coordinates":[-75.123465,40.045174]},"properties":{"stop_id":"17932","stop_name":"2nd St & Godfrey Av - FS","routes":["57"]}},{"type":"Feature","id":6865,"geometry":{"type":"Point","coordinates":[-75.121566,40.05276]},"properties":{"stop_id":"843","stop_name":"Cheltenham Av & 2nd St - FS","routes":["57","72"]}},{"type":"Feature","id":6868,"geometry":{"type":"Point","coordinates":[-75.112906,40.0477900000001]},"properties":{"stop_id":"17944","stop_name":"Cheltenham Av & Crescentville Rd","routes":["57","72"]}},{"type":"Feature","id":6871,"geometry":{"type":"Point","coordinates":[-75.113231,40.043774]},"properties":{"stop_id":"25243","stop_name":"Crescentville Rd & Adams Av - MBNS","routes":["57","72"]}},{"type":"Feature","id":6872,"geometry":{"type":"Point","coordinates":[-75.114018,40.042384]},"properties":{"stop_id":"24692","stop_name":"Crescentville Av & Adams Ave - FS","routes":["0","57"]}},{"type":"Feature","id":6875,"geometry":{"type":"Point","coordinates":[-75.123655,40.04496]},"properties":{"stop_id":"31349","stop_name":"Godfrey Av & 2nd St","routes":["0","57"]}},{"type":"Feature","id":6876,"geometry":{"type":"Point","coordinates":[-75.121539,40.044696]},"properties":{"stop_id":"24815","stop_name":"Godfrey Av & Mascher St","routes":["57"]}},{"type":"Feature","id":6877,"geometry":{"type":"Point","coordinates":[-75.1196839999999,40.0444420000001]},"properties":{"stop_id":"24816","stop_name":"Godfrey Av & Front St","routes":["0","57"]}},{"type":"Feature","id":6885,"geometry":{"type":"Point","coordinates":[-75.115378,40.0340330000001]},"properties":{"stop_id":"30868","stop_name":"Rising Sun Av & Olney Av - FS","routes":["433","57"]}},{"type":"Feature","id":6893,"geometry":{"type":"Point","coordinates":[-75.121867,40.026231]},"properties":{"stop_id":"17966","stop_name":"Rising Sun Av & Roosevelt Blvd","routes":["57"]}},{"type":"Feature","id":6894,"geometry":{"type":"Point","coordinates":[-75.1232209999999,40.0246720000001]},"properties":{"stop_id":"17967","stop_name":"Rising Sun Av & Rockland St","routes":["57"]}},{"type":"Feature","id":6901,"geometry":{"type":"Point","coordinates":[-75.126021,40.014013]},"properties":{"stop_id":"18053","stop_name":"Front St & Hunting Park Av","routes":["57"]}},{"type":"Feature","id":6902,"geometry":{"type":"Point","coordinates":[-75.1266469999999,40.0112120000001]},"properties":{"stop_id":"18054","stop_name":"Front St & Luzerne St","routes":["57"]}},{"type":"Feature","id":6904,"geometry":{"type":"Point","coordinates":[-75.12737,40.00793]},"properties":{"stop_id":"846","stop_name":"Front St & Erie Av","routes":["57"]}},{"type":"Feature","id":6928,"geometry":{"type":"Point","coordinates":[-75.140023,39.9739020000001]},"properties":{"stop_id":"18081","stop_name":"American St & Jefferson St","routes":["57"]}},{"type":"Feature","id":6929,"geometry":{"type":"Point","coordinates":[-75.140324,39.972671]},"properties":{"stop_id":"18082","stop_name":"American St & Master St","routes":["57"]}},{"type":"Feature","id":6931,"geometry":{"type":"Point","coordinates":[-75.139603,39.969742]},"properties":{"stop_id":"21190","stop_name":"2nd St & Girard Av","routes":["57"]}},{"type":"Feature","id":6932,"geometry":{"type":"Point","coordinates":[-75.141386,39.9697990000001]},"properties":{"stop_id":"20994","stop_name":"Girard Av & 3rd St","routes":["0","57"]}},{"type":"Feature","id":6938,"geometry":{"type":"Point","coordinates":[-75.145023,39.961195]},"properties":{"stop_id":"18089","stop_name":"4th St & Spring Garden St","routes":["57"]}},{"type":"Feature","id":6939,"geometry":{"type":"Point","coordinates":[-75.145372,39.959509]},"properties":{"stop_id":"24971","stop_name":"4th St & Noble St","routes":["57"]}},{"type":"Feature","id":6940,"geometry":{"type":"Point","coordinates":[-75.145745,39.9577610000001]},"properties":{"stop_id":"18090","stop_name":"4th St & Callowhill St","routes":["57"]}},{"type":"Feature","id":6941,"geometry":{"type":"Point","coordinates":[-75.146083,39.956128]},"properties":{"stop_id":"18091","stop_name":"4th St & Vine St","routes":["57"]}},{"type":"Feature","id":6942,"geometry":{"type":"Point","coordinates":[-75.1464799999999,39.9542910000001]},"properties":{"stop_id":"18092","stop_name":"4th St & Race St","routes":["57"]}},{"type":"Feature","id":6945,"geometry":{"type":"Point","coordinates":[-75.147634,39.94892]},"properties":{"stop_id":"18094","stop_name":"4th St & Chestnut St","routes":["57"]}},{"type":"Feature","id":6959,"geometry":{"type":"Point","coordinates":[-75.1508669999999,39.9344070000001]},"properties":{"stop_id":"851","stop_name":"4th St & Washington Av","routes":["57"]}},{"type":"Feature","id":6961,"geometry":{"type":"Point","coordinates":[-75.148771,39.93301]},"properties":{"stop_id":"18119","stop_name":"Moyamensing Av & Federal St","routes":["57"]}},{"type":"Feature","id":6962,"geometry":{"type":"Point","coordinates":[-75.149378,39.9318240000001]},"properties":{"stop_id":"18120","stop_name":"Moyamensing Av & Wharton St","routes":["57"]}},{"type":"Feature","id":6963,"geometry":{"type":"Point","coordinates":[-75.1499019999999,39.9306470000001]},"properties":{"stop_id":"18121","stop_name":"Moyamensing Av & Reed St","routes":["57"]}},{"type":"Feature","id":6964,"geometry":{"type":"Point","coordinates":[-75.15032,39.929452]},"properties":{"stop_id":"18122","stop_name":"Moyamensing Av & Dickinson St","routes":["57"]}},{"type":"Feature","id":6965,"geometry":{"type":"Point","coordinates":[-75.150749,39.928257]},"properties":{"stop_id":"18123","stop_name":"Moyamensing Av & Tasker St","routes":["57"]}},{"type":"Feature","id":6967,"geometry":{"type":"Point","coordinates":[-75.1516799999999,39.925868]},"properties":{"stop_id":"18125","stop_name":"Moyamensing Av & Moore St","routes":["57"]}},{"type":"Feature","id":6968,"geometry":{"type":"Point","coordinates":[-75.152145,39.9246820000001]},"properties":{"stop_id":"18126","stop_name":"Moyamensing Av & Mifflin St","routes":["57"]}},{"type":"Feature","id":6969,"geometry":{"type":"Point","coordinates":[-75.152633,39.923505]},"properties":{"stop_id":"18127","stop_name":"Moyamensing Av & McKean St","routes":["57"]}},{"type":"Feature","id":6985,"geometry":{"type":"Point","coordinates":[-75.069958,40.036098]},"properties":{"stop_id":"23040","stop_name":"Bustleton Av & Levick St - FS","routes":["58"]}},{"type":"Feature","id":6994,"geometry":{"type":"Point","coordinates":[-75.059897,40.0475470000001]},"properties":{"stop_id":"868","stop_name":"Bustleton Av & Cottman Av","routes":["58"]}},{"type":"Feature","id":6995,"geometry":{"type":"Point","coordinates":[-75.058219,40.049586]},"properties":{"stop_id":"23100","stop_name":"Bustleton Av & Bleigh Av","routes":["58"]}},{"type":"Feature","id":6996,"geometry":{"type":"Point","coordinates":[-75.057124,40.050868]},"properties":{"stop_id":"23099","stop_name":"Bustleton Av & Shelmire Av","routes":["58"]}},{"type":"Feature","id":6997,"geometry":{"type":"Point","coordinates":[-75.056565,40.0515270000001]},"properties":{"stop_id":"23101","stop_name":"Bustleton Av & Oakmont St","routes":["58"]}},{"type":"Feature","id":6998,"geometry":{"type":"Point","coordinates":[-75.0560179999999,40.0521590000001]},"properties":{"stop_id":"23102","stop_name":"Bustleton Av & Faunce St","routes":["58"]}},{"type":"Feature","id":7000,"geometry":{"type":"Point","coordinates":[-75.0539459999999,40.0548930000001]},"properties":{"stop_id":"23104","stop_name":"Bustleton Av & Hartel Av","routes":["58"]}},{"type":"Feature","id":7251,"geometry":{"type":"Point","coordinates":[-75.0541229999999,40.054813]},"properties":{"stop_id":"23281","stop_name":"Bustleton Av & Glendale Av - FS","routes":["58"]}},{"type":"Feature","id":7253,"geometry":{"type":"Point","coordinates":[-75.056052,40.052311]},"properties":{"stop_id":"23283","stop_name":"Bustleton Av & Faunce St","routes":["58"]}},{"type":"Feature","id":7254,"geometry":{"type":"Point","coordinates":[-75.057159,40.0510200000001]},"properties":{"stop_id":"23284","stop_name":"Bustleton Av & Shelmire Av","routes":["58"]}},{"type":"Feature","id":7255,"geometry":{"type":"Point","coordinates":[-75.058122,40.0499070000001]},"properties":{"stop_id":"23285","stop_name":"Bustleton Av & Bleigh Av","routes":["58"]}},{"type":"Feature","id":7256,"geometry":{"type":"Point","coordinates":[-75.059883,40.04785]},"properties":{"stop_id":"1488","stop_name":"Bustleton Av & Cottman Av","routes":["58"]}},{"type":"Feature","id":7265,"geometry":{"type":"Point","coordinates":[-75.0705389999999,40.0357070000001]},"properties":{"stop_id":"23295","stop_name":"Bustleton Av & Levick St","routes":["58"]}},{"type":"Feature","id":7280,"geometry":{"type":"Point","coordinates":[-75.084966,40.030223]},"properties":{"stop_id":"20448","stop_name":"Oxford Av & Sanger St","routes":["495","59"]}},{"type":"Feature","id":7281,"geometry":{"type":"Point","coordinates":[-75.08482,40.030936]},"properties":{"stop_id":"20445","stop_name":"Oxford Av & Roosevelt Blvd","routes":["495","59"]}},{"type":"Feature","id":7282,"geometry":{"type":"Point","coordinates":[-75.083367,40.033146]},"properties":{"stop_id":"20446","stop_name":"Castor Av & Van Kirk St","routes":["59"]}},{"type":"Feature","id":7290,"geometry":{"type":"Point","coordinates":[-75.073837,40.043053]},"properties":{"stop_id":"20450","stop_name":"Castor Av & Unruh Av","routes":["59"]}},{"type":"Feature","id":7291,"geometry":{"type":"Point","coordinates":[-75.07266,40.044281]},"properties":{"stop_id":"5632","stop_name":"Castor Av & Knorr St","routes":["59"]}},{"type":"Feature","id":7292,"geometry":{"type":"Point","coordinates":[-75.0714589999999,40.045528]},"properties":{"stop_id":"5635","stop_name":"Castor Av & Longshore Av","routes":["59"]}},{"type":"Feature","id":7293,"geometry":{"type":"Point","coordinates":[-75.070295,40.0467110000001]},"properties":{"stop_id":"5648","stop_name":"Castor Av & Tyson Av","routes":["59"]}},{"type":"Feature","id":7300,"geometry":{"type":"Point","coordinates":[-75.061616,40.0557630000001]},"properties":{"stop_id":"20453","stop_name":"Castor Av & Glendale Av","routes":["59"]}},{"type":"Feature","id":7301,"geometry":{"type":"Point","coordinates":[-75.060784,40.0566440000001]},"properties":{"stop_id":"20454","stop_name":"Castor Av & Napfle Av","routes":["59"]}},{"type":"Feature","id":7302,"geometry":{"type":"Point","coordinates":[-75.059583,40.0579260000001]},"properties":{"stop_id":"20455","stop_name":"Castor Av & Hartel Av","routes":["59"]}},{"type":"Feature","id":7319,"geometry":{"type":"Point","coordinates":[-75.0596639999999,40.058203]},"properties":{"stop_id":"20470","stop_name":"Castor Av & Hartel Av","routes":["59"]}},{"type":"Feature","id":7320,"geometry":{"type":"Point","coordinates":[-75.060865,40.056921]},"properties":{"stop_id":"20471","stop_name":"Castor Av & Napfle Av","routes":["59"]}},{"type":"Feature","id":7321,"geometry":{"type":"Point","coordinates":[-75.062019,40.055711]},"properties":{"stop_id":"20472","stop_name":"Castor Av & Faunce St","routes":["59"]}},{"type":"Feature","id":7328,"geometry":{"type":"Point","coordinates":[-75.070282,40.0469340000001]},"properties":{"stop_id":"20478","stop_name":"Castor Av & Tyson Av","routes":["59"]}},{"type":"Feature","id":7329,"geometry":{"type":"Point","coordinates":[-75.07172,40.0454750000001]},"properties":{"stop_id":"20479","stop_name":"Castor Av & Longshore Av - FS","routes":["59"]}},{"type":"Feature","id":7330,"geometry":{"type":"Point","coordinates":[-75.072647,40.0445050000001]},"properties":{"stop_id":"20480","stop_name":"Castor Av & Knorr St","routes":["59"]}},{"type":"Feature","id":7331,"geometry":{"type":"Point","coordinates":[-75.0738239999999,40.043276]},"properties":{"stop_id":"20481","stop_name":"Castor Av & Unruh Av","routes":["59"]}},{"type":"Feature","id":7339,"geometry":{"type":"Point","coordinates":[-75.083366,40.0333600000001]},"properties":{"stop_id":"20489","stop_name":"Castor Av & Van Kirk St","routes":["59"]}},{"type":"Feature","id":7340,"geometry":{"type":"Point","coordinates":[-75.084198,40.0324880000001]},"properties":{"stop_id":"20490","stop_name":"Castor Av & Roosevelt Blvd","routes":["59"]}},{"type":"Feature","id":7341,"geometry":{"type":"Point","coordinates":[-75.085095,40.0304370000001]},"properties":{"stop_id":"20491","stop_name":"Oxford Av & Sanger St","routes":["495","59"]}},{"type":"Feature","id":7349,"geometry":{"type":"Point","coordinates":[-75.208763,40.0145660000001]},"properties":{"stop_id":"32985","stop_name":"WTC Boarding Area 5","routes":["60"]}},{"type":"Feature","id":7363,"geometry":{"type":"Point","coordinates":[-75.186728,40.006059]},"properties":{"stop_id":"30112","stop_name":"35th St & Allegheny Av Loop","routes":["60"]}},{"type":"Feature","id":7378,"geometry":{"type":"Point","coordinates":[-75.166057,40.003224]},"properties":{"stop_id":"20602","stop_name":"Allegheny Av & 22nd St","routes":["60"]}},{"type":"Feature","id":7379,"geometry":{"type":"Point","coordinates":[-75.16445,40.003024]},"properties":{"stop_id":"15014","stop_name":"Allegheny Av & 21st St","routes":["60"]}},{"type":"Feature","id":7380,"geometry":{"type":"Point","coordinates":[-75.162537,40.00277]},"properties":{"stop_id":"15015","stop_name":"Allegheny Av & 20th St","routes":["60"]}},{"type":"Feature","id":7381,"geometry":{"type":"Point","coordinates":[-75.160942,40.002571]},"properties":{"stop_id":"15016","stop_name":"Allegheny Av & 19th St","routes":["60"]}},{"type":"Feature","id":7382,"geometry":{"type":"Point","coordinates":[-75.157859,40.002171]},"properties":{"stop_id":"15018","stop_name":"Allegheny Av & 17th St","routes":["60"]}},{"type":"Feature","id":7383,"geometry":{"type":"Point","coordinates":[-75.156277,40.001963]},"properties":{"stop_id":"15019","stop_name":"Allegheny Av & 16th St","routes":["60"]}},{"type":"Feature","id":7385,"geometry":{"type":"Point","coordinates":[-75.153064,40.0015450000001]},"properties":{"stop_id":"20603","stop_name":"Allegheny Av & Broad St","routes":["60"]}},{"type":"Feature","id":7388,"geometry":{"type":"Point","coordinates":[-75.1508669999999,40.00129]},"properties":{"stop_id":"15021","stop_name":"Allegheny Av & 13th St","routes":["60"]}},{"type":"Feature","id":7389,"geometry":{"type":"Point","coordinates":[-75.148269,40.000936]},"properties":{"stop_id":"15022","stop_name":"Allegheny Av & Germantown Av","routes":["60"]}},{"type":"Feature","id":7390,"geometry":{"type":"Point","coordinates":[-75.145158,40.0016610000001]},"properties":{"stop_id":"15023","stop_name":"Sedgley Av & 9th St - MBNS","routes":["60"]}},{"type":"Feature","id":7391,"geometry":{"type":"Point","coordinates":[-75.143519,40.0008100000001]},"properties":{"stop_id":"15024","stop_name":"Allegheny Av & Glenwood Av","routes":["60"]}},{"type":"Feature","id":7399,"geometry":{"type":"Point","coordinates":[-75.129419,39.9985100000001]},"properties":{"stop_id":"15027","stop_name":"Allegheny Av & Front St","routes":["60"]}},{"type":"Feature","id":7400,"geometry":{"type":"Point","coordinates":[-75.127517,39.998255]},"properties":{"stop_id":"15028","stop_name":"Allegheny Av & A St","routes":["60"]}},{"type":"Feature","id":7401,"geometry":{"type":"Point","coordinates":[-75.125581,39.998001]},"properties":{"stop_id":"15029","stop_name":"Allegheny Av & B St","routes":["60"]}},{"type":"Feature","id":7402,"geometry":{"type":"Point","coordinates":[-75.123348,39.9977190000001]},"properties":{"stop_id":"15030","stop_name":"Allegheny Av & C St","routes":["60"]}},{"type":"Feature","id":7403,"geometry":{"type":"Point","coordinates":[-75.1213759999999,39.997464]},"properties":{"stop_id":"15031","stop_name":"Allegheny Av & D St","routes":["60"]}},{"type":"Feature","id":7404,"geometry":{"type":"Point","coordinates":[-75.119451,39.997218]},"properties":{"stop_id":"15032","stop_name":"Allegheny Av & E St","routes":["60"]}},{"type":"Feature","id":7405,"geometry":{"type":"Point","coordinates":[-75.117514,39.996972]},"properties":{"stop_id":"15033","stop_name":"Allegheny Av & F St","routes":["60"]}},{"type":"Feature","id":7406,"geometry":{"type":"Point","coordinates":[-75.115601,39.996718]},"properties":{"stop_id":"15034","stop_name":"Allegheny Av & G St","routes":["60"]}},{"type":"Feature","id":7412,"geometry":{"type":"Point","coordinates":[-75.109678,39.9921600000001]},"properties":{"stop_id":"30796","stop_name":"Allegheny Av & Amber St","routes":["60"]}},{"type":"Feature","id":7413,"geometry":{"type":"Point","coordinates":[-75.107491,39.9896910000001]},"properties":{"stop_id":"15039","stop_name":"Allegheny Av & Tulip St","routes":["60"]}},{"type":"Feature","id":7414,"geometry":{"type":"Point","coordinates":[-75.1064919999999,39.988546]},"properties":{"stop_id":"15040","stop_name":"Allegheny Av & Aramingo Av","routes":["60"]}},{"type":"Feature","id":7419,"geometry":{"type":"Point","coordinates":[-75.101873,39.9833310000001]},"properties":{"stop_id":"15044","stop_name":"Allegheny Av & Emery St","routes":["60"]}},{"type":"Feature","id":7422,"geometry":{"type":"Point","coordinates":[-75.101437,39.983053]},"properties":{"stop_id":"12196","stop_name":"Richmond St & Allegheny Av","routes":["0","60"]}},{"type":"Feature","id":7427,"geometry":{"type":"Point","coordinates":[-75.1062439999999,39.988501]},"properties":{"stop_id":"4356","stop_name":"Allegheny Av & Aramingo Av","routes":["60"]}},{"type":"Feature","id":7428,"geometry":{"type":"Point","coordinates":[-75.107232,39.9896370000001]},"properties":{"stop_id":"30800","stop_name":"Allegheny Av & Tulip St","routes":["60"]}},{"type":"Feature","id":7429,"geometry":{"type":"Point","coordinates":[-75.109042,39.9916500000001]},"properties":{"stop_id":"4360","stop_name":"Allegheny Av & Collins St","routes":["60"]}},{"type":"Feature","id":7430,"geometry":{"type":"Point","coordinates":[-75.110171,39.992965]},"properties":{"stop_id":"3739","stop_name":"Allegheny Av & Frankford Av","routes":["60"]}},{"type":"Feature","id":7435,"geometry":{"type":"Point","coordinates":[-75.115353,39.996815]},"properties":{"stop_id":"3742","stop_name":"Allegheny Av & G St","routes":["428","60","76"]}},{"type":"Feature","id":7436,"geometry":{"type":"Point","coordinates":[-75.1173009999999,39.9970700000001]},"properties":{"stop_id":"4365","stop_name":"Allegheny Av & F St","routes":["60"]}},{"type":"Feature","id":7437,"geometry":{"type":"Point","coordinates":[-75.119226,39.9973160000001]},"properties":{"stop_id":"4362","stop_name":"Allegheny Av & E St","routes":["60"]}},{"type":"Feature","id":7438,"geometry":{"type":"Point","coordinates":[-75.121163,39.9975620000001]},"properties":{"stop_id":"4361","stop_name":"Allegheny Av & D St","routes":["60"]}},{"type":"Feature","id":7439,"geometry":{"type":"Point","coordinates":[-75.1231119999999,39.997798]},"properties":{"stop_id":"4359","stop_name":"Allegheny Av & C St","routes":["60"]}},{"type":"Feature","id":7440,"geometry":{"type":"Point","coordinates":[-75.1252729999999,39.998098]},"properties":{"stop_id":"4357","stop_name":"Allegheny Av & B St","routes":["60"]}},{"type":"Feature","id":7441,"geometry":{"type":"Point","coordinates":[-75.127245,39.998344]},"properties":{"stop_id":"4354","stop_name":"Allegheny Av & A St","routes":["60"]}},{"type":"Feature","id":7442,"geometry":{"type":"Point","coordinates":[-75.129111,39.9985980000001]},"properties":{"stop_id":"3740","stop_name":"Allegheny Av & Front St","routes":["60"]}},{"type":"Feature","id":7450,"geometry":{"type":"Point","coordinates":[-75.143459,40.0010060000001]},"properties":{"stop_id":"4353","stop_name":"Allegheny Av & Glenwood Av - FS","routes":["60"]}},{"type":"Feature","id":7451,"geometry":{"type":"Point","coordinates":[-75.145453,40.0016800000001]},"properties":{"stop_id":"13021","stop_name":"Sedgley Av & 10th St","routes":["60"]}},{"type":"Feature","id":7452,"geometry":{"type":"Point","coordinates":[-75.148044,40.0010340000001]},"properties":{"stop_id":"3744","stop_name":"Allegheny Av & Germantown Av","routes":["60"]}},{"type":"Feature","id":7453,"geometry":{"type":"Point","coordinates":[-75.150595,40.0013880000001]},"properties":{"stop_id":"4327","stop_name":"Allegheny Av & 13th St","routes":["60"]}},{"type":"Feature","id":7455,"geometry":{"type":"Point","coordinates":[-75.152745,40.001634]},"properties":{"stop_id":"20600","stop_name":"Allegheny Av & Broad St","routes":["60"]}},{"type":"Feature","id":7457,"geometry":{"type":"Point","coordinates":[-75.154422,40.001851]},"properties":{"stop_id":"4328","stop_name":"Allegheny Av & 15th St","routes":["60"]}},{"type":"Feature","id":7459,"geometry":{"type":"Point","coordinates":[-75.157575,40.0022690000001]},"properties":{"stop_id":"4330","stop_name":"Allegheny Av & 17th St","routes":["60"]}},{"type":"Feature","id":7460,"geometry":{"type":"Point","coordinates":[-75.1607289999999,40.002668]},"properties":{"stop_id":"4331","stop_name":"Allegheny Av & 19th St","routes":["60"]}},{"type":"Feature","id":7461,"geometry":{"type":"Point","coordinates":[-75.162312,40.002868]},"properties":{"stop_id":"4332","stop_name":"Allegheny Av & 20th St","routes":["60"]}},{"type":"Feature","id":7462,"geometry":{"type":"Point","coordinates":[-75.164166,40.003113]},"properties":{"stop_id":"4333","stop_name":"Allegheny Av & 21st St","routes":["60"]}},{"type":"Feature","id":7463,"geometry":{"type":"Point","coordinates":[-75.1657729999999,40.003322]},"properties":{"stop_id":"4334","stop_name":"Allegheny Av & 22nd St","routes":["60"]}},{"type":"Feature","id":7484,"geometry":{"type":"Point","coordinates":[-75.20195,40.013085]},"properties":{"stop_id":"32269","stop_name":"Ridge Av & School House Ln","routes":["60","61","82"]}},{"type":"Feature","id":7487,"geometry":{"type":"Point","coordinates":[-75.154775,39.952836]},"properties":{"stop_id":"915","stop_name":"9th St & Cuthbert St","routes":["61"]}},{"type":"Feature","id":7495,"geometry":{"type":"Point","coordinates":[-75.1587489999999,39.9636980000001]},"properties":{"stop_id":"17861","stop_name":"Ridge Av & Mt Vernon St","routes":["61"]}},{"type":"Feature","id":7496,"geometry":{"type":"Point","coordinates":[-75.159347,39.964913]},"properties":{"stop_id":"17862","stop_name":"Ridge Av & Wallace St","routes":["61"]}},{"type":"Feature","id":7497,"geometry":{"type":"Point","coordinates":[-75.160004,39.9661550000001]},"properties":{"stop_id":"17863","stop_name":"Ridge Av & Melon St","routes":["61"]}},{"type":"Feature","id":7500,"geometry":{"type":"Point","coordinates":[-75.165042,39.970806]},"properties":{"stop_id":"30905","stop_name":"Ridge Av & Poplar St","routes":["61"]}},{"type":"Feature","id":7501,"geometry":{"type":"Point","coordinates":[-75.166324,39.972228]},"properties":{"stop_id":"917","stop_name":"Ridge Av & Girard Av","routes":["61"]}},{"type":"Feature","id":7502,"geometry":{"type":"Point","coordinates":[-75.1671229999999,39.9733370000001]},"properties":{"stop_id":"17871","stop_name":"Ridge Av & 19th St","routes":["61"]}},{"type":"Feature","id":7503,"geometry":{"type":"Point","coordinates":[-75.168414,39.975651]},"properties":{"stop_id":"17873","stop_name":"Ridge Av & Master St","routes":["61"]}},{"type":"Feature","id":7504,"geometry":{"type":"Point","coordinates":[-75.169248,39.977134]},"properties":{"stop_id":"17874","stop_name":"Ridge Av & Jefferson St","routes":["61"]}},{"type":"Feature","id":7523,"geometry":{"type":"Point","coordinates":[-75.186591,40.000981]},"properties":{"stop_id":"30906","stop_name":"Ridge Av & Hunting Park Av - FS","routes":["61"]}},{"type":"Feature","id":7526,"geometry":{"type":"Point","coordinates":[-75.187673,40.0059630000001]},"properties":{"stop_id":"920","stop_name":"Ridge Av & Allegheny Av","routes":["61"]}},{"type":"Feature","id":7535,"geometry":{"type":"Point","coordinates":[-75.2105099999999,40.0162060000001]},"properties":{"stop_id":"31059","stop_name":"Main St & Ridge Av - MBFS","routes":["61"]}},{"type":"Feature","id":7536,"geometry":{"type":"Point","coordinates":[-75.212293,40.016763]},"properties":{"stop_id":"16028","stop_name":"Main St & Sumac St - FS","routes":["61"]}},{"type":"Feature","id":7537,"geometry":{"type":"Point","coordinates":[-75.213494,40.0180770000001]},"properties":{"stop_id":"16030","stop_name":"Main St & Haines St","routes":["61"]}},{"type":"Feature","id":7538,"geometry":{"type":"Point","coordinates":[-75.21545,40.020106]},"properties":{"stop_id":"30907","stop_name":"Main St & Hermit St","routes":["61"]}},{"type":"Feature","id":7539,"geometry":{"type":"Point","coordinates":[-75.2181629999999,40.0221900000001]},"properties":{"stop_id":"16033","stop_name":"Main St & Shurs Ln","routes":["61"]}},{"type":"Feature","id":7540,"geometry":{"type":"Point","coordinates":[-75.2191769999999,40.0229690000001]},"properties":{"stop_id":"16034","stop_name":"Main St & Jamestown St","routes":["61"]}},{"type":"Feature","id":7550,"geometry":{"type":"Point","coordinates":[-75.2396689999999,40.0383350000001]},"properties":{"stop_id":"922","stop_name":"Umbria St & Domino Ln","routes":["61"]}},{"type":"Feature","id":7551,"geometry":{"type":"Point","coordinates":[-75.2383139999999,40.040957]},"properties":{"stop_id":"18030","stop_name":"Domino Ln & Umbria St - MBFS","routes":["61"]}},{"type":"Feature","id":7552,"geometry":{"type":"Point","coordinates":[-75.236487,40.0433550000001]},"properties":{"stop_id":"18031","stop_name":"Domino Ln & Fowler St","routes":["61"]}},{"type":"Feature","id":7553,"geometry":{"type":"Point","coordinates":[-75.234403,40.0442800000001]},"properties":{"stop_id":"18032","stop_name":"Domino Ln & Fowler St - MBFS","routes":["61"]}},{"type":"Feature","id":7554,"geometry":{"type":"Point","coordinates":[-75.232497,40.0450710000001]},"properties":{"stop_id":"30919","stop_name":"Domino La & Ridge Av","routes":["61"]}},{"type":"Feature","id":7568,"geometry":{"type":"Point","coordinates":[-75.232296,40.0452760000001]},"properties":{"stop_id":"18380","stop_name":"Domino Ln & Ridge Av - FS","routes":["61"]}},{"type":"Feature","id":7569,"geometry":{"type":"Point","coordinates":[-75.234249,40.0444580000001]},"properties":{"stop_id":"18381","stop_name":"Domino Ln & Fowler St - MBNS","routes":["61"]}},{"type":"Feature","id":7570,"geometry":{"type":"Point","coordinates":[-75.236439,40.0434970000001]},"properties":{"stop_id":"18382","stop_name":"Domino Ln & Fowler St","routes":["61"]}},{"type":"Feature","id":7571,"geometry":{"type":"Point","coordinates":[-75.238456,40.0409030000001]},"properties":{"stop_id":"18383","stop_name":"Domino Ln & Fowler St - MBFS","routes":["61"]}},{"type":"Feature","id":7572,"geometry":{"type":"Point","coordinates":[-75.24,40.0384240000001]},"properties":{"stop_id":"908","stop_name":"Umbria St & Domino Ln - FS","routes":["61"]}},{"type":"Feature","id":7573,"geometry":{"type":"Point","coordinates":[-75.23555,40.0354990000001]},"properties":{"stop_id":"18387","stop_name":"Umbria St & Parker Av","routes":["61"]}},{"type":"Feature","id":7583,"geometry":{"type":"Point","coordinates":[-75.2194019999999,40.022996]},"properties":{"stop_id":"16203","stop_name":"Main St & Jamestown St","routes":["61"]}},{"type":"Feature","id":7584,"geometry":{"type":"Point","coordinates":[-75.218376,40.022209]},"properties":{"stop_id":"16204","stop_name":"Main St & Shurs Ln","routes":["61"]}},{"type":"Feature","id":7585,"geometry":{"type":"Point","coordinates":[-75.2156869999999,40.020115]},"properties":{"stop_id":"16205","stop_name":"Main St & Hermit St","routes":["61"]}},{"type":"Feature","id":7586,"geometry":{"type":"Point","coordinates":[-75.213695,40.0181840000001]},"properties":{"stop_id":"30914","stop_name":"Main St & Dawson St","routes":["61"]}},{"type":"Feature","id":7587,"geometry":{"type":"Point","coordinates":[-75.212364,40.016691]},"properties":{"stop_id":"30915","stop_name":"Main St & Kalos St","routes":["61"]}},{"type":"Feature","id":7588,"geometry":{"type":"Point","coordinates":[-75.2105099999999,40.0160990000001]},"properties":{"stop_id":"30319","stop_name":"Main St & Ridge Av - MBNS","routes":["61"]}},{"type":"Feature","id":7597,"geometry":{"type":"Point","coordinates":[-75.187804,40.00582]},"properties":{"stop_id":"30329","stop_name":"Ridge Av & Allegheny Av - FS","routes":["61"]}},{"type":"Feature","id":7599,"geometry":{"type":"Point","coordinates":[-75.186971,40.000616]},"properties":{"stop_id":"18405","stop_name":"Ridge Av & Hunting Park Av","routes":["61"]}},{"type":"Feature","id":7619,"geometry":{"type":"Point","coordinates":[-75.166701,39.9725060000001]},"properties":{"stop_id":"913","stop_name":"Ridge Av & Girard Av","routes":["61"]}},{"type":"Feature","id":7620,"geometry":{"type":"Point","coordinates":[-75.1655249999999,39.9710390000001]},"properties":{"stop_id":"18428","stop_name":"Ridge Av & Poplar St","routes":["61"]}},{"type":"Feature","id":7623,"geometry":{"type":"Point","coordinates":[-75.1606629999999,39.966754]},"properties":{"stop_id":"18433","stop_name":"Ridge Av & Broad St","routes":["61"]}},{"type":"Feature","id":7624,"geometry":{"type":"Point","coordinates":[-75.159618,39.965092]},"properties":{"stop_id":"18434","stop_name":"Ridge Av & Wallace St","routes":["61"]}},{"type":"Feature","id":7625,"geometry":{"type":"Point","coordinates":[-75.159008,39.9639030000001]},"properties":{"stop_id":"18435","stop_name":"Ridge Av & 13th St","routes":["61"]}},{"type":"Feature","id":7626,"geometry":{"type":"Point","coordinates":[-75.157811,39.9620800000001]},"properties":{"stop_id":"18436","stop_name":"Ridge Av & 12th St","routes":["61"]}},{"type":"Feature","id":7639,"geometry":{"type":"Point","coordinates":[-75.155448,39.9497410000001]},"properties":{"stop_id":"24121","stop_name":"9th St & Chestnut St","routes":["61"]}},{"type":"Feature","id":7640,"geometry":{"type":"Point","coordinates":[-75.155136,39.9511860000001]},"properties":{"stop_id":"32524","stop_name":"9th St & Market St","routes":["61"]}},{"type":"Feature","id":7645,"geometry":{"type":"Point","coordinates":[-75.144097,39.9210400000001]},"properties":{"stop_id":"24268","stop_name":"Snyder Av & Dilworth St - MBNS","routes":["63","76","79"]}},{"type":"Feature","id":7646,"geometry":{"type":"Point","coordinates":[-75.1430109999999,39.920895]},"properties":{"stop_id":"30092","stop_name":"Snyder Av & Dilworth St - FS","routes":["63","76"]}},{"type":"Feature","id":7647,"geometry":{"type":"Point","coordinates":[-75.138047,39.913726]},"properties":{"stop_id":"31324","stop_name":"Columbus Blvd & Oregon Av - MBNS","routes":["63","76"]}},{"type":"Feature","id":7648,"geometry":{"type":"Point","coordinates":[-75.140494,39.9129110000001]},"properties":{"stop_id":"17360","stop_name":"Oregon Av & Weccacoe St","routes":["63"]}},{"type":"Feature","id":7651,"geometry":{"type":"Point","coordinates":[-75.1553249999999,39.907928]},"properties":{"stop_id":"175","stop_name":"Packer Av & Galloway St","routes":["63"]}},{"type":"Feature","id":7652,"geometry":{"type":"Point","coordinates":[-75.1538389999999,39.907737]},"properties":{"stop_id":"24349","stop_name":"Packer Av & 3rd St","routes":["63"]}},{"type":"Feature","id":7653,"geometry":{"type":"Point","coordinates":[-75.1521519999999,39.90752]},"properties":{"stop_id":"24350","stop_name":"Packer Av & Front St - MBNS","routes":["63"]}},{"type":"Feature","id":7680,"geometry":{"type":"Point","coordinates":[-75.216347,39.917382]},"properties":{"stop_id":"24424","stop_name":"63rd St & Passyunk Av - FS","routes":["63"]}},{"type":"Feature","id":7681,"geometry":{"type":"Point","coordinates":[-75.219207,39.9185350000001]},"properties":{"stop_id":"24426","stop_name":"63rd St & Passyunk Av - MBFS","routes":["63"]}},{"type":"Feature","id":7682,"geometry":{"type":"Point","coordinates":[-75.222655,39.919963]},"properties":{"stop_id":"24429","stop_name":"63rd St & Eastwick Av","routes":["63"]}},{"type":"Feature","id":7689,"geometry":{"type":"Point","coordinates":[-75.2305049999999,39.9281330000001]},"properties":{"stop_id":"24436","stop_name":"62nd St & Woodland Av","routes":["411","63"]}},{"type":"Feature","id":7690,"geometry":{"type":"Point","coordinates":[-75.2292869999999,39.929041]},"properties":{"stop_id":"20717","stop_name":"Woodland Av & 61st St","routes":["0","411","63"]}},{"type":"Feature","id":7691,"geometry":{"type":"Point","coordinates":[-75.2276419999999,39.930217]},"properties":{"stop_id":"20716","stop_name":"Woodland Av & 60th St","routes":["0","411","63"]}},{"type":"Feature","id":7692,"geometry":{"type":"Point","coordinates":[-75.2246719999999,39.9326120000001]},"properties":{"stop_id":"21619","stop_name":"58th St & Woodland Av - FS","routes":["63"]}},{"type":"Feature","id":7693,"geometry":{"type":"Point","coordinates":[-75.2256619999999,39.933435]},"properties":{"stop_id":"24437","stop_name":"58th St & Greenway Av","routes":["63"]}},{"type":"Feature","id":7694,"geometry":{"type":"Point","coordinates":[-75.227158,39.934687]},"properties":{"stop_id":"1423","stop_name":"58th St & Kingsessing Av","routes":["63"]}},{"type":"Feature","id":7695,"geometry":{"type":"Point","coordinates":[-75.228618,39.935912]},"properties":{"stop_id":"24438","stop_name":"58th St & Chester Av - FS","routes":["63"]}},{"type":"Feature","id":7696,"geometry":{"type":"Point","coordinates":[-75.229607,39.936762]},"properties":{"stop_id":"24439","stop_name":"58th St & Springfield Av","routes":["63"]}},{"type":"Feature","id":7702,"geometry":{"type":"Point","coordinates":[-75.237723,39.9438430000001]},"properties":{"stop_id":"24446","stop_name":"58th St & Hoffman Av","routes":["63"]}},{"type":"Feature","id":7704,"geometry":{"type":"Point","coordinates":[-75.240044,39.945774]},"properties":{"stop_id":"24449","stop_name":"58th St & Baltimore Av","routes":["63"]}},{"type":"Feature","id":7705,"geometry":{"type":"Point","coordinates":[-75.237858,39.946529]},"properties":{"stop_id":"24451","stop_name":"57th St & Baltimore Av - FS","routes":["63"]}},{"type":"Feature","id":7709,"geometry":{"type":"Point","coordinates":[-75.2364699999999,39.953176]},"properties":{"stop_id":"24457","stop_name":"57th St & Larchwood Av","routes":["63"]}},{"type":"Feature","id":7710,"geometry":{"type":"Point","coordinates":[-75.236159,39.9546570000001]},"properties":{"stop_id":"24458","stop_name":"57th St & Pine St","routes":["63"]}},{"type":"Feature","id":7711,"geometry":{"type":"Point","coordinates":[-75.2359319999999,39.955719]},"properties":{"stop_id":"24459","stop_name":"57th St & Spruce St","routes":["63"]}},{"type":"Feature","id":7712,"geometry":{"type":"Point","coordinates":[-75.2356799999999,39.9569500000001]},"properties":{"stop_id":"24460","stop_name":"57th St & Locust St","routes":["63"]}},{"type":"Feature","id":7713,"geometry":{"type":"Point","coordinates":[-75.2354529999999,39.958056]},"properties":{"stop_id":"24461","stop_name":"57th St & Walnut St","routes":["63"]}},{"type":"Feature","id":7714,"geometry":{"type":"Point","coordinates":[-75.23513,39.959573]},"properties":{"stop_id":"24462","stop_name":"57th St & Chestnut St","routes":["63"]}},{"type":"Feature","id":7715,"geometry":{"type":"Point","coordinates":[-75.232812,39.9608010000001]},"properties":{"stop_id":"182","stop_name":"56th St & Market St","routes":["63"]}},{"type":"Feature","id":7717,"geometry":{"type":"Point","coordinates":[-75.2321889999999,39.9639510000001]},"properties":{"stop_id":"24464","stop_name":"56th St & Race St","routes":["63"]}},{"type":"Feature","id":7718,"geometry":{"type":"Point","coordinates":[-75.2318779999999,39.9653690000001]},"properties":{"stop_id":"24465","stop_name":"56th St & Vine St","routes":["63"]}},{"type":"Feature","id":7719,"geometry":{"type":"Point","coordinates":[-75.2337429999999,39.965872]},"properties":{"stop_id":"24466","stop_name":"Vine St & 57th St","routes":["63"]}},{"type":"Feature","id":7724,"geometry":{"type":"Point","coordinates":[-75.234935,39.9748260000001]},"properties":{"stop_id":"24472","stop_name":"57th St & Media St","routes":["63"]}},{"type":"Feature","id":7725,"geometry":{"type":"Point","coordinates":[-75.235226,39.9763790000001]},"properties":{"stop_id":"24473","stop_name":"57th St & Lansdowne Av","routes":["63"]}},{"type":"Feature","id":7726,"geometry":{"type":"Point","coordinates":[-75.235447,39.9775480000001]},"properties":{"stop_id":"24474","stop_name":"57th St & Stewart St - FS","routes":["63"]}},{"type":"Feature","id":7728,"geometry":{"type":"Point","coordinates":[-75.239537,39.9812140000001]},"properties":{"stop_id":"194","stop_name":"59th St & Columbia Av - FS","routes":["63"]}},{"type":"Feature","id":7729,"geometry":{"type":"Point","coordinates":[-75.236384,39.9808340000001]},"properties":{"stop_id":"24476","stop_name":"Oxford St & 57th St - FS","routes":["63"]}},{"type":"Feature","id":7730,"geometry":{"type":"Point","coordinates":[-75.239279,39.980491]},"properties":{"stop_id":"28181","stop_name":"Oxford St & 59th St","routes":["63"]}},{"type":"Feature","id":7731,"geometry":{"type":"Point","coordinates":[-75.2393479999999,39.981249]},"properties":{"stop_id":"185","stop_name":"59th St & Columbia Av","routes":["63"]}},{"type":"Feature","id":7732,"geometry":{"type":"Point","coordinates":[-75.241328,39.982787]},"properties":{"stop_id":"28199","stop_name":"Lancaster Av & 60th St","routes":["63"]}},{"type":"Feature","id":7734,"geometry":{"type":"Point","coordinates":[-75.2460149999999,39.9843290000001]},"properties":{"stop_id":"30857","stop_name":"Lancaster Av & Malvern Av","routes":["63"]}},{"type":"Feature","id":7735,"geometry":{"type":"Point","coordinates":[-75.2370099999999,39.9850750000001]},"properties":{"stop_id":"24479","stop_name":"57th St & Upland Way - FS","routes":["63"]}},{"type":"Feature","id":7736,"geometry":{"type":"Point","coordinates":[-75.237397,39.9863250000001]},"properties":{"stop_id":"24480","stop_name":"58th St & Lebanon Av","routes":["63"]}},{"type":"Feature","id":7737,"geometry":{"type":"Point","coordinates":[-75.2383859999999,39.987558]},"properties":{"stop_id":"24481","stop_name":"58th St & Malvern  Av","routes":["63"]}},{"type":"Feature","id":7738,"geometry":{"type":"Point","coordinates":[-75.2391279999999,39.988478]},"properties":{"stop_id":"24482","stop_name":"58th St & Woodcrest Av","routes":["63"]}},{"type":"Feature","id":7739,"geometry":{"type":"Point","coordinates":[-75.240464,39.9880160000001]},"properties":{"stop_id":"24483","stop_name":"Woodcrest Av & Hobart St","routes":["63"]}},{"type":"Feature","id":7740,"geometry":{"type":"Point","coordinates":[-75.241682,39.987447]},"properties":{"stop_id":"24484","stop_name":"Woodcrest Av & 59th St","routes":["63"]}},{"type":"Feature","id":7741,"geometry":{"type":"Point","coordinates":[-75.242295,39.988028]},"properties":{"stop_id":"24485","stop_name":"59th St & Woodbine Av","routes":["63"]}},{"type":"Feature","id":7742,"geometry":{"type":"Point","coordinates":[-75.243072,39.9890110000001]},"properties":{"stop_id":"24486","stop_name":"59th St & Drexel Rd","routes":["63"]}},{"type":"Feature","id":7743,"geometry":{"type":"Point","coordinates":[-75.246312,39.988301]},"properties":{"stop_id":"24487","stop_name":"Drexel Rd & Upland Way","routes":["63"]}},{"type":"Feature","id":7744,"geometry":{"type":"Point","coordinates":[-75.248954,39.989983]},"properties":{"stop_id":"32277","stop_name":"Drexel Rd & City Line Av - MBNS","routes":["63"]}},{"type":"Feature","id":7745,"geometry":{"type":"Point","coordinates":[-75.249545,39.98969]},"properties":{"stop_id":"28270","stop_name":"Overbrook Station","routes":["63"]}},{"type":"Feature","id":7746,"geometry":{"type":"Point","coordinates":[-75.249118,39.9903850000001]},"properties":{"stop_id":"187","stop_name":"Drexel Rd & City Line Av","routes":["63"]}},{"type":"Feature","id":7747,"geometry":{"type":"Point","coordinates":[-75.250715,39.989896]},"properties":{"stop_id":"24488","stop_name":"City Av & 63rd St","routes":["63"]}},{"type":"Feature","id":7753,"geometry":{"type":"Point","coordinates":[-75.250963,39.989656]},"properties":{"stop_id":"24491","stop_name":"City Av & 63rd St","routes":["63"]}},{"type":"Feature","id":7755,"geometry":{"type":"Point","coordinates":[-75.2484669999999,39.990821]},"properties":{"stop_id":"6249","stop_name":"City Av & Overbrook Av - MBNS","routes":["63","65"]}},{"type":"Feature","id":7756,"geometry":{"type":"Point","coordinates":[-75.245782,39.9921120000001]},"properties":{"stop_id":"25761","stop_name":"City Av & 59th St","routes":["63","65"]}},{"type":"Feature","id":7757,"geometry":{"type":"Point","coordinates":[-75.243889,39.993001]},"properties":{"stop_id":"6248","stop_name":"City Av & Berwick Rd - FS","routes":["63","65"]}},{"type":"Feature","id":7759,"geometry":{"type":"Point","coordinates":[-75.240217,39.9921570000001]},"properties":{"stop_id":"24492","stop_name":"Cardinal Av & Overbrook Av","routes":["63"]}},{"type":"Feature","id":7760,"geometry":{"type":"Point","coordinates":[-75.241518,39.991409]},"properties":{"stop_id":"24493","stop_name":"Overbrook Av & 58th St - FS","routes":["63"]}},{"type":"Feature","id":7761,"geometry":{"type":"Point","coordinates":[-75.2440139999999,39.9902710000001]},"properties":{"stop_id":"24494","stop_name":"Overbrook Av & 59th St","routes":["63"]}},{"type":"Feature","id":7762,"geometry":{"type":"Point","coordinates":[-75.243332,39.989154]},"properties":{"stop_id":"24495","stop_name":"59th St & Drexel Rd","routes":["63"]}},{"type":"Feature","id":7763,"geometry":{"type":"Point","coordinates":[-75.242531,39.9881]},"properties":{"stop_id":"24496","stop_name":"59th St & Woodbine Av","routes":["63"]}},{"type":"Feature","id":7764,"geometry":{"type":"Point","coordinates":[-75.241884,39.987286]},"properties":{"stop_id":"28289","stop_name":"59th St & Woodcrest Av","routes":["63"]}},{"type":"Feature","id":7765,"geometry":{"type":"Point","coordinates":[-75.2411769999999,39.9864370000001]},"properties":{"stop_id":"24497","stop_name":"59th St & Malvern Av","routes":["63"]}},{"type":"Feature","id":7767,"geometry":{"type":"Point","coordinates":[-75.239829,39.9869170000001]},"properties":{"stop_id":"24498","stop_name":"Malvern Av & Hobart St","routes":["63"]}},{"type":"Feature","id":7768,"geometry":{"type":"Point","coordinates":[-75.2385869999999,39.9874960000001]},"properties":{"stop_id":"24499","stop_name":"Malvern Av & 58th St","routes":["63"]}},{"type":"Feature","id":7769,"geometry":{"type":"Point","coordinates":[-75.2375929999999,39.987896]},"properties":{"stop_id":"24500","stop_name":"Malvern Av & 57th St","routes":["63"]}},{"type":"Feature","id":7771,"geometry":{"type":"Point","coordinates":[-75.237176,39.9850660000001]},"properties":{"stop_id":"24502","stop_name":"57th St & Upland Way","routes":["63"]}},{"type":"Feature","id":7773,"geometry":{"type":"Point","coordinates":[-75.241612,39.9827520000001]},"properties":{"stop_id":"28299","stop_name":"Lancaster Av & 60th St","routes":["63"]}},{"type":"Feature","id":7775,"geometry":{"type":"Point","coordinates":[-75.2391489999999,39.9803830000001]},"properties":{"stop_id":"24503","stop_name":"Oxford St & 59th St - FS","routes":["63"]}},{"type":"Feature","id":7776,"geometry":{"type":"Point","coordinates":[-75.23623,39.980718]},"properties":{"stop_id":"24504","stop_name":"Oxford St & 57th St","routes":["63"]}},{"type":"Feature","id":7777,"geometry":{"type":"Point","coordinates":[-75.234177,39.9800540000001]},"properties":{"stop_id":"24505","stop_name":"56th St & Lancaster Av - FS","routes":["63"]}},{"type":"Feature","id":7778,"geometry":{"type":"Point","coordinates":[-75.234133,39.97884]},"properties":{"stop_id":"24506","stop_name":"56th St & Jefferson St","routes":["63"]}},{"type":"Feature","id":7779,"geometry":{"type":"Point","coordinates":[-75.234005,39.9778850000001]},"properties":{"stop_id":"24507","stop_name":"56th St & Stewart  St","routes":["63"]}},{"type":"Feature","id":7780,"geometry":{"type":"Point","coordinates":[-75.233796,39.9767430000001]},"properties":{"stop_id":"24508","stop_name":"56th St & Lansdowne Av","routes":["63"]}},{"type":"Feature","id":7781,"geometry":{"type":"Point","coordinates":[-75.233481,39.975171]},"properties":{"stop_id":"24509","stop_name":"56th St & Media St","routes":["63"]}},{"type":"Feature","id":7787,"geometry":{"type":"Point","coordinates":[-75.2320549999999,39.965334]},"properties":{"stop_id":"24515","stop_name":"56th St & Vine St - FS","routes":["63"]}},{"type":"Feature","id":7788,"geometry":{"type":"Point","coordinates":[-75.232318,39.964192]},"properties":{"stop_id":"24516","stop_name":"56th St & Race St","routes":["63"]}},{"type":"Feature","id":7790,"geometry":{"type":"Point","coordinates":[-75.232989,39.960766]},"properties":{"stop_id":"197","stop_name":"56th St & Market St - FS","routes":["63"]}},{"type":"Feature","id":7791,"geometry":{"type":"Point","coordinates":[-75.233288,39.9593110000001]},"properties":{"stop_id":"1417","stop_name":"56th St & Chestnut St - FS","routes":["63"]}},{"type":"Feature","id":7792,"geometry":{"type":"Point","coordinates":[-75.2335629999999,39.958062]},"properties":{"stop_id":"24518","stop_name":"56th St & Walnut St","routes":["63"]}},{"type":"Feature","id":7793,"geometry":{"type":"Point","coordinates":[-75.2337909999999,39.956938]},"properties":{"stop_id":"24519","stop_name":"56th St & Locust St","routes":["63"]}},{"type":"Feature","id":7795,"geometry":{"type":"Point","coordinates":[-75.234281,39.9546540000001]},"properties":{"stop_id":"24521","stop_name":"56th St & Pine St","routes":["63"]}},{"type":"Feature","id":7796,"geometry":{"type":"Point","coordinates":[-75.234592,39.9531200000001]},"properties":{"stop_id":"24522","stop_name":"56th St & Larchwood Av","routes":["63"]}},{"type":"Feature","id":7800,"geometry":{"type":"Point","coordinates":[-75.235849,39.947044]},"properties":{"stop_id":"24525","stop_name":"56th St & Washington Av","routes":["63"]}},{"type":"Feature","id":7801,"geometry":{"type":"Point","coordinates":[-75.237763,39.9464310000001]},"properties":{"stop_id":"20893","stop_name":"Baltimore Av & 57th St","routes":["0","63"]}},{"type":"Feature","id":7803,"geometry":{"type":"Point","coordinates":[-75.240127,39.9456670000001]},"properties":{"stop_id":"24526","stop_name":"58th St & Baltimore Av - FS","routes":["63"]}},{"type":"Feature","id":7804,"geometry":{"type":"Point","coordinates":[-75.237983,39.943861]},"properties":{"stop_id":"24527","stop_name":"58th St & Hoffman Av","routes":["409","63"]}},{"type":"Feature","id":7810,"geometry":{"type":"Point","coordinates":[-75.229855,39.936789]},"properties":{"stop_id":"24533","stop_name":"58th St & Springfield Av","routes":["409","63"]}},{"type":"Feature","id":7812,"geometry":{"type":"Point","coordinates":[-75.2274169999999,39.934696]},"properties":{"stop_id":"24536","stop_name":"58th St & Kingsessing Av","routes":["409","63"]}},{"type":"Feature","id":7813,"geometry":{"type":"Point","coordinates":[-75.226016,39.9334890000001]},"properties":{"stop_id":"24537","stop_name":"58th St & Greenway Av","routes":["409","63"]}},{"type":"Feature","id":7814,"geometry":{"type":"Point","coordinates":[-75.224767,39.932514]},"properties":{"stop_id":"199","stop_name":"58th St & Woodland Av","routes":["409","63"]}},{"type":"Feature","id":7815,"geometry":{"type":"Point","coordinates":[-75.227535,39.930457]},"properties":{"stop_id":"20749","stop_name":"Woodland Av & 60th St","routes":["0","409","63"]}},{"type":"Feature","id":7816,"geometry":{"type":"Point","coordinates":[-75.229191,39.929282]},"properties":{"stop_id":"20750","stop_name":"Woodland Av & 61st St","routes":["0","409","63"]}},{"type":"Feature","id":7817,"geometry":{"type":"Point","coordinates":[-75.230576,39.928008]},"properties":{"stop_id":"24538","stop_name":"62nd St & Woodland Av - FS","routes":["63"]}},{"type":"Feature","id":7818,"geometry":{"type":"Point","coordinates":[-75.229587,39.9272030000001]},"properties":{"stop_id":"24539","stop_name":"62nd St & Paschall Av","routes":["63"]}},{"type":"Feature","id":7825,"geometry":{"type":"Point","coordinates":[-75.222973,39.919963]},"properties":{"stop_id":"24544","stop_name":"63rd St & Eastwick Av","routes":["63"]}},{"type":"Feature","id":7826,"geometry":{"type":"Point","coordinates":[-75.218941,39.9182880000001]},"properties":{"stop_id":"28303","stop_name":"63rd St & Passyunk Av - MBNS","routes":["63"]}},{"type":"Feature","id":7827,"geometry":{"type":"Point","coordinates":[-75.216666,39.9173470000001]},"properties":{"stop_id":"24545","stop_name":"63rd St & Passyunk Av - 2","routes":["63"]}},{"type":"Feature","id":7837,"geometry":{"type":"Point","coordinates":[-75.1905199999999,39.921584]},"properties":{"stop_id":"28304","stop_name":"Passyunk Av & Oregon Av","routes":["63"]}},{"type":"Feature","id":7857,"geometry":{"type":"Point","coordinates":[-75.150288,39.913486]},"properties":{"stop_id":"33020","stop_name":"Front & Oregon - FS","routes":["63"]}},{"type":"Feature","id":7858,"geometry":{"type":"Point","coordinates":[-75.151396,39.907317]},"properties":{"stop_id":"24348","stop_name":"Front St & Packer Av - FS","routes":["63"]}},{"type":"Feature","id":7859,"geometry":{"type":"Point","coordinates":[-75.1522409999999,39.902718]},"properties":{"stop_id":"24557","stop_name":"Front St & Pattison Av","routes":["63"]}},{"type":"Feature","id":7860,"geometry":{"type":"Point","coordinates":[-75.1545649999999,39.9029820000001]},"properties":{"stop_id":"24558","stop_name":"Pattison Av & 3rd St","routes":["63"]}},{"type":"Feature","id":7862,"geometry":{"type":"Point","coordinates":[-75.158304,39.903463]},"properties":{"stop_id":"24560","stop_name":"Pattison Av & Lawrence St","routes":["63"]}},{"type":"Feature","id":7863,"geometry":{"type":"Point","coordinates":[-75.162185,39.903963]},"properties":{"stop_id":"28169","stop_name":"Pattison Av & 7th St","routes":["63"]}},{"type":"Feature","id":7864,"geometry":{"type":"Point","coordinates":[-75.161715,39.90646]},"properties":{"stop_id":"28170","stop_name":"7th St & Pattison Av - MBFS","routes":["63"]}},{"type":"Feature","id":7865,"geometry":{"type":"Point","coordinates":[-75.1611389999999,39.9091540000001]},"properties":{"stop_id":"24561","stop_name":"7th St & Packer Av","routes":["63"]}},{"type":"Feature","id":7866,"geometry":{"type":"Point","coordinates":[-75.1576249999999,39.908281]},"properties":{"stop_id":"24562","stop_name":"Packer Av & Lawrence St","routes":["63"]}},{"type":"Feature","id":7876,"geometry":{"type":"Point","coordinates":[-75.2166369999999,39.978892]},"properties":{"stop_id":"21726","stop_name":"Parkside Av & 49th St - FS","routes":["40","64"]}},{"type":"Feature","id":7877,"geometry":{"type":"Point","coordinates":[-75.21358,39.97778]},"properties":{"stop_id":"22002","stop_name":"Parkside Av & Belmont Av","routes":["40","43","64"]}},{"type":"Feature","id":7878,"geometry":{"type":"Point","coordinates":[-75.21323,39.9766020000001]},"properties":{"stop_id":"22003","stop_name":"Belmont Av & Viola St","routes":["43","64"]}},{"type":"Feature","id":7880,"geometry":{"type":"Point","coordinates":[-75.21233,39.9733250000001]},"properties":{"stop_id":"678","stop_name":"Belmont Av & Girard Av","routes":["43","64"]}},{"type":"Feature","id":7881,"geometry":{"type":"Point","coordinates":[-75.2121549999999,39.972602]},"properties":{"stop_id":"30846","stop_name":"Belmont Av & Mantua Av","routes":["43","64"]}},{"type":"Feature","id":7892,"geometry":{"type":"Point","coordinates":[-75.2162949999999,39.9626930000001]},"properties":{"stop_id":"25597","stop_name":"48th St & Haverford Av","routes":["64"]}},{"type":"Feature","id":7895,"geometry":{"type":"Point","coordinates":[-75.2141349999999,39.9584410000001]},"properties":{"stop_id":"941","stop_name":"Farragut St & Market St - FS","routes":["64"]}},{"type":"Feature","id":7896,"geometry":{"type":"Point","coordinates":[-75.2143629999999,39.9572630000001]},"properties":{"stop_id":"21637","stop_name":"Farragut St & Chestnut St","routes":["64"]}},{"type":"Feature","id":7897,"geometry":{"type":"Point","coordinates":[-75.214686,39.9557290000001]},"properties":{"stop_id":"30830","stop_name":"Farragut St & Walnut St","routes":["64"]}},{"type":"Feature","id":7898,"geometry":{"type":"Point","coordinates":[-75.217756,39.9558230000001]},"properties":{"stop_id":"30880","stop_name":"48th St & Walnut St - FS","routes":["64"]}},{"type":"Feature","id":7901,"geometry":{"type":"Point","coordinates":[-75.219278,39.9485080000001]},"properties":{"stop_id":"24630","stop_name":"48th St & Baltimore Av","routes":["64"]}},{"type":"Feature","id":7903,"geometry":{"type":"Point","coordinates":[-75.217882,39.945212]},"properties":{"stop_id":"24634","stop_name":"49th St & Springfield Av","routes":["64"]}},{"type":"Feature","id":7904,"geometry":{"type":"Point","coordinates":[-75.216398,39.9439780000001]},"properties":{"stop_id":"24636","stop_name":"49th St & Chester Av - FS","routes":["64"]}},{"type":"Feature","id":7905,"geometry":{"type":"Point","coordinates":[-75.215432,39.9431280000001]},"properties":{"stop_id":"24637","stop_name":"49th St & Kingsessing Av","routes":["64"]}},{"type":"Feature","id":7906,"geometry":{"type":"Point","coordinates":[-75.214031,39.941939]},"properties":{"stop_id":"24638","stop_name":"49th St & Greenway Av","routes":["64"]}},{"type":"Feature","id":7925,"geometry":{"type":"Point","coordinates":[-75.1733189999999,39.938614]},"properties":{"stop_id":"24668","stop_name":"Washington Av & 18th St","routes":["64"]}},{"type":"Feature","id":7926,"geometry":{"type":"Point","coordinates":[-75.1717379999999,39.9384230000001]},"properties":{"stop_id":"24669","stop_name":"Washington Av & 17th St","routes":["64"]}},{"type":"Feature","id":7927,"geometry":{"type":"Point","coordinates":[-75.170168,39.938232]},"properties":{"stop_id":"24670","stop_name":"Washington Av & 16th St","routes":["64"]}},{"type":"Feature","id":7928,"geometry":{"type":"Point","coordinates":[-75.1685869999999,39.938024]},"properties":{"stop_id":"24671","stop_name":"Washington Av & 15th St","routes":["64"]}},{"type":"Feature","id":7929,"geometry":{"type":"Point","coordinates":[-75.166935,39.937824]},"properties":{"stop_id":"944","stop_name":"Washington Av & Broad St","routes":["64"]}},{"type":"Feature","id":7930,"geometry":{"type":"Point","coordinates":[-75.164728,39.937552]},"properties":{"stop_id":"25781","stop_name":"Washington Av & 13th St","routes":["64"]}},{"type":"Feature","id":7931,"geometry":{"type":"Point","coordinates":[-75.163147,39.9373430000001]},"properties":{"stop_id":"24672","stop_name":"Washington Av & 12th St","routes":["64"]}},{"type":"Feature","id":7932,"geometry":{"type":"Point","coordinates":[-75.1615889999999,39.937126]},"properties":{"stop_id":"24673","stop_name":"Washington Av & 11th St","routes":["64"]}},{"type":"Feature","id":7933,"geometry":{"type":"Point","coordinates":[-75.1600549999999,39.9367300000001]},"properties":{"stop_id":"24674","stop_name":"Washington Av & 10th St","routes":["64"]}},{"type":"Feature","id":7934,"geometry":{"type":"Point","coordinates":[-75.158534,39.936316]},"properties":{"stop_id":"24675","stop_name":"Washington Av & 9th St","routes":["64"]}},{"type":"Feature","id":7937,"geometry":{"type":"Point","coordinates":[-75.153981,39.9350920000001]},"properties":{"stop_id":"24678","stop_name":"Washington Av & 6th St","routes":["64"]}},{"type":"Feature","id":7938,"geometry":{"type":"Point","coordinates":[-75.15246,39.934669]},"properties":{"stop_id":"24679","stop_name":"Washington Av & 5th St","routes":["64"]}},{"type":"Feature","id":7940,"geometry":{"type":"Point","coordinates":[-75.145841,39.93361]},"properties":{"stop_id":"24684","stop_name":"Washington Av & Front St","routes":["64"]}},{"type":"Feature","id":7941,"geometry":{"type":"Point","coordinates":[-75.146239,39.9314160000001]},"properties":{"stop_id":"30881","stop_name":"Front St & Wharton St","routes":["64"]}},{"type":"Feature","id":7942,"geometry":{"type":"Point","coordinates":[-75.144652,39.9298410000001]},"properties":{"stop_id":"30882","stop_name":"Reed St & Columbus Blvd","routes":["64"]}},{"type":"Feature","id":7943,"geometry":{"type":"Point","coordinates":[-75.145074,39.927513]},"properties":{"stop_id":"24050","stop_name":"Columbus Blvd & Tasker St","routes":["64","76"]}},{"type":"Feature","id":7948,"geometry":{"type":"Point","coordinates":[-75.144445,39.92852]},"properties":{"stop_id":"30094","stop_name":"Columbus Blvd & Dickinson St","routes":["64","76"]}},{"type":"Feature","id":7950,"geometry":{"type":"Point","coordinates":[-75.14611,39.931246]},"properties":{"stop_id":"24742","stop_name":"Front St & Wharton St","routes":["64"]}},{"type":"Feature","id":7951,"geometry":{"type":"Point","coordinates":[-75.145947,39.9337090000001]},"properties":{"stop_id":"33116","stop_name":"Washington Av & Front St","routes":["64"]}},{"type":"Feature","id":7953,"geometry":{"type":"Point","coordinates":[-75.152212,39.9347670000001]},"properties":{"stop_id":"24748","stop_name":"Washington Av & 5th St","routes":["64"]}},{"type":"Feature","id":7954,"geometry":{"type":"Point","coordinates":[-75.153733,39.93519]},"properties":{"stop_id":"24749","stop_name":"Washington Av & 6th St","routes":["64"]}},{"type":"Feature","id":7957,"geometry":{"type":"Point","coordinates":[-75.158309,39.9364130000001]},"properties":{"stop_id":"24753","stop_name":"Washington Av & 9th St","routes":["64"]}},{"type":"Feature","id":7958,"geometry":{"type":"Point","coordinates":[-75.1598069999999,39.9368270000001]},"properties":{"stop_id":"24754","stop_name":"Washington Av & 10th St","routes":["64"]}},{"type":"Feature","id":7959,"geometry":{"type":"Point","coordinates":[-75.1612929999999,39.9372230000001]},"properties":{"stop_id":"24755","stop_name":"Washington Av & 11th St","routes":["64"]}},{"type":"Feature","id":7960,"geometry":{"type":"Point","coordinates":[-75.162922,39.937459]},"properties":{"stop_id":"24756","stop_name":"Washington Av & 12th St","routes":["64"]}},{"type":"Feature","id":7961,"geometry":{"type":"Point","coordinates":[-75.164503,39.937667]},"properties":{"stop_id":"24757","stop_name":"Washington Av & 13th St","routes":["64"]}},{"type":"Feature","id":7962,"geometry":{"type":"Point","coordinates":[-75.16658,39.9379220000001]},"properties":{"stop_id":"935","stop_name":"Washington Av & Broad St","routes":["64"]}},{"type":"Feature","id":7963,"geometry":{"type":"Point","coordinates":[-75.168303,39.9381300000001]},"properties":{"stop_id":"24758","stop_name":"Washington Av & 15th St","routes":["64"]}},{"type":"Feature","id":7964,"geometry":{"type":"Point","coordinates":[-75.1698959999999,39.9383300000001]},"properties":{"stop_id":"24759","stop_name":"Washington Av & 16th St","routes":["64"]}},{"type":"Feature","id":7965,"geometry":{"type":"Point","coordinates":[-75.171454,39.9385300000001]},"properties":{"stop_id":"24760","stop_name":"Washington Av & 17th St","routes":["64"]}},{"type":"Feature","id":7966,"geometry":{"type":"Point","coordinates":[-75.1730469999999,39.938702]},"properties":{"stop_id":"24761","stop_name":"Washington Av & 18th St","routes":["64"]}},{"type":"Feature","id":7984,"geometry":{"type":"Point","coordinates":[-75.212676,39.940999]},"properties":{"stop_id":"31280","stop_name":"49th St & Woodland Av - FS","routes":["64"]}},{"type":"Feature","id":7985,"geometry":{"type":"Point","coordinates":[-75.213689,39.941858]},"properties":{"stop_id":"24845","stop_name":"49th St & Greenway Av","routes":["64"]}},{"type":"Feature","id":7986,"geometry":{"type":"Point","coordinates":[-75.215161,39.943092]},"properties":{"stop_id":"24846","stop_name":"49th St & Kingsessing Av","routes":["411","64"]}},{"type":"Feature","id":7987,"geometry":{"type":"Point","coordinates":[-75.2166329999999,39.944326]},"properties":{"stop_id":"24847","stop_name":"49th St & Chester Av - FS","routes":["411","64"]}},{"type":"Feature","id":7988,"geometry":{"type":"Point","coordinates":[-75.217835,39.945346]},"properties":{"stop_id":"24848","stop_name":"49th St & Springfield Av - FS","routes":["411","64"]}},{"type":"Feature","id":7990,"geometry":{"type":"Point","coordinates":[-75.219124,39.948588]},"properties":{"stop_id":"24852","stop_name":"48th St & Baltimore Av - FS","routes":["411","64"]}},{"type":"Feature","id":7993,"geometry":{"type":"Point","coordinates":[-75.2176029999999,39.955859]},"properties":{"stop_id":"24859","stop_name":"48th St & Walnut St","routes":["411","64"]}},{"type":"Feature","id":7994,"geometry":{"type":"Point","coordinates":[-75.217291,39.957393]},"properties":{"stop_id":"25587","stop_name":"48th St & Chestnut St","routes":["411","64"]}},{"type":"Feature","id":7996,"geometry":{"type":"Point","coordinates":[-75.214221,39.957299]},"properties":{"stop_id":"30827","stop_name":"Farragut St & Chestnut St - FS","routes":["64"]}},{"type":"Feature","id":7997,"geometry":{"type":"Point","coordinates":[-75.2139809999999,39.958485]},"properties":{"stop_id":"938","stop_name":"Farragut St & Market St","routes":["64"]}},{"type":"Feature","id":7999,"geometry":{"type":"Point","coordinates":[-75.2134609999999,39.962607]},"properties":{"stop_id":"25590","stop_name":"Haverford Av & 46th St - FS","routes":["64"]}},{"type":"Feature","id":8001,"geometry":{"type":"Point","coordinates":[-75.1916889999999,39.9641040000001]},"properties":{"stop_id":"22324","stop_name":"34th St & Haverford Av","routes":["38"]}},{"type":"Feature","id":8010,"geometry":{"type":"Point","coordinates":[-75.211955,39.9724670000001]},"properties":{"stop_id":"25914","stop_name":"Belmont Av & Mantua Av","routes":["43","64"]}},{"type":"Feature","id":8011,"geometry":{"type":"Point","coordinates":[-75.2121299999999,39.973173]},"properties":{"stop_id":"692","stop_name":"Belmont Av & Girard Av","routes":["43","64"]}},{"type":"Feature","id":8012,"geometry":{"type":"Point","coordinates":[-75.212527,39.9746010000001]},"properties":{"stop_id":"22100","stop_name":"Belmont Av & Thompson St","routes":["43","64"]}},{"type":"Feature","id":8014,"geometry":{"type":"Point","coordinates":[-75.2141819999999,39.9781300000001]},"properties":{"stop_id":"22103","stop_name":"Parkside Av & Belmont Av - FS","routes":["40","43","64"]}},{"type":"Feature","id":8015,"geometry":{"type":"Point","coordinates":[-75.2165889999999,39.9789900000001]},"properties":{"stop_id":"22210","stop_name":"Parkside Av & 49th St","routes":["40","64"]}},{"type":"Feature","id":8019,"geometry":{"type":"Point","coordinates":[-75.25873,39.962886]},"properties":{"stop_id":"33111","stop_name":"69th St TC North Berth 2","routes":["65"]}},{"type":"Feature","id":8033,"geometry":{"type":"Point","coordinates":[-75.2462639999999,39.983955]},"properties":{"stop_id":"293","stop_name":"Malvern Av & 63rd St Loop","routes":["65"]}},{"type":"Feature","id":8034,"geometry":{"type":"Point","coordinates":[-75.2475469999999,39.9858310000001]},"properties":{"stop_id":"3839","stop_name":"63rd St & Woodbine Av - FS","routes":["65"]}},{"type":"Feature","id":8037,"geometry":{"type":"Point","coordinates":[-75.250644,39.9897270000001]},"properties":{"stop_id":"3826","stop_name":"63rd St & City Line Av","routes":["65"]}},{"type":"Feature","id":8066,"geometry":{"type":"Point","coordinates":[-75.20746,40.027813]},"properties":{"stop_id":"14061","stop_name":"Walnut Ln & Houghton St","routes":["439","65"]}},{"type":"Feature","id":8067,"geometry":{"type":"Point","coordinates":[-75.205791,40.028515]},"properties":{"stop_id":"947","stop_name":"Walnut Ln & Henry Av","routes":["439","65"]}},{"type":"Feature","id":8068,"geometry":{"type":"Point","coordinates":[-75.203482,40.029474]},"properties":{"stop_id":"14066","stop_name":"Walnut Ln & Magdalena St","routes":["438","439","65"]}},{"type":"Feature","id":8092,"geometry":{"type":"Point","coordinates":[-75.1863519999999,40.033307]},"properties":{"stop_id":"20553","stop_name":"Walnut Ln & Morris St","routes":["438","439","65"]}},{"type":"Feature","id":8099,"geometry":{"type":"Point","coordinates":[-75.2054469999999,40.0287730000001]},"properties":{"stop_id":"951","stop_name":"Walnut Ln & Henry Av","routes":["0","438","439","65"]}},{"type":"Feature","id":8100,"geometry":{"type":"Point","coordinates":[-75.2072939999999,40.0280090000001]},"properties":{"stop_id":"20557","stop_name":"Walnut Ln & Houghton St","routes":["439","65"]}},{"type":"Feature","id":8126,"geometry":{"type":"Point","coordinates":[-75.243759,39.993189]},"properties":{"stop_id":"20566","stop_name":"City Av & Berwick Rd","routes":["65"]}},{"type":"Feature","id":8127,"geometry":{"type":"Point","coordinates":[-75.245628,39.992308]},"properties":{"stop_id":"31284","stop_name":"City Av & Raynham Rd","routes":["65"]}},{"type":"Feature","id":8128,"geometry":{"type":"Point","coordinates":[-75.247911,39.9912220000001]},"properties":{"stop_id":"20567","stop_name":"City Av & Blancoyd Rd","routes":["65"]}},{"type":"Feature","id":8129,"geometry":{"type":"Point","coordinates":[-75.249082,39.9906530000001]},"properties":{"stop_id":"20568","stop_name":"City Av & Merion Rd","routes":["65"]}},{"type":"Feature","id":8130,"geometry":{"type":"Point","coordinates":[-75.25068,39.9895750000001]},"properties":{"stop_id":"20569","stop_name":"63rd St & City Line Av - FS","routes":["65"]}},{"type":"Feature","id":8133,"geometry":{"type":"Point","coordinates":[-75.247641,39.98576]},"properties":{"stop_id":"20574","stop_name":"63rd St & Woodbine Av","routes":["65"]}},{"type":"Feature","id":8151,"geometry":{"type":"Point","coordinates":[-75.077184,40.0235520000001]},"properties":{"stop_id":"21941","stop_name":"Frankford Transit Center - Rt 66","routes":["66"]}},{"type":"Feature","id":8186,"geometry":{"type":"Point","coordinates":[-75.004834,40.0546380000001]},"properties":{"stop_id":"21858","stop_name":"Frankford Av & Linden Av","routes":["66","70"]}},{"type":"Feature","id":8187,"geometry":{"type":"Point","coordinates":[-75.0030169999999,40.055926]},"properties":{"stop_id":"21859","stop_name":"Frankford Av & Arendell Av","routes":["462","66"]}},{"type":"Feature","id":8208,"geometry":{"type":"Point","coordinates":[-75.004738,40.054879]},"properties":{"stop_id":"21918","stop_name":"Frankford Av & Linden Av","routes":["450","462","66"]}},{"type":"Feature","id":8209,"geometry":{"type":"Point","coordinates":[-75.005394,40.0539170000001]},"properties":{"stop_id":"1227","stop_name":"Frankford Av & Gregg St Loop","routes":["66","70","88"]}},{"type":"Feature","id":8247,"geometry":{"type":"Point","coordinates":[-75.077715,40.023875]},"properties":{"stop_id":"21966","stop_name":"Frankford Transit Center - Rt 67","routes":["67"]}},{"type":"Feature","id":8275,"geometry":{"type":"Point","coordinates":[-75.08217,40.06057]},"properties":{"stop_id":"17696","stop_name":"Cottman Av & Bingham St","routes":["67","70","77"]}},{"type":"Feature","id":8276,"geometry":{"type":"Point","coordinates":[-75.0833029999999,40.0612340000001]},"properties":{"stop_id":"1028","stop_name":"Cottman Av & Oxford Av","routes":["67","70","77"]}},{"type":"Feature","id":8279,"geometry":{"type":"Point","coordinates":[-75.190015,39.9630290000001]},"properties":{"stop_id":"679","stop_name":"Spring Garden St & 33rd St","routes":["38","43"]}},{"type":"Feature","id":8282,"geometry":{"type":"Point","coordinates":[-75.0796809999999,40.0690690000001]},"properties":{"stop_id":"22862","stop_name":"Verree Rd & Hartel Av","routes":["495","67"]}},{"type":"Feature","id":8283,"geometry":{"type":"Point","coordinates":[-75.078433,40.07027]},"properties":{"stop_id":"22863","stop_name":"Verree Rd & Borbeck Av","routes":["495","67"]}},{"type":"Feature","id":8284,"geometry":{"type":"Point","coordinates":[-75.077208,40.07149]},"properties":{"stop_id":"22864","stop_name":"Verree Rd & Loney St","routes":["495","67"]}},{"type":"Feature","id":8500,"geometry":{"type":"Point","coordinates":[-75.077243,40.0717220000001]},"properties":{"stop_id":"22977","stop_name":"Verree Rd & Loney St","routes":["495","67"]}},{"type":"Feature","id":8501,"geometry":{"type":"Point","coordinates":[-75.078432,40.070538]},"properties":{"stop_id":"22978","stop_name":"Verree Rd & Borbeck Av","routes":["495","67"]}},{"type":"Feature","id":8502,"geometry":{"type":"Point","coordinates":[-75.079691,40.0693370000001]},"properties":{"stop_id":"22979","stop_name":"Verree Rd & Hartel Av","routes":["495","67"]}},{"type":"Feature","id":8505,"geometry":{"type":"Point","coordinates":[-75.083435,40.06559]},"properties":{"stop_id":"22982","stop_name":"Verree Rd & Oxford Av","routes":["495","67"]}},{"type":"Feature","id":8507,"geometry":{"type":"Point","coordinates":[-75.083292,40.061064]},"properties":{"stop_id":"22983","stop_name":"Cottman Av & Oxford Av - FS","routes":["67"]}},{"type":"Feature","id":8508,"geometry":{"type":"Point","coordinates":[-75.0821119999999,40.060373]},"properties":{"stop_id":"6426","stop_name":"Cottman Av & Bingham St - FS","routes":["67","70","77"]}},{"type":"Feature","id":8537,"geometry":{"type":"Point","coordinates":[-75.1716029999999,39.9167620000001]},"properties":{"stop_id":"31308","stop_name":"Oregon Av & Broad St","routes":["68"]}},{"type":"Feature","id":8540,"geometry":{"type":"Point","coordinates":[-75.1718109999999,39.9115330000001]},"properties":{"stop_id":"30188","stop_name":"Packer Av & Broad St - FS","routes":["68"]}},{"type":"Feature","id":8541,"geometry":{"type":"Point","coordinates":[-75.170442,39.9113520000001]},"properties":{"stop_id":"29446","stop_name":"Packer Av & 13th St","routes":["68"]}},{"type":"Feature","id":8542,"geometry":{"type":"Point","coordinates":[-75.165379,39.911305]},"properties":{"stop_id":"29432","stop_name":"10th St & Packer Av - FS","routes":["68"]}},{"type":"Feature","id":8543,"geometry":{"type":"Point","coordinates":[-75.1650059999999,39.9132500000001]},"properties":{"stop_id":"24617","stop_name":"10th St & Bigler St","routes":["68"]}},{"type":"Feature","id":8544,"geometry":{"type":"Point","coordinates":[-75.1644659999999,39.9157300000001]},"properties":{"stop_id":"986","stop_name":"10th St & Oregon Av","routes":["68"]}},{"type":"Feature","id":8548,"geometry":{"type":"Point","coordinates":[-75.172972,39.9168460000001]},"properties":{"stop_id":"24618","stop_name":"Moyamensing Av & 15th St","routes":["68"]}},{"type":"Feature","id":8549,"geometry":{"type":"Point","coordinates":[-75.174662,39.9162420000001]},"properties":{"stop_id":"24619","stop_name":"Moyamensing Av & 16th St","routes":["68"]}},{"type":"Feature","id":8553,"geometry":{"type":"Point","coordinates":[-75.181754,39.9133830000001]},"properties":{"stop_id":"988","stop_name":"Moyamensing Av & 20th St","routes":["68"]}},{"type":"Feature","id":8554,"geometry":{"type":"Point","coordinates":[-75.183197,39.912538]},"properties":{"stop_id":"29433","stop_name":"Penrose Av & 20th St - FS","routes":["68"]}},{"type":"Feature","id":8556,"geometry":{"type":"Point","coordinates":[-75.189857,39.907856]},"properties":{"stop_id":"29434","stop_name":"Penrose Av & Pattison Av","routes":["68"]}},{"type":"Feature","id":8557,"geometry":{"type":"Point","coordinates":[-75.193687,39.906007]},"properties":{"stop_id":"32640","stop_name":"Penrose Av & 26th St","routes":["68"]}},{"type":"Feature","id":8558,"geometry":{"type":"Point","coordinates":[-75.193228,39.8984740000001]},"properties":{"stop_id":"29922","stop_name":"26th St & Tastykake - 1","routes":["68"]}},{"type":"Feature","id":8559,"geometry":{"type":"Point","coordinates":[-75.1918439999999,39.895812]},"properties":{"stop_id":"31590","stop_name":"26th St & Tastykake - 2","routes":["68"]}},{"type":"Feature","id":8560,"geometry":{"type":"Point","coordinates":[-75.193098,39.898536]},"properties":{"stop_id":"31591","stop_name":"26th St & Tastykake - 3","routes":["68"]}},{"type":"Feature","id":8561,"geometry":{"type":"Point","coordinates":[-75.233187,39.888467]},"properties":{"stop_id":"29439","stop_name":"Island Av & Penrose Av - MBFS","routes":["68"]}},{"type":"Feature","id":8571,"geometry":{"type":"Point","coordinates":[-75.233009,39.888832]},"properties":{"stop_id":"31322","stop_name":"Island Av & Penrose Av - MBNS","routes":["68"]}},{"type":"Feature","id":8572,"geometry":{"type":"Point","coordinates":[-75.234654,39.8915930000001]},"properties":{"stop_id":"989","stop_name":"Island Av & Penrose Av - MBFS","routes":["68"]}},{"type":"Feature","id":8592,"geometry":{"type":"Point","coordinates":[-75.232264,39.8980060000001]},"properties":{"stop_id":"32121","stop_name":"Holstein Av & 78th St","routes":["68"]}},{"type":"Feature","id":8593,"geometry":{"type":"Point","coordinates":[-75.229932,39.9006440000001]},"properties":{"stop_id":"32122","stop_name":"Holstein Av & 76th St","routes":["68"]}},{"type":"Feature","id":8595,"geometry":{"type":"Point","coordinates":[-75.227884,39.907138]},"properties":{"stop_id":"32124","stop_name":"70th St & Norwitch Dr","routes":["68"]}},{"type":"Feature","id":8601,"geometry":{"type":"Point","coordinates":[-75.240984,39.907203]},"properties":{"stop_id":"32125","stop_name":"Island Av & 76th St","routes":["0","68"]}},{"type":"Feature","id":8602,"geometry":{"type":"Point","coordinates":[-75.242578,39.9112930000001]},"properties":{"stop_id":"31775","stop_name":"Island Av & Buist Av - 2 bus","routes":["0","68"]}},{"type":"Feature","id":8603,"geometry":{"type":"Point","coordinates":[-75.2429529999999,39.912444]},"properties":{"stop_id":"32126","stop_name":"Island Av & Theodore St","routes":["68"]}},{"type":"Feature","id":8604,"geometry":{"type":"Point","coordinates":[-75.246187,39.917135]},"properties":{"stop_id":"29961","stop_name":"Island Av & Woodland Av","routes":["68"]}},{"type":"Feature","id":8605,"geometry":{"type":"Point","coordinates":[-75.2465789999999,39.920732]},"properties":{"stop_id":"32127","stop_name":"Cobbs Creek Pkwy & Upland St","routes":["68"]}},{"type":"Feature","id":8607,"geometry":{"type":"Point","coordinates":[-75.2465,39.928389]},"properties":{"stop_id":"19590","stop_name":"Church Ln & MacDade Blvd","routes":["108","68"]}},{"type":"Feature","id":8608,"geometry":{"type":"Point","coordinates":[-75.247171,39.929399]},"properties":{"stop_id":"19591","stop_name":"Church Ln & Rader Av","routes":["108","68"]}},{"type":"Feature","id":8609,"geometry":{"type":"Point","coordinates":[-75.248053,39.930551]},"properties":{"stop_id":"19592","stop_name":"Church Ln & Darnell Av","routes":["108","68"]}},{"type":"Feature","id":8614,"geometry":{"type":"Point","coordinates":[-75.253339,39.9365290000001]},"properties":{"stop_id":"19597","stop_name":"Church Ln & Baily Rd","routes":["108","68"]}},{"type":"Feature","id":8615,"geometry":{"type":"Point","coordinates":[-75.254989,39.9378970000001]},"properties":{"stop_id":"19598","stop_name":"Church Ln & Myra Av","routes":["108","68"]}},{"type":"Feature","id":8616,"geometry":{"type":"Point","coordinates":[-75.255777,39.9388710000001]},"properties":{"stop_id":"19599","stop_name":"Church Ln & Penn St","routes":["108","68"]}},{"type":"Feature","id":8617,"geometry":{"type":"Point","coordinates":[-75.2560559999999,39.9409420000001]},"properties":{"stop_id":"15002","stop_name":"Church Ln & Baltimore Av","routes":["108","68"]}},{"type":"Feature","id":8618,"geometry":{"type":"Point","coordinates":[-75.256377,39.944709]},"properties":{"stop_id":"19600","stop_name":"Long Ln & Oak Av - MBNS","routes":["108","68"]}},{"type":"Feature","id":8619,"geometry":{"type":"Point","coordinates":[-75.2575669999999,39.9456650000001]},"properties":{"stop_id":"19601","stop_name":"Long Ln & Atlantic Av","routes":["108","68"]}},{"type":"Feature","id":8620,"geometry":{"type":"Point","coordinates":[-75.258027,39.946041]},"properties":{"stop_id":"19602","stop_name":"Long Ln & Emerson Av","routes":["108","68"]}},{"type":"Feature","id":8622,"geometry":{"type":"Point","coordinates":[-75.2607599999999,39.948561]},"properties":{"stop_id":"19604","stop_name":"Long Ln & Clinton Rd","routes":["108","68"]}},{"type":"Feature","id":8623,"geometry":{"type":"Point","coordinates":[-75.2618199999999,39.950071]},"properties":{"stop_id":"19605","stop_name":"Long Ln & Guilford Rd","routes":["108","68"]}},{"type":"Feature","id":8625,"geometry":{"type":"Point","coordinates":[-75.26238,39.9529630000001]},"properties":{"stop_id":"19607","stop_name":"Grace Rd & Marshall Rd","routes":["108","68"]}},{"type":"Feature","id":8626,"geometry":{"type":"Point","coordinates":[-75.26134,39.9532300000001]},"properties":{"stop_id":"19608","stop_name":"Marshall Rd & Hampden Rd","routes":["108","42","68"]}},{"type":"Feature","id":8627,"geometry":{"type":"Point","coordinates":[-75.259899,39.953451]},"properties":{"stop_id":"22106","stop_name":"Marshall Rd & Millbank Rd - FS","routes":["108","42","68"]}},{"type":"Feature","id":8628,"geometry":{"type":"Point","coordinates":[-75.257754,39.9566610000001]},"properties":{"stop_id":"19610","stop_name":"69th St & Walnut St - FS","routes":["107","108","113","68"]}},{"type":"Feature","id":8629,"geometry":{"type":"Point","coordinates":[-75.257987,39.9576970000001]},"properties":{"stop_id":"29816","stop_name":"69th St & Sansom St","routes":["107","108","113","68"]}},{"type":"Feature","id":8630,"geometry":{"type":"Point","coordinates":[-75.258256,39.958777]},"properties":{"stop_id":"19611","stop_name":"69th St & Chestnut St","routes":["107","108","113","68"]}},{"type":"Feature","id":8631,"geometry":{"type":"Point","coordinates":[-75.258818,39.9610270000001]},"properties":{"stop_id":"19612","stop_name":"69th St & Ludlow St","routes":["107","108","113","68"]}},{"type":"Feature","id":8634,"geometry":{"type":"Point","coordinates":[-75.2589599999999,39.9608930000001]},"properties":{"stop_id":"19613","stop_name":"69th St & Ludlow St - FS","routes":["107","108","113","68"]}},{"type":"Feature","id":8635,"geometry":{"type":"Point","coordinates":[-75.25848,39.9590000000001]},"properties":{"stop_id":"19614","stop_name":"69th St Blvd & Chestnut St","routes":["107","108","113","68"]}},{"type":"Feature","id":8636,"geometry":{"type":"Point","coordinates":[-75.258211,39.9578930000001]},"properties":{"stop_id":"30515","stop_name":"69th St Blvd & Sansom St","routes":["107","108","113","68"]}},{"type":"Feature","id":8637,"geometry":{"type":"Point","coordinates":[-75.257919,39.956581]},"properties":{"stop_id":"19615","stop_name":"69th St & Walnut St","routes":["107","108","113","68"]}},{"type":"Feature","id":8638,"geometry":{"type":"Point","coordinates":[-75.2601349999999,39.953514]},"properties":{"stop_id":"22184","stop_name":"Marshall Rd & Millbank Rd - FS","routes":["108","42","68"]}},{"type":"Feature","id":8639,"geometry":{"type":"Point","coordinates":[-75.262593,39.952812]},"properties":{"stop_id":"19618","stop_name":"Grace Rd & Copley Rd - FS","routes":["108","68"]}},{"type":"Feature","id":8641,"geometry":{"type":"Point","coordinates":[-75.262079,39.9502230000001]},"properties":{"stop_id":"19620","stop_name":"Long Ln & Guilford Rd","routes":["108","68"]}},{"type":"Feature","id":8642,"geometry":{"type":"Point","coordinates":[-75.260938,39.948588]},"properties":{"stop_id":"19621","stop_name":"Long Ln & Clinton Rd","routes":["108","68"]}},{"type":"Feature","id":8644,"geometry":{"type":"Point","coordinates":[-75.258228,39.946041]},"properties":{"stop_id":"19623","stop_name":"Long Ln & Emerson Av","routes":["108","68"]}},{"type":"Feature","id":8645,"geometry":{"type":"Point","coordinates":[-75.257238,39.945245]},"properties":{"stop_id":"19624","stop_name":"Long Ln & Atlantic Av - FS","routes":["108","68"]}},{"type":"Feature","id":8646,"geometry":{"type":"Point","coordinates":[-75.256544,39.943852]},"properties":{"stop_id":"19625","stop_name":"Oak Ln & Pembroke Av","routes":["108","68"]}},{"type":"Feature","id":8647,"geometry":{"type":"Point","coordinates":[-75.256232,39.9411920000001]},"properties":{"stop_id":"1150","stop_name":"Church Ln & Baltimore Av","routes":["108","68"]}},{"type":"Feature","id":8648,"geometry":{"type":"Point","coordinates":[-75.255954,39.93888]},"properties":{"stop_id":"19626","stop_name":"Church Ln & Penn St - FS","routes":["108","68"]}},{"type":"Feature","id":8649,"geometry":{"type":"Point","coordinates":[-75.255236,39.9379960000001]},"properties":{"stop_id":"19627","stop_name":"Church Ln & Myra Av","routes":["108","68"]}},{"type":"Feature","id":8650,"geometry":{"type":"Point","coordinates":[-75.253811,39.936539]},"properties":{"stop_id":"19628","stop_name":"Church Ln & Baily Rd","routes":["108","68"]}},{"type":"Feature","id":8655,"geometry":{"type":"Point","coordinates":[-75.2483359999999,39.930641]},"properties":{"stop_id":"19633","stop_name":"Church Ln & Darnell Av","routes":["108","68"]}},{"type":"Feature","id":8656,"geometry":{"type":"Point","coordinates":[-75.247312,39.9293010000001]},"properties":{"stop_id":"19634","stop_name":"Church Ln & Rader Av - FS","routes":["108","68"]}},{"type":"Feature","id":8657,"geometry":{"type":"Point","coordinates":[-75.2467829999999,39.928595]},"properties":{"stop_id":"19635","stop_name":"Church Ln & MacDade Blvd","routes":["108","68"]}},{"type":"Feature","id":8659,"geometry":{"type":"Point","coordinates":[-75.2467559999999,39.920625]},"properties":{"stop_id":"32108","stop_name":"Cobbs Creek Pkwy & Upland St - FS","routes":["68"]}},{"type":"Feature","id":8660,"geometry":{"type":"Point","coordinates":[-75.246529,39.917287]},"properties":{"stop_id":"14656","stop_name":"Island Av & Woodland Av","routes":["68"]}},{"type":"Feature","id":8661,"geometry":{"type":"Point","coordinates":[-75.243411,39.9131590000001]},"properties":{"stop_id":"30942","stop_name":"Island Av & Elmwood Av","routes":["68"]}},{"type":"Feature","id":8662,"geometry":{"type":"Point","coordinates":[-75.243049,39.9117220000001]},"properties":{"stop_id":"32109","stop_name":"Island Av & 74th St","routes":["68"]}},{"type":"Feature","id":8669,"geometry":{"type":"Point","coordinates":[-75.228262,39.9072360000001]},"properties":{"stop_id":"32110","stop_name":"70th St & Norwitch Dr","routes":["68"]}},{"type":"Feature","id":8671,"geometry":{"type":"Point","coordinates":[-75.2298959999999,39.9009110000001]},"properties":{"stop_id":"32111","stop_name":"Holstein Av & 76th St","routes":["68"]}},{"type":"Feature","id":8672,"geometry":{"type":"Point","coordinates":[-75.232311,39.8982290000001]},"properties":{"stop_id":"32112","stop_name":"Holstein Av & 78th St","routes":["68"]}},{"type":"Feature","id":8690,"geometry":{"type":"Point","coordinates":[-75.23482,39.8912]},"properties":{"stop_id":"24612","stop_name":"Island Av & Penrose Av - MBNS","routes":["68"]}},{"type":"Feature","id":8702,"geometry":{"type":"Point","coordinates":[-75.173955,39.902818]},"properties":{"stop_id":"30558","stop_name":"Broad St & Zinkoff Blvd - MBNS","routes":["45","68"]}},{"type":"Feature","id":8704,"geometry":{"type":"Point","coordinates":[-75.195461,39.904859]},"properties":{"stop_id":"32641","stop_name":"Penrose Av & 26th St - MBNS","routes":["68"]}},{"type":"Feature","id":8708,"geometry":{"type":"Point","coordinates":[-75.1913709999999,39.906815]},"properties":{"stop_id":"29444","stop_name":"Penrose & Pattison Av - MBNS","routes":["68"]}},{"type":"Feature","id":8709,"geometry":{"type":"Point","coordinates":[-75.1897509999999,39.907722]},"properties":{"stop_id":"31452","stop_name":"Penrose & Pattison Av - FS","routes":["68"]}},{"type":"Feature","id":8710,"geometry":{"type":"Point","coordinates":[-75.182949,39.912492]},"properties":{"stop_id":"31323","stop_name":"Penrose Av & 20th St","routes":["68"]}},{"type":"Feature","id":8711,"geometry":{"type":"Point","coordinates":[-75.181708,39.913034]},"properties":{"stop_id":"998","stop_name":"Penrose Av & 20th St - FS","routes":["68"]}},{"type":"Feature","id":8712,"geometry":{"type":"Point","coordinates":[-75.1795329999999,39.913905]},"properties":{"stop_id":"24614","stop_name":"Moyamensing Av & Pollock St","routes":["68"]}},{"type":"Feature","id":8715,"geometry":{"type":"Point","coordinates":[-75.174699,39.9158320000001]},"properties":{"stop_id":"24615","stop_name":"Moyamensing Av & 16th St","routes":["68"]}},{"type":"Feature","id":8716,"geometry":{"type":"Point","coordinates":[-75.173281,39.9163820000001]},"properties":{"stop_id":"24616","stop_name":"Moyamensing Av & 15th St","routes":["68"]}},{"type":"Feature","id":8733,"geometry":{"type":"Point","coordinates":[-75.1250449999999,40.0545670000001]},"properties":{"stop_id":"1003","stop_name":"Oak Lane & Cheltenham Av","routes":["70"]}},{"type":"Feature","id":8739,"geometry":{"type":"Point","coordinates":[-75.113146,40.0603750000001]},"properties":{"stop_id":"26382","stop_name":"Oak Ln & Coventry Rd","routes":["70"]}},{"type":"Feature","id":8740,"geometry":{"type":"Point","coordinates":[-75.11234,40.060837]},"properties":{"stop_id":"22732","stop_name":"Oak Ln & Brookfield Rd","routes":["70"]}},{"type":"Feature","id":8743,"geometry":{"type":"Point","coordinates":[-75.105741,40.060686]},"properties":{"stop_id":"22736","stop_name":"Ashbourne Rd & Boyer Rd","routes":["70"]}},{"type":"Feature","id":8744,"geometry":{"type":"Point","coordinates":[-75.1051229999999,40.061319]},"properties":{"stop_id":"22737","stop_name":"Ashbourne Rd & Croyden Rd","routes":["70"]}},{"type":"Feature","id":8745,"geometry":{"type":"Point","coordinates":[-75.104304,40.061986]},"properties":{"stop_id":"22738","stop_name":"Ashbourne Rd & Jenkintown Rd","routes":["70"]}},{"type":"Feature","id":8746,"geometry":{"type":"Point","coordinates":[-75.103038,40.062081]},"properties":{"stop_id":"22739","stop_name":"Ashbourne Rd & Rolling Green Rd","routes":["70"]}},{"type":"Feature","id":8752,"geometry":{"type":"Point","coordinates":[-75.094385,40.0611740000001]},"properties":{"stop_id":"22745","stop_name":"Central Av & Laurel Av","routes":["70"]}},{"type":"Feature","id":8753,"geometry":{"type":"Point","coordinates":[-75.09347,40.0621000000001]},"properties":{"stop_id":"22746","stop_name":"Central Av & Myrtle Av","routes":["70"]}},{"type":"Feature","id":8754,"geometry":{"type":"Point","coordinates":[-75.0926499999999,40.062892]},"properties":{"stop_id":"22747","stop_name":"Central Av & Franklin Av","routes":["70"]}},{"type":"Feature","id":8756,"geometry":{"type":"Point","coordinates":[-75.0911169999999,40.0644060000001]},"properties":{"stop_id":"22749","stop_name":"Central Av & Jefferson Av","routes":["70"]}},{"type":"Feature","id":8757,"geometry":{"type":"Point","coordinates":[-75.0904869999999,40.0650820000001]},"properties":{"stop_id":"22750","stop_name":"Central Av & Cottman Av","routes":["70"]}},{"type":"Feature","id":8761,"geometry":{"type":"Point","coordinates":[-75.083657,40.0612880000001]},"properties":{"stop_id":"1008","stop_name":"Cottman Av & Oxford Av","routes":["70","77"]}},{"type":"Feature","id":8775,"geometry":{"type":"Point","coordinates":[-75.0601789999999,40.0477800000001]},"properties":{"stop_id":"1056","stop_name":"Cottman Av & Bustleton Av","routes":["433","70","77"]}},{"type":"Feature","id":8777,"geometry":{"type":"Point","coordinates":[-75.054791,40.0446670000001]},"properties":{"stop_id":"1013","stop_name":"Cottman Av & Roosevelt Blvd","routes":["433","70","77"]}},{"type":"Feature","id":8778,"geometry":{"type":"Point","coordinates":[-75.053483,40.0438770000001]},"properties":{"stop_id":"17513","stop_name":"Cottman Av & Revere St","routes":["433","70","77"]}},{"type":"Feature","id":8779,"geometry":{"type":"Point","coordinates":[-75.052127,40.043124]},"properties":{"stop_id":"22752","stop_name":"Cottman Av & Brous Av - FS","routes":["433","70"]}},{"type":"Feature","id":8783,"geometry":{"type":"Point","coordinates":[-75.045962,40.0395970000001]},"properties":{"stop_id":"22754","stop_name":"Cottman Av & Rowland Av","routes":["70"]}},{"type":"Feature","id":8786,"geometry":{"type":"Point","coordinates":[-75.039599,40.035426]},"properties":{"stop_id":"22757","stop_name":"Cottman Av & Erdrick St","routes":["70"]}},{"type":"Feature","id":8787,"geometry":{"type":"Point","coordinates":[-75.038755,40.0344160000001]},"properties":{"stop_id":"22758","stop_name":"Cottman Av & Walker St","routes":["70"]}},{"type":"Feature","id":8788,"geometry":{"type":"Point","coordinates":[-75.037897,40.0333610000001]},"properties":{"stop_id":"22774","stop_name":"Cottman Av & Cottage St","routes":["70"]}},{"type":"Feature","id":8789,"geometry":{"type":"Point","coordinates":[-75.037027,40.0322770000001]},"properties":{"stop_id":"22775","stop_name":"Cottman Av & Jackson St","routes":["70"]}},{"type":"Feature","id":8790,"geometry":{"type":"Point","coordinates":[-75.035883,40.0298110000001]},"properties":{"stop_id":"22706","stop_name":"Torresdale Av & Cottman Av - FS","routes":["70","84"]}},{"type":"Feature","id":8798,"geometry":{"type":"Point","coordinates":[-75.025911,40.0288780000001]},"properties":{"stop_id":"26386","stop_name":"State Rd & Bleigh Av - MBFS","routes":["70"]}},{"type":"Feature","id":8799,"geometry":{"type":"Point","coordinates":[-75.022543,40.030759]},"properties":{"stop_id":"1016","stop_name":"State Rd & Rhawn St","routes":["70"]}},{"type":"Feature","id":8804,"geometry":{"type":"Point","coordinates":[-75.0141819999999,40.039425]},"properties":{"stop_id":"22776","stop_name":"Ashburner St & Hegerman St","routes":["70"]}},{"type":"Feature","id":8805,"geometry":{"type":"Point","coordinates":[-75.0152879999999,40.040312]},"properties":{"stop_id":"22777","stop_name":"Ashburner St & Torresdale Av","routes":["70"]}},{"type":"Feature","id":8806,"geometry":{"type":"Point","coordinates":[-75.013343,40.041359]},"properties":{"stop_id":"26390","stop_name":"Torresdale Av & Blakiston St","routes":["70"]}},{"type":"Feature","id":8814,"geometry":{"type":"Point","coordinates":[-75.003456,40.053661]},"properties":{"stop_id":"22785","stop_name":"Linden Av & Cottage St","routes":["70"]}},{"type":"Feature","id":8818,"geometry":{"type":"Point","coordinates":[-75.0034919999999,40.053518]},"properties":{"stop_id":"22787","stop_name":"Linden Av & Cottage St - FS","routes":["70"]}},{"type":"Feature","id":8826,"geometry":{"type":"Point","coordinates":[-75.0132589999999,40.0415820000001]},"properties":{"stop_id":"22793","stop_name":"Torresdale Av & Blakiston St","routes":["70"]}},{"type":"Feature","id":8827,"geometry":{"type":"Point","coordinates":[-75.015324,40.040178]},"properties":{"stop_id":"22794","stop_name":"Ashburner St & Torresdale Av - FS","routes":["70"]}},{"type":"Feature","id":8832,"geometry":{"type":"Point","coordinates":[-75.021712,40.031363]},"properties":{"stop_id":"1019","stop_name":"State Rd & Rhawn St","routes":["70","84"]}},{"type":"Feature","id":8833,"geometry":{"type":"Point","coordinates":[-75.024131,40.030023]},"properties":{"stop_id":"26502","stop_name":"State Rd & Rhawn St - MBFS","routes":["70"]}},{"type":"Feature","id":8834,"geometry":{"type":"Point","coordinates":[-75.0266329999999,40.0286390000001]},"properties":{"stop_id":"26503","stop_name":"State Rd & Bleigh Av - MBNS","routes":["70"]}},{"type":"Feature","id":8835,"geometry":{"type":"Point","coordinates":[-75.02878,40.027432]},"properties":{"stop_id":"22796","stop_name":"State Rd & Bleigh Av","routes":["70"]}},{"type":"Feature","id":8837,"geometry":{"type":"Point","coordinates":[-75.033845,40.028555]},"properties":{"stop_id":"22532","stop_name":"Cottman Av & Edmund St","routes":["70","84"]}},{"type":"Feature","id":8840,"geometry":{"type":"Point","coordinates":[-75.0367919999999,40.032241]},"properties":{"stop_id":"22799","stop_name":"Cottman Av & Jackson St","routes":["70"]}},{"type":"Feature","id":8841,"geometry":{"type":"Point","coordinates":[-75.037649,40.0332970000001]},"properties":{"stop_id":"22800","stop_name":"Cottman Av & Cottage St","routes":["70"]}},{"type":"Feature","id":8842,"geometry":{"type":"Point","coordinates":[-75.038518,40.0343530000001]},"properties":{"stop_id":"22801","stop_name":"Cottman Av & Walker St","routes":["70"]}},{"type":"Feature","id":8843,"geometry":{"type":"Point","coordinates":[-75.039352,40.0353910000001]},"properties":{"stop_id":"22802","stop_name":"Cottman Av & Erdrick St","routes":["70"]}},{"type":"Feature","id":8846,"geometry":{"type":"Point","coordinates":[-75.045985,40.039767]},"properties":{"stop_id":"22453","stop_name":"Cottman Av & Rowland Av - FS","routes":["70","88"]}},{"type":"Feature","id":8851,"geometry":{"type":"Point","coordinates":[-75.052126,40.043284]},"properties":{"stop_id":"30986","stop_name":"Cottman Av & Brous Av","routes":["433","70"]}},{"type":"Feature","id":8852,"geometry":{"type":"Point","coordinates":[-75.053907,40.044289]},"properties":{"stop_id":"1023","stop_name":"Cottman Av & Roosevelt Blvd","routes":["433","70"]}},{"type":"Feature","id":8853,"geometry":{"type":"Point","coordinates":[-75.055333,40.045124]},"properties":{"stop_id":"17681","stop_name":"Cottman Av & Roosevelt Blvd - FS","routes":["433","70","77"]}},{"type":"Feature","id":8855,"geometry":{"type":"Point","coordinates":[-75.060131,40.047896]},"properties":{"stop_id":"1024","stop_name":"Cottman Av & Bustleton Av - FS","routes":["433","70","77"]}},{"type":"Feature","id":8873,"geometry":{"type":"Point","coordinates":[-75.0911399999999,40.064602]},"properties":{"stop_id":"22811","stop_name":"Central Av & Jefferson Av","routes":["70"]}},{"type":"Feature","id":8875,"geometry":{"type":"Point","coordinates":[-75.0926729999999,40.063089]},"properties":{"stop_id":"22813","stop_name":"Central Av & Franklin Av","routes":["70"]}},{"type":"Feature","id":8876,"geometry":{"type":"Point","coordinates":[-75.0934329999999,40.0623140000001]},"properties":{"stop_id":"22814","stop_name":"Central Av & Myrtle Av","routes":["70"]}},{"type":"Feature","id":8877,"geometry":{"type":"Point","coordinates":[-75.0944069999999,40.0613710000001]},"properties":{"stop_id":"22815","stop_name":"Central Av & Laurel Av","routes":["70"]}},{"type":"Feature","id":8884,"geometry":{"type":"Point","coordinates":[-75.1042199999999,40.062146]},"properties":{"stop_id":"26505","stop_name":"Ashbourne Rd & Jenkintown Rd","routes":["70"]}},{"type":"Feature","id":8885,"geometry":{"type":"Point","coordinates":[-75.105227,40.0613880000001]},"properties":{"stop_id":"22822","stop_name":"Ashbourne Rd & Croyden Rd - FS","routes":["70"]}},{"type":"Feature","id":8886,"geometry":{"type":"Point","coordinates":[-75.1059079999999,40.060706]},"properties":{"stop_id":"22823","stop_name":"Ashbourne Rd & Boyer Rd - FS","routes":["70"]}},{"type":"Feature","id":8888,"geometry":{"type":"Point","coordinates":[-75.1111059999999,40.061744]},"properties":{"stop_id":"26506","stop_name":"Oak Ln Rd & Ashbourne Rd - FS","routes":["70"]}},{"type":"Feature","id":8889,"geometry":{"type":"Point","coordinates":[-75.1121249999999,40.0611220000001]},"properties":{"stop_id":"26507","stop_name":"Oak Ln Rd & Brookfield Rd","routes":["70"]}},{"type":"Feature","id":8890,"geometry":{"type":"Point","coordinates":[-75.113145,40.060527]},"properties":{"stop_id":"22825","stop_name":"Oak Ln Rd & Coventry Av","routes":["70"]}},{"type":"Feature","id":8896,"geometry":{"type":"Point","coordinates":[-75.124558,40.0549320000001]},"properties":{"stop_id":"1030","stop_name":"Oak Lane Rd & Valley Rd","routes":["70"]}},{"type":"Feature","id":8897,"geometry":{"type":"Point","coordinates":[-75.1264419999999,40.054132]},"properties":{"stop_id":"22831","stop_name":"Oak Ln Rd & 5th St","routes":["70"]}},{"type":"Feature","id":8912,"geometry":{"type":"Point","coordinates":[-75.152053,40.0094060000001]},"properties":{"stop_id":"1343","stop_name":"Erie Av & Broad St -  FS","routes":["71"]}},{"type":"Feature","id":8923,"geometry":{"type":"Point","coordinates":[-75.1683179999999,40.0119040000001]},"properties":{"stop_id":"31244","stop_name":"Wissahickon Av & Kroc Center Dr","routes":["71","81"]}},{"type":"Feature","id":8924,"geometry":{"type":"Point","coordinates":[-75.169187,40.0132360000001]},"properties":{"stop_id":"1346","stop_name":"Wissahickon Av & Roberts Av - MBNS","routes":["71","81"]}},{"type":"Feature","id":8925,"geometry":{"type":"Point","coordinates":[-75.169795,40.0151740000001]},"properties":{"stop_id":"1347","stop_name":"Wissahickon Av & Roberts Av","routes":["71","81"]}},{"type":"Feature","id":8926,"geometry":{"type":"Point","coordinates":[-75.170666,40.0162910000001]},"properties":{"stop_id":"31659","stop_name":"Wissahickon Av & Fernhill Walk","routes":["71","81"]}},{"type":"Feature","id":8927,"geometry":{"type":"Point","coordinates":[-75.1725739999999,40.0180090000001]},"properties":{"stop_id":"18219","stop_name":"Wissahickon Av & Abbottsford Av - F","routes":["71","81"]}},{"type":"Feature","id":8928,"geometry":{"type":"Point","coordinates":[-75.173376,40.018626]},"properties":{"stop_id":"18220","stop_name":"Wissahickon Av & Clapier St - FS","routes":["71","81"]}},{"type":"Feature","id":8929,"geometry":{"type":"Point","coordinates":[-75.174837,40.0198790000001]},"properties":{"stop_id":"18221","stop_name":"Wissahickon Av & Manheim St","routes":["71","81"]}},{"type":"Feature","id":8953,"geometry":{"type":"Point","coordinates":[-75.1900229999999,40.038366]},"properties":{"stop_id":"18271","stop_name":"Johnson St & Wayne Av","routes":["71"]}},{"type":"Feature","id":8957,"geometry":{"type":"Point","coordinates":[-75.192467,40.046475]},"properties":{"stop_id":"18278","stop_name":"McCallum St & Lincoln Dr - FS","routes":["71"]}},{"type":"Feature","id":8958,"geometry":{"type":"Point","coordinates":[-75.193328,40.0471010000001]},"properties":{"stop_id":"18279","stop_name":"McCallum St & Westview Av","routes":["71"]}},{"type":"Feature","id":8983,"geometry":{"type":"Point","coordinates":[-75.1768499999999,40.0758080000001]},"properties":{"stop_id":"18306","stop_name":"Easton Rd & Thouron St","routes":["71"]}},{"type":"Feature","id":8984,"geometry":{"type":"Point","coordinates":[-75.175579,40.077252]},"properties":{"stop_id":"18309","stop_name":"Wadsworth Av & Williams Av","routes":["71"]}},{"type":"Feature","id":8987,"geometry":{"type":"Point","coordinates":[-75.1714229999999,40.081492]},"properties":{"stop_id":"18312","stop_name":"Wadsworth Av & Cheltenham Av","routes":["71"]}},{"type":"Feature","id":8998,"geometry":{"type":"Point","coordinates":[-75.17204,40.081109]},"properties":{"stop_id":"16819","stop_name":"Wadsworth Av & Cheltenham Av - FS","routes":["71"]}},{"type":"Feature","id":9001,"geometry":{"type":"Point","coordinates":[-75.175578,40.0774660000001]},"properties":{"stop_id":"16823","stop_name":"Wadsworth Av & Williams Av","routes":["71"]}},{"type":"Feature","id":9002,"geometry":{"type":"Point","coordinates":[-75.176837,40.0760940000001]},"properties":{"stop_id":"16824","stop_name":"Wadsworth Av & Thouron St","routes":["71"]}},{"type":"Feature","id":9003,"geometry":{"type":"Point","coordinates":[-75.188574,39.963196]},"properties":{"stop_id":"22012","stop_name":"Spring Garden St & 32nd St","routes":["38","43"]}},{"type":"Feature","id":9004,"geometry":{"type":"Point","coordinates":[-75.1874749999999,39.9633190000001]},"properties":{"stop_id":"22013","stop_name":"Spring Garden St & 31st St","routes":["38","43"]}},{"type":"Feature","id":9006,"geometry":{"type":"Point","coordinates":[-75.181972,39.966352]},"properties":{"stop_id":"21214","stop_name":"Art Museum Dr & Back Entrance - 2","routes":["38"]}},{"type":"Feature","id":9007,"geometry":{"type":"Point","coordinates":[-75.179964,39.966348]},"properties":{"stop_id":"21216","stop_name":"Art Museum Dr  & Kelly Dr 3 - 1 MBN","routes":["38"]}},{"type":"Feature","id":9008,"geometry":{"type":"Point","coordinates":[-75.17533,39.96101]},"properties":{"stop_id":"22325","stop_name":"Ben Franklin Pkwy & 22nd St","routes":["38"]}},{"type":"Feature","id":9009,"geometry":{"type":"Point","coordinates":[-75.173845,39.9599180000001]},"properties":{"stop_id":"22326","stop_name":"Ben Franklin Pkwy & 21st St","routes":["38"]}},{"type":"Feature","id":9010,"geometry":{"type":"Point","coordinates":[-75.172668,39.959032]},"properties":{"stop_id":"22327","stop_name":"Ben Franklin Pkwy & 20th St","routes":["38"]}},{"type":"Feature","id":9011,"geometry":{"type":"Point","coordinates":[-75.17239,39.9575150000001]},"properties":{"stop_id":"22328","stop_name":"20th St & Race St","routes":["38"]}},{"type":"Feature","id":9012,"geometry":{"type":"Point","coordinates":[-75.1728209999999,39.9557310000001]},"properties":{"stop_id":"22329","stop_name":"20th St & Arch St","routes":["38"]}},{"type":"Feature","id":9013,"geometry":{"type":"Point","coordinates":[-75.1730259999999,39.9546690000001]},"properties":{"stop_id":"20962","stop_name":"20th St & JFK Blvd","routes":["38"]}},{"type":"Feature","id":9027,"geometry":{"type":"Point","coordinates":[-75.148892,39.9503960000001]},"properties":{"stop_id":"31382","stop_name":"5th St & Market St","routes":["38"]}},{"type":"Feature","id":9030,"geometry":{"type":"Point","coordinates":[-75.152951,39.951146]},"properties":{"stop_id":"30080","stop_name":"Market St & 7th St - MBFS","routes":["38","44"]}},{"type":"Feature","id":9031,"geometry":{"type":"Point","coordinates":[-75.1544499999999,39.9513180000001]},"properties":{"stop_id":"31178","stop_name":"Market St & 8th St - MBFS","routes":["38","44"]}},{"type":"Feature","id":9045,"geometry":{"type":"Point","coordinates":[-75.1767169999999,39.9628690000001]},"properties":{"stop_id":"30303","stop_name":"Ben Franklin Pkwy & Spring Garden -","routes":["38"]}},{"type":"Feature","id":9046,"geometry":{"type":"Point","coordinates":[-75.180035,39.966526]},"properties":{"stop_id":"21215","stop_name":"Art Museum Dr  & Kelly Dr - MBFS","routes":["38"]}},{"type":"Feature","id":9047,"geometry":{"type":"Point","coordinates":[-75.182102,39.966397]},"properties":{"stop_id":"640","stop_name":"Art Museum Dr & Back Entrance - 2","routes":["38"]}},{"type":"Feature","id":9049,"geometry":{"type":"Point","coordinates":[-75.187449,39.963962]},"properties":{"stop_id":"21545","stop_name":"31st St & Brandywine St","routes":["38","43"]}},{"type":"Feature","id":9050,"geometry":{"type":"Point","coordinates":[-75.188388,39.96565]},"properties":{"stop_id":"21547","stop_name":"Mantua Av & Wallace St","routes":["38"]}},{"type":"Feature","id":9051,"geometry":{"type":"Point","coordinates":[-75.190417,39.9665380000001]},"properties":{"stop_id":"21548","stop_name":"Mantua Av & 33rd St","routes":["38"]}},{"type":"Feature","id":9061,"geometry":{"type":"Point","coordinates":[-75.204213,39.9739530000001]},"properties":{"stop_id":"642","stop_name":"40th St & Girard Av","routes":["38"]}},{"type":"Feature","id":9062,"geometry":{"type":"Point","coordinates":[-75.206512,39.9752780000001]},"properties":{"stop_id":"31586","stop_name":"Parkside Av & 41st St","routes":["38"]}},{"type":"Feature","id":9063,"geometry":{"type":"Point","coordinates":[-75.209285,39.976327]},"properties":{"stop_id":"21566","stop_name":"Parkside Av & 42nd St","routes":["38","40"]}},{"type":"Feature","id":9065,"geometry":{"type":"Point","coordinates":[-75.212683,39.977565]},"properties":{"stop_id":"21568","stop_name":"Parkside Av & Belmont Av - MBNS","routes":["38","40"]}},{"type":"Feature","id":9066,"geometry":{"type":"Point","coordinates":[-75.213555,39.978459]},"properties":{"stop_id":"21569","stop_name":"Belmont Av & S  Concourse Dr","routes":["38"]}},{"type":"Feature","id":9067,"geometry":{"type":"Point","coordinates":[-75.2139989999999,39.980164]},"properties":{"stop_id":"31614","stop_name":"Belmont Av & Av of the Republic","routes":["38"]}},{"type":"Feature","id":9068,"geometry":{"type":"Point","coordinates":[-75.214572,39.9820480000001]},"properties":{"stop_id":"21570","stop_name":"Belmont Av & Lansdowne Dr - FS","routes":["38"]}},{"type":"Feature","id":9069,"geometry":{"type":"Point","coordinates":[-75.215495,39.9855840000001]},"properties":{"stop_id":"21571","stop_name":"Belmont Av & Montgomery Dr","routes":["38"]}},{"type":"Feature","id":9077,"geometry":{"type":"Point","coordinates":[-75.215496,40.001042]},"properties":{"stop_id":"21576","stop_name":"Ford Rd & Monument Rd","routes":["38","40"]}},{"type":"Feature","id":9078,"geometry":{"type":"Point","coordinates":[-75.2131689999999,40.0004670000001]},"properties":{"stop_id":"21577","stop_name":"Ford Rd & Balwynne Park Rd","routes":["38","40"]}},{"type":"Feature","id":9082,"geometry":{"type":"Point","coordinates":[-75.2105789999999,40.001177]},"properties":{"stop_id":"31585","stop_name":"Cranston Rd & Lankenau Av - MBFS","routes":["38","40"]}},{"type":"Feature","id":9083,"geometry":{"type":"Point","coordinates":[-75.21099,40.0020250000001]},"properties":{"stop_id":"21580","stop_name":"Cranston Rd & Conshohocken Av","routes":["38","40"]}},{"type":"Feature","id":9084,"geometry":{"type":"Point","coordinates":[-75.210091,40.002274]},"properties":{"stop_id":"21581","stop_name":"Conshohocken & Cranston - MBFS","routes":["38"]}},{"type":"Feature","id":9085,"geometry":{"type":"Point","coordinates":[-75.2077859999999,40.0026260000001]},"properties":{"stop_id":"21582","stop_name":"Conshohocken Av & W Country Club","routes":["38"]}},{"type":"Feature","id":9086,"geometry":{"type":"Point","coordinates":[-75.206308,40.0028740000001]},"properties":{"stop_id":"21583","stop_name":"Conshohocken Av & W Country Club -","routes":["38"]}},{"type":"Feature","id":9087,"geometry":{"type":"Point","coordinates":[-75.2047709999999,40.003094]},"properties":{"stop_id":"21584","stop_name":"Conshohocken Av & E Country Club -","routes":["38"]}},{"type":"Feature","id":9088,"geometry":{"type":"Point","coordinates":[-75.203435,40.003315]},"properties":{"stop_id":"21585","stop_name":"Conshohocken Av & E Country Club","routes":["38"]}},{"type":"Feature","id":9089,"geometry":{"type":"Point","coordinates":[-75.202321,40.004277]},"properties":{"stop_id":"21586","stop_name":"Conshohocken Av & E Country Club -","routes":["38"]}},{"type":"Feature","id":9090,"geometry":{"type":"Point","coordinates":[-75.202039,40.0073640000001]},"properties":{"stop_id":"21587","stop_name":"Falls Rd & Neill Dr","routes":["38"]}},{"type":"Feature","id":9091,"geometry":{"type":"Point","coordinates":[-75.2093199999999,40.0070830000001]},"properties":{"stop_id":"643","stop_name":"Neill Dr & Winding Dr","routes":["38"]}},{"type":"Feature","id":9092,"geometry":{"type":"Point","coordinates":[-75.210204,40.0080840000001]},"properties":{"stop_id":"740","stop_name":"Presidential Blvd & City Line Av","routes":["38"]}},{"type":"Feature","id":9105,"geometry":{"type":"Point","coordinates":[-75.16899,39.989512]},"properties":{"stop_id":"21136","stop_name":"Dauphin St & 22nd St","routes":["39"]}},{"type":"Feature","id":9113,"geometry":{"type":"Point","coordinates":[-75.1560469999999,39.9878610000001]},"properties":{"stop_id":"646","stop_name":"Dauphin St & Broad St","routes":["39"]}},{"type":"Feature","id":9114,"geometry":{"type":"Point","coordinates":[-75.153803,39.9875430000001]},"properties":{"stop_id":"16225","stop_name":"Dauphin St & 13th St","routes":["39"]}},{"type":"Feature","id":9138,"geometry":{"type":"Point","coordinates":[-75.128796,39.9864420000001]},"properties":{"stop_id":"16326","stop_name":"Jasper St & Cumberland St","routes":["39"]}},{"type":"Feature","id":9144,"geometry":{"type":"Point","coordinates":[-75.124586,39.9817010000001]},"properties":{"stop_id":"16332","stop_name":"Cumberland St & Sepviva St","routes":["39"]}},{"type":"Feature","id":9145,"geometry":{"type":"Point","coordinates":[-75.123999,39.9810390000001]},"properties":{"stop_id":"16333","stop_name":"Cumberland St & Tulip St","routes":["39"]}},{"type":"Feature","id":9146,"geometry":{"type":"Point","coordinates":[-75.1234219999999,39.9803860000001]},"properties":{"stop_id":"16334","stop_name":"Cumberland St & Memphis St","routes":["39"]}},{"type":"Feature","id":9147,"geometry":{"type":"Point","coordinates":[-75.1226109999999,39.979456]},"properties":{"stop_id":"16335","stop_name":"Cumberland St & Cedar St","routes":["39"]}},{"type":"Feature","id":9148,"geometry":{"type":"Point","coordinates":[-75.121741,39.9784900000001]},"properties":{"stop_id":"16336","stop_name":"Cumberland St & Gaul St","routes":["39"]}},{"type":"Feature","id":9150,"geometry":{"type":"Point","coordinates":[-75.11999,39.9765140000001]},"properties":{"stop_id":"16338","stop_name":"Cumberland St & Aramingo Av","routes":["39"]}},{"type":"Feature","id":9151,"geometry":{"type":"Point","coordinates":[-75.1182269999999,39.974296]},"properties":{"stop_id":"21225","stop_name":"Cumberland St & Richmond St","routes":["39","43"]}},{"type":"Feature","id":9153,"geometry":{"type":"Point","coordinates":[-75.115846,39.9758340000001]},"properties":{"stop_id":"16339","stop_name":"Huntingdon St & Emery St","routes":["39"]}},{"type":"Feature","id":9154,"geometry":{"type":"Point","coordinates":[-75.116634,39.976728]},"properties":{"stop_id":"16340","stop_name":"Huntingdon St & Edgemont St","routes":["39"]}},{"type":"Feature","id":9159,"geometry":{"type":"Point","coordinates":[-75.120854,39.98154]},"properties":{"stop_id":"16345","stop_name":"Huntingdon St & Memphis St","routes":["39"]}},{"type":"Feature","id":9160,"geometry":{"type":"Point","coordinates":[-75.1214419999999,39.982202]},"properties":{"stop_id":"16346","stop_name":"Huntingdon St & Tulip St","routes":["39"]}},{"type":"Feature","id":9161,"geometry":{"type":"Point","coordinates":[-75.121971,39.9828370000001]},"properties":{"stop_id":"16348","stop_name":"Huntingdon St & Sepviva St","routes":["39"]}},{"type":"Feature","id":9171,"geometry":{"type":"Point","coordinates":[-75.132979,39.983319]},"properties":{"stop_id":"651","stop_name":"Susquehanna Av & Hope St","routes":["39"]}},{"type":"Feature","id":9172,"geometry":{"type":"Point","coordinates":[-75.134396,39.983528]},"properties":{"stop_id":"16358","stop_name":"Susquehanna Av & Mascher St","routes":["39"]}},{"type":"Feature","id":9173,"geometry":{"type":"Point","coordinates":[-75.135306,39.983637]},"properties":{"stop_id":"16359","stop_name":"Susquehanna Av & Hancock St","routes":["39"]}},{"type":"Feature","id":9174,"geometry":{"type":"Point","coordinates":[-75.1364149999999,39.983773]},"properties":{"stop_id":"16360","stop_name":"Susquehanna Av & 2nd St","routes":["39"]}},{"type":"Feature","id":9179,"geometry":{"type":"Point","coordinates":[-75.1437359999999,39.9847540000001]},"properties":{"stop_id":"16365","stop_name":"Susquehanna Av & 6th St","routes":["39"]}},{"type":"Feature","id":9181,"geometry":{"type":"Point","coordinates":[-75.146653,39.9851180000001]},"properties":{"stop_id":"27966","stop_name":"Susquehanna Av & 8th St","routes":["39"]}},{"type":"Feature","id":9187,"geometry":{"type":"Point","coordinates":[-75.156053,39.9863080000001]},"properties":{"stop_id":"653","stop_name":"Susquehanna Av & Broad St","routes":["39"]}},{"type":"Feature","id":9188,"geometry":{"type":"Point","coordinates":[-75.157777,39.98657]},"properties":{"stop_id":"16372","stop_name":"Susquehanna Av & 15th St","routes":["39"]}},{"type":"Feature","id":9189,"geometry":{"type":"Point","coordinates":[-75.159371,39.9867790000001]},"properties":{"stop_id":"16373","stop_name":"Susquehanna Av & 16th St","routes":["39"]}},{"type":"Feature","id":9190,"geometry":{"type":"Point","coordinates":[-75.160918,39.98697]},"properties":{"stop_id":"16374","stop_name":"Susquehanna Av & 17th St","routes":["39"]}},{"type":"Feature","id":9191,"geometry":{"type":"Point","coordinates":[-75.1624889999999,39.987169]},"properties":{"stop_id":"16375","stop_name":"Susquehanna Av & 18th St","routes":["39"]}},{"type":"Feature","id":9192,"geometry":{"type":"Point","coordinates":[-75.164059,39.9873600000001]},"properties":{"stop_id":"16376","stop_name":"Susquehanna Av & 19th St","routes":["39"]}},{"type":"Feature","id":9193,"geometry":{"type":"Point","coordinates":[-75.1656419999999,39.9875690000001]},"properties":{"stop_id":"16377","stop_name":"Susquehanna Av & 20th St","routes":["39"]}},{"type":"Feature","id":9210,"geometry":{"type":"Point","coordinates":[-75.214277,40.001576]},"properties":{"stop_id":"657","stop_name":"Conshohocken Av & Monument Rd","routes":["40"]}},{"type":"Feature","id":9220,"geometry":{"type":"Point","coordinates":[-75.219397,39.9922760000001]},"properties":{"stop_id":"22296","stop_name":"Parkside Av & 49th St","routes":["40"]}},{"type":"Feature","id":9221,"geometry":{"type":"Point","coordinates":[-75.220383,39.990439]},"properties":{"stop_id":"22211","stop_name":"Parkside Av & Wynnefield Av","routes":["40"]}},{"type":"Feature","id":9222,"geometry":{"type":"Point","coordinates":[-75.2219059999999,39.990887]},"properties":{"stop_id":"22212","stop_name":"Wynnefield Av & Monument Rd","routes":["40"]}},{"type":"Feature","id":9224,"geometry":{"type":"Point","coordinates":[-75.2264529999999,39.9915820000001]},"properties":{"stop_id":"22214","stop_name":"Wynnefield Av & Bryn Mawr Av","routes":["40"]}},{"type":"Feature","id":9225,"geometry":{"type":"Point","coordinates":[-75.227883,39.9916380000001]},"properties":{"stop_id":"25980","stop_name":"Wynnefield Av & 51st St","routes":["40"]}},{"type":"Feature","id":9226,"geometry":{"type":"Point","coordinates":[-75.2296899999999,39.991748]},"properties":{"stop_id":"22215","stop_name":"Wynnefield Av & 52nd St","routes":["40"]}},{"type":"Feature","id":9227,"geometry":{"type":"Point","coordinates":[-75.230942,39.991812]},"properties":{"stop_id":"25981","stop_name":"Wynnefield Av & 53rd St","routes":["40"]}},{"type":"Feature","id":9255,"geometry":{"type":"Point","coordinates":[-75.2023799999999,39.9633200000001]},"properties":{"stop_id":"22228","stop_name":"40th St & Lancaster Av","routes":["40"]}},{"type":"Feature","id":9262,"geometry":{"type":"Point","coordinates":[-75.202885,39.9530750000001]},"properties":{"stop_id":"22230","stop_name":"40th St & Locust St","routes":["0","40"]}},{"type":"Feature","id":9263,"geometry":{"type":"Point","coordinates":[-75.202795,39.951647]},"properties":{"stop_id":"672","stop_name":"Spruce St & 40th St - FS","routes":["0","40","42"]}},{"type":"Feature","id":9264,"geometry":{"type":"Point","coordinates":[-75.2008709999999,39.9513850000001]},"properties":{"stop_id":"22128","stop_name":"Spruce St & 39th St","routes":["0","40","42"]}},{"type":"Feature","id":9265,"geometry":{"type":"Point","coordinates":[-75.19949,39.9512310000001]},"properties":{"stop_id":"22129","stop_name":"Spruce St & 38th St","routes":["0","316","40","42"]}},{"type":"Feature","id":9266,"geometry":{"type":"Point","coordinates":[-75.197377,39.95095]},"properties":{"stop_id":"15229","stop_name":"Spruce St & 37th St","routes":["40"]}},{"type":"Feature","id":9267,"geometry":{"type":"Point","coordinates":[-75.195465,39.9507140000001]},"properties":{"stop_id":"22232","stop_name":"Spruce St & 36th St","routes":["40"]}},{"type":"Feature","id":9268,"geometry":{"type":"Point","coordinates":[-75.192785,39.9504150000001]},"properties":{"stop_id":"22233","stop_name":"Spruce St & 34th St","routes":["40"]}},{"type":"Feature","id":9269,"geometry":{"type":"Point","coordinates":[-75.191405,39.95002]},"properties":{"stop_id":"20435","stop_name":"Spruce St & 33rd St - FS","routes":["40"]}},{"type":"Feature","id":9271,"geometry":{"type":"Point","coordinates":[-75.186292,39.9464130000001]},"properties":{"stop_id":"32440","stop_name":"South St & 27th St - MBNS","routes":["40"]}},{"type":"Feature","id":9281,"geometry":{"type":"Point","coordinates":[-75.1720119999999,39.9443850000001]},"properties":{"stop_id":"22242","stop_name":"South St & 18th St","routes":["40"]}},{"type":"Feature","id":9282,"geometry":{"type":"Point","coordinates":[-75.170418,39.9441860000001]},"properties":{"stop_id":"22243","stop_name":"South St & 17th St","routes":["40"]}},{"type":"Feature","id":9284,"geometry":{"type":"Point","coordinates":[-75.167291,39.943804]},"properties":{"stop_id":"22245","stop_name":"South St & 15th St","routes":["40"]}},{"type":"Feature","id":9285,"geometry":{"type":"Point","coordinates":[-75.165721,39.943605]},"properties":{"stop_id":"660","stop_name":"South St & Broad St","routes":["40"]}},{"type":"Feature","id":9288,"geometry":{"type":"Point","coordinates":[-75.1630929999999,39.945268]},"properties":{"stop_id":"32128","stop_name":"Pine St & 13th St","routes":["40"]}},{"type":"Feature","id":9289,"geometry":{"type":"Point","coordinates":[-75.161441,39.9450590000001]},"properties":{"stop_id":"32129","stop_name":"Pine St & 12th St","routes":["40"]}},{"type":"Feature","id":9290,"geometry":{"type":"Point","coordinates":[-75.1599419999999,39.9448780000001]},"properties":{"stop_id":"32130","stop_name":"Pine St & 11th St","routes":["40"]}},{"type":"Feature","id":9293,"geometry":{"type":"Point","coordinates":[-75.1548319999999,39.944242]},"properties":{"stop_id":"25090","stop_name":"Pine St & 8th St - FS","routes":["40"]}},{"type":"Feature","id":9300,"geometry":{"type":"Point","coordinates":[-75.161862,39.943141]},"properties":{"stop_id":"22247","stop_name":"South St & 12th St","routes":["40"]}},{"type":"Feature","id":9301,"geometry":{"type":"Point","coordinates":[-75.1603039999999,39.9429420000001]},"properties":{"stop_id":"22248","stop_name":"South St & 11th St","routes":["40"]}},{"type":"Feature","id":9303,"geometry":{"type":"Point","coordinates":[-75.1571529999999,39.942551]},"properties":{"stop_id":"22250","stop_name":"South St & 9th St","routes":["40"]}},{"type":"Feature","id":9304,"geometry":{"type":"Point","coordinates":[-75.155607,39.942369]},"properties":{"stop_id":"22251","stop_name":"South St & 8th St","routes":["40"]}},{"type":"Feature","id":9305,"geometry":{"type":"Point","coordinates":[-75.154013,39.9421520000001]},"properties":{"stop_id":"22252","stop_name":"South St & 7th St","routes":["40"]}},{"type":"Feature","id":9316,"geometry":{"type":"Point","coordinates":[-75.151991,39.9430660000001]},"properties":{"stop_id":"22261","stop_name":"Lombard St & 6th St","routes":["40"]}},{"type":"Feature","id":9317,"geometry":{"type":"Point","coordinates":[-75.153584,39.943248]},"properties":{"stop_id":"22262","stop_name":"Lombard St & 7th St","routes":["40"]}},{"type":"Feature","id":9318,"geometry":{"type":"Point","coordinates":[-75.155154,39.9434570000001]},"properties":{"stop_id":"22263","stop_name":"Lombard St & 8th St","routes":["40"]}},{"type":"Feature","id":9319,"geometry":{"type":"Point","coordinates":[-75.1567229999999,39.9436390000001]},"properties":{"stop_id":"22264","stop_name":"Lombard St & 9th St","routes":["40"]}},{"type":"Feature","id":9321,"geometry":{"type":"Point","coordinates":[-75.1598739999999,39.944056]},"properties":{"stop_id":"22266","stop_name":"Lombard St & 11th St","routes":["40"]}},{"type":"Feature","id":9322,"geometry":{"type":"Point","coordinates":[-75.1614319999999,39.9442470000001]},"properties":{"stop_id":"22267","stop_name":"Lombard St & 12th St","routes":["40"]}},{"type":"Feature","id":9323,"geometry":{"type":"Point","coordinates":[-75.163014,39.9444380000001]},"properties":{"stop_id":"22268","stop_name":"Lombard St & 13th St","routes":["40"]}},{"type":"Feature","id":9324,"geometry":{"type":"Point","coordinates":[-75.165138,39.9447010000001]},"properties":{"stop_id":"663","stop_name":"Lombard St & Broad St","routes":["40"]}},{"type":"Feature","id":9325,"geometry":{"type":"Point","coordinates":[-75.166862,39.944892]},"properties":{"stop_id":"22269","stop_name":"Lombard St & 15th St","routes":["40"]}},{"type":"Feature","id":9326,"geometry":{"type":"Point","coordinates":[-75.168419,39.945119]},"properties":{"stop_id":"22270","stop_name":"Lombard St & 16th St","routes":["40"]}},{"type":"Feature","id":9327,"geometry":{"type":"Point","coordinates":[-75.170001,39.945301]},"properties":{"stop_id":"22271","stop_name":"Lombard St & 17th St","routes":["40"]}},{"type":"Feature","id":9328,"geometry":{"type":"Point","coordinates":[-75.1715819999999,39.9455]},"properties":{"stop_id":"22272","stop_name":"Lombard St & 18th St","routes":["40"]}},{"type":"Feature","id":9329,"geometry":{"type":"Point","coordinates":[-75.17314,39.9457]},"properties":{"stop_id":"22273","stop_name":"Lombard St & 19th St","routes":["40"]}},{"type":"Feature","id":9338,"geometry":{"type":"Point","coordinates":[-75.186162,39.946493]},"properties":{"stop_id":"32441","stop_name":"South St & 27th St - MBFS","routes":["40"]}},{"type":"Feature","id":9340,"geometry":{"type":"Point","coordinates":[-75.1932449999999,39.950585]},"properties":{"stop_id":"30643","stop_name":"Spruce St & 34th St - FS","routes":["40"]}},{"type":"Feature","id":9341,"geometry":{"type":"Point","coordinates":[-75.195193,39.950839]},"properties":{"stop_id":"22573","stop_name":"Spruce St & 36th St","routes":["40"]}},{"type":"Feature","id":9342,"geometry":{"type":"Point","coordinates":[-75.197129,39.9510750000001]},"properties":{"stop_id":"15230","stop_name":"Spruce St & 37th St","routes":["40"]}},{"type":"Feature","id":9343,"geometry":{"type":"Point","coordinates":[-75.1990289999999,39.9513010000001]},"properties":{"stop_id":"22594","stop_name":"Spruce St & 38th St","routes":["40"]}},{"type":"Feature","id":9344,"geometry":{"type":"Point","coordinates":[-75.198585,39.95354]},"properties":{"stop_id":"22284","stop_name":"38th St & Walnut St","routes":["40","79"]}},{"type":"Feature","id":9345,"geometry":{"type":"Point","coordinates":[-75.1982609999999,39.955084]},"properties":{"stop_id":"22285","stop_name":"38th St & Chestnut St","routes":["40","79"]}},{"type":"Feature","id":9348,"geometry":{"type":"Point","coordinates":[-75.20188,39.957179]},"properties":{"stop_id":"300","stop_name":"Market St & 40th St","routes":["0","40","79"]}},{"type":"Feature","id":9361,"geometry":{"type":"Point","coordinates":[-75.206328,39.973689]},"properties":{"stop_id":"22298","stop_name":"41st St & Girard Av","routes":["40"]}},{"type":"Feature","id":9362,"geometry":{"type":"Point","coordinates":[-75.206607,39.9751350000001]},"properties":{"stop_id":"21565","stop_name":"41st St & Parkside Av","routes":["40"]}},{"type":"Feature","id":9364,"geometry":{"type":"Point","coordinates":[-75.2111609999999,39.9770090000001]},"properties":{"stop_id":"25985","stop_name":"Parkside Av & W Memorial Hall Dr","routes":["40"]}},{"type":"Feature","id":9368,"geometry":{"type":"Point","coordinates":[-75.2192919999999,39.979995]},"properties":{"stop_id":"21753","stop_name":"Parkside Av & 50th St","routes":["40"]}},{"type":"Feature","id":9379,"geometry":{"type":"Point","coordinates":[-75.231144,39.991697]},"properties":{"stop_id":"25785","stop_name":"Wynnefield Av & 53rd St","routes":["40"]}},{"type":"Feature","id":9380,"geometry":{"type":"Point","coordinates":[-75.229891,39.991632]},"properties":{"stop_id":"22291","stop_name":"Wynnefield Av & 52nd St","routes":["40"]}},{"type":"Feature","id":9381,"geometry":{"type":"Point","coordinates":[-75.228155,39.99154]},"properties":{"stop_id":"25786","stop_name":"Wynnefiled Av & 51st St","routes":["40"]}},{"type":"Feature","id":9382,"geometry":{"type":"Point","coordinates":[-75.2266539999999,39.9914660000001]},"properties":{"stop_id":"22292","stop_name":"Wynnefield Av & Bryn Mawr Av","routes":["40"]}},{"type":"Feature","id":9384,"geometry":{"type":"Point","coordinates":[-75.222155,39.9908340000001]},"properties":{"stop_id":"25845","stop_name":"Wynnefield Av & Monument Rd","routes":["40"]}},{"type":"Feature","id":9385,"geometry":{"type":"Point","coordinates":[-75.220585,39.990323]},"properties":{"stop_id":"22294","stop_name":"Wynnefield Av & Parkside Av","routes":["40"]}},{"type":"Feature","id":9399,"geometry":{"type":"Point","coordinates":[-75.2124679999999,40.001965]},"properties":{"stop_id":"26001","stop_name":"Conshohocken Av & Cranston Rd - MBF","routes":["40"]}},{"type":"Feature","id":9401,"geometry":{"type":"Point","coordinates":[-75.18287,40.02799]},"properties":{"stop_id":"210","stop_name":"Chelten Av & Wissahickon Av - MBNS","routes":["41"]}},{"type":"Feature","id":9406,"geometry":{"type":"Point","coordinates":[-75.1801189999999,40.0303850000001]},"properties":{"stop_id":"24342","stop_name":"Pulaski Av & Chelten Av","routes":["41"]}},{"type":"Feature","id":9414,"geometry":{"type":"Point","coordinates":[-75.1707049999999,40.0380860000001]},"properties":{"stop_id":"24343","stop_name":"Baynton St & Armat St","routes":["41"]}},{"type":"Feature","id":9416,"geometry":{"type":"Point","coordinates":[-75.165767,40.0370320000001]},"properties":{"stop_id":"24354","stop_name":"Belfield Av & Penn St - MBNS","routes":["41"]}},{"type":"Feature","id":9417,"geometry":{"type":"Point","coordinates":[-75.164396,40.036797]},"properties":{"stop_id":"24355","stop_name":"Belfield Av & Penn St","routes":["41"]}},{"type":"Feature","id":9418,"geometry":{"type":"Point","coordinates":[-75.161783,40.0368540000001]},"properties":{"stop_id":"27968","stop_name":"Belfield Av & Armstrong St - MBNS","routes":["41"]}},{"type":"Feature","id":9419,"geometry":{"type":"Point","coordinates":[-75.160589,40.0367800000001]},"properties":{"stop_id":"24356","stop_name":"Belfield Av & Armstrong St","routes":["41"]}},{"type":"Feature","id":9420,"geometry":{"type":"Point","coordinates":[-75.158521,40.036642]},"properties":{"stop_id":"24357","stop_name":"Belfield Av & Wister St","routes":["41"]}},{"type":"Feature","id":9421,"geometry":{"type":"Point","coordinates":[-75.155815,40.036279]},"properties":{"stop_id":"24358","stop_name":"Belfield Av & 20th St","routes":["41"]}},{"type":"Feature","id":9423,"geometry":{"type":"Point","coordinates":[-75.152571,40.0313540000001]},"properties":{"stop_id":"24370","stop_name":"Lindley Av & Ogontz Av","routes":["41"]}},{"type":"Feature","id":9424,"geometry":{"type":"Point","coordinates":[-75.151472,40.0312090000001]},"properties":{"stop_id":"24371","stop_name":"Lindley Av & 17th St","routes":["41"]}},{"type":"Feature","id":9427,"geometry":{"type":"Point","coordinates":[-75.146722,40.0305910000001]},"properties":{"stop_id":"215","stop_name":"Lindley Av & Broad St","routes":["41"]}},{"type":"Feature","id":9428,"geometry":{"type":"Point","coordinates":[-75.1460969999999,40.0302060000001]},"properties":{"stop_id":"24410","stop_name":"Lindley Av & Old York Rd","routes":["41"]}},{"type":"Feature","id":9450,"geometry":{"type":"Point","coordinates":[-75.114525,40.026579]},"properties":{"stop_id":"23313","stop_name":"Roosevelt Blvd & Rorer St","routes":["41","426","445","447","82"]}},{"type":"Feature","id":9451,"geometry":{"type":"Point","coordinates":[-75.110064,40.027513]},"properties":{"stop_id":"23314","stop_name":"Roosevelt Blvd & F St","routes":["41","426","445","447","82"]}},{"type":"Feature","id":9452,"geometry":{"type":"Point","coordinates":[-75.106074,40.028779]},"properties":{"stop_id":"23316","stop_name":"Roosevelt Blvd & Whitaker Av","routes":["41","426","445","447","82"]}},{"type":"Feature","id":9453,"geometry":{"type":"Point","coordinates":[-75.102089,40.0291710000001]},"properties":{"stop_id":"30824","stop_name":"Roosevelt Blvd & Adams Av","routes":["0","41","426","445","447","72","82"]}},{"type":"Feature","id":9455,"geometry":{"type":"Point","coordinates":[-75.096998,40.0257030000001]},"properties":{"stop_id":"24447","stop_name":"Adams Av & Roosevelt Blvd - FS","routes":["41"]}},{"type":"Feature","id":9456,"geometry":{"type":"Point","coordinates":[-75.0950819999999,40.0232710000001]},"properties":{"stop_id":"24448","stop_name":"Adams Av & Arrott St","routes":["41"]}},{"type":"Feature","id":9457,"geometry":{"type":"Point","coordinates":[-75.093992,40.021242]},"properties":{"stop_id":"24450","stop_name":"Adams Av & Castor Av - FS","routes":["41"]}},{"type":"Feature","id":9465,"geometry":{"type":"Point","coordinates":[-75.085654,40.0147840000001]},"properties":{"stop_id":"218","stop_name":"Orthodox St & Frankford Av","routes":["41"]}},{"type":"Feature","id":9466,"geometry":{"type":"Point","coordinates":[-75.0847469999999,40.014309]},"properties":{"stop_id":"24454","stop_name":"Orthodox St & Paul St","routes":["41"]}},{"type":"Feature","id":9467,"geometry":{"type":"Point","coordinates":[-75.083332,40.0135730000001]},"properties":{"stop_id":"24456","stop_name":"Orthodox St & Hedge St","routes":["41"]}},{"type":"Feature","id":9468,"geometry":{"type":"Point","coordinates":[-75.081811,40.0127390000001]},"properties":{"stop_id":"24467","stop_name":"Orthodox St & Mulberry St","routes":["41"]}},{"type":"Feature","id":9469,"geometry":{"type":"Point","coordinates":[-75.080929,40.0119240000001]},"properties":{"stop_id":"24477","stop_name":"Orthodox St & Tackawanna St","routes":["41"]}},{"type":"Feature","id":9504,"geometry":{"type":"Point","coordinates":[-75.093667,40.022517]},"properties":{"stop_id":"17623","stop_name":"Arrott St & Castor Av","routes":["0","41","495","75"]}},{"type":"Feature","id":9505,"geometry":{"type":"Point","coordinates":[-75.094835,40.023145]},"properties":{"stop_id":"24574","stop_name":"Arrott St & Adams Av","routes":["0","41"]}},{"type":"Feature","id":9507,"geometry":{"type":"Point","coordinates":[-75.0968779999999,40.025971]},"properties":{"stop_id":"24576","stop_name":"Adams Av & Roosevelt Blvd","routes":["0","41"]}},{"type":"Feature","id":9510,"geometry":{"type":"Point","coordinates":[-75.1064259999999,40.029414]},"properties":{"stop_id":"23298","stop_name":"Roosevelt Blvd & Garland St","routes":["41","426","447","82"]}},{"type":"Feature","id":9511,"geometry":{"type":"Point","coordinates":[-75.109907,40.0283160000001]},"properties":{"stop_id":"23301","stop_name":"Roosevelt Blvd & F St","routes":["41","426","447","82"]}},{"type":"Feature","id":9512,"geometry":{"type":"Point","coordinates":[-75.1145329999999,40.0273020000001]},"properties":{"stop_id":"23300","stop_name":"Roosevelt Blvd & Bingham St","routes":["41","426","447","82"]}},{"type":"Feature","id":9534,"geometry":{"type":"Point","coordinates":[-75.1463669999999,40.0305900000001]},"properties":{"stop_id":"208","stop_name":"Lindley Av & Broad St","routes":["41"]}},{"type":"Feature","id":9535,"geometry":{"type":"Point","coordinates":[-75.148104,40.030898]},"properties":{"stop_id":"24594","stop_name":"Lindley Av & 15th St","routes":["41"]}},{"type":"Feature","id":9537,"geometry":{"type":"Point","coordinates":[-75.152204,40.031433]},"properties":{"stop_id":"24596","stop_name":"Lindley Av & Ogontz Av","routes":["41"]}},{"type":"Feature","id":9539,"geometry":{"type":"Point","coordinates":[-75.155767,40.036386]},"properties":{"stop_id":"24598","stop_name":"Belfield Av & 20th St - FS","routes":["41"]}},{"type":"Feature","id":9540,"geometry":{"type":"Point","coordinates":[-75.158721,40.0367580000001]},"properties":{"stop_id":"24599","stop_name":"Belfield Av & Wister St - FS","routes":["41"]}},{"type":"Feature","id":9541,"geometry":{"type":"Point","coordinates":[-75.160341,40.036887]},"properties":{"stop_id":"24600","stop_name":"Belfield Av & Armstrong St","routes":["41"]}},{"type":"Feature","id":9542,"geometry":{"type":"Point","coordinates":[-75.161759,40.036979]},"properties":{"stop_id":"24601","stop_name":"Belfield Av & Armstrong St - MBFS","routes":["41"]}},{"type":"Feature","id":9543,"geometry":{"type":"Point","coordinates":[-75.163757,40.03693]},"properties":{"stop_id":"24602","stop_name":"Belfield Av & Penn St","routes":["41"]}},{"type":"Feature","id":9547,"geometry":{"type":"Point","coordinates":[-75.170445,40.0380680000001]},"properties":{"stop_id":"24606","stop_name":"Baynton St & Armat St","routes":["41"]}},{"type":"Feature","id":9548,"geometry":{"type":"Point","coordinates":[-75.171857,40.0386710000001]},"properties":{"stop_id":"209","stop_name":"Chelten Av & Baynton St - FS","routes":["41"]}},{"type":"Feature","id":9562,"geometry":{"type":"Point","coordinates":[-75.26251,39.9530260000001]},"properties":{"stop_id":"22132","stop_name":"Marshall Rd & Grace Rd","routes":["42"]}},{"type":"Feature","id":9565,"geometry":{"type":"Point","coordinates":[-75.2586459999999,39.9536900000001]},"properties":{"stop_id":"22135","stop_name":"Marshall Rd & 69th Blvd","routes":["42"]}},{"type":"Feature","id":9566,"geometry":{"type":"Point","coordinates":[-75.2572509999999,39.9544290000001]},"properties":{"stop_id":"22105","stop_name":"Marshall Rd & Rocklyn Rd","routes":["42"]}},{"type":"Feature","id":9567,"geometry":{"type":"Point","coordinates":[-75.255126,39.954239]},"properties":{"stop_id":"22107","stop_name":"Marshall Rd & Kent Rd","routes":["42"]}},{"type":"Feature","id":9568,"geometry":{"type":"Point","coordinates":[-75.253117,39.9549230000001]},"properties":{"stop_id":"26100","stop_name":"Marshall Rd & Harrison Av - MBFS","routes":["42"]}},{"type":"Feature","id":9569,"geometry":{"type":"Point","coordinates":[-75.251828,39.9554120000001]},"properties":{"stop_id":"26102","stop_name":"Marshall Rd & Powell Ln","routes":["42"]}},{"type":"Feature","id":9570,"geometry":{"type":"Point","coordinates":[-75.250207,39.9567040000001]},"properties":{"stop_id":"22108","stop_name":"Marshall Rd & Church Rd","routes":["42"]}},{"type":"Feature","id":9571,"geometry":{"type":"Point","coordinates":[-75.247667,39.957227]},"properties":{"stop_id":"22109","stop_name":"Spruce St & Cobbs Creek - FS","routes":["42"]}},{"type":"Feature","id":9579,"geometry":{"type":"Point","coordinates":[-75.236097,39.9557820000001]},"properties":{"stop_id":"22113","stop_name":"Spruce St & 57th St","routes":["42"]}},{"type":"Feature","id":9584,"geometry":{"type":"Point","coordinates":[-75.226121,39.9545340000001]},"properties":{"stop_id":"671","stop_name":"Spruce St & 52nd St","routes":["42"]}},{"type":"Feature","id":9594,"geometry":{"type":"Point","coordinates":[-75.207009,39.9521810000001]},"properties":{"stop_id":"22126","stop_name":"Spruce St & 42nd St","routes":["42"]}},{"type":"Feature","id":9595,"geometry":{"type":"Point","coordinates":[-75.205687,39.952027]},"properties":{"stop_id":"22127","stop_name":"Spruce St & 41st St","routes":["0","42"]}},{"type":"Feature","id":9672,"geometry":{"type":"Point","coordinates":[-75.200623,39.9515000000001]},"properties":{"stop_id":"22143","stop_name":"Spruce St & 39th St","routes":["42"]}},{"type":"Feature","id":9673,"geometry":{"type":"Point","coordinates":[-75.2029479999999,39.9517990000001]},"properties":{"stop_id":"674","stop_name":"Spruce St & 40th St","routes":["42"]}},{"type":"Feature","id":9674,"geometry":{"type":"Point","coordinates":[-75.205462,39.9521250000001]},"properties":{"stop_id":"22147","stop_name":"Spruce St & 41st St","routes":["0","42"]}},{"type":"Feature","id":9675,"geometry":{"type":"Point","coordinates":[-75.2067959999999,39.9522880000001]},"properties":{"stop_id":"22151","stop_name":"Spruce St & 42nd St","routes":["0","42"]}},{"type":"Feature","id":9685,"geometry":{"type":"Point","coordinates":[-75.225897,39.9546320000001]},"properties":{"stop_id":"675","stop_name":"Spruce St & 52nd St","routes":["42"]}},{"type":"Feature","id":9690,"geometry":{"type":"Point","coordinates":[-75.235801,39.955879]},"properties":{"stop_id":"22168","stop_name":"Spruce St & 57th St","routes":["42"]}},{"type":"Feature","id":9699,"geometry":{"type":"Point","coordinates":[-75.247737,39.957343]},"properties":{"stop_id":"22175","stop_name":"Spruce St & 63rd St","routes":["42"]}},{"type":"Feature","id":9700,"geometry":{"type":"Point","coordinates":[-75.250254,39.956829]},"properties":{"stop_id":"22180","stop_name":"Marshall Rd & Church Ln","routes":["42"]}},{"type":"Feature","id":9701,"geometry":{"type":"Point","coordinates":[-75.251698,39.955564]},"properties":{"stop_id":"26121","stop_name":"Marshall Rd & Powell Ln","routes":["42"]}},{"type":"Feature","id":9702,"geometry":{"type":"Point","coordinates":[-75.253282,39.9549680000001]},"properties":{"stop_id":"26122","stop_name":"Marshall Rd & Powell Ln - MBFS","routes":["42"]}},{"type":"Feature","id":9703,"geometry":{"type":"Point","coordinates":[-75.254653,39.954443]},"properties":{"stop_id":"22181","stop_name":"Marshall Rd & Harrison Av","routes":["42"]}},{"type":"Feature","id":9704,"geometry":{"type":"Point","coordinates":[-75.2571799999999,39.954599]},"properties":{"stop_id":"22182","stop_name":"Marshall Rd & Rocklyn Rd","routes":["42"]}},{"type":"Feature","id":9705,"geometry":{"type":"Point","coordinates":[-75.258386,39.953922]},"properties":{"stop_id":"22183","stop_name":"Marshall Rd & 69th St","routes":["42"]}},{"type":"Feature","id":9707,"geometry":{"type":"Point","coordinates":[-75.2624969999999,39.9531240000001]},"properties":{"stop_id":"22186","stop_name":"Marshall Rd & Grace Rd - FS","routes":["42"]}},{"type":"Feature","id":9715,"geometry":{"type":"Point","coordinates":[-75.216873,39.9788750000001]},"properties":{"stop_id":"766","stop_name":"49th St & Parkside Av Loop","routes":["43"]}},{"type":"Feature","id":9727,"geometry":{"type":"Point","coordinates":[-75.20244,39.963151]},"properties":{"stop_id":"20635","stop_name":"Lancaster Av & 40th St","routes":["0","43"]}},{"type":"Feature","id":9728,"geometry":{"type":"Point","coordinates":[-75.1995029999999,39.961976]},"properties":{"stop_id":"22008","stop_name":"Spring Garden St & 39th St","routes":["43"]}},{"type":"Feature","id":9729,"geometry":{"type":"Point","coordinates":[-75.1972699999999,39.962222]},"properties":{"stop_id":"22009","stop_name":"Spring Garden St & 38th St","routes":["43"]}},{"type":"Feature","id":9730,"geometry":{"type":"Point","coordinates":[-75.195816,39.9623710000001]},"properties":{"stop_id":"22010","stop_name":"Spring Garden St & 37th St","routes":["43"]}},{"type":"Feature","id":9731,"geometry":{"type":"Point","coordinates":[-75.194363,39.9625290000001]},"properties":{"stop_id":"30849","stop_name":"Spring Garden St & 36th St","routes":["43"]}},{"type":"Feature","id":9732,"geometry":{"type":"Point","coordinates":[-75.19291,39.962705]},"properties":{"stop_id":"30850","stop_name":"Spring Garden St & 35th St","routes":["43"]}},{"type":"Feature","id":9733,"geometry":{"type":"Point","coordinates":[-75.191457,39.9628540000001]},"properties":{"stop_id":"22011","stop_name":"Spring Garden St & 34th St","routes":["43"]}},{"type":"Feature","id":9738,"geometry":{"type":"Point","coordinates":[-75.1756609999999,39.9641080000001]},"properties":{"stop_id":"22015","stop_name":"Spring Garden St & Pennsylvania - F","routes":["43"]}},{"type":"Feature","id":9739,"geometry":{"type":"Point","coordinates":[-75.174244,39.963944]},"properties":{"stop_id":"680","stop_name":"Spring Garden St & 22nd St - FS","routes":["43"]}},{"type":"Feature","id":9740,"geometry":{"type":"Point","coordinates":[-75.1729579999999,39.963781]},"properties":{"stop_id":"22016","stop_name":"Spring Garden St & 21st St","routes":["43"]}},{"type":"Feature","id":9741,"geometry":{"type":"Point","coordinates":[-75.171057,39.963536]},"properties":{"stop_id":"22017","stop_name":"Spring Garden St & 20th St","routes":["43"]}},{"type":"Feature","id":9742,"geometry":{"type":"Point","coordinates":[-75.169522,39.963328]},"properties":{"stop_id":"22019","stop_name":"Spring Garden St & 19th St","routes":["43"]}},{"type":"Feature","id":9743,"geometry":{"type":"Point","coordinates":[-75.16794,39.9631370000001]},"properties":{"stop_id":"22018","stop_name":"Spring Garden St & 18th St","routes":["43"]}},{"type":"Feature","id":9744,"geometry":{"type":"Point","coordinates":[-75.1664059999999,39.9629370000001]},"properties":{"stop_id":"22020","stop_name":"Spring Garden St & 17th St","routes":["43"]}},{"type":"Feature","id":9745,"geometry":{"type":"Point","coordinates":[-75.1648,39.962747]},"properties":{"stop_id":"22021","stop_name":"Spring Garden St & 16th St","routes":["43"]}},{"type":"Feature","id":9746,"geometry":{"type":"Point","coordinates":[-75.163265,39.9625560000001]},"properties":{"stop_id":"22022","stop_name":"Spring Garden St & 15th St","routes":["43"]}},{"type":"Feature","id":9747,"geometry":{"type":"Point","coordinates":[-75.161636,39.962365]},"properties":{"stop_id":"681","stop_name":"Spring Garden St & Broad St","routes":["43"]}},{"type":"Feature","id":9748,"geometry":{"type":"Point","coordinates":[-75.159441,39.9618780000001]},"properties":{"stop_id":"22023","stop_name":"Spring Garden St & 13th St","routes":["43"]}},{"type":"Feature","id":9749,"geometry":{"type":"Point","coordinates":[-75.1578479999999,39.961688]},"properties":{"stop_id":"22024","stop_name":"Spring Garden St & 12th St","routes":["43"]}},{"type":"Feature","id":9753,"geometry":{"type":"Point","coordinates":[-75.151554,39.9613790000001]},"properties":{"stop_id":"18439","stop_name":"Spring Garden St & 8th St - FS","routes":["43"]}},{"type":"Feature","id":9754,"geometry":{"type":"Point","coordinates":[-75.1499479999999,39.961304]},"properties":{"stop_id":"22025","stop_name":"Spring Garden St & 7 th St","routes":["43"]}},{"type":"Feature","id":9755,"geometry":{"type":"Point","coordinates":[-75.1483059999999,39.96122]},"properties":{"stop_id":"22026","stop_name":"Spring Garden St & 6th St","routes":["43"]}},{"type":"Feature","id":9756,"geometry":{"type":"Point","coordinates":[-75.146736,39.9610740000001]},"properties":{"stop_id":"22027","stop_name":"Spring Garden St & 5th St","routes":["43"]}},{"type":"Feature","id":9757,"geometry":{"type":"Point","coordinates":[-75.1451069999999,39.9608920000001]},"properties":{"stop_id":"22028","stop_name":"Spring Garden St & 4th St","routes":["43"]}},{"type":"Feature","id":9759,"geometry":{"type":"Point","coordinates":[-75.1416129999999,39.960545]},"properties":{"stop_id":"32375","stop_name":"Spring Garden St & 2nd St","routes":["43"]}},{"type":"Feature","id":9760,"geometry":{"type":"Point","coordinates":[-75.1404909999999,39.960426]},"properties":{"stop_id":"22030","stop_name":"Spring Garden St & 2nd St - MBFS","routes":["0","43"]}},{"type":"Feature","id":9764,"geometry":{"type":"Point","coordinates":[-75.1347719999999,39.9640630000001]},"properties":{"stop_id":"25918","stop_name":"Delaware Av & Frankford Av","routes":["43"]}},{"type":"Feature","id":9765,"geometry":{"type":"Point","coordinates":[-75.132959,39.965362]},"properties":{"stop_id":"30851","stop_name":"Delaware Av & Sugarhouse Dr","routes":["43"]}},{"type":"Feature","id":9766,"geometry":{"type":"Point","coordinates":[-75.128996,39.966798]},"properties":{"stop_id":"684","stop_name":"Beach St & Columbia Av","routes":["43"]}},{"type":"Feature","id":9767,"geometry":{"type":"Point","coordinates":[-75.12877,39.967289]},"properties":{"stop_id":"686","stop_name":"Columbia Av & Delaware Av","routes":["43"]}},{"type":"Feature","id":9772,"geometry":{"type":"Point","coordinates":[-75.1260559999999,39.9695580000001]},"properties":{"stop_id":"31463","stop_name":"Delaware Av & Montgomery Av","routes":["43"]}},{"type":"Feature","id":9773,"geometry":{"type":"Point","coordinates":[-75.128946,39.9676190000001]},"properties":{"stop_id":"31458","stop_name":"Delaware Av & Columbia Av","routes":["43"]}},{"type":"Feature","id":9775,"geometry":{"type":"Point","coordinates":[-75.1318229999999,39.965984]},"properties":{"stop_id":"22034","stop_name":"Delaware Av & Shackamaxon St","routes":["43"]}},{"type":"Feature","id":9776,"geometry":{"type":"Point","coordinates":[-75.134012,39.9649450000001]},"properties":{"stop_id":"25793","stop_name":"Delaware Av & Frankford Av","routes":["43"]}},{"type":"Feature","id":9780,"geometry":{"type":"Point","coordinates":[-75.138767,39.9604580000001]},"properties":{"stop_id":"687","stop_name":"Spring Garden St & Front St","routes":["43"]}},{"type":"Feature","id":9781,"geometry":{"type":"Point","coordinates":[-75.1404669999999,39.9606400000001]},"properties":{"stop_id":"22035","stop_name":"Spring Garden St & Front St - MBFS","routes":["43"]}},{"type":"Feature","id":9782,"geometry":{"type":"Point","coordinates":[-75.141328,39.9607490000001]},"properties":{"stop_id":"25795","stop_name":"Spring Garden St & 2nd St","routes":["43"]}},{"type":"Feature","id":9784,"geometry":{"type":"Point","coordinates":[-75.1448819999999,39.9611140000001]},"properties":{"stop_id":"22037","stop_name":"Spring Garden St & 4th St","routes":["43"]}},{"type":"Feature","id":9785,"geometry":{"type":"Point","coordinates":[-75.1464989999999,39.961297]},"properties":{"stop_id":"22038","stop_name":"Spring Garden St & 5th St","routes":["43"]}},{"type":"Feature","id":9786,"geometry":{"type":"Point","coordinates":[-75.148093,39.9614520000001]},"properties":{"stop_id":"22039","stop_name":"Spring Garden St & 6th St","routes":["43"]}},{"type":"Feature","id":9787,"geometry":{"type":"Point","coordinates":[-75.1496989999999,39.9615360000001]},"properties":{"stop_id":"22040","stop_name":"Spring Garden St & 7th St","routes":["43"]}},{"type":"Feature","id":9793,"geometry":{"type":"Point","coordinates":[-75.159169,39.9621010000001]},"properties":{"stop_id":"22046","stop_name":"Spring Garden St & 13th St","routes":["43"]}},{"type":"Feature","id":9794,"geometry":{"type":"Point","coordinates":[-75.1613169999999,39.9625070000001]},"properties":{"stop_id":"689","stop_name":"Spring Garden St & Broad St","routes":["43"]}},{"type":"Feature","id":9795,"geometry":{"type":"Point","coordinates":[-75.162969,39.9627610000001]},"properties":{"stop_id":"22048","stop_name":"Spring Garden St & 15th St","routes":["43"]}},{"type":"Feature","id":9796,"geometry":{"type":"Point","coordinates":[-75.164551,39.962951]},"properties":{"stop_id":"22049","stop_name":"Spring Garden St & 16th St","routes":["43"]}},{"type":"Feature","id":9797,"geometry":{"type":"Point","coordinates":[-75.166145,39.9631600000001]},"properties":{"stop_id":"20412","stop_name":"Spring Garden St & 17th St","routes":["43"]}},{"type":"Feature","id":9798,"geometry":{"type":"Point","coordinates":[-75.16768,39.9633510000001]},"properties":{"stop_id":"22051","stop_name":"Spring Garden St & 18th St","routes":["43"]}},{"type":"Feature","id":9799,"geometry":{"type":"Point","coordinates":[-75.1692619999999,39.9635410000001]},"properties":{"stop_id":"22052","stop_name":"Spring Garden St & 19th St","routes":["43"]}},{"type":"Feature","id":9800,"geometry":{"type":"Point","coordinates":[-75.170808,39.963741]},"properties":{"stop_id":"22053","stop_name":"Spring Garden St & 20th St","routes":["43"]}},{"type":"Feature","id":9801,"geometry":{"type":"Point","coordinates":[-75.1727089999999,39.9639770000001]},"properties":{"stop_id":"22054","stop_name":"Spring Garden St & 21st St","routes":["43"]}},{"type":"Feature","id":9802,"geometry":{"type":"Point","coordinates":[-75.174303,39.9641770000001]},"properties":{"stop_id":"690","stop_name":"Spring Garden St & 22nd St","routes":["43"]}},{"type":"Feature","id":9803,"geometry":{"type":"Point","coordinates":[-75.175956,39.964367]},"properties":{"stop_id":"22055","stop_name":"Spring Garden St & 23rd St","routes":["43"]}},{"type":"Feature","id":9804,"geometry":{"type":"Point","coordinates":[-75.178646,39.9649440000001]},"properties":{"stop_id":"20440","stop_name":"Spring Garden St & Kelly Dr","routes":["43"]}},{"type":"Feature","id":9807,"geometry":{"type":"Point","coordinates":[-75.188593,39.9644460000001]},"properties":{"stop_id":"22076","stop_name":"Haverford Av & 32nd St","routes":["43"]}},{"type":"Feature","id":9808,"geometry":{"type":"Point","coordinates":[-75.1900459999999,39.9642700000001]},"properties":{"stop_id":"691","stop_name":"Haverford Av & 33rd St","routes":["43"]}},{"type":"Feature","id":9809,"geometry":{"type":"Point","coordinates":[-75.1914879999999,39.9641300000001]},"properties":{"stop_id":"22079","stop_name":"Haverford Av & 34th St","routes":["43"]}},{"type":"Feature","id":9810,"geometry":{"type":"Point","coordinates":[-75.192953,39.963981]},"properties":{"stop_id":"22088","stop_name":"Haverford Av & 35th St","routes":["43"]}},{"type":"Feature","id":9811,"geometry":{"type":"Point","coordinates":[-75.194406,39.963823]},"properties":{"stop_id":"22089","stop_name":"Haverford Av & 36th St","routes":["43"]}},{"type":"Feature","id":9812,"geometry":{"type":"Point","coordinates":[-75.195859,39.9636560000001]},"properties":{"stop_id":"22090","stop_name":"Haverford Av & 37th St","routes":["43"]}},{"type":"Feature","id":9813,"geometry":{"type":"Point","coordinates":[-75.197324,39.963507]},"properties":{"stop_id":"22091","stop_name":"Haverford Av & 38th St","routes":["43"]}},{"type":"Feature","id":9814,"geometry":{"type":"Point","coordinates":[-75.1995459999999,39.9632520000001]},"properties":{"stop_id":"22093","stop_name":"Haverford Av & 39th St","routes":["43"]}},{"type":"Feature","id":9815,"geometry":{"type":"Point","coordinates":[-75.2017079999999,39.962998]},"properties":{"stop_id":"22095","stop_name":"Haverford Av & Lancaster Av","routes":["43"]}},{"type":"Feature","id":9816,"geometry":{"type":"Point","coordinates":[-75.2033709999999,39.9638570000001]},"properties":{"stop_id":"20670","stop_name":"Lancaster Av & Wallace St","routes":["0","43"]}},{"type":"Feature","id":9828,"geometry":{"type":"Point","coordinates":[-75.217003,39.978911]},"properties":{"stop_id":"31336","stop_name":"49th St & Parkside Av - FS","routes":["43"]}},{"type":"Feature","id":9905,"geometry":{"type":"Point","coordinates":[-75.180581,39.955586]},"properties":{"stop_id":"33095","stop_name":"JFK Blvd & Schuylkill Av","routes":["124","125","44"]}},{"type":"Feature","id":9953,"geometry":{"type":"Point","coordinates":[-75.173468,39.890296]},"properties":{"stop_id":"33000","stop_name":"Kitty Hawk Av & 13th St","routes":["45"]}},{"type":"Feature","id":9954,"geometry":{"type":"Point","coordinates":[-75.1759309999999,39.8912020000001]},"properties":{"stop_id":"33001","stop_name":"Broad St & Constitution Av","routes":["45"]}},{"type":"Feature","id":9956,"geometry":{"type":"Point","coordinates":[-75.1757719999999,39.8960660000001]},"properties":{"stop_id":"31611","stop_name":"Broad St & Crescent Dr","routes":["45"]}},{"type":"Feature","id":9964,"geometry":{"type":"Point","coordinates":[-75.1659749999999,39.9163760000001]},"properties":{"stop_id":"30858","stop_name":"11th St & Oregon Av - FS","routes":["45"]}},{"type":"Feature","id":9967,"geometry":{"type":"Point","coordinates":[-75.165194,39.9198730000001]},"properties":{"stop_id":"21785","stop_name":"11th St & Ritner St","routes":["45"]}},{"type":"Feature","id":9968,"geometry":{"type":"Point","coordinates":[-75.16493,39.9211310000001]},"properties":{"stop_id":"21786","stop_name":"11th St & Wolf St","routes":["45"]}},{"type":"Feature","id":9969,"geometry":{"type":"Point","coordinates":[-75.164678,39.9223620000001]},"properties":{"stop_id":"21788","stop_name":"11th St & Jackson St","routes":["45"]}},{"type":"Feature","id":9970,"geometry":{"type":"Point","coordinates":[-75.1644019999999,39.923593]},"properties":{"stop_id":"16594","stop_name":"11th St & Snyder Av","routes":["45"]}},{"type":"Feature","id":9971,"geometry":{"type":"Point","coordinates":[-75.164125,39.92485]},"properties":{"stop_id":"21790","stop_name":"11th St & McKean St","routes":["45"]}},{"type":"Feature","id":9980,"geometry":{"type":"Point","coordinates":[-75.161712,39.935769]},"properties":{"stop_id":"16833","stop_name":"11th St & Ellsworth St","routes":["45"]}},{"type":"Feature","id":9981,"geometry":{"type":"Point","coordinates":[-75.161436,39.937036]},"properties":{"stop_id":"1183","stop_name":"11th St & Washington Av","routes":["45"]}},{"type":"Feature","id":9982,"geometry":{"type":"Point","coordinates":[-75.161171,39.9382850000001]},"properties":{"stop_id":"16831","stop_name":"11th St & Carpenter St","routes":["45"]}},{"type":"Feature","id":9987,"geometry":{"type":"Point","coordinates":[-75.160186,39.9428970000001]},"properties":{"stop_id":"16838","stop_name":"11th St & South St","routes":["45"]}},{"type":"Feature","id":9988,"geometry":{"type":"Point","coordinates":[-75.159934,39.9439140000001]},"properties":{"stop_id":"16839","stop_name":"11th St & Lombard St","routes":["45"]}},{"type":"Feature","id":9989,"geometry":{"type":"Point","coordinates":[-75.1597419999999,39.944806]},"properties":{"stop_id":"16840","stop_name":"11th St & Pine St","routes":["45"]}},{"type":"Feature","id":9990,"geometry":{"type":"Point","coordinates":[-75.159441,39.9462150000001]},"properties":{"stop_id":"16841","stop_name":"11th St & Spruce St","routes":["45"]}},{"type":"Feature","id":9991,"geometry":{"type":"Point","coordinates":[-75.1591769999999,39.947455]},"properties":{"stop_id":"16842","stop_name":"11th St & Locust St","routes":["45"]}},{"type":"Feature","id":10001,"geometry":{"type":"Point","coordinates":[-75.3467249999999,39.9798040000001]},"properties":{"stop_id":"18664","stop_name":"West Chester Pk & New Ardmore Av - FS","routes":["104","112","115","120"]}},{"type":"Feature","id":10002,"geometry":{"type":"Point","coordinates":[-75.349678,39.9802970000001]},"properties":{"stop_id":"18665","stop_name":"West Chester Pk & Raymond Rd - FS","routes":["104","112","115","120"]}},{"type":"Feature","id":10003,"geometry":{"type":"Point","coordinates":[-75.353788,39.9809070000001]},"properties":{"stop_id":"18666","stop_name":"West Chester Pk & Edgewood Rd - FS","routes":["104","112","115","120"]}},{"type":"Feature","id":10004,"geometry":{"type":"Point","coordinates":[-75.3568119999999,39.9813730000001]},"properties":{"stop_id":"18667","stop_name":"West Chester Pk & Church Rd","routes":["104","112","115","120"]}},{"type":"Feature","id":10005,"geometry":{"type":"Point","coordinates":[-75.361749,39.9821250000001]},"properties":{"stop_id":"1985","stop_name":"West Chester Pk & Sproul Rd - FS","routes":["104","112","115","120"]}},{"type":"Feature","id":10007,"geometry":{"type":"Point","coordinates":[-75.3652099999999,39.9826]},"properties":{"stop_id":"18668","stop_name":"West Chester Pk & Malin Rd - FS","routes":["104","112","115","120"]}},{"type":"Feature","id":10008,"geometry":{"type":"Point","coordinates":[-75.36736,39.9828870000001]},"properties":{"stop_id":"18669","stop_name":"West Chester Pk & E Garden Rd - FS","routes":["104","112","115","120"]}},{"type":"Feature","id":10009,"geometry":{"type":"Point","coordinates":[-75.3697579999999,39.9832270000001]},"properties":{"stop_id":"18670","stop_name":"West Chester Pk & James Rd","routes":["104","112","115","120"]}},{"type":"Feature","id":10010,"geometry":{"type":"Point","coordinates":[-75.373869,39.9838090000001]},"properties":{"stop_id":"18671","stop_name":"West Chester Pk & Ann Rd","routes":["104","112","115","120"]}},{"type":"Feature","id":10011,"geometry":{"type":"Point","coordinates":[-75.377933,39.9841410000001]},"properties":{"stop_id":"14817","stop_name":"West Chester Pk & Media Line Rd","routes":["104","120"]}},{"type":"Feature","id":10012,"geometry":{"type":"Point","coordinates":[-75.3801539999999,39.984222]},"properties":{"stop_id":"18672","stop_name":"West Chester Pk & Barren Rd","routes":["104","120"]}},{"type":"Feature","id":10013,"geometry":{"type":"Point","coordinates":[-75.3824109999999,39.984294]},"properties":{"stop_id":"18673","stop_name":"West Chester Pk & Radnor Dr","routes":["104","120"]}},{"type":"Feature","id":10014,"geometry":{"type":"Point","coordinates":[-75.384821,39.9843930000001]},"properties":{"stop_id":"18674","stop_name":"West Chester Pk & Valley View Ln","routes":["104","120"]}},{"type":"Feature","id":10015,"geometry":{"type":"Point","coordinates":[-75.389865,39.984815]},"properties":{"stop_id":"18675","stop_name":"West Chester Pk & Dunwoody Village Rd","routes":["104","120"]}},{"type":"Feature","id":10016,"geometry":{"type":"Point","coordinates":[-75.392712,39.9852710000001]},"properties":{"stop_id":"18676","stop_name":"West Chester Pk & Bryn Mawr Av - FS","routes":["104","120"]}},{"type":"Feature","id":10017,"geometry":{"type":"Point","coordinates":[-75.39589,39.986048]},"properties":{"stop_id":"18677","stop_name":"West Chester Pk & Clover Ln - FS","routes":["104","120"]}},{"type":"Feature","id":10018,"geometry":{"type":"Point","coordinates":[-75.398016,39.9865750000001]},"properties":{"stop_id":"18678","stop_name":"West Chester Pk & Saint Albans - MBNS","routes":["104","120"]}},{"type":"Feature","id":10019,"geometry":{"type":"Point","coordinates":[-75.400721,39.9874150000001]},"properties":{"stop_id":"15232","stop_name":"Chapel Rd & Newtown Street Rd - FS","routes":["104","118"]}},{"type":"Feature","id":10020,"geometry":{"type":"Point","coordinates":[-75.214253,40.0920600000001]},"properties":{"stop_id":"243","stop_name":"Bethlehem Pk & Montgomery Av","routes":["94"]}},{"type":"Feature","id":10021,"geometry":{"type":"Point","coordinates":[-75.4024469999999,39.986817]},"properties":{"stop_id":"18679","stop_name":"West Chester Pk & Clyde Ln","routes":["104","120"]}},{"type":"Feature","id":10022,"geometry":{"type":"Point","coordinates":[-75.406168,39.9865150000001]},"properties":{"stop_id":"30335","stop_name":"West Chester Pk & Winding Way","routes":["104","120"]}},{"type":"Feature","id":10023,"geometry":{"type":"Point","coordinates":[-75.4094059999999,39.986274]},"properties":{"stop_id":"18681","stop_name":"West Chester Pk & Medical Dr - MBFS","routes":["104","120"]}},{"type":"Feature","id":10024,"geometry":{"type":"Point","coordinates":[-75.4152779999999,39.9858110000001]},"properties":{"stop_id":"30478","stop_name":"West Chester Pk & Boot Rd - MBNS","routes":["104","120"]}},{"type":"Feature","id":10025,"geometry":{"type":"Point","coordinates":[-75.418775,39.9845710000001]},"properties":{"stop_id":"18684","stop_name":"West Chester Pk & Boot Rd - MBFS","routes":["104","120"]}},{"type":"Feature","id":10026,"geometry":{"type":"Point","coordinates":[-75.421303,39.983348]},"properties":{"stop_id":"18685","stop_name":"West Chester Pk & Campus Blvd - MBNS","routes":["104","120"]}},{"type":"Feature","id":10027,"geometry":{"type":"Point","coordinates":[-75.425285,39.981385]},"properties":{"stop_id":"18686","stop_name":"West Chester Pk & Campus Blvd - FS","routes":["104","120"]}},{"type":"Feature","id":10032,"geometry":{"type":"Point","coordinates":[-75.42851,39.9798500000001]},"properties":{"stop_id":"18688","stop_name":"West Chester Pk & Tuxedo Av - FS","routes":["104","120"]}},{"type":"Feature","id":10033,"geometry":{"type":"Point","coordinates":[-75.4330229999999,39.978029]},"properties":{"stop_id":"18689","stop_name":"West Chester & Alice Grim Blvd - FS","routes":["104","120"]}},{"type":"Feature","id":10034,"geometry":{"type":"Point","coordinates":[-75.437736,39.9767170000001]},"properties":{"stop_id":"29738","stop_name":"Crum Creek Rd & West Chester Pk - FS","routes":["104"]}},{"type":"Feature","id":10036,"geometry":{"type":"Point","coordinates":[-75.4410549999999,39.9759760000001]},"properties":{"stop_id":"29740","stop_name":"Rock Ridge Rd & West Chester - MBNS","routes":["104"]}},{"type":"Feature","id":10037,"geometry":{"type":"Point","coordinates":[-75.4377479999999,39.9761100000001]},"properties":{"stop_id":"18690","stop_name":"West Chester Pk & Crum Creek Rd - FS","routes":["104","120"]}},{"type":"Feature","id":10038,"geometry":{"type":"Point","coordinates":[-75.441162,39.9752350000001]},"properties":{"stop_id":"18691","stop_name":"West Chester Pk & Rock Ridge Rd - FS","routes":["104","120"]}},{"type":"Feature","id":10039,"geometry":{"type":"Point","coordinates":[-75.4470679999999,39.974949]},"properties":{"stop_id":"18692","stop_name":"West Chester Pk & Papa Blvd - MBNS","routes":["104","120"]}},{"type":"Feature","id":10040,"geometry":{"type":"Point","coordinates":[-75.4509189999999,39.9747160000001]},"properties":{"stop_id":"1987","stop_name":"West Chester Pk & Providence Rd - FS","routes":["104","120"]}},{"type":"Feature","id":10041,"geometry":{"type":"Point","coordinates":[-75.454982,39.974028]},"properties":{"stop_id":"18693","stop_name":"West Chester Pk & Miller Rd - MBFS","routes":["104","120"]}},{"type":"Feature","id":10042,"geometry":{"type":"Point","coordinates":[-75.458537,39.9734030000001]},"properties":{"stop_id":"18694","stop_name":"West Chester Pk & Sandy Flash Dr","routes":["104","120"]}},{"type":"Feature","id":10043,"geometry":{"type":"Point","coordinates":[-75.462329,39.972741]},"properties":{"stop_id":"30783","stop_name":"West Chester Pk & Edgemont Country Club Rd","routes":["104","120"]}},{"type":"Feature","id":10044,"geometry":{"type":"Point","coordinates":[-75.467549,39.9712850000001]},"properties":{"stop_id":"18697","stop_name":"West Chester Pk & Plumsock - FS","routes":["104","120"]}},{"type":"Feature","id":10045,"geometry":{"type":"Point","coordinates":[-75.474836,39.969551]},"properties":{"stop_id":"18698","stop_name":"West Chester Pk & Delchester Rd","routes":["104","120"]}},{"type":"Feature","id":10046,"geometry":{"type":"Point","coordinates":[-75.479076,39.968122]},"properties":{"stop_id":"30784","stop_name":"West Chester & Whispering Brooke Dr","routes":["104","120"]}},{"type":"Feature","id":10047,"geometry":{"type":"Point","coordinates":[-75.486066,39.965763]},"properties":{"stop_id":"29741","stop_name":"West Chester Pk & Sagewood Rd","routes":["104","120"]}},{"type":"Feature","id":10048,"geometry":{"type":"Point","coordinates":[-75.48844,39.965182]},"properties":{"stop_id":"18699","stop_name":"West Chester Pk & Garrett Mill Rd","routes":["104"]}},{"type":"Feature","id":10049,"geometry":{"type":"Point","coordinates":[-75.500369,39.965176]},"properties":{"stop_id":"18700","stop_name":"West Chester Pk & Dutton Mill Rd","routes":["104"]}},{"type":"Feature","id":10050,"geometry":{"type":"Point","coordinates":[-75.506299,39.9655020000001]},"properties":{"stop_id":"18701","stop_name":"West Chester Pk & Stoneham Dr","routes":["104"]}},{"type":"Feature","id":10051,"geometry":{"type":"Point","coordinates":[-75.5102679999999,39.965785]},"properties":{"stop_id":"18702","stop_name":"West Chester Pk & Hunters Run - MBFS","routes":["104"]}},{"type":"Feature","id":10052,"geometry":{"type":"Point","coordinates":[-75.5145439999999,39.9660680000001]},"properties":{"stop_id":"18704","stop_name":"West Chester Pk & Hilltop Rd","routes":["104"]}},{"type":"Feature","id":10053,"geometry":{"type":"Point","coordinates":[-75.517615,39.9662890000001]},"properties":{"stop_id":"18705","stop_name":"West Chester Pk & Woodcrest Rd - FS","routes":["104"]}},{"type":"Feature","id":10054,"geometry":{"type":"Point","coordinates":[-75.520922,39.966528]},"properties":{"stop_id":"18706","stop_name":"West Chester Pk & McDaniel Dr - FS","routes":["104"]}},{"type":"Feature","id":10055,"geometry":{"type":"Point","coordinates":[-75.526403,39.9668810000001]},"properties":{"stop_id":"1988","stop_name":"West Chester Pk & Chester Rd - MBFS","routes":["104"]}},{"type":"Feature","id":10056,"geometry":{"type":"Point","coordinates":[-75.529769,39.9667620000001]},"properties":{"stop_id":"18708","stop_name":"West Chester Pk & Manley Rd - FS","routes":["104"]}},{"type":"Feature","id":10057,"geometry":{"type":"Point","coordinates":[-75.5343159999999,39.9664370000001]},"properties":{"stop_id":"18709","stop_name":"West Chester Pk & Chester Hollow Rd","routes":["104"]}},{"type":"Feature","id":10058,"geometry":{"type":"Point","coordinates":[-75.538284,39.9661390000001]},"properties":{"stop_id":"18710","stop_name":"West Chester Pk & Waterview Rd","routes":["104"]}},{"type":"Feature","id":10059,"geometry":{"type":"Point","coordinates":[-75.543977,39.965742]},"properties":{"stop_id":"18711","stop_name":"West Chester Pk & Westtown Way","routes":["104"]}},{"type":"Feature","id":10060,"geometry":{"type":"Point","coordinates":[-75.5479339999999,39.966256]},"properties":{"stop_id":"30479","stop_name":"West Chester Pk & Valley Dr","routes":["104"]}},{"type":"Feature","id":10061,"geometry":{"type":"Point","coordinates":[-75.550865,39.9669400000001]},"properties":{"stop_id":"18712","stop_name":"West Chester Pk & Mary Fran Dr - MBFS","routes":["104"]}},{"type":"Feature","id":10062,"geometry":{"type":"Point","coordinates":[-75.552992,39.967429]},"properties":{"stop_id":"29742","stop_name":"West Chester Pk & Ellis Ln - MBNS","routes":["104"]}},{"type":"Feature","id":10063,"geometry":{"type":"Point","coordinates":[-75.555355,39.9679530000001]},"properties":{"stop_id":"18713","stop_name":"West Chester Pk & Ellis Ln - FS","routes":["104"]}},{"type":"Feature","id":10064,"geometry":{"type":"Point","coordinates":[-75.557895,39.968531]},"properties":{"stop_id":"18714","stop_name":"West Chester Pk & Ellis Ln - MBFS","routes":["104"]}},{"type":"Feature","id":10065,"geometry":{"type":"Point","coordinates":[-75.5631539999999,39.9696680000001]},"properties":{"stop_id":"18715","stop_name":"West Chester Pk & Strasburg Rd","routes":["104"]}},{"type":"Feature","id":10066,"geometry":{"type":"Point","coordinates":[-75.567784,39.969618]},"properties":{"stop_id":"18716","stop_name":"West Chester Pk & Kingsway Rd","routes":["104"]}},{"type":"Feature","id":10067,"geometry":{"type":"Point","coordinates":[-75.5698619999999,39.9692850000001]},"properties":{"stop_id":"18717","stop_name":"West Chester Pk & Rolling Rd - FS","routes":["104"]}},{"type":"Feature","id":10068,"geometry":{"type":"Point","coordinates":[-75.5737,39.968737]},"properties":{"stop_id":"18718","stop_name":"West Chester Pk & Spring Ln - MBFS","routes":["104"]}},{"type":"Feature","id":10069,"geometry":{"type":"Point","coordinates":[-75.576203,39.9683590000001]},"properties":{"stop_id":"1989","stop_name":"West Chester Pk & Five Points Rd - FS","routes":["104"]}},{"type":"Feature","id":10070,"geometry":{"type":"Point","coordinates":[-75.578801,39.967972]},"properties":{"stop_id":"18719","stop_name":"West Chester Pk & Rose Ln - MBFS","routes":["104"]}},{"type":"Feature","id":10071,"geometry":{"type":"Point","coordinates":[-75.586257,39.9691950000001]},"properties":{"stop_id":"2225","stop_name":"Paoli Pk & Concord Rd","routes":["104"]}},{"type":"Feature","id":10073,"geometry":{"type":"Point","coordinates":[-75.589962,39.967476]},"properties":{"stop_id":"18721","stop_name":"Paoli Pk & Prospect Av","routes":["104"]}},{"type":"Feature","id":10074,"geometry":{"type":"Point","coordinates":[-75.595248,39.965042]},"properties":{"stop_id":"18723","stop_name":"Gay St & Bolmar St","routes":["104"]}},{"type":"Feature","id":10075,"geometry":{"type":"Point","coordinates":[-75.59907,39.9633410000001]},"properties":{"stop_id":"18725","stop_name":"Gay St & Adams St","routes":["104"]}},{"type":"Feature","id":10076,"geometry":{"type":"Point","coordinates":[-75.6016779999999,39.9621510000001]},"properties":{"stop_id":"18726","stop_name":"Gay St & Patton St - FS","routes":["104"]}},{"type":"Feature","id":10166,"geometry":{"type":"Point","coordinates":[-75.2543929999999,39.98817]},"properties":{"stop_id":"19457","stop_name":"City Av & Lancaster Av - FS","routes":["105"]}},{"type":"Feature","id":10167,"geometry":{"type":"Point","coordinates":[-75.255907,39.987467]},"properties":{"stop_id":"19458","stop_name":"City Av & 64th St","routes":["105"]}},{"type":"Feature","id":10168,"geometry":{"type":"Point","coordinates":[-75.2584869999999,39.9856500000001]},"properties":{"stop_id":"19459","stop_name":"City Av & 66th St","routes":["105"]}},{"type":"Feature","id":10169,"geometry":{"type":"Point","coordinates":[-75.260617,39.98443]},"properties":{"stop_id":"19460","stop_name":"City Av & Greenhill Rd - FS","routes":["105"]}},{"type":"Feature","id":10170,"geometry":{"type":"Point","coordinates":[-75.264721,39.982267]},"properties":{"stop_id":"32720","stop_name":"City Av & Wiltshire Rd","routes":["105"]}},{"type":"Feature","id":10171,"geometry":{"type":"Point","coordinates":[-75.268403,39.9789960000001]},"properties":{"stop_id":"30349","stop_name":"Haverford Av & Overbrook Av","routes":["105"]}},{"type":"Feature","id":10182,"geometry":{"type":"Point","coordinates":[-75.258183,39.9628230000001]},"properties":{"stop_id":"33113","stop_name":"69th St TC North Berth 4","routes":["105"]}},{"type":"Feature","id":10189,"geometry":{"type":"Point","coordinates":[-75.267081,39.9782450000001]},"properties":{"stop_id":"19497","stop_name":"Haverford Av & Sherwood Rd - FS","routes":["105"]}},{"type":"Feature","id":10190,"geometry":{"type":"Point","coordinates":[-75.2682369999999,39.979005]},"properties":{"stop_id":"30535","stop_name":"Haverford Av & Overbrook Av","routes":["105"]}},{"type":"Feature","id":10191,"geometry":{"type":"Point","coordinates":[-75.269156,39.9801400000001]},"properties":{"stop_id":"2002","stop_name":"Haverford Av & City Av","routes":["105"]}},{"type":"Feature","id":10192,"geometry":{"type":"Point","coordinates":[-75.264485,39.9822310000001]},"properties":{"stop_id":"19296","stop_name":"City Av & 71st St","routes":["105"]}},{"type":"Feature","id":10193,"geometry":{"type":"Point","coordinates":[-75.260795,39.984181]},"properties":{"stop_id":"19297","stop_name":"City Av & Greenhill Rd","routes":["105"]}},{"type":"Feature","id":10194,"geometry":{"type":"Point","coordinates":[-75.258665,39.985347]},"properties":{"stop_id":"19298","stop_name":"City Av & 66th St","routes":["105"]}},{"type":"Feature","id":10195,"geometry":{"type":"Point","coordinates":[-75.2556949999999,39.987422]},"properties":{"stop_id":"19299","stop_name":"City Av & 64th St","routes":["105"]}},{"type":"Feature","id":10281,"geometry":{"type":"Point","coordinates":[-75.350833,39.961163]},"properties":{"stop_id":"19196","stop_name":"Parkway Dr & Westbourne Dr - MBFS","routes":["107","126"]}},{"type":"Feature","id":10282,"geometry":{"type":"Point","coordinates":[-75.349546,39.960359]},"properties":{"stop_id":"19197","stop_name":"Parkway Dr & Reed Rd - MBNS","routes":["107","126"]}},{"type":"Feature","id":10286,"geometry":{"type":"Point","coordinates":[-75.350089,39.939556]},"properties":{"stop_id":"15384","stop_name":"Sproul Rd & Martens Ln - FS","routes":["107"]}},{"type":"Feature","id":10287,"geometry":{"type":"Point","coordinates":[-75.351592,39.936558]},"properties":{"stop_id":"19204","stop_name":"Sproul Rd & State Rd - MBFS","routes":["107","110"]}},{"type":"Feature","id":10288,"geometry":{"type":"Point","coordinates":[-75.352457,39.9340330000001]},"properties":{"stop_id":"19205","stop_name":"Sproul Rd & Beatty Rd","routes":["107","110"]}},{"type":"Feature","id":10289,"geometry":{"type":"Point","coordinates":[-75.351222,39.9294530000001]},"properties":{"stop_id":"19206","stop_name":"Sproul Rd & Kennerly Rd - FS","routes":["107","110"]}},{"type":"Feature","id":10290,"geometry":{"type":"Point","coordinates":[-75.3503029999999,39.927579]},"properties":{"stop_id":"19207","stop_name":"Sproul Rd & Gleaves Rd","routes":["107","110"]}},{"type":"Feature","id":10291,"geometry":{"type":"Point","coordinates":[-75.348385,39.922606]},"properties":{"stop_id":"19208","stop_name":"Sproul Rd & Thomson Av","routes":["107","110"]}},{"type":"Feature","id":10292,"geometry":{"type":"Point","coordinates":[-75.3507309999999,39.9140130000001]},"properties":{"stop_id":"2047","stop_name":"Springfield Mall - east","routes":["0","107","109","110"]}},{"type":"Feature","id":10330,"geometry":{"type":"Point","coordinates":[-75.2925539999999,39.914749]},"properties":{"stop_id":"19240","stop_name":"Rively Av & Oak Ln","routes":["107"]}},{"type":"Feature","id":10333,"geometry":{"type":"Point","coordinates":[-75.2977509999999,39.919493]},"properties":{"stop_id":"19243","stop_name":"Oak Av & Providence Rd","routes":["107"]}},{"type":"Feature","id":10334,"geometry":{"type":"Point","coordinates":[-75.298621,39.921341]},"properties":{"stop_id":"2077","stop_name":"Oak Av & Secane Rd","routes":["107"]}},{"type":"Feature","id":10337,"geometry":{"type":"Point","coordinates":[-75.301681,39.926164]},"properties":{"stop_id":"29746","stop_name":"Oak Ln & Cambridge Rd","routes":["107"]}},{"type":"Feature","id":10338,"geometry":{"type":"Point","coordinates":[-75.303261,39.9272100000001]},"properties":{"stop_id":"2045","stop_name":"Baltimore Av & Oak Av - FS","routes":["107","109"]}},{"type":"Feature","id":10346,"geometry":{"type":"Point","coordinates":[-75.308713,39.9353370000001]},"properties":{"stop_id":"19254","stop_name":"Westpark Ln & Bishop Av","routes":["107"]}},{"type":"Feature","id":10347,"geometry":{"type":"Point","coordinates":[-75.302208,39.941711]},"properties":{"stop_id":"19256","stop_name":"Garrett Rd & Childs Av","routes":["107"]}},{"type":"Feature","id":10350,"geometry":{"type":"Point","coordinates":[-75.282994,39.955265]},"properties":{"stop_id":"32657","stop_name":"Bonner & Prendergast High School","routes":["107"]}},{"type":"Feature","id":10351,"geometry":{"type":"Point","coordinates":[-75.285494,39.957187]},"properties":{"stop_id":"32656","stop_name":"Upper Darby High School","routes":["107"]}},{"type":"Feature","id":10384,"geometry":{"type":"Point","coordinates":[-75.2586269999999,39.9619190000001]},"properties":{"stop_id":"33108","stop_name":"69th St TC South Driveway","routes":["107"]}},{"type":"Feature","id":10421,"geometry":{"type":"Point","coordinates":[-75.3019839999999,39.941988]},"properties":{"stop_id":"19129","stop_name":"Garrett Rd & Childs Av","routes":["107"]}},{"type":"Feature","id":10422,"geometry":{"type":"Point","coordinates":[-75.308773,39.9349260000001]},"properties":{"stop_id":"19130","stop_name":"Westpark Ln & Bishop Av - FS","routes":["107"]}},{"type":"Feature","id":10430,"geometry":{"type":"Point","coordinates":[-75.303462,39.927014]},"properties":{"stop_id":"2042","stop_name":"Baltimore Pike & Oak Av - MBNS","routes":["107","109"]}},{"type":"Feature","id":10431,"geometry":{"type":"Point","coordinates":[-75.302341,39.926656]},"properties":{"stop_id":"29753","stop_name":"Oak Av & Cambridge Circle","routes":["107"]}},{"type":"Feature","id":10432,"geometry":{"type":"Point","coordinates":[-75.3009989999999,39.9250480000001]},"properties":{"stop_id":"19138","stop_name":"Oak Av & Broadway Av - FS","routes":["107"]}},{"type":"Feature","id":10434,"geometry":{"type":"Point","coordinates":[-75.29901,39.9216630000001]},"properties":{"stop_id":"2072","stop_name":"Oak Av & Boro Rd","routes":["107"]}},{"type":"Feature","id":10435,"geometry":{"type":"Point","coordinates":[-75.297881,39.9193680000001]},"properties":{"stop_id":"19140","stop_name":"Oak Av & Providence Rd - FS","routes":["107"]}},{"type":"Feature","id":10438,"geometry":{"type":"Point","coordinates":[-75.2927079999999,39.914874]},"properties":{"stop_id":"19143","stop_name":"Rively Av & Oak Ln - FS","routes":["107"]}},{"type":"Feature","id":10474,"geometry":{"type":"Point","coordinates":[-75.348172,39.9227220000001]},"properties":{"stop_id":"19179","stop_name":"Sproul Rd & Thomson Av - FS","routes":["107","110"]}},{"type":"Feature","id":10475,"geometry":{"type":"Point","coordinates":[-75.350385,39.9280870000001]},"properties":{"stop_id":"19180","stop_name":"Sproul Rd & Gleaves Rd - MBFS","routes":["107","110"]}},{"type":"Feature","id":10476,"geometry":{"type":"Point","coordinates":[-75.351033,39.929578]},"properties":{"stop_id":"19181","stop_name":"Sproul Rd & Kennerly Rd","routes":["107","110"]}},{"type":"Feature","id":10477,"geometry":{"type":"Point","coordinates":[-75.352221,39.9336660000001]},"properties":{"stop_id":"19182","stop_name":"Sproul Rd & Woodland Av","routes":["107","110"]}},{"type":"Feature","id":10478,"geometry":{"type":"Point","coordinates":[-75.351439,39.936111]},"properties":{"stop_id":"19183","stop_name":"Sproul Rd & State Rd - MBNS","routes":["107"]}},{"type":"Feature","id":10479,"geometry":{"type":"Point","coordinates":[-75.349688,39.939689]},"properties":{"stop_id":"15383","stop_name":"Sproul Rd & Martens Ln - FS","routes":["107"]}},{"type":"Feature","id":10483,"geometry":{"type":"Point","coordinates":[-75.349688,39.9606180000001]},"properties":{"stop_id":"19190","stop_name":"Parkway Dr & Reed Rd - MBFS","routes":["107","126"]}},{"type":"Feature","id":10484,"geometry":{"type":"Point","coordinates":[-75.350915,39.961466]},"properties":{"stop_id":"19191","stop_name":"Parkway Dr & Westbourne Dr - MBNS","routes":["107","126"]}},{"type":"Feature","id":10485,"geometry":{"type":"Point","coordinates":[-75.352992,39.9634760000001]},"properties":{"stop_id":"19193","stop_name":"Parkway Dr & Donna Cir","routes":["107","126"]}},{"type":"Feature","id":10514,"geometry":{"type":"Point","coordinates":[-75.2432469999999,39.903824]},"properties":{"stop_id":"1139","stop_name":"78th St & Lindbergh Blvd - FS","routes":["108"]}},{"type":"Feature","id":10515,"geometry":{"type":"Point","coordinates":[-75.245804,39.9053450000001]},"properties":{"stop_id":"19562","stop_name":"78th St & Orpheus Pl","routes":["108"]}},{"type":"Feature","id":10516,"geometry":{"type":"Point","coordinates":[-75.247312,39.9061590000001]},"properties":{"stop_id":"19563","stop_name":"78th St & Buist Av","routes":["108"]}},{"type":"Feature","id":10521,"geometry":{"type":"Point","coordinates":[-75.2444409999999,39.912134]},"properties":{"stop_id":"19567","stop_name":"Elmwood Av & 74th St","routes":["108","411"]}},{"type":"Feature","id":10522,"geometry":{"type":"Point","coordinates":[-75.243436,39.9128200000001]},"properties":{"stop_id":"1140","stop_name":"Elmwood Av & Island Av","routes":["108","411"]}},{"type":"Feature","id":10523,"geometry":{"type":"Point","coordinates":[-75.242644,39.913104]},"properties":{"stop_id":"29814","stop_name":"Passyunk Av & Island Av - FS","routes":["108","411"]}},{"type":"Feature","id":10524,"geometry":{"type":"Point","coordinates":[-75.240873,39.913325]},"properties":{"stop_id":"19568","stop_name":"Passyunk Av & 73rd St","routes":["108","411"]}},{"type":"Feature","id":10525,"geometry":{"type":"Point","coordinates":[-75.239929,39.913395]},"properties":{"stop_id":"19569","stop_name":"Passyunk Av & Buist Av","routes":["108","411"]}},{"type":"Feature","id":10526,"geometry":{"type":"Point","coordinates":[-75.238149,39.9127140000001]},"properties":{"stop_id":"19570","stop_name":"72nd St & Dicks Av","routes":["108","411"]}},{"type":"Feature","id":10527,"geometry":{"type":"Point","coordinates":[-75.23621,39.913684]},"properties":{"stop_id":"19571","stop_name":"Dicks Av & 71st St","routes":["108","411"]}},{"type":"Feature","id":10528,"geometry":{"type":"Point","coordinates":[-75.234673,39.914761]},"properties":{"stop_id":"19572","stop_name":"Dicks Av & 70th St","routes":["108","411"]}},{"type":"Feature","id":10529,"geometry":{"type":"Point","coordinates":[-75.233313,39.915759]},"properties":{"stop_id":"19573","stop_name":"Dicks Av & 69th St","routes":["108","411"]}},{"type":"Feature","id":10530,"geometry":{"type":"Point","coordinates":[-75.231646,39.916934]},"properties":{"stop_id":"19574","stop_name":"Dicks Av & 68th St","routes":["108","411"]}},{"type":"Feature","id":10531,"geometry":{"type":"Point","coordinates":[-75.2300969999999,39.9179760000001]},"properties":{"stop_id":"19575","stop_name":"Dicks Av & 67th St","routes":["108","411"]}},{"type":"Feature","id":10532,"geometry":{"type":"Point","coordinates":[-75.228784,39.918911]},"properties":{"stop_id":"19576","stop_name":"Dicks Av & 66th St","routes":["108","411"]}},{"type":"Feature","id":10533,"geometry":{"type":"Point","coordinates":[-75.227589,39.919971]},"properties":{"stop_id":"19577","stop_name":"65th St & Dicks Av - FS","routes":["108"]}},{"type":"Feature","id":10534,"geometry":{"type":"Point","coordinates":[-75.228849,39.9210350000001]},"properties":{"stop_id":"19578","stop_name":"65th St & Buist Av","routes":["108"]}},{"type":"Feature","id":10536,"geometry":{"type":"Point","coordinates":[-75.231569,39.9233780000001]},"properties":{"stop_id":"19579","stop_name":"65th St & Grays Av","routes":["108"]}},{"type":"Feature","id":10537,"geometry":{"type":"Point","coordinates":[-75.2329819999999,39.924558]},"properties":{"stop_id":"29815","stop_name":"65th St & Paschall Av","routes":["108"]}},{"type":"Feature","id":10541,"geometry":{"type":"Point","coordinates":[-75.2332069999999,39.924406]},"properties":{"stop_id":"19582","stop_name":"Paschall Av & 65th St","routes":["108"]}},{"type":"Feature","id":10542,"geometry":{"type":"Point","coordinates":[-75.2342189999999,39.925568]},"properties":{"stop_id":"1143","stop_name":"65th St & Woodland Av","routes":["108"]}},{"type":"Feature","id":10546,"geometry":{"type":"Point","coordinates":[-75.23963,39.923952]},"properties":{"stop_id":"19586","stop_name":"Greenway Av & 68th St","routes":["108"]}},{"type":"Feature","id":10547,"geometry":{"type":"Point","coordinates":[-75.24089,39.924945]},"properties":{"stop_id":"19587","stop_name":"68th St & Kingsessing Av","routes":["108"]}},{"type":"Feature","id":10548,"geometry":{"type":"Point","coordinates":[-75.242268,39.926089]},"properties":{"stop_id":"19588","stop_name":"68th St & Chester Av","routes":["108"]}},{"type":"Feature","id":10549,"geometry":{"type":"Point","coordinates":[-75.243971,39.924985]},"properties":{"stop_id":"19589","stop_name":"Chester Av & 69th St","routes":["108"]}},{"type":"Feature","id":10550,"geometry":{"type":"Point","coordinates":[-75.2451179999999,39.92413]},"properties":{"stop_id":"16999","stop_name":"Chester Av & 70th St","routes":["108"]}},{"type":"Feature","id":10573,"geometry":{"type":"Point","coordinates":[-75.258503,39.95419]},"properties":{"stop_id":"1146","stop_name":"69th Street Blvd & Marshall Rd - FS","routes":["108","113"]}},{"type":"Feature","id":10584,"geometry":{"type":"Point","coordinates":[-75.2586689999999,39.9541540000001]},"properties":{"stop_id":"1149","stop_name":"69th St & Marshall Rd","routes":["108"]}},{"type":"Feature","id":10606,"geometry":{"type":"Point","coordinates":[-75.2450949999999,39.9239870000001]},"properties":{"stop_id":"16998","stop_name":"Chester Av & 70th St","routes":["108"]}},{"type":"Feature","id":10607,"geometry":{"type":"Point","coordinates":[-75.244019,39.9247530000001]},"properties":{"stop_id":"19636","stop_name":"Chester Av & 69th St","routes":["108"]}},{"type":"Feature","id":10608,"geometry":{"type":"Point","coordinates":[-75.2424579999999,39.925911]},"properties":{"stop_id":"19637","stop_name":"Chester Av & 68th St","routes":["108"]}},{"type":"Feature","id":10609,"geometry":{"type":"Point","coordinates":[-75.241138,39.9249360000001]},"properties":{"stop_id":"19638","stop_name":"68th St & Kingsessing Av","routes":["108"]}},{"type":"Feature","id":10610,"geometry":{"type":"Point","coordinates":[-75.239842,39.923863]},"properties":{"stop_id":"1152","stop_name":"68th St & Greenway Av","routes":["108"]}},{"type":"Feature","id":10614,"geometry":{"type":"Point","coordinates":[-75.234549,39.925667]},"properties":{"stop_id":"1153","stop_name":"65th St & Woodland Av","routes":["108"]}},{"type":"Feature","id":10615,"geometry":{"type":"Point","coordinates":[-75.233277,39.924585]},"properties":{"stop_id":"19642","stop_name":"65th St & Paschall Av","routes":["108","409","415"]}},{"type":"Feature","id":10616,"geometry":{"type":"Point","coordinates":[-75.231817,39.9234050000001]},"properties":{"stop_id":"19643","stop_name":"65th St & Grays Av","routes":["108","409","415"]}},{"type":"Feature","id":10620,"geometry":{"type":"Point","coordinates":[-75.229049,39.9210440000001]},"properties":{"stop_id":"19645","stop_name":"65th St & Buist Av","routes":["108","409","415"]}},{"type":"Feature","id":10621,"geometry":{"type":"Point","coordinates":[-75.227648,39.9198640000001]},"properties":{"stop_id":"19646","stop_name":"65th St & Dicks Av","routes":["108","409","415"]}},{"type":"Feature","id":10622,"geometry":{"type":"Point","coordinates":[-75.2287719999999,39.9190620000001]},"properties":{"stop_id":"19647","stop_name":"Dicks Av & 66th St","routes":["108","409","415"]}},{"type":"Feature","id":10623,"geometry":{"type":"Point","coordinates":[-75.230084,39.918127]},"properties":{"stop_id":"19648","stop_name":"Dicks Av & 67th St","routes":["108","409","415"]}},{"type":"Feature","id":10624,"geometry":{"type":"Point","coordinates":[-75.231622,39.917077]},"properties":{"stop_id":"19649","stop_name":"Dicks Av & 68th St","routes":["108","409","415"]}},{"type":"Feature","id":10625,"geometry":{"type":"Point","coordinates":[-75.233277,39.9159460000001]},"properties":{"stop_id":"19650","stop_name":"Dicks Av & 69th St","routes":["108","409","415"]}},{"type":"Feature","id":10626,"geometry":{"type":"Point","coordinates":[-75.2346489999999,39.9149570000001]},"properties":{"stop_id":"19651","stop_name":"Dicks Av & 70th St","routes":["108","409","415"]}},{"type":"Feature","id":10627,"geometry":{"type":"Point","coordinates":[-75.236186,39.913871]},"properties":{"stop_id":"19652","stop_name":"Dicks Av & 71st St","routes":["108","409","415"]}},{"type":"Feature","id":10628,"geometry":{"type":"Point","coordinates":[-75.2378649999999,39.9127130000001]},"properties":{"stop_id":"19653","stop_name":"Dicks Av & 72nd St","routes":["108","409","415"]}},{"type":"Feature","id":10629,"geometry":{"type":"Point","coordinates":[-75.239315,39.913662]},"properties":{"stop_id":"19654","stop_name":"Passyunk Av & Buist Av","routes":["108","409","415"]}},{"type":"Feature","id":10630,"geometry":{"type":"Point","coordinates":[-75.240826,39.913557]},"properties":{"stop_id":"19655","stop_name":"Passyunk Av & 73rd St","routes":["108","409","415"]}},{"type":"Feature","id":10631,"geometry":{"type":"Point","coordinates":[-75.242691,39.913354]},"properties":{"stop_id":"1156","stop_name":"Passyunk Av & Island Av","routes":["108","409"]}},{"type":"Feature","id":10632,"geometry":{"type":"Point","coordinates":[-75.244582,39.9123930000001]},"properties":{"stop_id":"19656","stop_name":"Elmwood Av & 74th St","routes":["108","409"]}},{"type":"Feature","id":10637,"geometry":{"type":"Point","coordinates":[-75.2474539999999,39.9062310000001]},"properties":{"stop_id":"19662","stop_name":"Buist Av & 78th St","routes":["108","409"]}},{"type":"Feature","id":10638,"geometry":{"type":"Point","coordinates":[-75.2459929999999,39.905327]},"properties":{"stop_id":"19663","stop_name":"78th St & Centaur Pl","routes":["108","409"]}},{"type":"Feature","id":10639,"geometry":{"type":"Point","coordinates":[-75.243954,39.9042440000001]},"properties":{"stop_id":"19664","stop_name":"78th St & Jason Pl","routes":["108","409"]}},{"type":"Feature","id":10640,"geometry":{"type":"Point","coordinates":[-75.243342,39.903735]},"properties":{"stop_id":"1157","stop_name":"78th St & Lindbergh Blvd","routes":["108","409"]}},{"type":"Feature","id":10669,"geometry":{"type":"Point","coordinates":[-75.360295,39.849628]},"properties":{"stop_id":"30359","stop_name":"6th St & Welsh St - Chester Tran Ctr","routes":["109","114","118"]}},{"type":"Feature","id":10670,"geometry":{"type":"Point","coordinates":[-75.3603649999999,39.8506990000001]},"properties":{"stop_id":"19959","stop_name":"Welsh St & 7th St","routes":["109","114","117","118"]}},{"type":"Feature","id":10671,"geometry":{"type":"Point","coordinates":[-75.360599,39.8522610000001]},"properties":{"stop_id":"30393","stop_name":"Av of the States & 8th St","routes":["109","114","117","118"]}},{"type":"Feature","id":10674,"geometry":{"type":"Point","coordinates":[-75.361008,39.8565810000001]},"properties":{"stop_id":"19963","stop_name":"Edgmont Av & 12th St","routes":["109","117","118"]}},{"type":"Feature","id":10675,"geometry":{"type":"Point","coordinates":[-75.3602279999999,39.858481]},"properties":{"stop_id":"19964","stop_name":"Providence Av & 14th St","routes":["109"]}},{"type":"Feature","id":10685,"geometry":{"type":"Point","coordinates":[-75.362365,39.8685320000001]},"properties":{"stop_id":"19973","stop_name":"Providence Av & Chestnut St","routes":["109","118"]}},{"type":"Feature","id":10686,"geometry":{"type":"Point","coordinates":[-75.361938,39.8701560000001]},"properties":{"stop_id":"19974","stop_name":"Providence Av & 24th St","routes":["109"]}},{"type":"Feature","id":10687,"geometry":{"type":"Point","coordinates":[-75.360753,39.876036]},"properties":{"stop_id":"19976","stop_name":"Providence Rd & Bullens Ln","routes":["109"]}},{"type":"Feature","id":10688,"geometry":{"type":"Point","coordinates":[-75.361623,39.878991]},"properties":{"stop_id":"19977","stop_name":"Providence Rd & Chester Rd","routes":["109"]}},{"type":"Feature","id":10689,"geometry":{"type":"Point","coordinates":[-75.361303,39.880481]},"properties":{"stop_id":"19979","stop_name":"Chester Rd & Governors Dr","routes":["109"]}},{"type":"Feature","id":10693,"geometry":{"type":"Point","coordinates":[-75.3551849999999,39.887956]},"properties":{"stop_id":"29793","stop_name":"Chester Rd & I476 - FS","routes":["109"]}},{"type":"Feature","id":10748,"geometry":{"type":"Point","coordinates":[-75.260213,39.9622000000001]},"properties":{"stop_id":"33103","stop_name":"69th St TC West Center Platform","routes":["109","110","111"]}},{"type":"Feature","id":10807,"geometry":{"type":"Point","coordinates":[-75.355149,39.8884110000001]},"properties":{"stop_id":"29789","stop_name":"Chester Rd & I476 - MBNS","routes":["109"]}},{"type":"Feature","id":10811,"geometry":{"type":"Point","coordinates":[-75.36148,39.8805350000001]},"properties":{"stop_id":"19939","stop_name":"Chester Rd & Governors Dr","routes":["109"]}},{"type":"Feature","id":10812,"geometry":{"type":"Point","coordinates":[-75.360965,39.876063]},"properties":{"stop_id":"19941","stop_name":"Providence Rd & Laurie Ln","routes":["109"]}},{"type":"Feature","id":10813,"geometry":{"type":"Point","coordinates":[-75.362163,39.870022]},"properties":{"stop_id":"19943","stop_name":"Providence Av & 24th St - FS","routes":["109"]}},{"type":"Feature","id":10814,"geometry":{"type":"Point","coordinates":[-75.36247,39.868844]},"properties":{"stop_id":"19944","stop_name":"Providence Av & Chestnut St","routes":["109"]}},{"type":"Feature","id":10822,"geometry":{"type":"Point","coordinates":[-75.360263,39.858847]},"properties":{"stop_id":"31870","stop_name":"Providence Av & 14th St","routes":["109"]}},{"type":"Feature","id":10823,"geometry":{"type":"Point","coordinates":[-75.361126,39.856233]},"properties":{"stop_id":"19954","stop_name":"Edgemont Av & 12th St - FS","routes":["109","117","118"]}},{"type":"Feature","id":10826,"geometry":{"type":"Point","coordinates":[-75.360776,39.8521900000001]},"properties":{"stop_id":"25616","stop_name":"Av of the States & 8th St - FS","routes":["109","114","117","118"]}},{"type":"Feature","id":10827,"geometry":{"type":"Point","coordinates":[-75.360919,39.8507440000001]},"properties":{"stop_id":"25135","stop_name":"Av of the States & 7th St","routes":["109","114","118"]}},{"type":"Feature","id":10835,"geometry":{"type":"Point","coordinates":[-75.438555,39.9125300000001]},"properties":{"stop_id":"32522","stop_name":"Baltimore Pk & Pennell Rd - FS","routes":["110","111","114","117"]}},{"type":"Feature","id":10836,"geometry":{"type":"Point","coordinates":[-75.4342829999999,39.913663]},"properties":{"stop_id":"25284","stop_name":"Baltimore Pk & Granite Run Rd","routes":["110","111","114","117"]}},{"type":"Feature","id":10837,"geometry":{"type":"Point","coordinates":[-75.431639,39.9140380000001]},"properties":{"stop_id":"32521","stop_name":"Baltimore Pk & Riddle Hospital","routes":["110","111","114","117"]}},{"type":"Feature","id":10838,"geometry":{"type":"Point","coordinates":[-75.4261979999999,39.914859]},"properties":{"stop_id":"18984","stop_name":"Baltimore Pk & New Middletown Rd - MBNS","routes":["110","111","114","117"]}},{"type":"Feature","id":10839,"geometry":{"type":"Point","coordinates":[-75.415587,39.9163310000001]},"properties":{"stop_id":"20026","stop_name":"Baltimore Pk & School Ln","routes":["110","117"]}},{"type":"Feature","id":10840,"geometry":{"type":"Point","coordinates":[-75.404669,39.9168290000001]},"properties":{"stop_id":"20028","stop_name":"Baltimore Pk & Elwyn Rd","routes":["110"]}},{"type":"Feature","id":10845,"geometry":{"type":"Point","coordinates":[-75.4043969999999,39.916597]},"properties":{"stop_id":"20029","stop_name":"Elwyn Rd & Baltimore Pk","routes":["110"]}},{"type":"Feature","id":10846,"geometry":{"type":"Point","coordinates":[-75.397457,39.9178]},"properties":{"stop_id":"32300","stop_name":"Baltimore Av & State St","routes":["110"]}},{"type":"Feature","id":10847,"geometry":{"type":"Point","coordinates":[-75.395474,39.917559]},"properties":{"stop_id":"20032","stop_name":"Baltimore Pk & Lemon St","routes":["110"]}},{"type":"Feature","id":10854,"geometry":{"type":"Point","coordinates":[-75.3806739999999,39.915492]},"properties":{"stop_id":"2063","stop_name":"Baltimore Pk & Providence Rd","routes":["110"]}},{"type":"Feature","id":10855,"geometry":{"type":"Point","coordinates":[-75.3789159999999,39.91501]},"properties":{"stop_id":"20042","stop_name":"Baltimore Pk & Beatty Rd","routes":["0","110"]}},{"type":"Feature","id":10862,"geometry":{"type":"Point","coordinates":[-75.3512479999999,39.9382890000001]},"properties":{"stop_id":"29797","stop_name":"State Rd & Sproul Rd - FS","routes":["110","111"]}},{"type":"Feature","id":10864,"geometry":{"type":"Point","coordinates":[-75.357092,39.937918]},"properties":{"stop_id":"29798","stop_name":"Marple Crossroads Shopping Ctr - 2","routes":["110"]}},{"type":"Feature","id":10865,"geometry":{"type":"Point","coordinates":[-75.3496069999999,39.9382160000001]},"properties":{"stop_id":"14852","stop_name":"State Rd & Sproul Rd - FS","routes":["110","111"]}},{"type":"Feature","id":10866,"geometry":{"type":"Point","coordinates":[-75.347268,39.9389200000001]},"properties":{"stop_id":"29810","stop_name":"State Rd & Meetinghouse Ln - FS","routes":["110","111"]}},{"type":"Feature","id":10867,"geometry":{"type":"Point","coordinates":[-75.347033,39.94788]},"properties":{"stop_id":"31003","stop_name":"Cardinal O'Hara High School","routes":["110"]}},{"type":"Feature","id":10868,"geometry":{"type":"Point","coordinates":[-75.34343,39.939917]},"properties":{"stop_id":"15116","stop_name":"State Rd & Springfield Rd - FS","routes":["110","111"]}},{"type":"Feature","id":10869,"geometry":{"type":"Point","coordinates":[-75.339367,39.940842]},"properties":{"stop_id":"13381","stop_name":"State Rd & Golf View Rd","routes":["110","111"]}},{"type":"Feature","id":10870,"geometry":{"type":"Point","coordinates":[-75.3360249999999,39.9415720000001]},"properties":{"stop_id":"18985","stop_name":"State Rd & Memorial Park Dr - MBFS","routes":["110","111"]}},{"type":"Feature","id":10871,"geometry":{"type":"Point","coordinates":[-75.333308,39.942194]},"properties":{"stop_id":"15118","stop_name":"State Rd & Weymouth Rd","routes":["110","111"]}},{"type":"Feature","id":10872,"geometry":{"type":"Point","coordinates":[-75.327779,39.9444930000001]},"properties":{"stop_id":"15117","stop_name":"State Rd & Rolling Rd - FS","routes":["110","111"]}},{"type":"Feature","id":10873,"geometry":{"type":"Point","coordinates":[-75.3251779999999,39.946427]},"properties":{"stop_id":"20048","stop_name":"Township Line Rd & State Rd - FS","routes":["110"]}},{"type":"Feature","id":10874,"geometry":{"type":"Point","coordinates":[-75.3239579999999,39.9493360000001]},"properties":{"stop_id":"20049","stop_name":"Township Line Rd & Arrowhead Ln - FS","routes":["110"]}},{"type":"Feature","id":10875,"geometry":{"type":"Point","coordinates":[-75.324317,39.9541290000001]},"properties":{"stop_id":"20051","stop_name":"Pontiac Rd & Dermond Rd","routes":["110"]}},{"type":"Feature","id":10876,"geometry":{"type":"Point","coordinates":[-75.323043,39.9534760000001]},"properties":{"stop_id":"2065","stop_name":"Township Line Rd & Dermond Rd - FS","routes":["110"]}},{"type":"Feature","id":10877,"geometry":{"type":"Point","coordinates":[-75.322485,39.954912]},"properties":{"stop_id":"20052","stop_name":"Township Line Rd & Pontiac Rd","routes":["110"]}},{"type":"Feature","id":10878,"geometry":{"type":"Point","coordinates":[-75.32064,39.956624]},"properties":{"stop_id":"20053","stop_name":"Township Line Rd & Burmont Rd - FS","routes":["110"]}},{"type":"Feature","id":10879,"geometry":{"type":"Point","coordinates":[-75.318643,39.957631]},"properties":{"stop_id":"20054","stop_name":"Township Line Rd & Alexander Av","routes":["110"]}},{"type":"Feature","id":10880,"geometry":{"type":"Point","coordinates":[-75.317107,39.958326]},"properties":{"stop_id":"20055","stop_name":"Township Line Rd & Belfield Av","routes":["110"]}},{"type":"Feature","id":10881,"geometry":{"type":"Point","coordinates":[-75.31427,39.9595370000001]},"properties":{"stop_id":"20056","stop_name":"Township Line Rd & Drexel Av","routes":["110"]}},{"type":"Feature","id":10882,"geometry":{"type":"Point","coordinates":[-75.312084,39.960499]},"properties":{"stop_id":"20057","stop_name":"Township Line Rd & Lindale Av - FS","routes":["110"]}},{"type":"Feature","id":10883,"geometry":{"type":"Point","coordinates":[-75.309129,39.961826]},"properties":{"stop_id":"20059","stop_name":"Township Line Rd & Edmonds Av","routes":["110"]}},{"type":"Feature","id":10884,"geometry":{"type":"Point","coordinates":[-75.307356,39.96261]},"properties":{"stop_id":"20060","stop_name":"Township Line Rd & Foss Av - FS","routes":["110"]}},{"type":"Feature","id":10885,"geometry":{"type":"Point","coordinates":[-75.303928,39.964123]},"properties":{"stop_id":"20062","stop_name":"Township Line Rd & Cobbs St","routes":["110"]}},{"type":"Feature","id":10886,"geometry":{"type":"Point","coordinates":[-75.301765,39.9651030000001]},"properties":{"stop_id":"20063","stop_name":"Township Line Rd & Harding Av","routes":["110"]}},{"type":"Feature","id":10889,"geometry":{"type":"Point","coordinates":[-75.29615,39.967632]},"properties":{"stop_id":"13816","stop_name":"Township Line Rd & Lansdowne Av","routes":["110"]}},{"type":"Feature","id":10890,"geometry":{"type":"Point","coordinates":[-75.295678,39.9675960000001]},"properties":{"stop_id":"2519","stop_name":"Lansdowne Av & Township Line Rd - FS","routes":["110","115"]}},{"type":"Feature","id":10894,"geometry":{"type":"Point","coordinates":[-75.2887689999999,39.9610280000001]},"properties":{"stop_id":"19823","stop_name":"Lansdowne Av & Cedar Ln","routes":["110","115"]}},{"type":"Feature","id":10895,"geometry":{"type":"Point","coordinates":[-75.287119,39.9594470000001]},"properties":{"stop_id":"2066","stop_name":"State Rd & Lansdowne Av - FS","routes":["110","111"]}},{"type":"Feature","id":10896,"geometry":{"type":"Point","coordinates":[-75.283739,39.9602370000001]},"properties":{"stop_id":"15094","stop_name":"State Rd & Arlington Av - FS","routes":["110","111"]}},{"type":"Feature","id":10897,"geometry":{"type":"Point","coordinates":[-75.282026,39.960583]},"properties":{"stop_id":"15095","stop_name":"State Rd & Beverly Blvd","routes":["110","111"]}},{"type":"Feature","id":10898,"geometry":{"type":"Point","coordinates":[-75.280278,39.9608040000001]},"properties":{"stop_id":"15096","stop_name":"State Rd & Merion Av - FS","routes":["110","111"]}},{"type":"Feature","id":10903,"geometry":{"type":"Point","coordinates":[-75.269571,39.9637450000001]},"properties":{"stop_id":"18828","stop_name":"West Chester Pk & State Rd - FS at Berbro Av","routes":["104","110","111","112","120","123","126"]}},{"type":"Feature","id":10904,"geometry":{"type":"Point","coordinates":[-75.268048,39.9634750000001]},"properties":{"stop_id":"18829","stop_name":"West Chester Pk & Elm Av","routes":["104","110","111","112","120","123","126"]}},{"type":"Feature","id":10905,"geometry":{"type":"Point","coordinates":[-75.265935,39.963089]},"properties":{"stop_id":"18830","stop_name":"West Chester Pk & College Av","routes":["104","110","111","112","120","123","126"]}},{"type":"Feature","id":10909,"geometry":{"type":"Point","coordinates":[-75.263184,39.9626210000001]},"properties":{"stop_id":"18639","stop_name":"West Chester Pk & Brief Av","routes":["104","110","111","112","120","123","126"]}},{"type":"Feature","id":10910,"geometry":{"type":"Point","coordinates":[-75.265722,39.9632940000001]},"properties":{"stop_id":"18640","stop_name":"West Chester Pk & College Av","routes":["104","110","111","112","120","123","126"]}},{"type":"Feature","id":10911,"geometry":{"type":"Point","coordinates":[-75.2678,39.9636800000001]},"properties":{"stop_id":"18641","stop_name":"West Chester Pk & Golf Rd","routes":["104","110","111","112","120","123","126"]}},{"type":"Feature","id":10912,"geometry":{"type":"Point","coordinates":[-75.270658,39.9637020000001]},"properties":{"stop_id":"18975","stop_name":"State Rd & West Chester Pike - FS","routes":["110","111"]}},{"type":"Feature","id":10917,"geometry":{"type":"Point","coordinates":[-75.280313,39.9609560000001]},"properties":{"stop_id":"13404","stop_name":"State Rd & Merion Av","routes":["110","111"]}},{"type":"Feature","id":10918,"geometry":{"type":"Point","coordinates":[-75.2818609999999,39.9607790000001]},"properties":{"stop_id":"13357","stop_name":"State Rd & Beverly Blvd","routes":["110","111"]}},{"type":"Feature","id":10919,"geometry":{"type":"Point","coordinates":[-75.284058,39.960318]},"properties":{"stop_id":"13353","stop_name":"State Rd & Arlington Av - FS","routes":["110","111"]}},{"type":"Feature","id":10920,"geometry":{"type":"Point","coordinates":[-75.2870119999999,39.9596700000001]},"properties":{"stop_id":"2050","stop_name":"State Rd & Lansdowne Av - MBNS","routes":["110","111"]}},{"type":"Feature","id":10921,"geometry":{"type":"Point","coordinates":[-75.288439,39.9609300000001]},"properties":{"stop_id":"19801","stop_name":"Lansdowne Av & Cedar Ln","routes":["110","115"]}},{"type":"Feature","id":10922,"geometry":{"type":"Point","coordinates":[-75.289393,39.9621000000001]},"properties":{"stop_id":"19802","stop_name":"Lansdowne Av & Saint Anthony Ln","routes":["110","115"]}},{"type":"Feature","id":10928,"geometry":{"type":"Point","coordinates":[-75.303715,39.964391]},"properties":{"stop_id":"20066","stop_name":"Township Line Rd & Greenview Ln","routes":["110"]}},{"type":"Feature","id":10929,"geometry":{"type":"Point","coordinates":[-75.307498,39.962744]},"properties":{"stop_id":"13808","stop_name":"Township Line Rd & Foss Av","routes":["110"]}},{"type":"Feature","id":10930,"geometry":{"type":"Point","coordinates":[-75.309022,39.9620580000001]},"properties":{"stop_id":"13804","stop_name":"Township Line Rd & Edmonds Av","routes":["110"]}},{"type":"Feature","id":10931,"geometry":{"type":"Point","coordinates":[-75.312308,39.960597]},"properties":{"stop_id":"13819","stop_name":"Township Line Rd & Lexington Av - FS","routes":["110"]}},{"type":"Feature","id":10932,"geometry":{"type":"Point","coordinates":[-75.3144589999999,39.959618]},"properties":{"stop_id":"13803","stop_name":"Township Line Rd & Drexel Av - FS","routes":["110"]}},{"type":"Feature","id":10933,"geometry":{"type":"Point","coordinates":[-75.317213,39.958424]},"properties":{"stop_id":"20067","stop_name":"Township Line Rd & Belfield Av","routes":["110"]}},{"type":"Feature","id":10934,"geometry":{"type":"Point","coordinates":[-75.3189619999999,39.9576940000001]},"properties":{"stop_id":"13788","stop_name":"Township Line Rd & Alexander Av - FS","routes":["110"]}},{"type":"Feature","id":10935,"geometry":{"type":"Point","coordinates":[-75.3208999999999,39.9567670000001]},"properties":{"stop_id":"13794","stop_name":"Township Line Rd & Burmont Rd","routes":["110"]}},{"type":"Feature","id":10937,"geometry":{"type":"Point","coordinates":[-75.3227689999999,39.954779]},"properties":{"stop_id":"20068","stop_name":"Township Line Rd & Pontiac Rd - FS","routes":["110"]}},{"type":"Feature","id":10938,"geometry":{"type":"Point","coordinates":[-75.323267,39.953423]},"properties":{"stop_id":"2051","stop_name":"Township Line Rd & Dermond Rd","routes":["110"]}},{"type":"Feature","id":10939,"geometry":{"type":"Point","coordinates":[-75.3242539999999,39.9490230000001]},"properties":{"stop_id":"20069","stop_name":"Township Line Rd & Pilgrim Ln","routes":["110"]}},{"type":"Feature","id":10940,"geometry":{"type":"Point","coordinates":[-75.325615,39.946383]},"properties":{"stop_id":"13828","stop_name":"Township Line Rd & State Rd","routes":["110"]}},{"type":"Feature","id":10941,"geometry":{"type":"Point","coordinates":[-75.3277669999999,39.9449030000001]},"properties":{"stop_id":"13425","stop_name":"State Rd & Rolling Rd","routes":["110","111"]}},{"type":"Feature","id":10942,"geometry":{"type":"Point","coordinates":[-75.3335319999999,39.9424270000001]},"properties":{"stop_id":"13441","stop_name":"State Rd & Weymouth Rd - FS","routes":["110","111"]}},{"type":"Feature","id":10943,"geometry":{"type":"Point","coordinates":[-75.3358469999999,39.941911]},"properties":{"stop_id":"13424","stop_name":"State Rd & N State Rd - MBFS","routes":["110","111"]}},{"type":"Feature","id":10944,"geometry":{"type":"Point","coordinates":[-75.339083,39.941181]},"properties":{"stop_id":"13407","stop_name":"State Rd & Golfview Rd","routes":["110","111"]}},{"type":"Feature","id":10946,"geometry":{"type":"Point","coordinates":[-75.3450359999999,39.9398110000001]},"properties":{"stop_id":"13430","stop_name":"State Rd & Springfield Rd - FS","routes":["110","111"]}},{"type":"Feature","id":10947,"geometry":{"type":"Point","coordinates":[-75.347362,39.939152]},"properties":{"stop_id":"13401","stop_name":"State Rd & Meetinghouse Ln","routes":["110","111"]}},{"type":"Feature","id":10948,"geometry":{"type":"Point","coordinates":[-75.3493349999999,39.9387790000001]},"properties":{"stop_id":"14849","stop_name":"State Rd & Sproul Rd","routes":["110","111"]}},{"type":"Feature","id":10957,"geometry":{"type":"Point","coordinates":[-75.350743,39.914094]},"properties":{"stop_id":"30416","stop_name":"Springfield Mall - west","routes":["110"]}},{"type":"Feature","id":10958,"geometry":{"type":"Point","coordinates":[-75.3544029999999,39.913436]},"properties":{"stop_id":"4667","stop_name":"Baltimore Pike & Wallingford Rd","routes":["110"]}},{"type":"Feature","id":10959,"geometry":{"type":"Point","coordinates":[-75.366748,39.9134070000001]},"properties":{"stop_id":"4663","stop_name":"Baltimore Pike & Turner Rd - FS","routes":["110"]}},{"type":"Feature","id":10961,"geometry":{"type":"Point","coordinates":[-75.377216,39.9147770000001]},"properties":{"stop_id":"20072","stop_name":"Baltimore Pike & Sloan Ln - FS","routes":["0","110"]}},{"type":"Feature","id":10968,"geometry":{"type":"Point","coordinates":[-75.393467,39.9174420000001]},"properties":{"stop_id":"4630","stop_name":"Baltimore Pike & Orange St - FS","routes":["110"]}},{"type":"Feature","id":10969,"geometry":{"type":"Point","coordinates":[-75.394931,39.917648]},"properties":{"stop_id":"4614","stop_name":"Baltimore Pike & Lemon St","routes":["110"]}},{"type":"Feature","id":10970,"geometry":{"type":"Point","coordinates":[-75.397398,39.918006]},"properties":{"stop_id":"20075","stop_name":"Baltimore Pike & State St","routes":["110"]}},{"type":"Feature","id":10971,"geometry":{"type":"Point","coordinates":[-75.41541,39.91659]},"properties":{"stop_id":"30492","stop_name":"Baltimore Pk & School Lane","routes":["110"]}},{"type":"Feature","id":10975,"geometry":{"type":"Point","coordinates":[-75.427142,39.9148950000001]},"properties":{"stop_id":"29800","stop_name":"Baltimore Pk & Middletown Rd - MBFS","routes":["110","111","114","117"]}},{"type":"Feature","id":10976,"geometry":{"type":"Point","coordinates":[-75.43001,39.914476]},"properties":{"stop_id":"32520","stop_name":"Baltimore Pk & Granite Run Rd","routes":["110","111","114","117"]}},{"type":"Feature","id":10977,"geometry":{"type":"Point","coordinates":[-75.433917,39.913958]},"properties":{"stop_id":"25290","stop_name":"Baltimore Pk & Granite Run Dr - FS","routes":["110","111","114","117"]}},{"type":"Feature","id":10978,"geometry":{"type":"Point","coordinates":[-75.439688,39.912914]},"properties":{"stop_id":"31525","stop_name":"Pennell Rd & Baltimore Pk - FS","routes":["110","111","114","117"]}},{"type":"Feature","id":10985,"geometry":{"type":"Point","coordinates":[-75.546186,39.8787060000001]},"properties":{"stop_id":"2505","stop_name":"Christy Dr & Wilmington Pk - FS","routes":["111"]}},{"type":"Feature","id":10987,"geometry":{"type":"Point","coordinates":[-75.548507,39.883568]},"properties":{"stop_id":"15141","stop_name":"Wilmington Pk & State Farm Dr","routes":["111"]}},{"type":"Feature","id":11002,"geometry":{"type":"Point","coordinates":[-75.469081,39.8988600000001]},"properties":{"stop_id":"15138","stop_name":"Baltimore Pk & Red Roof Dr - FS","routes":["111"]}},{"type":"Feature","id":11003,"geometry":{"type":"Point","coordinates":[-75.213716,40.093514]},"properties":{"stop_id":"26999","stop_name":"Bethlehem Pk & Yeakel Av","routes":["94"]}},{"type":"Feature","id":11007,"geometry":{"type":"Point","coordinates":[-75.077739,40.023625]},"properties":{"stop_id":"21965","stop_name":"Frankford Transit Center - Rt R","routes":["0","426","447","82"]}},{"type":"Feature","id":11008,"geometry":{"type":"Point","coordinates":[-75.212688,40.1009110000001]},"properties":{"stop_id":"27002","stop_name":"Bethlehem Pk & Jones Av - FS","routes":["94"]}},{"type":"Feature","id":11017,"geometry":{"type":"Point","coordinates":[-75.214414,40.113347]},"properties":{"stop_id":"31482","stop_name":"Bethlehem Pk & W Valley Green Rd","routes":["94"]}},{"type":"Feature","id":11019,"geometry":{"type":"Point","coordinates":[-75.2149249999999,40.116356]},"properties":{"stop_id":"27010","stop_name":"Bethlehem Pk & Farmar Ln","routes":["94"]}},{"type":"Feature","id":11021,"geometry":{"type":"Point","coordinates":[-75.2170859999999,40.122081]},"properties":{"stop_id":"31483","stop_name":"Bethlehem Pk & Camp Hill Rd","routes":["94"]}},{"type":"Feature","id":11023,"geometry":{"type":"Point","coordinates":[-75.215471,40.13187]},"properties":{"stop_id":"27014","stop_name":"Bethlehem Pk & Fort Hill Dr","routes":["94"]}},{"type":"Feature","id":11025,"geometry":{"type":"Point","coordinates":[-75.2131009999999,40.136355]},"properties":{"stop_id":"27016","stop_name":"Bethlehem Pk & Station Av","routes":["94"]}},{"type":"Feature","id":11027,"geometry":{"type":"Point","coordinates":[-75.212324,40.138925]},"properties":{"stop_id":"27017","stop_name":"Bethlehem Pk & Washington Ln","routes":["94","95"]}},{"type":"Feature","id":11028,"geometry":{"type":"Point","coordinates":[-75.0930999999999,40.027612]},"properties":{"stop_id":"23276","stop_name":"Roosevelt Blvd & Allengrove St - FS","routes":["426","72","82"]}},{"type":"Feature","id":11030,"geometry":{"type":"Point","coordinates":[-75.0944509999999,40.0268840000001]},"properties":{"stop_id":"23287","stop_name":"Roosevelt Blvd & Fillmore Ter","routes":["426","447","72","82"]}},{"type":"Feature","id":11032,"geometry":{"type":"Point","coordinates":[-75.096626,40.026756]},"properties":{"stop_id":"23290","stop_name":"Roosevelt Blvd & Summerdale Av","routes":["426","447","72","82"]}},{"type":"Feature","id":11054,"geometry":{"type":"Point","coordinates":[-75.1275469999999,40.025319]},"properties":{"stop_id":"137","stop_name":"Roosevelt Blvd & 2nd St","routes":["426","433","447","82"]}},{"type":"Feature","id":11056,"geometry":{"type":"Point","coordinates":[-75.1304909999999,40.0247340000001]},"properties":{"stop_id":"23303","stop_name":"Roosevelt Blvd & 4th St","routes":["426","433","447","82"]}},{"type":"Feature","id":11060,"geometry":{"type":"Point","coordinates":[-75.1352229999999,40.0237910000001]},"properties":{"stop_id":"160","stop_name":"Roosevelt Blvd & 6th St","routes":["426","433","447","75","82"]}},{"type":"Feature","id":11066,"geometry":{"type":"Point","coordinates":[-75.1412999999999,40.0209530000001]},"properties":{"stop_id":"23304","stop_name":"Roosevelt Blvd & 10th St","routes":["426","433","447","82"]}},{"type":"Feature","id":11068,"geometry":{"type":"Point","coordinates":[-75.147501,40.018901]},"properties":{"stop_id":"23305","stop_name":"Roosevelt Blvd & Old York Rd - FS","routes":["447","82"]}},{"type":"Feature","id":11086,"geometry":{"type":"Point","coordinates":[-75.162952,40.0117770000001]},"properties":{"stop_id":"23272","stop_name":"Hunting Park Av & Blabon St","routes":["447","82"]}},{"type":"Feature","id":11088,"geometry":{"type":"Point","coordinates":[-75.164136,40.0112260000001]},"properties":{"stop_id":"23273","stop_name":"Hunting Park Av & Schuyler St","routes":["447","82"]}},{"type":"Feature","id":11112,"geometry":{"type":"Point","coordinates":[-75.184905,40.017275]},"properties":{"stop_id":"25820","stop_name":"Queen Ln & McMichael St","routes":["82"]}},{"type":"Feature","id":11118,"geometry":{"type":"Point","coordinates":[-75.188167,40.017165]},"properties":{"stop_id":"260","stop_name":"Midvale Av & Henry Av","routes":["0","82"]}},{"type":"Feature","id":11120,"geometry":{"type":"Point","coordinates":[-75.190123,40.0155090000001]},"properties":{"stop_id":"24729","stop_name":"Midvale Av & Vaux St - FS","routes":["0","82"]}},{"type":"Feature","id":11147,"geometry":{"type":"Point","coordinates":[-75.2125129999999,40.1389160000001]},"properties":{"stop_id":"30451","stop_name":"Bethlehem Pk & Washington Ln - FS","routes":["94","95"]}},{"type":"Feature","id":11149,"geometry":{"type":"Point","coordinates":[-75.2132779999999,40.1364980000001]},"properties":{"stop_id":"27136","stop_name":"Bethlehem Pk & Station Av","routes":["94"]}},{"type":"Feature","id":11151,"geometry":{"type":"Point","coordinates":[-75.215387,40.132164]},"properties":{"stop_id":"27138","stop_name":"Bethlehem Pk & Fort Hill Dr","routes":["94"]}},{"type":"Feature","id":11153,"geometry":{"type":"Point","coordinates":[-75.217345,40.122572]},"properties":{"stop_id":"27140","stop_name":"Bethlehem Pk & Skippack Pk","routes":["94"]}},{"type":"Feature","id":11155,"geometry":{"type":"Point","coordinates":[-75.215138,40.116473]},"properties":{"stop_id":"27142","stop_name":"Bethlehem Pk & Farmar Ln","routes":["94"]}},{"type":"Feature","id":11157,"geometry":{"type":"Point","coordinates":[-75.21451,40.112875]},"properties":{"stop_id":"27144","stop_name":"Bethlehem Pk & Sunnybrook Rd","routes":["94"]}},{"type":"Feature","id":11166,"geometry":{"type":"Point","coordinates":[-75.076994,40.023801]},"properties":{"stop_id":"21969","stop_name":"Frankford Transit Center - Rt 84","routes":["84"]}},{"type":"Feature","id":11167,"geometry":{"type":"Point","coordinates":[-75.2128769999999,40.100876]},"properties":{"stop_id":"27150","stop_name":"Bethlehem Pk & Jones Av","routes":["94"]}},{"type":"Feature","id":11173,"geometry":{"type":"Point","coordinates":[-75.213905,40.0935680000001]},"properties":{"stop_id":"27153","stop_name":"Bethlehem Pk & Yeakel Av - FS","routes":["94"]}},{"type":"Feature","id":11174,"geometry":{"type":"Point","coordinates":[-75.214418,40.09223]},"properties":{"stop_id":"29787","stop_name":"Bethlehem Pk & Montgomery Av","routes":["94"]}},{"type":"Feature","id":11192,"geometry":{"type":"Point","coordinates":[-75.0699969999999,40.011831]},"properties":{"stop_id":"22472","stop_name":"Bridge St & Harbison Av","routes":["73","84"]}},{"type":"Feature","id":11195,"geometry":{"type":"Point","coordinates":[-75.069404,40.0097850000001]},"properties":{"stop_id":"22473","stop_name":"Bridge St & Eadom St - FS","routes":["73","84"]}},{"type":"Feature","id":11198,"geometry":{"type":"Point","coordinates":[-75.068417,40.008631]},"properties":{"stop_id":"22492","stop_name":"Tacony St & Bridge St - FS","routes":["84"]}},{"type":"Feature","id":11251,"geometry":{"type":"Point","coordinates":[-75.193589,40.0471190000001]},"properties":{"stop_id":"17024","stop_name":"McCallum St & Westview Av","routes":["71"]}},{"type":"Feature","id":11254,"geometry":{"type":"Point","coordinates":[-75.19248,40.046314]},"properties":{"stop_id":"17025","stop_name":"McCallum St & Lincoln Dr","routes":["71"]}},{"type":"Feature","id":11266,"geometry":{"type":"Point","coordinates":[-75.189858,40.0383390000001]},"properties":{"stop_id":"31451","stop_name":"Johnson St & Wayne Av - FS","routes":["71"]}},{"type":"Feature","id":11289,"geometry":{"type":"Point","coordinates":[-75.1748949999999,40.020084]},"properties":{"stop_id":"17188","stop_name":"Manheim St & Wissahickon Av","routes":["71","81"]}},{"type":"Feature","id":11290,"geometry":{"type":"Point","coordinates":[-75.173447,40.0185010000001]},"properties":{"stop_id":"28582","stop_name":"Wissahickon Av & Clapier St","routes":["71","81"]}},{"type":"Feature","id":11291,"geometry":{"type":"Point","coordinates":[-75.172069,40.0172670000001]},"properties":{"stop_id":"28583","stop_name":"Wissahickon Av & Abbottsford Av","routes":["71","81"]}},{"type":"Feature","id":11292,"geometry":{"type":"Point","coordinates":[-75.170019,40.0153530000001]},"properties":{"stop_id":"17357","stop_name":"Wissahickon Av & Roberts Av","routes":["71","81"]}},{"type":"Feature","id":11293,"geometry":{"type":"Point","coordinates":[-75.169318,40.0132090000001]},"properties":{"stop_id":"28584","stop_name":"Wissahickon Av & Roberts Av - MBFS","routes":["71","81"]}},{"type":"Feature","id":11294,"geometry":{"type":"Point","coordinates":[-75.1685419999999,40.0119760000001]},"properties":{"stop_id":"31242","stop_name":"Wissahickon Av & Kroc Center Dr","routes":["71","81"]}},{"type":"Feature","id":11295,"geometry":{"type":"Point","coordinates":[-75.1680009999999,40.011225]},"properties":{"stop_id":"1342","stop_name":"Wissahickon Av & Ruffner St","routes":["71","81"]}},{"type":"Feature","id":11296,"geometry":{"type":"Point","coordinates":[-75.167566,40.010653]},"properties":{"stop_id":"28585","stop_name":"Wissahickon Av & Yelland St","routes":["71","81"]}},{"type":"Feature","id":11305,"geometry":{"type":"Point","coordinates":[-75.154356,40.0098130000001]},"properties":{"stop_id":"18166","stop_name":"16th St & Erie Av - FS","routes":["71","81"]}},{"type":"Feature","id":11306,"geometry":{"type":"Point","coordinates":[-75.1540669999999,40.0111420000001]},"properties":{"stop_id":"18167","stop_name":"16th St & Butler St","routes":["71","81"]}},{"type":"Feature","id":11308,"geometry":{"type":"Point","coordinates":[-75.151504,40.010833]},"properties":{"stop_id":"18168","stop_name":"Butler St & Germantown Av","routes":["71","81"]}},{"type":"Feature","id":11328,"geometry":{"type":"Point","coordinates":[-75.140935,40.0641910000001]},"properties":{"stop_id":"16915","stop_name":"Cheltenham Av & 15th St","routes":["72"]}},{"type":"Feature","id":11329,"geometry":{"type":"Point","coordinates":[-75.13683,40.0617]},"properties":{"stop_id":"32877","stop_name":"Cheltenham Av & Old York Rd","routes":["72"]}},{"type":"Feature","id":11330,"geometry":{"type":"Point","coordinates":[-75.1352479999999,40.0609020000001]},"properties":{"stop_id":"32893","stop_name":"Cheltenham Av & 12th St","routes":["72"]}},{"type":"Feature","id":11331,"geometry":{"type":"Point","coordinates":[-75.133573,40.059898]},"properties":{"stop_id":"32878","stop_name":"Cheltenham Av & 70th Av","routes":["72"]}},{"type":"Feature","id":11332,"geometry":{"type":"Point","coordinates":[-75.1318029999999,40.058787]},"properties":{"stop_id":"32879","stop_name":"Cheltenham Av & Lakeside Av","routes":["72"]}},{"type":"Feature","id":11333,"geometry":{"type":"Point","coordinates":[-75.129161,40.0571390000001]},"properties":{"stop_id":"32883","stop_name":"Cheltenham Av & 7th St","routes":["72"]}},{"type":"Feature","id":11334,"geometry":{"type":"Point","coordinates":[-75.127179,40.0559650000001]},"properties":{"stop_id":"32882","stop_name":"Cheltenham Av & Oak Ln","routes":["72"]}},{"type":"Feature","id":11335,"geometry":{"type":"Point","coordinates":[-75.1250679999999,40.0547010000001]},"properties":{"stop_id":"32884","stop_name":"Cheltenham Av & Oak Lane Rd","routes":["72"]}},{"type":"Feature","id":11343,"geometry":{"type":"Point","coordinates":[-75.109884,40.0387500000001]},"properties":{"stop_id":"24823","stop_name":"Adams Av & Rising Sun Av - FS","routes":["0","72"]}},{"type":"Feature","id":11344,"geometry":{"type":"Point","coordinates":[-75.109157,40.0374]},"properties":{"stop_id":"24824","stop_name":"Adams Av & Hill Creek Dr","routes":["0","72"]}},{"type":"Feature","id":11345,"geometry":{"type":"Point","coordinates":[-75.108669,40.03548]},"properties":{"stop_id":"24825","stop_name":"Adams Av & Bingham St","routes":["0","72"]}},{"type":"Feature","id":11348,"geometry":{"type":"Point","coordinates":[-75.104092,40.030586]},"properties":{"stop_id":"24828","stop_name":"Adams Av & Whitaker Av","routes":["0","72","76"]}},{"type":"Feature","id":11351,"geometry":{"type":"Point","coordinates":[-75.096559,40.026006]},"properties":{"stop_id":"23320","stop_name":"Roosevelt Blvd & Summerdale Av - FS","routes":["0","426","445","447","72","82"]}},{"type":"Feature","id":11352,"geometry":{"type":"Point","coordinates":[-75.0950579999999,40.025993]},"properties":{"stop_id":"23321","stop_name":"Roosevelt Blvd & Foulkrod St","routes":["0","426","445","447","72","82"]}},{"type":"Feature","id":11353,"geometry":{"type":"Point","coordinates":[-75.09295,40.0268350000001]},"properties":{"stop_id":"23322","stop_name":"Roosevelt Blvd & Allengrove St","routes":["426","445","447","72","82"]}},{"type":"Feature","id":11354,"geometry":{"type":"Point","coordinates":[-75.091065,40.0278650000001]},"properties":{"stop_id":"25828","stop_name":"Roosevelt Blvd & Godfrey Av","routes":["426","445","447","72","82"]}},{"type":"Feature","id":11377,"geometry":{"type":"Point","coordinates":[-75.1041499999999,40.0307920000001]},"properties":{"stop_id":"24685","stop_name":"Adams Av & Whitaker Av - FS","routes":["0","72","76"]}},{"type":"Feature","id":11380,"geometry":{"type":"Point","coordinates":[-75.1084089999999,40.035283]},"properties":{"stop_id":"24688","stop_name":"Adams Av & Foulkrod St","routes":["0","72"]}},{"type":"Feature","id":11381,"geometry":{"type":"Point","coordinates":[-75.108909,40.0372390000001]},"properties":{"stop_id":"24690","stop_name":"Adams Av & Hill Creek Dr - FS","routes":["0","72"]}},{"type":"Feature","id":11382,"geometry":{"type":"Point","coordinates":[-75.109906,40.039089]},"properties":{"stop_id":"24689","stop_name":"Adams Av & Rising Sun Av","routes":["0","72"]}},{"type":"Feature","id":11390,"geometry":{"type":"Point","coordinates":[-75.1219409999999,40.053158]},"properties":{"stop_id":"32885","stop_name":"Cheltenham Av & New 2nd St","routes":["72"]}},{"type":"Feature","id":11391,"geometry":{"type":"Point","coordinates":[-75.124772,40.0546560000001]},"properties":{"stop_id":"32886","stop_name":"Cheltenham Av & Oak Lane Rd","routes":["72"]}},{"type":"Feature","id":11392,"geometry":{"type":"Point","coordinates":[-75.126884,40.055911]},"properties":{"stop_id":"32887","stop_name":"Cheltenham Av & Oak Av","routes":["72"]}},{"type":"Feature","id":11393,"geometry":{"type":"Point","coordinates":[-75.128972,40.0571200000001]},"properties":{"stop_id":"32888","stop_name":"Cheltenham Av & Coventry Av","routes":["72"]}},{"type":"Feature","id":11394,"geometry":{"type":"Point","coordinates":[-75.1332659999999,40.0598170000001]},"properties":{"stop_id":"32889","stop_name":"Cheltenham Av & Mountain Av","routes":["72"]}},{"type":"Feature","id":11395,"geometry":{"type":"Point","coordinates":[-75.135023,40.061115]},"properties":{"stop_id":"32891","stop_name":"Cheltenham Av & 12th St","routes":["72"]}},{"type":"Feature","id":11396,"geometry":{"type":"Point","coordinates":[-75.136604,40.061922]},"properties":{"stop_id":"32890","stop_name":"Cheltenham Av & Old York Rd","routes":["72"]}},{"type":"Feature","id":11413,"geometry":{"type":"Point","coordinates":[-75.099886,39.983825]},"properties":{"stop_id":"1037","stop_name":"Richmond St & Westmoreland St - FS","routes":["73"]}},{"type":"Feature","id":11414,"geometry":{"type":"Point","coordinates":[-75.096558,39.985459]},"properties":{"stop_id":"23793","stop_name":"Richmond St & Ontario St - FS","routes":["73"]}},{"type":"Feature","id":11415,"geometry":{"type":"Point","coordinates":[-75.094438,39.9865600000001]},"properties":{"stop_id":"23794","stop_name":"Richmond St & Tioga St","routes":["73"]}},{"type":"Feature","id":11416,"geometry":{"type":"Point","coordinates":[-75.0921289999999,39.987732]},"properties":{"stop_id":"1266","stop_name":"Richmond St & Venango St","routes":["428","73"]}},{"type":"Feature","id":11417,"geometry":{"type":"Point","coordinates":[-75.089665,39.9889840000001]},"properties":{"stop_id":"23795","stop_name":"Richmond St & Castor Av","routes":["73"]}},{"type":"Feature","id":11428,"geometry":{"type":"Point","coordinates":[-75.069101,39.9995030000001]},"properties":{"stop_id":"23805","stop_name":"Richmond St & Buckius St","routes":["73"]}},{"type":"Feature","id":11434,"geometry":{"type":"Point","coordinates":[-75.068772,40.0085700000001]},"properties":{"stop_id":"31747","stop_name":"Bridge St & Tacony St","routes":["73"]}},{"type":"Feature","id":11436,"geometry":{"type":"Point","coordinates":[-75.069295,40.010365]},"properties":{"stop_id":"22721","stop_name":"Bridge St & Eadom St - FS","routes":["73","84"]}},{"type":"Feature","id":11451,"geometry":{"type":"Point","coordinates":[-75.077018,40.0236590000001]},"properties":{"stop_id":"21968","stop_name":"Frankford Transit Center - Rt 73","routes":["73"]}},{"type":"Feature","id":11481,"geometry":{"type":"Point","coordinates":[-75.092069,39.9878830000001]},"properties":{"stop_id":"1250","stop_name":"Richmond St & Venango St","routes":["428","73"]}},{"type":"Feature","id":11482,"geometry":{"type":"Point","coordinates":[-75.09439,39.986703]},"properties":{"stop_id":"23791","stop_name":"Richmond St & Tioga St","routes":["73"]}},{"type":"Feature","id":11483,"geometry":{"type":"Point","coordinates":[-75.096688,39.9855220000001]},"properties":{"stop_id":"23792","stop_name":"Richmond St & Ontario St","routes":["73"]}},{"type":"Feature","id":11486,"geometry":{"type":"Point","coordinates":[-75.159703,40.0209360000001]},"properties":{"stop_id":"27816","stop_name":"Wayne Av & Roberts Av","routes":["75"]}},{"type":"Feature","id":11487,"geometry":{"type":"Point","coordinates":[-75.15865,40.021219]},"properties":{"stop_id":"30295","stop_name":"Roberts Av & Green St","routes":["75"]}},{"type":"Feature","id":11495,"geometry":{"type":"Point","coordinates":[-75.1498369999999,40.0230740000001]},"properties":{"stop_id":"22062","stop_name":"15th St & Courtland St","routes":["75"]}},{"type":"Feature","id":11496,"geometry":{"type":"Point","coordinates":[-75.149524,40.0245550000001]},"properties":{"stop_id":"22063","stop_name":"15th St & Belfield Av","routes":["75"]}},{"type":"Feature","id":11497,"geometry":{"type":"Point","coordinates":[-75.148247,40.024552]},"properties":{"stop_id":"1045","stop_name":"Wyoming Av & Broad St","routes":["75"]}},{"type":"Feature","id":11498,"geometry":{"type":"Point","coordinates":[-75.1470179999999,40.024389]},"properties":{"stop_id":"22064","stop_name":"Wyoming Av & Old York Rd","routes":["75"]}},{"type":"Feature","id":11499,"geometry":{"type":"Point","coordinates":[-75.1458009999999,40.0242170000001]},"properties":{"stop_id":"22065","stop_name":"Wyoming Av & 13th St","routes":["75"]}},{"type":"Feature","id":11504,"geometry":{"type":"Point","coordinates":[-75.1372709999999,40.023135]},"properties":{"stop_id":"22071","stop_name":"Wyoming Av & Roosevelt Blvd","routes":["75"]}},{"type":"Feature","id":11505,"geometry":{"type":"Point","coordinates":[-75.135251,40.0228450000001]},"properties":{"stop_id":"22073","stop_name":"Wyoming Av & Fairhill St","routes":["75"]}},{"type":"Feature","id":11506,"geometry":{"type":"Point","coordinates":[-75.133632,40.022653]},"properties":{"stop_id":"1046","stop_name":"Wyoming Av & 5th St","routes":["75"]}},{"type":"Feature","id":11539,"geometry":{"type":"Point","coordinates":[-75.094189,40.022233]},"properties":{"stop_id":"17624","stop_name":"Castor Av &  Adams Av","routes":["495","75"]}},{"type":"Feature","id":11542,"geometry":{"type":"Point","coordinates":[-75.097268,40.0183410000001]},"properties":{"stop_id":"17631","stop_name":"Castor Av & Wyoming Av","routes":["75"]}},{"type":"Feature","id":11560,"geometry":{"type":"Point","coordinates":[-75.13733,40.02326]},"properties":{"stop_id":"22173","stop_name":"Wyoming Av & 7th St - FS","routes":["75"]}},{"type":"Feature","id":11565,"geometry":{"type":"Point","coordinates":[-75.1455759999999,40.024314]},"properties":{"stop_id":"22179","stop_name":"Wyoming Av & 13th St","routes":["75"]}},{"type":"Feature","id":11566,"geometry":{"type":"Point","coordinates":[-75.146829,40.024496]},"properties":{"stop_id":"22185","stop_name":"Wyoming Av & Old York Rd","routes":["75"]}},{"type":"Feature","id":11567,"geometry":{"type":"Point","coordinates":[-75.147691,40.0246050000001]},"properties":{"stop_id":"1042","stop_name":"Wyoming Av & Broad St","routes":["75"]}},{"type":"Feature","id":11568,"geometry":{"type":"Point","coordinates":[-75.148412,40.024686]},"properties":{"stop_id":"22194","stop_name":"Wyoming Av & Broad St - FS","routes":["75"]}},{"type":"Feature","id":11569,"geometry":{"type":"Point","coordinates":[-75.149416,40.0248050000001]},"properties":{"stop_id":"22195","stop_name":"Wyoming Av & 15th St","routes":["75"]}},{"type":"Feature","id":11584,"geometry":{"type":"Point","coordinates":[-75.141228,39.9209890000001]},"properties":{"stop_id":"30093","stop_name":"Columbus Blvd & Snyder Av - FS","routes":["76"]}},{"type":"Feature","id":11589,"geometry":{"type":"Point","coordinates":[-75.144145,39.9297330000001]},"properties":{"stop_id":"23978","stop_name":"Columbus Blvd & Reed St","routes":["76"]}},{"type":"Feature","id":11590,"geometry":{"type":"Point","coordinates":[-75.14334,39.9332390000001]},"properties":{"stop_id":"23979","stop_name":"Columbus Blvd & Washington Av","routes":["76"]}},{"type":"Feature","id":11591,"geometry":{"type":"Point","coordinates":[-75.1424949999999,39.9349500000001]},"properties":{"stop_id":"23980","stop_name":"Columbus Blvd & Christian St","routes":["76"]}},{"type":"Feature","id":11592,"geometry":{"type":"Point","coordinates":[-75.142032,39.9384210000001]},"properties":{"stop_id":"23982","stop_name":"Columbus Blvd & Catherine St - MBFS","routes":["76"]}},{"type":"Feature","id":11593,"geometry":{"type":"Point","coordinates":[-75.1420669999999,39.9414820000001]},"properties":{"stop_id":"23981","stop_name":"Columbus Blvd & Lombard Circle","routes":["76"]}},{"type":"Feature","id":11594,"geometry":{"type":"Point","coordinates":[-75.141903,39.944061]},"properties":{"stop_id":"23983","stop_name":"Columbus Blvd & Spruce St","routes":["76"]}},{"type":"Feature","id":11595,"geometry":{"type":"Point","coordinates":[-75.141769,39.945025]},"properties":{"stop_id":"30892","stop_name":"Columbus Blvd & Dock St","routes":["76"]}},{"type":"Feature","id":11596,"geometry":{"type":"Point","coordinates":[-75.141493,39.946327]},"properties":{"stop_id":"23984","stop_name":"Columbus Blvd & Walnut St","routes":["76"]}},{"type":"Feature","id":11597,"geometry":{"type":"Point","coordinates":[-75.141216,39.947612]},"properties":{"stop_id":"30893","stop_name":"Columbus Blvd & Chestnut St","routes":["76"]}},{"type":"Feature","id":11598,"geometry":{"type":"Point","coordinates":[-75.1407349999999,39.949708]},"properties":{"stop_id":"23985","stop_name":"Columbus Blvd & Penns Landing","routes":["76"]}},{"type":"Feature","id":11599,"geometry":{"type":"Point","coordinates":[-75.139752,39.953401]},"properties":{"stop_id":"23986","stop_name":"Columbus Blvd & Race St","routes":["76"]}},{"type":"Feature","id":11600,"geometry":{"type":"Point","coordinates":[-75.1390709999999,39.955291]},"properties":{"stop_id":"23987","stop_name":"Columbus Blvd & Vine St - FS","routes":["76"]}},{"type":"Feature","id":11601,"geometry":{"type":"Point","coordinates":[-75.138617,39.9566200000001]},"properties":{"stop_id":"23988","stop_name":"Columbus Blvd & Callowhill St","routes":["76"]}},{"type":"Feature","id":11602,"geometry":{"type":"Point","coordinates":[-75.136962,39.9599270000001]},"properties":{"stop_id":"33099","stop_name":"Delaware Av & Spring Garden St","routes":["76"]}},{"type":"Feature","id":11638,"geometry":{"type":"Point","coordinates":[-75.112131,40.0119260000001]},"properties":{"stop_id":"1135","stop_name":"G St & Hunting Park Av","routes":["76"]}},{"type":"Feature","id":11646,"geometry":{"type":"Point","coordinates":[-75.106504,40.027763]},"properties":{"stop_id":"32868","stop_name":"Whitaker Ave & Garland St","routes":["76"]}},{"type":"Feature","id":11660,"geometry":{"type":"Point","coordinates":[-75.106503,40.0280220000001]},"properties":{"stop_id":"32861","stop_name":"Whitaker St & Garland St","routes":["76"]}},{"type":"Feature","id":11669,"geometry":{"type":"Point","coordinates":[-75.112453,40.0112130000001]},"properties":{"stop_id":"1131","stop_name":"G St & Hunting Park Av - FS","routes":["76"]}},{"type":"Feature","id":11674,"geometry":{"type":"Point","coordinates":[-75.117152,39.998676]},"properties":{"stop_id":"17739","stop_name":"F St & Westmoreland St","routes":["76"]}},{"type":"Feature","id":11675,"geometry":{"type":"Point","coordinates":[-75.117466,39.9971330000001]},"properties":{"stop_id":"17740","stop_name":"F St & Allegheny Av","routes":["76"]}},{"type":"Feature","id":11705,"geometry":{"type":"Point","coordinates":[-75.1379229999999,39.958742]},"properties":{"stop_id":"30599","stop_name":"Columbus Blvd & Noble St - FS","routes":["76"]}},{"type":"Feature","id":11706,"geometry":{"type":"Point","coordinates":[-75.138864,39.956915]},"properties":{"stop_id":"30600","stop_name":"Columbus Blvd & Callowhill St","routes":["76"]}},{"type":"Feature","id":11707,"geometry":{"type":"Point","coordinates":[-75.139425,39.955408]},"properties":{"stop_id":"24042","stop_name":"Columbus Blvd & Vine St","routes":["76"]}},{"type":"Feature","id":11708,"geometry":{"type":"Point","coordinates":[-75.1403569999999,39.9526880000001]},"properties":{"stop_id":"30898","stop_name":"Columbus Blvd & Race St - MBFS","routes":["76"]}},{"type":"Feature","id":11709,"geometry":{"type":"Point","coordinates":[-75.141017,39.950182]},"properties":{"stop_id":"24043","stop_name":"Columbus Blvd & Market St","routes":["76"]}},{"type":"Feature","id":11710,"geometry":{"type":"Point","coordinates":[-75.141834,39.946605]},"properties":{"stop_id":"30899","stop_name":"Columbus Blvd & Walnut St","routes":["76"]}},{"type":"Feature","id":11711,"geometry":{"type":"Point","coordinates":[-75.142099,39.9452220000001]},"properties":{"stop_id":"30900","stop_name":"Columbus Blvd & Dock St","routes":["76"]}},{"type":"Feature","id":11712,"geometry":{"type":"Point","coordinates":[-75.142257,39.9442320000001]},"properties":{"stop_id":"24044","stop_name":"Columbus Blvd & Spruce St","routes":["76"]}},{"type":"Feature","id":11713,"geometry":{"type":"Point","coordinates":[-75.142432,39.9417150000001]},"properties":{"stop_id":"24045","stop_name":"Columbus Blvd & I95 Ramp","routes":["76"]}},{"type":"Feature","id":11714,"geometry":{"type":"Point","coordinates":[-75.1424719999999,39.940537]},"properties":{"stop_id":"30901","stop_name":"Columbus Blvd & South St - FS","routes":["76"]}},{"type":"Feature","id":11715,"geometry":{"type":"Point","coordinates":[-75.14242,39.938788]},"properties":{"stop_id":"24046","stop_name":"Columbus Blvd & I95 Ramp","routes":["76"]}},{"type":"Feature","id":11716,"geometry":{"type":"Point","coordinates":[-75.142778,39.9349960000001]},"properties":{"stop_id":"24047","stop_name":"Columbus Blvd & Christian St","routes":["76"]}},{"type":"Feature","id":11717,"geometry":{"type":"Point","coordinates":[-75.1439569999999,39.932419]},"properties":{"stop_id":"30902","stop_name":"Columbus Blvd & Washington Av - MBF","routes":["76"]}},{"type":"Feature","id":11718,"geometry":{"type":"Point","coordinates":[-75.14451,39.929984]},"properties":{"stop_id":"24049","stop_name":"Columbus Blvd & Reed St","routes":["76"]}},{"type":"Feature","id":11719,"geometry":{"type":"Point","coordinates":[-75.14469,39.929243]},"properties":{"stop_id":"24736","stop_name":"Columbus Blvd & Reed St - MBFS","routes":["76"]}},{"type":"Feature","id":11724,"geometry":{"type":"Point","coordinates":[-75.143942,39.924333]},"properties":{"stop_id":"30903","stop_name":"Columbus Blvd & Pier 70 Blvd","routes":["76"]}},{"type":"Feature","id":11725,"geometry":{"type":"Point","coordinates":[-75.143097,39.923126]},"properties":{"stop_id":"30096","stop_name":"Delaware Av & Dilworth St","routes":["76"]}},{"type":"Feature","id":11726,"geometry":{"type":"Point","coordinates":[-75.141759,39.9212130000001]},"properties":{"stop_id":"31358","stop_name":"Columbus Blvd & Snyder Av - 2 MBNS","routes":["76"]}},{"type":"Feature","id":11743,"geometry":{"type":"Point","coordinates":[-75.1950659999999,40.0763170000001]},"properties":{"stop_id":"17147","stop_name":"Willow Grove Av & Stenton Av","routes":["77"]}},{"type":"Feature","id":11775,"geometry":{"type":"Point","coordinates":[-75.1418629999999,40.095217]},"properties":{"stop_id":"8165","stop_name":"Glenside Av & Hewett Rd","routes":["77"]}},{"type":"Feature","id":11776,"geometry":{"type":"Point","coordinates":[-75.138586,40.0922380000001]},"properties":{"stop_id":"8159","stop_name":"Greenwood Av & Glenside Av - FS","routes":["77"]}},{"type":"Feature","id":11777,"geometry":{"type":"Point","coordinates":[-75.136646,40.0920990000001]},"properties":{"stop_id":"1053","stop_name":"Township Line Rd & Greenwood Av - F","routes":["77"]}},{"type":"Feature","id":11778,"geometry":{"type":"Point","coordinates":[-75.1336239999999,40.0903430000001]},"properties":{"stop_id":"26003","stop_name":"Township Line Rd & Mather Rd","routes":["77"]}},{"type":"Feature","id":11794,"geometry":{"type":"Point","coordinates":[-75.11506,40.0796940000001]},"properties":{"stop_id":"26006","stop_name":"Township Line Rd & High School Rd","routes":["77"]}},{"type":"Feature","id":11795,"geometry":{"type":"Point","coordinates":[-75.112476,40.0781260000001]},"properties":{"stop_id":"17496","stop_name":"Township Line Rd & Cedar Rd","routes":["77"]}},{"type":"Feature","id":11798,"geometry":{"type":"Point","coordinates":[-75.102812,40.072639]},"properties":{"stop_id":"26008","stop_name":"Township Line Rd & Susan Dr - FS","routes":["77"]}},{"type":"Feature","id":11799,"geometry":{"type":"Point","coordinates":[-75.100453,40.0712490000001]},"properties":{"stop_id":"26041","stop_name":"Township Line Rd & Perry St - MBFS","routes":["77"]}},{"type":"Feature","id":11800,"geometry":{"type":"Point","coordinates":[-75.098695,40.070183]},"properties":{"stop_id":"17497","stop_name":"Township Line Rd & Church Rd","routes":["77"]}},{"type":"Feature","id":11801,"geometry":{"type":"Point","coordinates":[-75.096985,40.0690710000001]},"properties":{"stop_id":"26015","stop_name":"Township Line Rd & Laurel Av","routes":["77"]}},{"type":"Feature","id":11823,"geometry":{"type":"Point","coordinates":[-75.0547809999999,40.042132]},"properties":{"stop_id":"17515","stop_name":"Revere St & Saint Vincent St","routes":["77"]}},{"type":"Feature","id":11824,"geometry":{"type":"Point","coordinates":[-75.0556529999999,40.0426340000001]},"properties":{"stop_id":"1058","stop_name":"St Vincent St & Roosevelt Blvd","routes":["77"]}},{"type":"Feature","id":11845,"geometry":{"type":"Point","coordinates":[-75.0984349999999,40.070182]},"properties":{"stop_id":"13798","stop_name":"Township Line Rd & Church Rd","routes":["77"]}},{"type":"Feature","id":11846,"geometry":{"type":"Point","coordinates":[-75.100216,40.071266]},"properties":{"stop_id":"13806","stop_name":"Township Line Rd & Perry St - MBNS","routes":["77"]}},{"type":"Feature","id":11851,"geometry":{"type":"Point","coordinates":[-75.112227,40.078134]},"properties":{"stop_id":"13795","stop_name":"Township Line Rd & Cedar Rd","routes":["77"]}},{"type":"Feature","id":11852,"geometry":{"type":"Point","coordinates":[-75.1148229999999,40.079667]},"properties":{"stop_id":"13811","stop_name":"Township Line Rd & High School Rd","routes":["77"]}},{"type":"Feature","id":11866,"geometry":{"type":"Point","coordinates":[-75.133364,40.09036]},"properties":{"stop_id":"25968","stop_name":"Township Line Rd & Mather Rd","routes":["77"]}},{"type":"Feature","id":11867,"geometry":{"type":"Point","coordinates":[-75.138325,40.0923530000001]},"properties":{"stop_id":"1063","stop_name":"Greenwood Av & Glenside Av","routes":["77"]}},{"type":"Feature","id":11868,"geometry":{"type":"Point","coordinates":[-75.1397499999999,40.0940880000001]},"properties":{"stop_id":"30904","stop_name":"Glenside Av & Glenview Av","routes":["77"]}},{"type":"Feature","id":11869,"geometry":{"type":"Point","coordinates":[-75.141556,40.095181]},"properties":{"stop_id":"25969","stop_name":"Glenside Av & Hewett Rd","routes":["77"]}},{"type":"Feature","id":11901,"geometry":{"type":"Point","coordinates":[-75.194958,40.076674]},"properties":{"stop_id":"17763","stop_name":"Willow Grove Av & Stenton Av","routes":["77"]}},{"type":"Feature","id":11915,"geometry":{"type":"Point","coordinates":[-75.202074,39.959143]},"properties":{"stop_id":"33096","stop_name":"Powelton Ave & 40th St","routes":["79"]}},{"type":"Feature","id":11916,"geometry":{"type":"Point","coordinates":[-75.197887,39.9574840000001]},"properties":{"stop_id":"32667","stop_name":"38th St & Filbert St","routes":["0","79"]}},{"type":"Feature","id":11917,"geometry":{"type":"Point","coordinates":[-75.198114,39.956761]},"properties":{"stop_id":"33097","stop_name":"38th St & Market St","routes":["79"]}},{"type":"Feature","id":11918,"geometry":{"type":"Point","coordinates":[-75.198438,39.955209]},"properties":{"stop_id":"33005","stop_name":"38th St & Chestnut St","routes":["79"]}},{"type":"Feature","id":11919,"geometry":{"type":"Point","coordinates":[-75.198726,39.9536570000001]},"properties":{"stop_id":"33006","stop_name":"38th St & Walnut St","routes":["79"]}},{"type":"Feature","id":11920,"geometry":{"type":"Point","coordinates":[-75.199265,39.9513190000001]},"properties":{"stop_id":"33007","stop_name":"38th St & Spruce St","routes":["79"]}},{"type":"Feature","id":11933,"geometry":{"type":"Point","coordinates":[-75.194395,39.92749]},"properties":{"stop_id":"1068","stop_name":"Snyder Av & 29th St","routes":["79"]}},{"type":"Feature","id":11934,"geometry":{"type":"Point","coordinates":[-75.194182,39.92765]},"properties":{"stop_id":"32480","stop_name":"29th St & Snyder Av","routes":["79"]}},{"type":"Feature","id":11940,"geometry":{"type":"Point","coordinates":[-75.184495,39.9262220000001]},"properties":{"stop_id":"24244","stop_name":"Snyder Av & 23rd St","routes":["79"]}},{"type":"Feature","id":11941,"geometry":{"type":"Point","coordinates":[-75.182832,39.9260130000001]},"properties":{"stop_id":"24245","stop_name":"Snyder Av & 22nd St","routes":["79"]}},{"type":"Feature","id":11942,"geometry":{"type":"Point","coordinates":[-75.1812619999999,39.925796]},"properties":{"stop_id":"24246","stop_name":"Snyder Av & 21st St","routes":["79"]}},{"type":"Feature","id":11943,"geometry":{"type":"Point","coordinates":[-75.179339,39.925569]},"properties":{"stop_id":"1069","stop_name":"Snyder Av & 20th St","routes":["79"]}},{"type":"Feature","id":11944,"geometry":{"type":"Point","coordinates":[-75.177746,39.9253600000001]},"properties":{"stop_id":"24247","stop_name":"Snyder Av & 19th St","routes":["79"]}},{"type":"Feature","id":11945,"geometry":{"type":"Point","coordinates":[-75.176165,39.925152]},"properties":{"stop_id":"24248","stop_name":"Snyder Av & 18th St","routes":["79"]}},{"type":"Feature","id":11946,"geometry":{"type":"Point","coordinates":[-75.174596,39.924944]},"properties":{"stop_id":"24249","stop_name":"Snyder Av & 17th St","routes":["79"]}},{"type":"Feature","id":11948,"geometry":{"type":"Point","coordinates":[-75.171504,39.9245540000001]},"properties":{"stop_id":"24251","stop_name":"Snyder Av & 15th St","routes":["79"]}},{"type":"Feature","id":11949,"geometry":{"type":"Point","coordinates":[-75.169876,39.924336]},"properties":{"stop_id":"632","stop_name":"Snyder Av & Broad St","routes":["79"]}},{"type":"Feature","id":11950,"geometry":{"type":"Point","coordinates":[-75.167705,39.9240640000001]},"properties":{"stop_id":"24252","stop_name":"Snyder Av & 13th St","routes":["79"]}},{"type":"Feature","id":11951,"geometry":{"type":"Point","coordinates":[-75.166148,39.9238730000001]},"properties":{"stop_id":"24253","stop_name":"Snyder Av & 12th St","routes":["79"]}},{"type":"Feature","id":11952,"geometry":{"type":"Point","coordinates":[-75.164567,39.9236550000001]},"properties":{"stop_id":"24254","stop_name":"Snyder Av & 11th St","routes":["79"]}},{"type":"Feature","id":11953,"geometry":{"type":"Point","coordinates":[-75.162986,39.923456]},"properties":{"stop_id":"24255","stop_name":"Snyder Av & 10th St","routes":["79"]}},{"type":"Feature","id":11954,"geometry":{"type":"Point","coordinates":[-75.161416,39.923256]},"properties":{"stop_id":"24256","stop_name":"Snyder Av & 9th St","routes":["79"]}},{"type":"Feature","id":11962,"geometry":{"type":"Point","coordinates":[-75.148474,39.921595]},"properties":{"stop_id":"24264","stop_name":"Snyder Av & Front St","routes":["79"]}},{"type":"Feature","id":11964,"geometry":{"type":"Point","coordinates":[-75.1454409999999,39.9212130000001]},"properties":{"stop_id":"30891","stop_name":"Snyder Av & Weccacoe Av","routes":["79"]}},{"type":"Feature","id":11966,"geometry":{"type":"Point","coordinates":[-75.1429679999999,39.9227690000001]},"properties":{"stop_id":"24271","stop_name":"Dilworth St & Columbus Blvd","routes":["79"]}},{"type":"Feature","id":11967,"geometry":{"type":"Point","coordinates":[-75.141971,39.921294]},"properties":{"stop_id":"30097","stop_name":"Columbus Blvd & Snyder Av - 1","routes":["79"]}},{"type":"Feature","id":11969,"geometry":{"type":"Point","coordinates":[-75.1432819999999,39.921047]},"properties":{"stop_id":"24272","stop_name":"Snyder Av & Dillworth St","routes":["79"]}},{"type":"Feature","id":11971,"geometry":{"type":"Point","coordinates":[-75.148048,39.921656]},"properties":{"stop_id":"24276","stop_name":"Snyder Av & Front St","routes":["79"]}},{"type":"Feature","id":11980,"geometry":{"type":"Point","coordinates":[-75.161192,39.9233540000001]},"properties":{"stop_id":"24284","stop_name":"Snyder Av & 9th St","routes":["79"]}},{"type":"Feature","id":11981,"geometry":{"type":"Point","coordinates":[-75.162761,39.923553]},"properties":{"stop_id":"24285","stop_name":"Snyder Av & 10th St","routes":["79"]}},{"type":"Feature","id":11982,"geometry":{"type":"Point","coordinates":[-75.164342,39.923753]},"properties":{"stop_id":"24286","stop_name":"Snyder Av & 11th St","routes":["79"]}},{"type":"Feature","id":11983,"geometry":{"type":"Point","coordinates":[-75.165923,39.923971]},"properties":{"stop_id":"24287","stop_name":"Snyder Av & 12th St","routes":["79"]}},{"type":"Feature","id":11984,"geometry":{"type":"Point","coordinates":[-75.16748,39.924161]},"properties":{"stop_id":"24288","stop_name":"Snyder Av & 13th St","routes":["79"]}},{"type":"Feature","id":11985,"geometry":{"type":"Point","coordinates":[-75.169463,39.924406]},"properties":{"stop_id":"613","stop_name":"Snyder Av & Broad St","routes":["79"]}},{"type":"Feature","id":11988,"geometry":{"type":"Point","coordinates":[-75.174371,39.9250410000001]},"properties":{"stop_id":"24291","stop_name":"Snyder Av & 17th St","routes":["79"]}},{"type":"Feature","id":11989,"geometry":{"type":"Point","coordinates":[-75.17594,39.9252500000001]},"properties":{"stop_id":"1072","stop_name":"Snyder Av & 18th St","routes":["79"]}},{"type":"Feature","id":11990,"geometry":{"type":"Point","coordinates":[-75.177521,39.925458]},"properties":{"stop_id":"24292","stop_name":"Snyder Av & 19th St","routes":["79"]}},{"type":"Feature","id":11991,"geometry":{"type":"Point","coordinates":[-75.179114,39.925667]},"properties":{"stop_id":"24293","stop_name":"Snyder Av & 20th St","routes":["79"]}},{"type":"Feature","id":11992,"geometry":{"type":"Point","coordinates":[-75.1810379999999,39.925894]},"properties":{"stop_id":"24294","stop_name":"Snyder Av & 21st St","routes":["79"]}},{"type":"Feature","id":11993,"geometry":{"type":"Point","coordinates":[-75.182607,39.926111]},"properties":{"stop_id":"24295","stop_name":"Snyder Av & 22nd St","routes":["79"]}},{"type":"Feature","id":11994,"geometry":{"type":"Point","coordinates":[-75.184271,39.926319]},"properties":{"stop_id":"24296","stop_name":"Snyder Av & 23rd St","routes":["79"]}},{"type":"Feature","id":12000,"geometry":{"type":"Point","coordinates":[-75.1940289999999,39.9275700000001]},"properties":{"stop_id":"24302","stop_name":"Snyder Av & 29th St","routes":["79"]}},{"type":"Feature","id":12001,"geometry":{"type":"Point","coordinates":[-75.194386,39.9268480000001]},"properties":{"stop_id":"24303","stop_name":"29th St & Winton St","routes":["79"]}},{"type":"Feature","id":12008,"geometry":{"type":"Point","coordinates":[-75.193236,39.9389380000001]},"properties":{"stop_id":"25921","stop_name":"30th St & Grays Ferry Av","routes":["79"]}},{"type":"Feature","id":12014,"geometry":{"type":"Point","coordinates":[-75.199124,39.95106]},"properties":{"stop_id":"28343","stop_name":"38th St & Spruce St","routes":["0","316","79"]}},{"type":"Feature","id":12020,"geometry":{"type":"Point","coordinates":[-75.1517219999999,40.0093600000001]},"properties":{"stop_id":"32424","stop_name":"Erie Av & Broad St -  FS","routes":["81"]}},{"type":"Feature","id":12076,"geometry":{"type":"Point","coordinates":[-75.156419,40.0669380000001]},"properties":{"stop_id":"18258","stop_name":"74th Av & Ogontz Av","routes":["81"]}},{"type":"Feature","id":12080,"geometry":{"type":"Point","coordinates":[-75.148766,40.0670640000001]},"properties":{"stop_id":"18262","stop_name":"74th Av & Andrews Av","routes":["81"]}},{"type":"Feature","id":12081,"geometry":{"type":"Point","coordinates":[-75.1483229999999,40.0683040000001]},"properties":{"stop_id":"1350","stop_name":"Andrews Av & Cheltenham Av","routes":["81"]}},{"type":"Feature","id":12095,"geometry":{"type":"Point","coordinates":[-75.1487299999999,40.0672340000001]},"properties":{"stop_id":"18169","stop_name":"Andrews Av & 74th Av","routes":["81"]}},{"type":"Feature","id":12099,"geometry":{"type":"Point","coordinates":[-75.156134,40.0671160000001]},"properties":{"stop_id":"18173","stop_name":"74th Av & Ogontz Av","routes":["81"]}},{"type":"Feature","id":12100,"geometry":{"type":"Point","coordinates":[-75.1572179999999,40.068315]},"properties":{"stop_id":"28580","stop_name":"Washington Ln & Fayette St - MBNS","routes":["81"]}},{"type":"Feature","id":12160,"geometry":{"type":"Point","coordinates":[-75.2085729999999,40.0148620000001]},"properties":{"stop_id":"32988","stop_name":"WTC Boarding Area 8","routes":["82"]}},{"type":"Feature","id":12184,"geometry":{"type":"Point","coordinates":[-75.189982,40.0154370000001]},"properties":{"stop_id":"24780","stop_name":"Midvale Av & Vaux St","routes":["0","82"]}},{"type":"Feature","id":12185,"geometry":{"type":"Point","coordinates":[-75.188464,40.016844]},"properties":{"stop_id":"267","stop_name":"Midvale Av & Henry Av","routes":["0","82"]}},{"type":"Feature","id":12190,"geometry":{"type":"Point","coordinates":[-75.18191,40.0116550000001]},"properties":{"stop_id":"25822","stop_name":"Abbottsford Av & Henry Av - FS","routes":["82"]}},{"type":"Feature","id":12191,"geometry":{"type":"Point","coordinates":[-75.180145,40.012865]},"properties":{"stop_id":"25823","stop_name":"Abbottsford Av & Henry Av - MBFS","routes":["82"]}},{"type":"Feature","id":12192,"geometry":{"type":"Point","coordinates":[-75.1781779999999,40.014236]},"properties":{"stop_id":"25824","stop_name":"Abbottsford Av & Fox St","routes":["82"]}},{"type":"Feature","id":12201,"geometry":{"type":"Point","coordinates":[-75.1631189999999,40.0115630000001]},"properties":{"stop_id":"23265","stop_name":"Hunting Park Av & 21st St","routes":["445","447","82"]}},{"type":"Feature","id":12211,"geometry":{"type":"Point","coordinates":[-75.1473359999999,40.018811]},"properties":{"stop_id":"23306","stop_name":"Roosevelt Blvd & Old York Rd","routes":["445","447","82"]}},{"type":"Feature","id":12216,"geometry":{"type":"Point","coordinates":[-75.130423,40.0241090000001]},"properties":{"stop_id":"23309","stop_name":"Roosevelt Blvd & 3rd St","routes":["426","433","445","447","82"]}},{"type":"Feature","id":12217,"geometry":{"type":"Point","coordinates":[-75.127536,40.024665]},"properties":{"stop_id":"23310","stop_name":"Roosevelt Blvd & 2nd St - FS","routes":["426","433","445","447","82"]}},{"type":"Feature","id":12238,"geometry":{"type":"Point","coordinates":[-75.460055,39.901656]},"properties":{"stop_id":"32632","stop_name":"Wawa Railroad Station","routes":["111","114"]}},{"type":"Feature","id":12249,"geometry":{"type":"Point","coordinates":[-75.022373,40.0317820000001]},"properties":{"stop_id":"1091","stop_name":"Rhawn St & State Rd","routes":["84"]}},{"type":"Feature","id":12309,"geometry":{"type":"Point","coordinates":[-75.211914,40.1374510000001]},"properties":{"stop_id":"1688","stop_name":"Pennsylvania Av & Fort Wash Av","routes":["95"]}},{"type":"Feature","id":12311,"geometry":{"type":"Point","coordinates":[-75.210673,40.1367440000001]},"properties":{"stop_id":"29774","stop_name":"Pennsylvania Av & Summit Av","routes":["95"]}},{"type":"Feature","id":12313,"geometry":{"type":"Point","coordinates":[-75.208274,40.1353030000001]},"properties":{"stop_id":"29065","stop_name":"Pennsylvania Av & Commerce Dr - MBNS","routes":["201","95"]}},{"type":"Feature","id":12315,"geometry":{"type":"Point","coordinates":[-75.2060529999999,40.133924]},"properties":{"stop_id":"27641","stop_name":"Pennsylvania Av & Commerce Dr - FS","routes":["95"]}},{"type":"Feature","id":12317,"geometry":{"type":"Point","coordinates":[-75.195767,40.125846]},"properties":{"stop_id":"31563","stop_name":"Pennsylvania Av & Camp Hill Rd","routes":["95"]}},{"type":"Feature","id":12320,"geometry":{"type":"Point","coordinates":[-75.179768,40.1174520000001]},"properties":{"stop_id":"27647","stop_name":"Pennsylvania Av & Apel Av - FS","routes":["95"]}},{"type":"Feature","id":12322,"geometry":{"type":"Point","coordinates":[-75.1787879999999,40.116816]},"properties":{"stop_id":"27648","stop_name":"Pennsylvania Av & Twining Rd","routes":["95"]}},{"type":"Feature","id":12326,"geometry":{"type":"Point","coordinates":[-75.168619,40.1140550000001]},"properties":{"stop_id":"27652","stop_name":"North Hills Av & Chestnut Av - FS","routes":["95"]}},{"type":"Feature","id":12337,"geometry":{"type":"Point","coordinates":[-75.4538489999999,39.9056200000001]},"properties":{"stop_id":"30675","stop_name":"Baltimore Pk & Valley Rd - FS","routes":["111","114"]}},{"type":"Feature","id":12339,"geometry":{"type":"Point","coordinates":[-75.449448,39.9082000000001]},"properties":{"stop_id":"15143","stop_name":"Baltimore Pk & Granite Farms","routes":["111","114"]}},{"type":"Feature","id":12387,"geometry":{"type":"Point","coordinates":[-75.168832,40.114109]},"properties":{"stop_id":"27713","stop_name":"North Hills Av & Chestnut Av","routes":["95"]}},{"type":"Feature","id":12389,"geometry":{"type":"Point","coordinates":[-75.1787399999999,40.116968]},"properties":{"stop_id":"27719","stop_name":"Pennsylvania Av & Twining Rd - FS","routes":["95"]}},{"type":"Feature","id":12390,"geometry":{"type":"Point","coordinates":[-75.1796849999999,40.117576]},"properties":{"stop_id":"27723","stop_name":"Pennsylvania Av & Apel Av","routes":["95"]}},{"type":"Feature","id":12391,"geometry":{"type":"Point","coordinates":[-75.183217,40.119717]},"properties":{"stop_id":"29600","stop_name":"Pennsylvania Av & Layfayette Av","routes":["95"]}},{"type":"Feature","id":12392,"geometry":{"type":"Point","coordinates":[-75.185343,40.1210510000001]},"properties":{"stop_id":"27725","stop_name":"Pennsylvania Av & Heritage Av","routes":["95"]}},{"type":"Feature","id":12393,"geometry":{"type":"Point","coordinates":[-75.193886,40.1256010000001]},"properties":{"stop_id":"30452","stop_name":"Pennsylvania Av & Camp Hill Rd","routes":["95"]}},{"type":"Feature","id":12394,"geometry":{"type":"Point","coordinates":[-75.206265,40.134308]},"properties":{"stop_id":"27729","stop_name":"Pennsylvania Av & Commerce Dr","routes":["95"]}},{"type":"Feature","id":12395,"geometry":{"type":"Point","coordinates":[-75.20838,40.1355170000001]},"properties":{"stop_id":"31558","stop_name":"Pennsylvania Av & Commerce Dr - MBFS","routes":["201","95"]}},{"type":"Feature","id":12396,"geometry":{"type":"Point","coordinates":[-75.210342,40.1367250000001]},"properties":{"stop_id":"27730","stop_name":"Pennsylvania Av & Summit Av","routes":["95"]}},{"type":"Feature","id":12397,"geometry":{"type":"Point","coordinates":[-75.211606,40.137433]},"properties":{"stop_id":"31783","stop_name":"Pennsylvania Av & Fort Washington Av","routes":["95"]}},{"type":"Feature","id":12454,"geometry":{"type":"Point","coordinates":[-75.3234189999999,39.946336]},"properties":{"stop_id":"18986","stop_name":"State Rd & Drexeline Dr","routes":["111"]}},{"type":"Feature","id":12457,"geometry":{"type":"Point","coordinates":[-75.3188469999999,39.9479920000001]},"properties":{"stop_id":"15114","stop_name":"State Rd & Clarendon Rd","routes":["0","111"]}},{"type":"Feature","id":12460,"geometry":{"type":"Point","coordinates":[-75.31418,39.9496300000001]},"properties":{"stop_id":"15115","stop_name":"State Rd & Anderson Av","routes":["0","111"]}},{"type":"Feature","id":12463,"geometry":{"type":"Point","coordinates":[-75.3117819999999,39.9503510000001]},"properties":{"stop_id":"29917","stop_name":"State & Burmont Rd","routes":["0","111"]}},{"type":"Feature","id":12466,"geometry":{"type":"Point","coordinates":[-75.309501,39.9511610000001]},"properties":{"stop_id":"15113","stop_name":"State Rd & Childs Av","routes":["111"]}},{"type":"Feature","id":12469,"geometry":{"type":"Point","coordinates":[-75.307552,39.9519000000001]},"properties":{"stop_id":"15112","stop_name":"State Rd & Morgan Av","routes":["111"]}},{"type":"Feature","id":12483,"geometry":{"type":"Point","coordinates":[-75.300875,39.954374]},"properties":{"stop_id":"15108","stop_name":"State Rd & Turner Av","routes":["111"]}},{"type":"Feature","id":12486,"geometry":{"type":"Point","coordinates":[-75.298807,39.955149]},"properties":{"stop_id":"15107","stop_name":"State Rd & Shadeland Av","routes":["111"]}},{"type":"Feature","id":12489,"geometry":{"type":"Point","coordinates":[-75.2955689999999,39.95635]},"properties":{"stop_id":"15106","stop_name":"State Rd & Kenwood Rd","routes":["111"]}},{"type":"Feature","id":12492,"geometry":{"type":"Point","coordinates":[-75.293264,39.9572400000001]},"properties":{"stop_id":"15105","stop_name":"State Rd & Hampshire Rd","routes":["111"]}},{"type":"Feature","id":12495,"geometry":{"type":"Point","coordinates":[-75.290948,39.9580770000001]},"properties":{"stop_id":"13374","stop_name":"State Rd & Eaton Rd","routes":["111"]}},{"type":"Feature","id":12498,"geometry":{"type":"Point","coordinates":[-75.2891989999999,39.958735]},"properties":{"stop_id":"13442","stop_name":"State Rd & Windermere Rd","routes":["111"]}},{"type":"Feature","id":12585,"geometry":{"type":"Point","coordinates":[-75.2912899999999,39.958104]},"properties":{"stop_id":"13377","stop_name":"State Rd & Eaton Rd - FS","routes":["111"]}},{"type":"Feature","id":12588,"geometry":{"type":"Point","coordinates":[-75.293217,39.9574010000001]},"properties":{"stop_id":"13383","stop_name":"State Rd & Hampshire Rd","routes":["111"]}},{"type":"Feature","id":12591,"geometry":{"type":"Point","coordinates":[-75.29545,39.956573]},"properties":{"stop_id":"13392","stop_name":"State Rd & Kenwood Rd","routes":["111"]}},{"type":"Feature","id":12594,"geometry":{"type":"Point","coordinates":[-75.299256,39.955158]},"properties":{"stop_id":"13429","stop_name":"State Rd & Shadeland Av","routes":["111"]}},{"type":"Feature","id":12597,"geometry":{"type":"Point","coordinates":[-75.300721,39.954615]},"properties":{"stop_id":"13435","stop_name":"State Rd & Turner Av","routes":["111"]}},{"type":"Feature","id":12609,"geometry":{"type":"Point","coordinates":[-75.307409,39.9521320000001]},"properties":{"stop_id":"13406","stop_name":"State Rd & Morgan Av","routes":["111"]}},{"type":"Feature","id":12612,"geometry":{"type":"Point","coordinates":[-75.309336,39.951402]},"properties":{"stop_id":"13363","stop_name":"State Rd & Childs Av","routes":["111"]}},{"type":"Feature","id":12616,"geometry":{"type":"Point","coordinates":[-75.311581,39.950592]},"properties":{"stop_id":"29920","stop_name":"State Rd & Burmont Rd","routes":["111"]}},{"type":"Feature","id":12619,"geometry":{"type":"Point","coordinates":[-75.314014,39.9498360000001]},"properties":{"stop_id":"15056","stop_name":"State Rd & Anderson Av","routes":["0","111"]}},{"type":"Feature","id":12622,"geometry":{"type":"Point","coordinates":[-75.317121,39.948946]},"properties":{"stop_id":"15057","stop_name":"State Rd & Stanbridge Rd","routes":["0","111"]}},{"type":"Feature","id":12625,"geometry":{"type":"Point","coordinates":[-75.318776,39.9482420000001]},"properties":{"stop_id":"31526","stop_name":"State Rd & Clarendon Rd","routes":["0","111"]}},{"type":"Feature","id":12628,"geometry":{"type":"Point","coordinates":[-75.3231,39.946532]},"properties":{"stop_id":"18977","stop_name":"State Rd & Drexeline Dr","routes":["0","111"]}},{"type":"Feature","id":12701,"geometry":{"type":"Point","coordinates":[-75.439783,39.9127530000001]},"properties":{"stop_id":"31527","stop_name":"Pennell Rd & Baltimore Pk","routes":["111"]}},{"type":"Feature","id":12703,"geometry":{"type":"Point","coordinates":[-75.4466629999999,39.910021]},"properties":{"stop_id":"4659","stop_name":"Baltimore Pk & Pennell Rd - MBFS","routes":["111","114"]}},{"type":"Feature","id":12705,"geometry":{"type":"Point","coordinates":[-75.449755,39.9083610000001]},"properties":{"stop_id":"15071","stop_name":"Baltimore Pk & Granite Farms Estates - FS","routes":["111","114"]}},{"type":"Feature","id":12708,"geometry":{"type":"Point","coordinates":[-75.453837,39.905968]},"properties":{"stop_id":"30676","stop_name":"Baltimore Pk & Valley Rd","routes":["111","114"]}},{"type":"Feature","id":12714,"geometry":{"type":"Point","coordinates":[-75.469624,39.8989940000001]},"properties":{"stop_id":"32362","stop_name":"Baltimore Pk & Red Roof Dr","routes":["111"]}},{"type":"Feature","id":12717,"geometry":{"type":"Point","coordinates":[-75.4799,39.896349]},"properties":{"stop_id":"15073","stop_name":"Baltimore Pk & Walnut Hill Blvd","routes":["111"]}},{"type":"Feature","id":12763,"geometry":{"type":"Point","coordinates":[-75.549156,39.8839150000001]},"properties":{"stop_id":"15092","stop_name":"Wilmington Pk & Brandywine Dr - FS","routes":["111"]}},{"type":"Feature","id":12795,"geometry":{"type":"Point","coordinates":[-75.381255,39.9816520000001]},"properties":{"stop_id":"29867","stop_name":"Media Line Rd & Mark Ter - FS","routes":["112","115"]}},{"type":"Feature","id":12798,"geometry":{"type":"Point","coordinates":[-75.3782409999999,39.9837220000001]},"properties":{"stop_id":"19489","stop_name":"Media Line Rd & West Chester Pk","routes":["112","115"]}},{"type":"Feature","id":12801,"geometry":{"type":"Point","coordinates":[-75.372582,39.983326]},"properties":{"stop_id":"18799","stop_name":"West Chester Pk & Latches Ln","routes":["104","112","115","120"]}},{"type":"Feature","id":12804,"geometry":{"type":"Point","coordinates":[-75.372086,39.983255]},"properties":{"stop_id":"32421","stop_name":"West Chester Pk & Latches Ln - FS","routes":["112"]}},{"type":"Feature","id":12807,"geometry":{"type":"Point","coordinates":[-75.3701129999999,39.982959]},"properties":{"stop_id":"18800","stop_name":"West Chester Pk & Hawthorne Rd","routes":["104","112","115","120"]}},{"type":"Feature","id":12810,"geometry":{"type":"Point","coordinates":[-75.367715,39.9826370000001]},"properties":{"stop_id":"18801","stop_name":"West Chester Pk & Rittenhouse Rd","routes":["104","112","115","120"]}},{"type":"Feature","id":12813,"geometry":{"type":"Point","coordinates":[-75.3650689999999,39.9822520000001]},"properties":{"stop_id":"18802","stop_name":"West Chester Pk & Malin Rd","routes":["104","112","115","120"]}},{"type":"Feature","id":12816,"geometry":{"type":"Point","coordinates":[-75.36071,39.9816250000001]},"properties":{"stop_id":"1996","stop_name":"West Chester Pk & Sproul Rd - FS","routes":["104","112","115","120"]}},{"type":"Feature","id":12822,"geometry":{"type":"Point","coordinates":[-75.357001,39.981069]},"properties":{"stop_id":"18803","stop_name":"West Chester Pk & Berkley Rd","routes":["104","112","115","120"]}},{"type":"Feature","id":12825,"geometry":{"type":"Point","coordinates":[-75.354001,39.9805940000001]},"properties":{"stop_id":"18804","stop_name":"West Chester Pk & Edgewood Rd","routes":["104","112","115","120"]}},{"type":"Feature","id":12828,"geometry":{"type":"Point","coordinates":[-75.3499619999999,39.979994]},"properties":{"stop_id":"18805","stop_name":"West Chester Pk & Raymond Rd","routes":["104","112","115","120"]}},{"type":"Feature","id":12831,"geometry":{"type":"Point","coordinates":[-75.3468549999999,39.979501]},"properties":{"stop_id":"18806","stop_name":"West Chester Pk & New Ardmore Av","routes":["104","112","115","120"]}},{"type":"Feature","id":12834,"geometry":{"type":"Point","coordinates":[-75.33377,39.976573]},"properties":{"stop_id":"2200","stop_name":"West Chester Pk & Lawrence Rd - MBFS","routes":["104","112","115","120","123"]}},{"type":"Feature","id":12838,"geometry":{"type":"Point","coordinates":[-75.331396,39.9758400000001]},"properties":{"stop_id":"18807","stop_name":"West Chester Pk & Robinson Av","routes":["104","112","115","120","123"]}},{"type":"Feature","id":12841,"geometry":{"type":"Point","coordinates":[-75.327524,39.9743280000001]},"properties":{"stop_id":"18808","stop_name":"West Chester Pk & Glen Gary Dr","routes":["104","112","115","120","123"]}},{"type":"Feature","id":12844,"geometry":{"type":"Point","coordinates":[-75.325091,39.9738530000001]},"properties":{"stop_id":"18809","stop_name":"West Chester Pk & Ivy Rock Ln","routes":["104","112","115","120","123"]}},{"type":"Feature","id":12847,"geometry":{"type":"Point","coordinates":[-75.322469,39.973396]},"properties":{"stop_id":"18810","stop_name":"West Chester Pk & Glendale Rd","routes":["104","112","115","120","123"]}},{"type":"Feature","id":12850,"geometry":{"type":"Point","coordinates":[-75.319139,39.972813]},"properties":{"stop_id":"1998","stop_name":"West Chester Pk & Eagle Rd - FS","routes":["104","112","120","123","126"]}},{"type":"Feature","id":12853,"geometry":{"type":"Point","coordinates":[-75.317675,39.972562]},"properties":{"stop_id":"18811","stop_name":"West Chester Pk & Washington Av","routes":["104","112","120","123","126"]}},{"type":"Feature","id":12856,"geometry":{"type":"Point","coordinates":[-75.316647,39.9723910000001]},"properties":{"stop_id":"18812","stop_name":"West Chester Pk & Pinzon Av - FS","routes":["104","112","120","123","126"]}},{"type":"Feature","id":12859,"geometry":{"type":"Point","coordinates":[-75.313306,39.971799]},"properties":{"stop_id":"18813","stop_name":"West Chester Pk & Manoa Rd - FS","routes":["104","112","120","123"]}},{"type":"Feature","id":12862,"geometry":{"type":"Point","coordinates":[-75.3097979999999,39.9711980000001]},"properties":{"stop_id":"18814","stop_name":"West Chester Pk & Westwood Park - 1 FS","routes":["104","112","120","123"]}},{"type":"Feature","id":12865,"geometry":{"type":"Point","coordinates":[-75.305795,39.970515]},"properties":{"stop_id":"30480","stop_name":"West Chester Pk & Westwood Park - 2 FS","routes":["104","112","120","123"]}},{"type":"Feature","id":12868,"geometry":{"type":"Point","coordinates":[-75.304248,39.9702730000001]},"properties":{"stop_id":"18815","stop_name":"West Chester Pk & Steel Rd","routes":["104","112","120","123"]}},{"type":"Feature","id":12871,"geometry":{"type":"Point","coordinates":[-75.30204,39.9698690000001]},"properties":{"stop_id":"18816","stop_name":"West Chester Pk & Gilmore Rd - FS","routes":["104","112","120","123"]}},{"type":"Feature","id":12874,"geometry":{"type":"Point","coordinates":[-75.298262,39.969098]},"properties":{"stop_id":"18817","stop_name":"West Chester Pk & Darby Rd - MBNS","routes":["104","112","120","123"]}},{"type":"Feature","id":12877,"geometry":{"type":"Point","coordinates":[-75.296455,39.968739]},"properties":{"stop_id":"2202","stop_name":"West Chester Pk & Darby Rd - FS","routes":["104","112","120","123"]}},{"type":"Feature","id":12880,"geometry":{"type":"Point","coordinates":[-75.294389,39.9683440000001]},"properties":{"stop_id":"18818","stop_name":"West Chester Pk & Township Line - FS","routes":["104","112","120","123","126"]}},{"type":"Feature","id":12884,"geometry":{"type":"Point","coordinates":[-75.2909529999999,39.9677060000001]},"properties":{"stop_id":"18819","stop_name":"West Chester Pk & Brighton Av - FS","routes":["104","112","120","123","126"]}},{"type":"Feature","id":12886,"geometry":{"type":"Point","coordinates":[-75.288851,39.9673020000001]},"properties":{"stop_id":"18820","stop_name":"West Chester Pk & Linden Av - FS","routes":["104","112","120","123","126"]}},{"type":"Feature","id":12889,"geometry":{"type":"Point","coordinates":[-75.2849669999999,39.966575]},"properties":{"stop_id":"18821","stop_name":"West Chester Pk & Cloverdale Av","routes":["104","112","120","123","126"]}},{"type":"Feature","id":12892,"geometry":{"type":"Point","coordinates":[-75.282676,39.966144]},"properties":{"stop_id":"18822","stop_name":"West Chester Pk & S Lynn Blvd","routes":["104","112","120","123","126"]}},{"type":"Feature","id":12895,"geometry":{"type":"Point","coordinates":[-75.2803979999999,39.9657040000001]},"properties":{"stop_id":"18823","stop_name":"West Chester Pk & Park Av","routes":["104","112","120","123","126"]}},{"type":"Feature","id":12898,"geometry":{"type":"Point","coordinates":[-75.278509,39.965354]},"properties":{"stop_id":"18824","stop_name":"West Chester Pk & Cedar Ln - FS","routes":["104","112","120","123","126"]}},{"type":"Feature","id":12901,"geometry":{"type":"Point","coordinates":[-75.276312,39.964958]},"properties":{"stop_id":"18825","stop_name":"West Chester Pk & Carol Blvd - FS","routes":["104","112","120","123","126"]}},{"type":"Feature","id":12904,"geometry":{"type":"Point","coordinates":[-75.2744709999999,39.964635]},"properties":{"stop_id":"18826","stop_name":"West Chester Pk & Pennock Av","routes":["104","112","120","123","126"]}},{"type":"Feature","id":12907,"geometry":{"type":"Point","coordinates":[-75.272121,39.9642040000001]},"properties":{"stop_id":"18827","stop_name":"West Chester Pk & Kenmore Rd","routes":["104","112","120","123","126"]}},{"type":"Feature","id":12919,"geometry":{"type":"Point","coordinates":[-75.260172,39.9619440000001]},"properties":{"stop_id":"15497","stop_name":"69th St TC West DropOff","routes":["0","104","112","120","123","126"]}},{"type":"Feature","id":12922,"geometry":{"type":"Point","coordinates":[-75.260566,39.962252]},"properties":{"stop_id":"33109","stop_name":"69th St TC West Trolley Platform","routes":["104","112","120","126"]}},{"type":"Feature","id":12933,"geometry":{"type":"Point","coordinates":[-75.068771,40.008721]},"properties":{"stop_id":"22720","stop_name":"Tacony St & Bridge St","routes":["84"]}},{"type":"Feature","id":12934,"geometry":{"type":"Point","coordinates":[-75.2706209999999,39.9642020000001]},"properties":{"stop_id":"18642","stop_name":"West Chester Pk & Ardsley Rd - FS","routes":["104","112","120","123","126"]}},{"type":"Feature","id":12937,"geometry":{"type":"Point","coordinates":[-75.271873,39.964435]},"properties":{"stop_id":"18643","stop_name":"West Chester Pk & Kenmore Rd","routes":["104","112","120","123","126"]}},{"type":"Feature","id":12939,"geometry":{"type":"Point","coordinates":[-75.069937,40.0119910000001]},"properties":{"stop_id":"22722","stop_name":"Bridge St & Tulip St - FS","routes":["84"]}},{"type":"Feature","id":12940,"geometry":{"type":"Point","coordinates":[-75.274529,39.964929]},"properties":{"stop_id":"18644","stop_name":"West Chester Pk & Pennock Av - FS","routes":["104","112","120","123","126"]}},{"type":"Feature","id":12943,"geometry":{"type":"Point","coordinates":[-75.2762759999999,39.965244]},"properties":{"stop_id":"1968","stop_name":"West Chester Pk & Carol Blvd","routes":["104","112","120","123","126"]}},{"type":"Feature","id":12946,"geometry":{"type":"Point","coordinates":[-75.279098,39.9657560000001]},"properties":{"stop_id":"18651","stop_name":"West Chester Pk & Saint Laurence Rd","routes":["104","112","120","123","126"]}},{"type":"Feature","id":12949,"geometry":{"type":"Point","coordinates":[-75.2827579999999,39.9664570000001]},"properties":{"stop_id":"18646","stop_name":"West Chester Pk & S Lynn Blvd - MBFS","routes":["104","112","120","123","126"]}},{"type":"Feature","id":12952,"geometry":{"type":"Point","coordinates":[-75.284706,39.9668160000001]},"properties":{"stop_id":"18647","stop_name":"West Chester Pk & Cloverdale Rd","routes":["104","112","120","123","126"]}},{"type":"Feature","id":12955,"geometry":{"type":"Point","coordinates":[-75.28891,39.9676150000001]},"properties":{"stop_id":"18648","stop_name":"West Chester Pk & Linden Av","routes":["104","112","120","123","126"]}},{"type":"Feature","id":12958,"geometry":{"type":"Point","coordinates":[-75.2912949999999,39.9680730000001]},"properties":{"stop_id":"18649","stop_name":"West Chester Pk & Brighton Av - FS","routes":["104","112","120","123","126"]}},{"type":"Feature","id":12961,"geometry":{"type":"Point","coordinates":[-75.2946719999999,39.968728]},"properties":{"stop_id":"18650","stop_name":"West Chester Pk & Township Line Rd - FS","routes":["104","112","120","123","126"]}},{"type":"Feature","id":12964,"geometry":{"type":"Point","coordinates":[-75.296844,39.9691320000001]},"properties":{"stop_id":"2197","stop_name":"West Chester Pk & Darby Rd","routes":["104","112","120","123","126"]}},{"type":"Feature","id":12967,"geometry":{"type":"Point","coordinates":[-75.2994179999999,39.9696250000001]},"properties":{"stop_id":"18652","stop_name":"West Chester Pk & Vernon Rd - MBNS","routes":["104","112","120","123"]}},{"type":"Feature","id":12970,"geometry":{"type":"Point","coordinates":[-75.302724,39.970289]},"properties":{"stop_id":"18653","stop_name":"West Chester Pk & Gilmore Rd - FS","routes":["104","112","120","123"]}},{"type":"Feature","id":12973,"geometry":{"type":"Point","coordinates":[-75.305806,39.9708370000001]},"properties":{"stop_id":"18654","stop_name":"West Chester Pk & Westwood Ln - FS","routes":["104","112","120","123"]}},{"type":"Feature","id":12976,"geometry":{"type":"Point","coordinates":[-75.309762,39.971501]},"properties":{"stop_id":"18655","stop_name":"West Chester Pk & Sycamore Rd","routes":["104","112","120","123"]}},{"type":"Feature","id":12979,"geometry":{"type":"Point","coordinates":[-75.313529,39.9721650000001]},"properties":{"stop_id":"18656","stop_name":"West Chester Pk & Manoa Rd - FS","routes":["104","112","120","123"]}},{"type":"Feature","id":12981,"geometry":{"type":"Point","coordinates":[-75.077949,40.0242230000001]},"properties":{"stop_id":"388","stop_name":"Frankford Transit Center - Rt 88","routes":["88"]}},{"type":"Feature","id":12982,"geometry":{"type":"Point","coordinates":[-75.317934,39.9729100000001]},"properties":{"stop_id":"18657","stop_name":"West Chester Pk & Washington Av - FS","routes":["104","112","120","123","126"]}},{"type":"Feature","id":12985,"geometry":{"type":"Point","coordinates":[-75.319989,39.973278]},"properties":{"stop_id":"1983","stop_name":"West Chester Pk & Eagle Rd - FS","routes":["104","112","115","120","123"]}},{"type":"Feature","id":12988,"geometry":{"type":"Point","coordinates":[-75.32228,39.97369]},"properties":{"stop_id":"18659","stop_name":"West Chester Pk & Glendale Rd - FS","routes":["104","112","115","120","123"]}},{"type":"Feature","id":12991,"geometry":{"type":"Point","coordinates":[-75.325599,39.974255]},"properties":{"stop_id":"18660","stop_name":"West Chester Pk & Stanton Rd","routes":["104","112","115","120","123"]}},{"type":"Feature","id":12994,"geometry":{"type":"Point","coordinates":[-75.327051,39.9745510000001]},"properties":{"stop_id":"18661","stop_name":"West Chester Pk & Glen Gary Dr","routes":["104","112","115","120","123"]}},{"type":"Feature","id":12997,"geometry":{"type":"Point","coordinates":[-75.330617,39.975848]},"properties":{"stop_id":"18662","stop_name":"West Chester Pk & Robinson Av","routes":["104","112","115","120","123"]}},{"type":"Feature","id":13000,"geometry":{"type":"Point","coordinates":[-75.331892,39.976349]},"properties":{"stop_id":"18663","stop_name":"West Chester Pk & Old W Chester Pk","routes":["104","112","115","120","123"]}},{"type":"Feature","id":13005,"geometry":{"type":"Point","coordinates":[-75.334277,39.977002]},"properties":{"stop_id":"2199","stop_name":"West Chester Pk & Lawrence Rd","routes":["104","112","115","123"]}},{"type":"Feature","id":13023,"geometry":{"type":"Point","coordinates":[-75.261793,40.092739]},"properties":{"stop_id":"27346","stop_name":"Joshua Rd & Germantown Pk","routes":["97"]}},{"type":"Feature","id":13043,"geometry":{"type":"Point","coordinates":[-75.378654,39.9836500000001]},"properties":{"stop_id":"19488","stop_name":"Media Line Rd & West Chester Pk - FS","routes":["112","115"]}},{"type":"Feature","id":13046,"geometry":{"type":"Point","coordinates":[-75.38077,39.982152]},"properties":{"stop_id":"29850","stop_name":"Media Line Rd & Larchmont Cir","routes":["112","115"]}},{"type":"Feature","id":13051,"geometry":{"type":"Point","coordinates":[-75.045193,40.0397820000001]},"properties":{"stop_id":"22351","stop_name":"Rowland Av & Teesdale St","routes":["88"]}},{"type":"Feature","id":13072,"geometry":{"type":"Point","coordinates":[-75.447687,39.8038110000001]},"properties":{"stop_id":"32622","stop_name":"Claymont Transit Center","routes":["113"]}},{"type":"Feature","id":13129,"geometry":{"type":"Point","coordinates":[-75.3979659999999,39.8341960000001]},"properties":{"stop_id":"25021","stop_name":"9th St & Booth St","routes":["113"]}},{"type":"Feature","id":13132,"geometry":{"type":"Point","coordinates":[-75.396881,39.8348290000001]},"properties":{"stop_id":"25022","stop_name":"9th St & Harwick St","routes":["113"]}},{"type":"Feature","id":13135,"geometry":{"type":"Point","coordinates":[-75.395136,39.835783]},"properties":{"stop_id":"2113","stop_name":"9th St & Highland Av","routes":["113"]}},{"type":"Feature","id":13141,"geometry":{"type":"Point","coordinates":[-75.394158,39.835069]},"properties":{"stop_id":"25024","stop_name":"Highland Av & 7th St","routes":["113"]}},{"type":"Feature","id":13147,"geometry":{"type":"Point","coordinates":[-75.391177,39.831847]},"properties":{"stop_id":"31149","stop_name":"Highland Av & 3rd St","routes":["113"]}},{"type":"Feature","id":13149,"geometry":{"type":"Point","coordinates":[-75.0278959999999,40.06064]},"properties":{"stop_id":"22369","stop_name":"Welsh Rd & Tolbut St","routes":["484","88"]}},{"type":"Feature","id":13150,"geometry":{"type":"Point","coordinates":[-75.3899499999999,39.832248]},"properties":{"stop_id":"31050","stop_name":"3rd St & Hayes St","routes":["113","119"]}},{"type":"Feature","id":13152,"geometry":{"type":"Point","coordinates":[-75.0280069999999,40.061988]},"properties":{"stop_id":"27758","stop_name":"Welsh Rd & Tolbut St - MBFS","routes":["484","88"]}},{"type":"Feature","id":13153,"geometry":{"type":"Point","coordinates":[-75.388924,39.832854]},"properties":{"stop_id":"31917","stop_name":"3rd St & Wilson St","routes":["113","119"]}},{"type":"Feature","id":13155,"geometry":{"type":"Point","coordinates":[-75.02813,40.0632380000001]},"properties":{"stop_id":"22370","stop_name":"Welsh Rd & Michael Rd","routes":["484","88"]}},{"type":"Feature","id":13156,"geometry":{"type":"Point","coordinates":[-75.387851,39.8334160000001]},"properties":{"stop_id":"31051","stop_name":"3rd St & Ward St","routes":["113","119"]}},{"type":"Feature","id":13159,"geometry":{"type":"Point","coordinates":[-75.38679,39.833969]},"properties":{"stop_id":"31918","stop_name":"3rd St & Palmer St","routes":["113","119"]}},{"type":"Feature","id":13162,"geometry":{"type":"Point","coordinates":[-75.3857639999999,39.834504]},"properties":{"stop_id":"26469","stop_name":"3rd St & Townsend St","routes":["113","119"]}},{"type":"Feature","id":13168,"geometry":{"type":"Point","coordinates":[-75.383594,39.8356370000001]},"properties":{"stop_id":"31919","stop_name":"3rd St & Jeffrey St","routes":["113","119"]}},{"type":"Feature","id":13171,"geometry":{"type":"Point","coordinates":[-75.3825199999999,39.836127]},"properties":{"stop_id":"26472","stop_name":"3rd St & Yarnall St","routes":["113","119"]}},{"type":"Feature","id":13174,"geometry":{"type":"Point","coordinates":[-75.380445,39.837224]},"properties":{"stop_id":"30381","stop_name":"3rd St & Flower St","routes":["113","119"]}},{"type":"Feature","id":13177,"geometry":{"type":"Point","coordinates":[-75.3901989999999,39.830793]},"properties":{"stop_id":"20264","stop_name":"Highland Av & 2nd St","routes":["113"]}},{"type":"Feature","id":13180,"geometry":{"type":"Point","coordinates":[-75.385059,39.830381]},"properties":{"stop_id":"20266","stop_name":"Seaport Dr & Highland Av - MBFS","routes":["113"]}},{"type":"Feature","id":13183,"geometry":{"type":"Point","coordinates":[-75.3776999999999,39.8344660000001]},"properties":{"stop_id":"20267","stop_name":"Flower St & Seaport Dr - FS","routes":["113"]}},{"type":"Feature","id":13186,"geometry":{"type":"Point","coordinates":[-75.380232,39.837313]},"properties":{"stop_id":"20269","stop_name":"Flower St & 3rd St","routes":["113"]}},{"type":"Feature","id":13192,"geometry":{"type":"Point","coordinates":[-75.3772479999999,39.838892]},"properties":{"stop_id":"20272","stop_name":"3rd St & Tilghman St","routes":["113"]}},{"type":"Feature","id":13195,"geometry":{"type":"Point","coordinates":[-75.375279,39.8399710000001]},"properties":{"stop_id":"31531","stop_name":"3rd St & Broomall St","routes":["113"]}},{"type":"Feature","id":13201,"geometry":{"type":"Point","coordinates":[-75.37332,39.8409960000001]},"properties":{"stop_id":"29923","stop_name":"3rd St & Pennell St","routes":["113"]}},{"type":"Feature","id":13204,"geometry":{"type":"Point","coordinates":[-75.372259,39.8415400000001]},"properties":{"stop_id":"20275","stop_name":"3rd St & Lloyd St","routes":["113"]}},{"type":"Feature","id":13212,"geometry":{"type":"Point","coordinates":[-75.368331,39.8429300000001]},"properties":{"stop_id":"20277","stop_name":"3rd St & Kerlin St","routes":["113"]}},{"type":"Feature","id":13215,"geometry":{"type":"Point","coordinates":[-75.367117,39.8432510000001]},"properties":{"stop_id":"32289","stop_name":"3rd St & Parker St","routes":["113"]}},{"type":"Feature","id":13221,"geometry":{"type":"Point","coordinates":[-75.3647109999999,39.8440000000001]},"properties":{"stop_id":"32290","stop_name":"3rd St & Franklin St","routes":["113"]}},{"type":"Feature","id":13224,"geometry":{"type":"Point","coordinates":[-75.3635659999999,39.844454]},"properties":{"stop_id":"20280","stop_name":"3rd St & Concord Av","routes":["113"]}},{"type":"Feature","id":13260,"geometry":{"type":"Point","coordinates":[-75.352384,39.859155]},"properties":{"stop_id":"20298","stop_name":"Melrose Av & Morton Av - FS","routes":["113"]}},{"type":"Feature","id":13263,"geometry":{"type":"Point","coordinates":[-75.353868,39.861548]},"properties":{"stop_id":"20300","stop_name":"Melrose Av & 14th St","routes":["113"]}},{"type":"Feature","id":13360,"geometry":{"type":"Point","coordinates":[-75.286644,39.907477]},"properties":{"stop_id":"20343","stop_name":"MacDade Blvd & Oak Ln","routes":["113"]}},{"type":"Feature","id":13375,"geometry":{"type":"Point","coordinates":[-75.277631,39.911563]},"properties":{"stop_id":"20347","stop_name":"MacDade Blvd & Clifton Av","routes":["113"]}},{"type":"Feature","id":13376,"geometry":{"type":"Point","coordinates":[-75.028431,40.0643370000001]},"properties":{"stop_id":"22436","stop_name":"Welsh Rd & Manchester St - FS","routes":["484","88"]}},{"type":"Feature","id":13379,"geometry":{"type":"Point","coordinates":[-75.028354,40.063436]},"properties":{"stop_id":"22437","stop_name":"Welsh Rd & Michael Rd","routes":["484","88"]}},{"type":"Feature","id":13382,"geometry":{"type":"Point","coordinates":[-75.028108,40.0608110000001]},"properties":{"stop_id":"22438","stop_name":"Welsh Rd & Tolbut St","routes":["484","88"]}},{"type":"Feature","id":13390,"geometry":{"type":"Point","coordinates":[-75.2706489999999,39.914633]},"properties":{"stop_id":"20354","stop_name":"MacDade Blvd & Roberta Av","routes":["113"]}},{"type":"Feature","id":13393,"geometry":{"type":"Point","coordinates":[-75.2676949999999,39.915915]},"properties":{"stop_id":"20356","stop_name":"MacDade Blvd & Cherry St","routes":["113"]}},{"type":"Feature","id":13396,"geometry":{"type":"Point","coordinates":[-75.266171,39.916636]},"properties":{"stop_id":"20357","stop_name":"MacDade Blvd & Pine St","routes":["113"]}},{"type":"Feature","id":13399,"geometry":{"type":"Point","coordinates":[-75.264729,39.91725]},"properties":{"stop_id":"20358","stop_name":"MacDade Blvd & Chester Pike","routes":["113"]}},{"type":"Feature","id":13402,"geometry":{"type":"Point","coordinates":[-75.2635799999999,39.9191040000001]},"properties":{"stop_id":"30597","stop_name":"Darby Transit Center - bus","routes":["113","114","115"]}},{"type":"Feature","id":13405,"geometry":{"type":"Point","coordinates":[-75.264607,39.919061]},"properties":{"stop_id":"31874","stop_name":"SEPTA Private Way & MacDade Blvd","routes":["113","114","115"]}},{"type":"Feature","id":13408,"geometry":{"type":"Point","coordinates":[-75.264965,39.9224170000001]},"properties":{"stop_id":"19780","stop_name":"Main St & 12th St","routes":["113","115"]}},{"type":"Feature","id":13411,"geometry":{"type":"Point","coordinates":[-75.266355,39.9239450000001]},"properties":{"stop_id":"19782","stop_name":"Main St & 14th St - FS","routes":["113","115"]}},{"type":"Feature","id":13414,"geometry":{"type":"Point","coordinates":[-75.2674019999999,39.925375]},"properties":{"stop_id":"19783","stop_name":"Main St & Concord Rd","routes":["113","115"]}},{"type":"Feature","id":13417,"geometry":{"type":"Point","coordinates":[-75.268165,39.9273390000001]},"properties":{"stop_id":"2100","stop_name":"Lansdowne Av & Golf Rd - MBFS","routes":["113","115"]}},{"type":"Feature","id":13432,"geometry":{"type":"Point","coordinates":[-75.2710299999999,39.9345000000001]},"properties":{"stop_id":"19788","stop_name":"Lansdowne Av & Violet Ln","routes":["113","115"]}},{"type":"Feature","id":13435,"geometry":{"type":"Point","coordinates":[-75.271722,39.936206]},"properties":{"stop_id":"19789","stop_name":"Lansdowne Av & Nyack Av","routes":["113","115"]}},{"type":"Feature","id":13440,"geometry":{"type":"Point","coordinates":[-75.272399,39.939687]},"properties":{"stop_id":"19790","stop_name":"Lansdowne Av & LaCrosse Av","routes":["113","115"]}},{"type":"Feature","id":13443,"geometry":{"type":"Point","coordinates":[-75.272702,39.9415530000001]},"properties":{"stop_id":"19791","stop_name":"Lansdowne Av & Stewart Av","routes":["113","115"]}},{"type":"Feature","id":13446,"geometry":{"type":"Point","coordinates":[-75.2713909999999,39.941739]},"properties":{"stop_id":"20359","stop_name":"Stewart Av & Highland Av","routes":["113"]}},{"type":"Feature","id":13454,"geometry":{"type":"Point","coordinates":[-75.030424,40.048474]},"properties":{"stop_id":"27763","stop_name":"Cresco Av & Fuller St - FS","routes":["88"]}},{"type":"Feature","id":13457,"geometry":{"type":"Point","coordinates":[-75.031693,40.047764]},"properties":{"stop_id":"23495","stop_name":"Rhawn St & Cresco Av - FS","routes":["88"]}},{"type":"Feature","id":13464,"geometry":{"type":"Point","coordinates":[-75.25658,39.9437090000001]},"properties":{"stop_id":"20366","stop_name":"Pembroke Av & Oak Av","routes":["113"]}},{"type":"Feature","id":13467,"geometry":{"type":"Point","coordinates":[-75.255644,39.9449930000001]},"properties":{"stop_id":"19719","stop_name":"Church Ln & Cleveland Av","routes":["113"]}},{"type":"Feature","id":13482,"geometry":{"type":"Point","coordinates":[-75.257314,39.952912]},"properties":{"stop_id":"19724","stop_name":"69th St Blvd & Patterson Av - MBFS","routes":["113"]}},{"type":"Feature","id":13503,"geometry":{"type":"Point","coordinates":[-75.25839,39.9621060000001]},"properties":{"stop_id":"33106","stop_name":"69th St TC South Berth 4","routes":["113"]}},{"type":"Feature","id":13518,"geometry":{"type":"Point","coordinates":[-75.25834,39.9535920000001]},"properties":{"stop_id":"30516","stop_name":"69th St Blvd & Marshall Rd - FS","routes":["113"]}},{"type":"Feature","id":13535,"geometry":{"type":"Point","coordinates":[-75.255642,39.945993]},"properties":{"stop_id":"30352","stop_name":"Church Ln & Emerson Av","routes":["113"]}},{"type":"Feature","id":13538,"geometry":{"type":"Point","coordinates":[-75.255798,39.945092]},"properties":{"stop_id":"31676","stop_name":"Church Ln & Cleveland Av","routes":["113"]}},{"type":"Feature","id":13541,"geometry":{"type":"Point","coordinates":[-75.256344,39.943897]},"properties":{"stop_id":"20082","stop_name":"Pembroke Av & Oak Av","routes":["113"]}},{"type":"Feature","id":13559,"geometry":{"type":"Point","coordinates":[-75.271273,39.9418810000001]},"properties":{"stop_id":"20089","stop_name":"Stewart Av & Highland Av","routes":["113"]}},{"type":"Feature","id":13562,"geometry":{"type":"Point","coordinates":[-75.2723119999999,39.941785]},"properties":{"stop_id":"20090","stop_name":"Stewart Av & Lansdowne Av","routes":["113"]}},{"type":"Feature","id":13565,"geometry":{"type":"Point","coordinates":[-75.272612,39.939848]},"properties":{"stop_id":"19833","stop_name":"Lansdowne Av & LaCrosse Av","routes":["113","115"]}},{"type":"Feature","id":13571,"geometry":{"type":"Point","coordinates":[-75.271935,39.936251]},"properties":{"stop_id":"19834","stop_name":"Lansdowne Av & Nyack Av","routes":["113","115"]}},{"type":"Feature","id":13574,"geometry":{"type":"Point","coordinates":[-75.271042,39.934063]},"properties":{"stop_id":"19835","stop_name":"Lansdowne Av & Linden Av","routes":["113","115"]}},{"type":"Feature","id":13586,"geometry":{"type":"Point","coordinates":[-75.2682599999999,39.927125]},"properties":{"stop_id":"2105","stop_name":"Main St & Golf Rd - MBNS","routes":["113","115"]}},{"type":"Feature","id":13589,"geometry":{"type":"Point","coordinates":[-75.267391,39.925098]},"properties":{"stop_id":"30517","stop_name":"Main St & Concord Rd - FS","routes":["113","115"]}},{"type":"Feature","id":13592,"geometry":{"type":"Point","coordinates":[-75.266544,39.9238920000001]},"properties":{"stop_id":"19840","stop_name":"Main St & 14th St","routes":["113","115"]}},{"type":"Feature","id":13595,"geometry":{"type":"Point","coordinates":[-75.265213,39.922427]},"properties":{"stop_id":"19842","stop_name":"Main St & 12th St","routes":["113","115"]}},{"type":"Feature","id":13598,"geometry":{"type":"Point","coordinates":[-75.264189,39.921274]},"properties":{"stop_id":"31211","stop_name":"Main St & McDade Blvd","routes":["113","115"]}},{"type":"Feature","id":13607,"geometry":{"type":"Point","coordinates":[-75.26604,39.9168320000001]},"properties":{"stop_id":"20123","stop_name":"MacDade Blvd & Pine St","routes":["113"]}},{"type":"Feature","id":13610,"geometry":{"type":"Point","coordinates":[-75.267482,39.916182]},"properties":{"stop_id":"20124","stop_name":"MacDade Blvd & Cherry St","routes":["113"]}},{"type":"Feature","id":13613,"geometry":{"type":"Point","coordinates":[-75.2704239999999,39.9148920000001]},"properties":{"stop_id":"20126","stop_name":"MacDade Blvd & Roberta Av","routes":["113"]}},{"type":"Feature","id":13628,"geometry":{"type":"Point","coordinates":[-75.2779849999999,39.911564]},"properties":{"stop_id":"20133","stop_name":"MacDade Blvd & Clifton Av - FS","routes":["113"]}},{"type":"Feature","id":13643,"geometry":{"type":"Point","coordinates":[-75.2861,39.907869]},"properties":{"stop_id":"20137","stop_name":"MacDade Blvd & Oak Ln","routes":["113"]}},{"type":"Feature","id":13749,"geometry":{"type":"Point","coordinates":[-75.354092,39.861682]},"properties":{"stop_id":"20181","stop_name":"Melrose Av & 14th St","routes":["113"]}},{"type":"Feature","id":13752,"geometry":{"type":"Point","coordinates":[-75.3524429999999,39.859003]},"properties":{"stop_id":"31378","stop_name":"Melrose Av & Morton Av","routes":["113"]}},{"type":"Feature","id":13787,"geometry":{"type":"Point","coordinates":[-75.362068,39.844864]},"properties":{"stop_id":"20402","stop_name":"PA 291 & Penn St","routes":["113","119"]}},{"type":"Feature","id":13790,"geometry":{"type":"Point","coordinates":[-75.363389,39.844677]},"properties":{"stop_id":"20196","stop_name":"3rd St & Concord St","routes":["113"]}},{"type":"Feature","id":13793,"geometry":{"type":"Point","coordinates":[-75.3645569999999,39.844187]},"properties":{"stop_id":"31573","stop_name":"3rd St & Franklin St","routes":["113"]}},{"type":"Feature","id":13802,"geometry":{"type":"Point","coordinates":[-75.3681539999999,39.843109]},"properties":{"stop_id":"20199","stop_name":"3rd St & Kerlin St","routes":["113"]}},{"type":"Feature","id":13811,"geometry":{"type":"Point","coordinates":[-75.372176,39.8417630000001]},"properties":{"stop_id":"20201","stop_name":"3rd St & Lloyd St","routes":["113"]}},{"type":"Feature","id":13815,"geometry":{"type":"Point","coordinates":[-75.373191,39.8412460000001]},"properties":{"stop_id":"29927","stop_name":"3rd St & Pennell St","routes":["113"]}},{"type":"Feature","id":13821,"geometry":{"type":"Point","coordinates":[-75.37516,39.8402120000001]},"properties":{"stop_id":"31534","stop_name":"3rd St & Broomal St","routes":["113"]}},{"type":"Feature","id":13824,"geometry":{"type":"Point","coordinates":[-75.377154,39.839097]},"properties":{"stop_id":"20204","stop_name":"3rd St & Tilghman St","routes":["113"]}},{"type":"Feature","id":13830,"geometry":{"type":"Point","coordinates":[-75.382485,39.836377]},"properties":{"stop_id":"26289","stop_name":"3rd St & Yarnall St","routes":["113","119"]}},{"type":"Feature","id":13833,"geometry":{"type":"Point","coordinates":[-75.383546,39.835815]},"properties":{"stop_id":"31910","stop_name":"3rd St & Jeffrey St","routes":["113","119"]}},{"type":"Feature","id":13839,"geometry":{"type":"Point","coordinates":[-75.385705,39.8346920000001]},"properties":{"stop_id":"26292","stop_name":"3rd St & Townsend St","routes":["113","119"]}},{"type":"Feature","id":13842,"geometry":{"type":"Point","coordinates":[-75.3867309999999,39.8341570000001]},"properties":{"stop_id":"31911","stop_name":"3rd St & Palmer St","routes":["113","119"]}},{"type":"Feature","id":13845,"geometry":{"type":"Point","coordinates":[-75.387804,39.833621]},"properties":{"stop_id":"26294","stop_name":"3rd St & Ward St","routes":["113","119"]}},{"type":"Feature","id":13848,"geometry":{"type":"Point","coordinates":[-75.388865,39.833042]},"properties":{"stop_id":"31912","stop_name":"3rd St & Wilson St","routes":["113","119"]}},{"type":"Feature","id":13851,"geometry":{"type":"Point","coordinates":[-75.389879,39.8324440000001]},"properties":{"stop_id":"26296","stop_name":"3rd St & Hayes St","routes":["113","119"]}},{"type":"Feature","id":13854,"geometry":{"type":"Point","coordinates":[-75.390882,39.8319450000001]},"properties":{"stop_id":"15267","stop_name":"3rd St & Highland Av","routes":["113","119"]}},{"type":"Feature","id":13857,"geometry":{"type":"Point","coordinates":[-75.380233,39.8370370000001]},"properties":{"stop_id":"20207","stop_name":"Flower St & 3rd St - FS","routes":["113"]}},{"type":"Feature","id":13859,"geometry":{"type":"Point","coordinates":[-75.377935,39.8344480000001]},"properties":{"stop_id":"20209","stop_name":"Flower St & Seaport Dr","routes":["113"]}},{"type":"Feature","id":13862,"geometry":{"type":"Point","coordinates":[-75.385365,39.830569]},"properties":{"stop_id":"20210","stop_name":"Seaport Dr & Highland Av - MBNS","routes":["113"]}},{"type":"Feature","id":13865,"geometry":{"type":"Point","coordinates":[-75.389939,39.8307130000001]},"properties":{"stop_id":"20212","stop_name":"Highland Av & 2nd St","routes":["113"]}},{"type":"Feature","id":13868,"geometry":{"type":"Point","coordinates":[-75.390882,39.831757]},"properties":{"stop_id":"2109","stop_name":"Highland Av & 3rd St","routes":["113"]}},{"type":"Feature","id":13877,"geometry":{"type":"Point","coordinates":[-75.393875,39.835042]},"properties":{"stop_id":"24978","stop_name":"Highland Av & 7th St","routes":["113"]}},{"type":"Feature","id":13880,"geometry":{"type":"Point","coordinates":[-75.395372,39.8358190000001]},"properties":{"stop_id":"2122","stop_name":"9th St & Highland Av - FS","routes":["113"]}},{"type":"Feature","id":13886,"geometry":{"type":"Point","coordinates":[-75.396787,39.835043]},"properties":{"stop_id":"24983","stop_name":"9th St & Harwick St","routes":["113"]}},{"type":"Feature","id":13889,"geometry":{"type":"Point","coordinates":[-75.397836,39.834481]},"properties":{"stop_id":"24984","stop_name":"9th St & Booth St","routes":["113"]}},{"type":"Feature","id":13994,"geometry":{"type":"Point","coordinates":[-75.258425,39.9628480000001]},"properties":{"stop_id":"33112","stop_name":"69th St TC North Berth 3","routes":["103"]}},{"type":"Feature","id":13995,"geometry":{"type":"Point","coordinates":[-75.4398419999999,39.9114940000001]},"properties":{"stop_id":"25291","stop_name":"Pennell Rd & Baltimore Pk - MBFS","routes":["114"]}},{"type":"Feature","id":13997,"geometry":{"type":"Point","coordinates":[-75.260408,39.972667]},"properties":{"stop_id":"19284","stop_name":"75th St & Lansdowne Av - FS","routes":["103"]}},{"type":"Feature","id":14003,"geometry":{"type":"Point","coordinates":[-75.264113,39.974403]},"properties":{"stop_id":"19286","stop_name":"75th St & Malvern Av","routes":["103"]}},{"type":"Feature","id":14009,"geometry":{"type":"Point","coordinates":[-75.435367,39.8948150000001]},"properties":{"stop_id":"25299","stop_name":"Pennell Rd & Parkmount Rd","routes":["114"]}},{"type":"Feature","id":14012,"geometry":{"type":"Point","coordinates":[-75.4323469999999,39.892842]},"properties":{"stop_id":"25300","stop_name":"Pennell Rd & Mount Rd - FS","routes":["114"]}},{"type":"Feature","id":14013,"geometry":{"type":"Point","coordinates":[-75.2696549999999,39.973759]},"properties":{"stop_id":"19289","stop_name":"Woodbine Av & 77th St","routes":["103"]}},{"type":"Feature","id":14016,"geometry":{"type":"Point","coordinates":[-75.2704439999999,39.9746440000001]},"properties":{"stop_id":"19290","stop_name":"77th St & Brookhaven Rd","routes":["103"]}},{"type":"Feature","id":14019,"geometry":{"type":"Point","coordinates":[-75.27134,39.975734]},"properties":{"stop_id":"19291","stop_name":"77th St & Sherwood Rd","routes":["103"]}},{"type":"Feature","id":14021,"geometry":{"type":"Point","coordinates":[-75.4288779999999,39.869308]},"properties":{"stop_id":"25261","stop_name":"Concord Rd & Pennel Rd - FS","routes":["114"]}},{"type":"Feature","id":14028,"geometry":{"type":"Point","coordinates":[-75.269334,39.98006]},"properties":{"stop_id":"30347","stop_name":"City Av & Haverford Av","routes":["103"]}},{"type":"Feature","id":14037,"geometry":{"type":"Point","coordinates":[-75.2869029999999,39.9727980000001]},"properties":{"stop_id":"29715","stop_name":"Earlington Rd & Brentwood Rd","routes":["103"]}},{"type":"Feature","id":14039,"geometry":{"type":"Point","coordinates":[-75.428589,39.868971]},"properties":{"stop_id":"29934","stop_name":"Concord Rd & Pennell Rd","routes":["114"]}},{"type":"Feature","id":14042,"geometry":{"type":"Point","coordinates":[-75.428206,39.865917]},"properties":{"stop_id":"29935","stop_name":"Pennell Rd & Lehr Blvd - FS","routes":["114"]}},{"type":"Feature","id":14045,"geometry":{"type":"Point","coordinates":[-75.427958,39.8642390000001]},"properties":{"stop_id":"2157","stop_name":"Pennell Rd & Weir Rd","routes":["114"]}},{"type":"Feature","id":14048,"geometry":{"type":"Point","coordinates":[-75.427427,39.8606610000001]},"properties":{"stop_id":"25306","stop_name":"Pennell Rd & Hall Dr","routes":["114"]}},{"type":"Feature","id":14051,"geometry":{"type":"Point","coordinates":[-75.4271679999999,39.8581080000001]},"properties":{"stop_id":"25307","stop_name":"Pennell Rd & Lamp Post Ln","routes":["114"]}},{"type":"Feature","id":14054,"geometry":{"type":"Point","coordinates":[-75.426236,39.857064]},"properties":{"stop_id":"25308","stop_name":"Dutton Mill Rd & Pennell Rd - FS","routes":["114"]}},{"type":"Feature","id":14057,"geometry":{"type":"Point","coordinates":[-75.423088,39.857198]},"properties":{"stop_id":"25309","stop_name":"Dutton Mill Rd & Turner Industrial Way","routes":["114"]}},{"type":"Feature","id":14063,"geometry":{"type":"Point","coordinates":[-75.4185229999999,39.859446]},"properties":{"stop_id":"29937","stop_name":"Dutton Mill Rd & Joanne Dr","routes":["114"]}},{"type":"Feature","id":14066,"geometry":{"type":"Point","coordinates":[-75.4181809999999,39.8613030000001]},"properties":{"stop_id":"25311","stop_name":"Dutton Mill Rd & Wellington Rd","routes":["114"]}},{"type":"Feature","id":14068,"geometry":{"type":"Point","coordinates":[-75.303098,39.979313]},"properties":{"stop_id":"18861","stop_name":"Brookline Blvd & Darby Rd - MBNS","routes":["103"]}},{"type":"Feature","id":14071,"geometry":{"type":"Point","coordinates":[-75.304139,39.978868]},"properties":{"stop_id":"1970","stop_name":"Brookline Blvd & Darby Rd","routes":["103"]}},{"type":"Feature","id":14074,"geometry":{"type":"Point","coordinates":[-75.305056,39.9811090000001]},"properties":{"stop_id":"18863","stop_name":"Darby Rd & Mill Rd","routes":["103","115"]}},{"type":"Feature","id":14075,"geometry":{"type":"Point","coordinates":[-75.410704,39.8594630000001]},"properties":{"stop_id":"25316","stop_name":"Concord Rd & Bridgewater Rd - FS","routes":["114"]}},{"type":"Feature","id":14077,"geometry":{"type":"Point","coordinates":[-75.307047,39.984377]},"properties":{"stop_id":"18864","stop_name":"Darby Rd & Marthart Av - FS","routes":["103","115"]}},{"type":"Feature","id":14078,"geometry":{"type":"Point","coordinates":[-75.408676,39.8578830000001]},"properties":{"stop_id":"25317","stop_name":"Concord Rd & Baldwin Run Dr","routes":["114"]}},{"type":"Feature","id":14080,"geometry":{"type":"Point","coordinates":[-75.308143,39.985779]},"properties":{"stop_id":"18865","stop_name":"Darby Rd & Benedict Av - FS","routes":["103","115"]}},{"type":"Feature","id":14108,"geometry":{"type":"Point","coordinates":[-75.3968409999999,39.845895]},"properties":{"stop_id":"25323","stop_name":"Concord Rd & Green St - FS","routes":["114","117"]}},{"type":"Feature","id":14111,"geometry":{"type":"Point","coordinates":[-75.392349,39.8437700000001]},"properties":{"stop_id":"25324","stop_name":"Engle St & Shannon St - FS","routes":["114"]}},{"type":"Feature","id":14114,"geometry":{"type":"Point","coordinates":[-75.391147,39.8423950000001]},"properties":{"stop_id":"30863","stop_name":"Engle St & 12th St","routes":["114"]}},{"type":"Feature","id":14117,"geometry":{"type":"Point","coordinates":[-75.390393,39.841592]},"properties":{"stop_id":"25325","stop_name":"Engle St & 11th St","routes":["114"]}},{"type":"Feature","id":14120,"geometry":{"type":"Point","coordinates":[-75.389015,39.839976]},"properties":{"stop_id":"25327","stop_name":"Engle St & 9th St","routes":["114"]}},{"type":"Feature","id":14123,"geometry":{"type":"Point","coordinates":[-75.386703,39.840921]},"properties":{"stop_id":"25331","stop_name":"9th St & Yarnall St","routes":["114","117"]}},{"type":"Feature","id":14126,"geometry":{"type":"Point","coordinates":[-75.385713,39.8399660000001]},"properties":{"stop_id":"31474","stop_name":"Yarnall St 7th St - FS","routes":["114"]}},{"type":"Feature","id":14129,"geometry":{"type":"Point","coordinates":[-75.3865029999999,39.840921]},"properties":{"stop_id":"32310","stop_name":"Yarnell St & 9th St","routes":["114"]}},{"type":"Feature","id":14132,"geometry":{"type":"Point","coordinates":[-75.383507,39.8425710000001]},"properties":{"stop_id":"25333","stop_name":"9th St & Edwards St","routes":["114","117"]}},{"type":"Feature","id":14134,"geometry":{"type":"Point","coordinates":[-75.382445,39.8431330000001]},"properties":{"stop_id":"25334","stop_name":"9th St & Central Av","routes":["114","117"]}},{"type":"Feature","id":14137,"geometry":{"type":"Point","coordinates":[-75.380841,39.84398]},"properties":{"stop_id":"25335","stop_name":"9th St & Tilghman St - FS","routes":["114","117"]}},{"type":"Feature","id":14140,"geometry":{"type":"Point","coordinates":[-75.378435,39.8451930000001]},"properties":{"stop_id":"25336","stop_name":"9th St & Lamokin St","routes":["114","117"]}},{"type":"Feature","id":14143,"geometry":{"type":"Point","coordinates":[-75.377444,39.845764]},"properties":{"stop_id":"31887","stop_name":"9th St & Pennell St","routes":["114","117"]}},{"type":"Feature","id":14146,"geometry":{"type":"Point","coordinates":[-75.3764169999999,39.8463080000001]},"properties":{"stop_id":"25338","stop_name":"9th St & Lloyd St","routes":["114","117"]}},{"type":"Feature","id":14149,"geometry":{"type":"Point","coordinates":[-75.3754499999999,39.846798]},"properties":{"stop_id":"31885","stop_name":"9th St & Pusey St","routes":["114","117"]}},{"type":"Feature","id":14152,"geometry":{"type":"Point","coordinates":[-75.373775,39.847386]},"properties":{"stop_id":"25340","stop_name":"9th St & Lincoln St","routes":["114","117"]}},{"type":"Feature","id":14155,"geometry":{"type":"Point","coordinates":[-75.372608,39.8478050000001]},"properties":{"stop_id":"25341","stop_name":"9th St & Butler St","routes":["114","117"]}},{"type":"Feature","id":14158,"geometry":{"type":"Point","coordinates":[-75.37144,39.848215]},"properties":{"stop_id":"25342","stop_name":"9th St & Kerlin St","routes":["114","117"]}},{"type":"Feature","id":14161,"geometry":{"type":"Point","coordinates":[-75.3703549999999,39.8486340000001]},"properties":{"stop_id":"31884","stop_name":"9th St & Parker St","routes":["114","117"]}},{"type":"Feature","id":14167,"geometry":{"type":"Point","coordinates":[-75.367665,39.849748]},"properties":{"stop_id":"25345","stop_name":"9th St & Barclay St","routes":["114","117"]}},{"type":"Feature","id":14170,"geometry":{"type":"Point","coordinates":[-75.3632889999999,39.8515220000001]},"properties":{"stop_id":"25347","stop_name":"9th St & Sproul St","routes":["114","117"]}},{"type":"Feature","id":14173,"geometry":{"type":"Point","coordinates":[-75.3623699999999,39.850245]},"properties":{"stop_id":"25348","stop_name":"Sproul St & 7th St","routes":["114"]}},{"type":"Feature","id":14187,"geometry":{"type":"Point","coordinates":[-75.3083799999999,39.985557]},"properties":{"stop_id":"18898","stop_name":"Darby Rd & Benedict Av","routes":["103","115"]}},{"type":"Feature","id":14190,"geometry":{"type":"Point","coordinates":[-75.3071189999999,39.9839400000001]},"properties":{"stop_id":"18899","stop_name":"Darby Rd & Marthart Av - FS","routes":["103","115"]}},{"type":"Feature","id":14191,"geometry":{"type":"Point","coordinates":[-75.358758,39.8533400000001]},"properties":{"stop_id":"25352","stop_name":"9th St & Madison St","routes":["114"]}},{"type":"Feature","id":14193,"geometry":{"type":"Point","coordinates":[-75.3054109999999,39.9809930000001]},"properties":{"stop_id":"18900","stop_name":"Darby Rd & Mill Rd","routes":["103","115"]}},{"type":"Feature","id":14194,"geometry":{"type":"Point","coordinates":[-75.357248,39.85391]},"properties":{"stop_id":"31878","stop_name":"9th St & Upland St","routes":["114"]}},{"type":"Feature","id":14196,"geometry":{"type":"Point","coordinates":[-75.3029329999999,39.9791880000001]},"properties":{"stop_id":"30340","stop_name":"Brookline Blvd & Darby Rd - MBFS","routes":["103"]}},{"type":"Feature","id":14197,"geometry":{"type":"Point","coordinates":[-75.35588,39.854401]},"properties":{"stop_id":"25354","stop_name":"9th St & Potter St","routes":["114"]}},{"type":"Feature","id":14203,"geometry":{"type":"Point","coordinates":[-75.3517629999999,39.85596]},"properties":{"stop_id":"31880","stop_name":"9th St & Hyatte St","routes":["114"]}},{"type":"Feature","id":14206,"geometry":{"type":"Point","coordinates":[-75.3503699999999,39.8564410000001]},"properties":{"stop_id":"25357","stop_name":"9th St & Elsinore Pl","routes":["114"]}},{"type":"Feature","id":14209,"geometry":{"type":"Point","coordinates":[-75.347704,39.857448]},"properties":{"stop_id":"29939","stop_name":"9th St & Elsinore Pl - MBFS","routes":["114"]}},{"type":"Feature","id":14212,"geometry":{"type":"Point","coordinates":[-75.344707,39.8585610000001]},"properties":{"stop_id":"25358","stop_name":"9th St & Eddystone Av","routes":["114"]}},{"type":"Feature","id":14215,"geometry":{"type":"Point","coordinates":[-75.343645,39.8589440000001]},"properties":{"stop_id":"29940","stop_name":"9th St & Ashland Av","routes":["114"]}},{"type":"Feature","id":14225,"geometry":{"type":"Point","coordinates":[-75.286774,39.972227]},"properties":{"stop_id":"18912","stop_name":"Earlington Rd & Township Line Rd","routes":["103"]}},{"type":"Feature","id":14233,"geometry":{"type":"Point","coordinates":[-75.3460219999999,39.864086]},"properties":{"stop_id":"25364","stop_name":"Saville Av & Chester Pk","routes":["114"]}},{"type":"Feature","id":14235,"geometry":{"type":"Point","coordinates":[-75.2726249999999,39.977002]},"properties":{"stop_id":"19465","stop_name":"77th St & Overbrook Av","routes":["103"]}},{"type":"Feature","id":14236,"geometry":{"type":"Point","coordinates":[-75.343756,39.865316]},"properties":{"stop_id":"25365","stop_name":"Chester Pk & Simpson St","routes":["114"]}},{"type":"Feature","id":14238,"geometry":{"type":"Point","coordinates":[-75.271623,39.975805]},"properties":{"stop_id":"30875","stop_name":"77th St & Sherwood Rd","routes":["103"]}},{"type":"Feature","id":14239,"geometry":{"type":"Point","coordinates":[-75.341962,39.866172]},"properties":{"stop_id":"25366","stop_name":"Chester Pk & Simpson St - MBFS","routes":["114"]}},{"type":"Feature","id":14241,"geometry":{"type":"Point","coordinates":[-75.27074,39.974724]},"properties":{"stop_id":"30876","stop_name":"77th St & Brookhaven Rd","routes":["103"]}},{"type":"Feature","id":14242,"geometry":{"type":"Point","coordinates":[-75.3404859999999,39.8668940000001]},"properties":{"stop_id":"25367","stop_name":"Chester Pk & Baldwin Towers Dr - FS","routes":["114"]}},{"type":"Feature","id":14244,"geometry":{"type":"Point","coordinates":[-75.2698799999999,39.973616]},"properties":{"stop_id":"19469","stop_name":"77th St & Woodbine Av","routes":["103"]}},{"type":"Feature","id":14245,"geometry":{"type":"Point","coordinates":[-75.3391999999999,39.867526]},"properties":{"stop_id":"25368","stop_name":"Chester Pk & Smiley St","routes":["114"]}},{"type":"Feature","id":14247,"geometry":{"type":"Point","coordinates":[-75.267645,39.974569]},"properties":{"stop_id":"19470","stop_name":"Woodbine Av & 76th St","routes":["103"]}},{"type":"Feature","id":14248,"geometry":{"type":"Point","coordinates":[-75.337453,39.868409]},"properties":{"stop_id":"2116","stop_name":"Chester Pk & Fairview Rd","routes":["114"]}},{"type":"Feature","id":14253,"geometry":{"type":"Point","coordinates":[-75.2644089999999,39.97443]},"properties":{"stop_id":"19472","stop_name":"75th St & Malvern Av","routes":["103"]}},{"type":"Feature","id":14254,"geometry":{"type":"Point","coordinates":[-75.332272,39.870796]},"properties":{"stop_id":"25413","stop_name":"Chester Pk & Ridley Av","routes":["114"]}},{"type":"Feature","id":14256,"geometry":{"type":"Point","coordinates":[-75.262463,39.9730450000001]},"properties":{"stop_id":"19473","stop_name":"75th St & Brockton Rd","routes":["103"]}},{"type":"Feature","id":14257,"geometry":{"type":"Point","coordinates":[-75.3297699999999,39.871928]},"properties":{"stop_id":"25414","stop_name":"Chester Pk & Catania Park - MBNS","routes":["114"]}},{"type":"Feature","id":14259,"geometry":{"type":"Point","coordinates":[-75.260327,39.9723010000001]},"properties":{"stop_id":"19474","stop_name":"75th St & Lansdowne Av","routes":["103"]}},{"type":"Feature","id":14260,"geometry":{"type":"Point","coordinates":[-75.32807,39.872846]},"properties":{"stop_id":"25415","stop_name":"Chester Pk & Hetzel Rd","routes":["114"]}},{"type":"Feature","id":14269,"geometry":{"type":"Point","coordinates":[-75.321164,39.876374]},"properties":{"stop_id":"25418","stop_name":"Chester Pk & Swarthmore Av","routes":["114"]}},{"type":"Feature","id":14272,"geometry":{"type":"Point","coordinates":[-75.3188969999999,39.877309]},"properties":{"stop_id":"25419","stop_name":"Chester Pk & Princeton Av - FS","routes":["114"]}},{"type":"Feature","id":14278,"geometry":{"type":"Point","coordinates":[-75.312913,39.879178]},"properties":{"stop_id":"25422","stop_name":"Chester Pk & Rodney Rd","routes":["114"]}},{"type":"Feature","id":14281,"geometry":{"type":"Point","coordinates":[-75.311119,39.8797650000001]},"properties":{"stop_id":"25423","stop_name":"Chester Pk & Burk Av","routes":["114"]}},{"type":"Feature","id":14284,"geometry":{"type":"Point","coordinates":[-75.3084269999999,39.881191]},"properties":{"stop_id":"25424","stop_name":"Chester Pk & Prospect Av","routes":["114"]}},{"type":"Feature","id":14293,"geometry":{"type":"Point","coordinates":[-75.301776,39.886262]},"properties":{"stop_id":"25431","stop_name":"Chester Pk & Huron Av","routes":["114"]}},{"type":"Feature","id":14299,"geometry":{"type":"Point","coordinates":[-75.2996479999999,39.8886610000001]},"properties":{"stop_id":"25433","stop_name":"Chester Pk & Winona Av","routes":["114"]}},{"type":"Feature","id":14302,"geometry":{"type":"Point","coordinates":[-75.298016,39.8905150000001]},"properties":{"stop_id":"25434","stop_name":"Chester Pk & Garfield Av - FS","routes":["114"]}},{"type":"Feature","id":14305,"geometry":{"type":"Point","coordinates":[-75.297106,39.891505]},"properties":{"stop_id":"25435","stop_name":"Chester Pk & Cleveland Av","routes":["114"]}},{"type":"Feature","id":14307,"geometry":{"type":"Point","coordinates":[-75.598595,39.962244]},"properties":{"stop_id":"18745","stop_name":"Market St & Adams St","routes":["104"]}},{"type":"Feature","id":14308,"geometry":{"type":"Point","coordinates":[-75.2948,39.894099]},"properties":{"stop_id":"25439","stop_name":"Chester Pk & South Av","routes":["114"]}},{"type":"Feature","id":14310,"geometry":{"type":"Point","coordinates":[-75.5961179999999,39.9633180000001]},"properties":{"stop_id":"29717","stop_name":"Market St & Worthington St","routes":["104"]}},{"type":"Feature","id":14311,"geometry":{"type":"Point","coordinates":[-75.293216,39.895883]},"properties":{"stop_id":"25441","stop_name":"Chester Pk & Grays Av","routes":["114"]}},{"type":"Feature","id":14313,"geometry":{"type":"Point","coordinates":[-75.594891,39.963873]},"properties":{"stop_id":"18746","stop_name":"Market St & Bolmar St","routes":["104"]}},{"type":"Feature","id":14316,"geometry":{"type":"Point","coordinates":[-75.5926249999999,39.9648760000001]},"properties":{"stop_id":"18747","stop_name":"Market St & Westtown Rd - MBNS","routes":["104"]}},{"type":"Feature","id":14320,"geometry":{"type":"Point","coordinates":[-75.2896919999999,39.8998320000001]},"properties":{"stop_id":"19729","stop_name":"Chester Pk & Gardner Av","routes":["114"]}},{"type":"Feature","id":14321,"geometry":{"type":"Point","coordinates":[-75.586362,39.968846]},"properties":{"stop_id":"2356","stop_name":"Paoli Pk & Concord Rd","routes":["104"]}},{"type":"Feature","id":14323,"geometry":{"type":"Point","coordinates":[-75.287743,39.9009370000001]},"properties":{"stop_id":"25445","stop_name":"Chester Pk & Ashland Av","routes":["114"]}},{"type":"Feature","id":14324,"geometry":{"type":"Point","coordinates":[-75.575978,39.968109]},"properties":{"stop_id":"1992","stop_name":"West Chester Pike & 5 Points Rd","routes":["104"]}},{"type":"Feature","id":14327,"geometry":{"type":"Point","coordinates":[-75.573416,39.968505]},"properties":{"stop_id":"18750","stop_name":"West Chester Pk & Spring Ln - MBNS","routes":["104"]}},{"type":"Feature","id":14329,"geometry":{"type":"Point","coordinates":[-75.283348,39.9033240000001]},"properties":{"stop_id":"25448","stop_name":"Chester Pk & Oak Ln","routes":["114"]}},{"type":"Feature","id":14330,"geometry":{"type":"Point","coordinates":[-75.570369,39.9689550000001]},"properties":{"stop_id":"18751","stop_name":"West Chester Pk & Rolling Rd - MBNS","routes":["104"]}},{"type":"Feature","id":14332,"geometry":{"type":"Point","coordinates":[-75.280335,39.9049620000001]},"properties":{"stop_id":"25449","stop_name":"Chester Pk & Folcroft Av","routes":["114","115"]}},{"type":"Feature","id":14333,"geometry":{"type":"Point","coordinates":[-75.566024,39.9695750000001]},"properties":{"stop_id":"18752","stop_name":"West Chester Pk & Kingsway Rd - FS","routes":["104"]}},{"type":"Feature","id":14335,"geometry":{"type":"Point","coordinates":[-75.27802,39.9062180000001]},"properties":{"stop_id":"1963","stop_name":"Chester Pk & Brainard Blvd","routes":["114","115"]}},{"type":"Feature","id":14336,"geometry":{"type":"Point","coordinates":[-75.563685,39.969497]},"properties":{"stop_id":"18753","stop_name":"West Chester Pk & Glen Av","routes":["104"]}},{"type":"Feature","id":14338,"geometry":{"type":"Point","coordinates":[-75.274345,39.908266]},"properties":{"stop_id":"25461","stop_name":"Chester Pk & Clifton Av - FS","routes":["114","115"]}},{"type":"Feature","id":14339,"geometry":{"type":"Point","coordinates":[-75.558072,39.9682720000001]},"properties":{"stop_id":"18754","stop_name":"West Chester Pk & Falcon Ln - MBNS","routes":["104"]}},{"type":"Feature","id":14341,"geometry":{"type":"Point","coordinates":[-75.271533,39.9097350000001]},"properties":{"stop_id":"29963","stop_name":"Chester Pk & Ridley Av","routes":["114","115"]}},{"type":"Feature","id":14342,"geometry":{"type":"Point","coordinates":[-75.554563,39.9674810000001]},"properties":{"stop_id":"18755","stop_name":"West Chester Pk & Falcon Ln","routes":["104"]}},{"type":"Feature","id":14345,"geometry":{"type":"Point","coordinates":[-75.552778,39.9670810000001]},"properties":{"stop_id":"29718","stop_name":"West Chester Pk & Falcon Ln - MBFS","routes":["104"]}},{"type":"Feature","id":14347,"geometry":{"type":"Point","coordinates":[-75.268791,39.9115340000001]},"properties":{"stop_id":"25466","stop_name":"Chester Pk & Calcon Hook Rd - MBNS","routes":["114","115"]}},{"type":"Feature","id":14348,"geometry":{"type":"Point","coordinates":[-75.551053,39.9666990000001]},"properties":{"stop_id":"18756","stop_name":"West Chester Pk & Mary Fran Dr","routes":["104"]}},{"type":"Feature","id":14350,"geometry":{"type":"Point","coordinates":[-75.2669109999999,39.9129510000001]},"properties":{"stop_id":"19775","stop_name":"Chester Pk & Bartlett Av","routes":["114","115"]}},{"type":"Feature","id":14351,"geometry":{"type":"Point","coordinates":[-75.5481109999999,39.966032]},"properties":{"stop_id":"29719","stop_name":"West Chester Pk & Valley Dr - FS","routes":["104"]}},{"type":"Feature","id":14353,"geometry":{"type":"Point","coordinates":[-75.265599,39.9139220000001]},"properties":{"stop_id":"19776","stop_name":"Chester Pk & Laurel Rd","routes":["114","115"]}},{"type":"Feature","id":14354,"geometry":{"type":"Point","coordinates":[-75.543941,39.9654650000001]},"properties":{"stop_id":"18757","stop_name":"West Chester Pk & Westtown Way - FS","routes":["104"]}},{"type":"Feature","id":14357,"geometry":{"type":"Point","coordinates":[-75.538449,39.9658450000001]},"properties":{"stop_id":"18758","stop_name":"West Chester Pk & Waterview Ln","routes":["104"]}},{"type":"Feature","id":14359,"geometry":{"type":"Point","coordinates":[-75.2644579999999,39.9170080000001]},"properties":{"stop_id":"19778","stop_name":"Chester Pk & MacDade Blvd","routes":["114","115"]}},{"type":"Feature","id":14360,"geometry":{"type":"Point","coordinates":[-75.534233,39.966169]},"properties":{"stop_id":"18759","stop_name":"West Chester Pk & Chester Hollow - FS","routes":["104"]}},{"type":"Feature","id":14364,"geometry":{"type":"Point","coordinates":[-75.529757,39.9664940000001]},"properties":{"stop_id":"18760","stop_name":"West Chester Pk & Manley Rd","routes":["104"]}},{"type":"Feature","id":14367,"geometry":{"type":"Point","coordinates":[-75.527112,39.966666]},"properties":{"stop_id":"1993","stop_name":"West Chester Pk & Chester Rd - MBNS","routes":["104"]}},{"type":"Feature","id":14372,"geometry":{"type":"Point","coordinates":[-75.264647,39.917017]},"properties":{"stop_id":"19844","stop_name":"Chester Pk & MacDade Blvd - FS","routes":["114","115"]}},{"type":"Feature","id":14373,"geometry":{"type":"Point","coordinates":[-75.519894,39.966172]},"properties":{"stop_id":"18762","stop_name":"West Chester Pk & S Chester Rd - FS","routes":["104"]}},{"type":"Feature","id":14376,"geometry":{"type":"Point","coordinates":[-75.517579,39.9660220000001]},"properties":{"stop_id":"18763","stop_name":"West Chester Pk & Woodcrest Rd","routes":["104"]}},{"type":"Feature","id":14379,"geometry":{"type":"Point","coordinates":[-75.5148389999999,39.9658180000001]},"properties":{"stop_id":"18764","stop_name":"West Chester Pk & Hilltop Rd","routes":["104"]}},{"type":"Feature","id":14381,"geometry":{"type":"Point","coordinates":[-75.26697,39.9130850000001]},"properties":{"stop_id":"20367","stop_name":"Chester Pk & Bartlett Av","routes":["114","115"]}},{"type":"Feature","id":14382,"geometry":{"type":"Point","coordinates":[-75.5132199999999,39.9657030000001]},"properties":{"stop_id":"18765","stop_name":"West Chester Pk & Green Ln","routes":["104"]}},{"type":"Feature","id":14384,"geometry":{"type":"Point","coordinates":[-75.26814,39.9122120000001]},"properties":{"stop_id":"20368","stop_name":"Chester Pk & Calcon Hook Rd","routes":["114","115"]}},{"type":"Feature","id":14385,"geometry":{"type":"Point","coordinates":[-75.510799,39.965535]},"properties":{"stop_id":"18766","stop_name":"West Chester Pk & Hunters Run - MBNS","routes":["104"]}},{"type":"Feature","id":14388,"geometry":{"type":"Point","coordinates":[-75.506865,39.965261]},"properties":{"stop_id":"18767","stop_name":"West Chester Pk & Stoneham Dr","routes":["104"]}},{"type":"Feature","id":14390,"geometry":{"type":"Point","coordinates":[-75.271332,39.9100290000001]},"properties":{"stop_id":"20369","stop_name":"Chester Pk & Ridley Av","routes":["114","115"]}},{"type":"Feature","id":14391,"geometry":{"type":"Point","coordinates":[-75.499802,39.9648720000001]},"properties":{"stop_id":"18768","stop_name":"West Chester Pk & Dutton Mill Rd","routes":["104"]}},{"type":"Feature","id":14393,"geometry":{"type":"Point","coordinates":[-75.273588,39.908827]},"properties":{"stop_id":"20370","stop_name":"Chester Pike & Sharon Av","routes":["114","115"]}},{"type":"Feature","id":14394,"geometry":{"type":"Point","coordinates":[-75.489798,39.964797]},"properties":{"stop_id":"18769","stop_name":"West Chester Pk & Street Rd","routes":["104"]}},{"type":"Feature","id":14396,"geometry":{"type":"Point","coordinates":[-75.275243,39.907919]},"properties":{"stop_id":"20371","stop_name":"Chester Pike & Florence Av","routes":["114","115"]}},{"type":"Feature","id":14397,"geometry":{"type":"Point","coordinates":[-75.486184,39.965424]},"properties":{"stop_id":"29720","stop_name":"West Chester Pk & Sagewood Dr","routes":["104","120"]}},{"type":"Feature","id":14399,"geometry":{"type":"Point","coordinates":[-75.2780779999999,39.906343]},"properties":{"stop_id":"1962","stop_name":"Chester Pk & Brainerd Blvd - FS","routes":["0","114","115"]}},{"type":"Feature","id":14400,"geometry":{"type":"Point","coordinates":[-75.478887,39.967881]},"properties":{"stop_id":"29721","stop_name":"West Chester & Whispering Brooke Dr - FS","routes":["104","120"]}},{"type":"Feature","id":14402,"geometry":{"type":"Point","coordinates":[-75.2799919999999,39.9053190000001]},"properties":{"stop_id":"25049","stop_name":"Chester Pk & Folcroft Av","routes":["114","115"]}},{"type":"Feature","id":14403,"geometry":{"type":"Point","coordinates":[-75.4751669999999,39.969141]},"properties":{"stop_id":"18770","stop_name":"West Chester Pk & Delchester Rd","routes":["104","120"]}},{"type":"Feature","id":14405,"geometry":{"type":"Point","coordinates":[-75.283926,39.9031810000001]},"properties":{"stop_id":"25050","stop_name":"Chester Pk & Rambler Rd","routes":["114"]}},{"type":"Feature","id":14406,"geometry":{"type":"Point","coordinates":[-75.4670409999999,39.971143]},"properties":{"stop_id":"18772","stop_name":"West Chester Pk & Plumsock Rd - FS","routes":["104","120"]}},{"type":"Feature","id":14408,"geometry":{"type":"Point","coordinates":[-75.4627779999999,39.972358]},"properties":{"stop_id":"18773","stop_name":"West Chester Pk & Miller Rd","routes":["104","120"]}},{"type":"Feature","id":14410,"geometry":{"type":"Point","coordinates":[-75.4588679999999,39.973073]},"properties":{"stop_id":"18774","stop_name":"West Chester Pk & Sandy Flash Dr","routes":["104","120"]}},{"type":"Feature","id":14411,"geometry":{"type":"Point","coordinates":[-75.287659,39.901195]},"properties":{"stop_id":"25052","stop_name":"Chester Pk & Ashland Av","routes":["114"]}},{"type":"Feature","id":14412,"geometry":{"type":"Point","coordinates":[-75.454143,39.9739210000001]},"properties":{"stop_id":"18775","stop_name":"West Chester Pk & Miller Rd - MBNS","routes":["104","120"]}},{"type":"Feature","id":14414,"geometry":{"type":"Point","coordinates":[-75.2896909999999,39.900064]},"properties":{"stop_id":"25053","stop_name":"Chester Pk & Gardner Av","routes":["114"]}},{"type":"Feature","id":14415,"geometry":{"type":"Point","coordinates":[-75.449395,39.9745740000001]},"properties":{"stop_id":"1994","stop_name":"West Chester Pk & Providence Rd - FS","routes":["104","120"]}},{"type":"Feature","id":14421,"geometry":{"type":"Point","coordinates":[-75.44728,39.9746720000001]},"properties":{"stop_id":"18776","stop_name":"West Chester Pk & Providence - MBFS","routes":["104","120"]}},{"type":"Feature","id":14423,"geometry":{"type":"Point","coordinates":[-75.293192,39.8961860000001]},"properties":{"stop_id":"25056","stop_name":"Chester Pk & Grays Av","routes":["114"]}},{"type":"Feature","id":14424,"geometry":{"type":"Point","coordinates":[-75.4409249999999,39.9749850000001]},"properties":{"stop_id":"18777","stop_name":"West Chester Pk & Rock Ridge Rd","routes":["104","120"]}},{"type":"Feature","id":14426,"geometry":{"type":"Point","coordinates":[-75.294682,39.8945190000001]},"properties":{"stop_id":"25057","stop_name":"Chester Pk & South Av","routes":["114"]}},{"type":"Feature","id":14427,"geometry":{"type":"Point","coordinates":[-75.4409019999999,39.97619]},"properties":{"stop_id":"29722","stop_name":"Rock Ridge Rd & West Chester Pk - FS","routes":["104"]}},{"type":"Feature","id":14429,"geometry":{"type":"Point","coordinates":[-75.296148,39.892842]},"properties":{"stop_id":"29942","stop_name":"Chester Pk & Welcome Av - FS","routes":["114"]}},{"type":"Feature","id":14432,"geometry":{"type":"Point","coordinates":[-75.297129,39.8917460000001]},"properties":{"stop_id":"32304","stop_name":"Chester Pk & Cleveland Av","routes":["114"]}},{"type":"Feature","id":14433,"geometry":{"type":"Point","coordinates":[-75.43783,39.976503]},"properties":{"stop_id":"31395","stop_name":"Crum Creek Rd & West Chester Pk","routes":["104"]}},{"type":"Feature","id":14435,"geometry":{"type":"Point","coordinates":[-75.299541,39.889053]},"properties":{"stop_id":"25060","stop_name":"Chester Pk & Winona Av","routes":["114"]}},{"type":"Feature","id":14436,"geometry":{"type":"Point","coordinates":[-75.437464,39.975914]},"properties":{"stop_id":"18778","stop_name":"West Chester Pk & Crum Creek Rd","routes":["104","120"]}},{"type":"Feature","id":14439,"geometry":{"type":"Point","coordinates":[-75.4341919999999,39.977244]},"properties":{"stop_id":"18779","stop_name":"West Chester Pk & Alice Grim Blvd - FS","routes":["104","120"]}},{"type":"Feature","id":14441,"geometry":{"type":"Point","coordinates":[-75.301835,39.8865030000001]},"properties":{"stop_id":"25062","stop_name":"Chester Pk & Huron Av - FS","routes":["114"]}},{"type":"Feature","id":14442,"geometry":{"type":"Point","coordinates":[-75.43281,39.977806]},"properties":{"stop_id":"30674","stop_name":"West Chester Pk & Alice Grim Blvd","routes":["104","120"]}},{"type":"Feature","id":14445,"geometry":{"type":"Point","coordinates":[-75.4284979999999,39.9795370000001]},"properties":{"stop_id":"18780","stop_name":"West Chester Pk & Tuxedo Av","routes":["104","120"]}},{"type":"Feature","id":14453,"geometry":{"type":"Point","coordinates":[-75.309761,39.8806650000001]},"properties":{"stop_id":"29943","stop_name":"Chester Pk & Madison Av","routes":["114"]}},{"type":"Feature","id":14456,"geometry":{"type":"Point","coordinates":[-75.311249,39.87989]},"properties":{"stop_id":"25066","stop_name":"Chester Pk & Burk Av - FS","routes":["114"]}},{"type":"Feature","id":14459,"geometry":{"type":"Point","coordinates":[-75.3125469999999,39.8794540000001]},"properties":{"stop_id":"25067","stop_name":"Chester Pk & Rodney Rd","routes":["114"]}},{"type":"Feature","id":14461,"geometry":{"type":"Point","coordinates":[-75.424789,39.981313]},"properties":{"stop_id":"18782","stop_name":"West Chester Pk & Campus Blvd - FS","routes":["104","120"]}},{"type":"Feature","id":14464,"geometry":{"type":"Point","coordinates":[-75.4210669999999,39.983125]},"properties":{"stop_id":"18783","stop_name":"West Chester Pk & Campus Blvd - MBFS","routes":["104","120"]}},{"type":"Feature","id":14467,"geometry":{"type":"Point","coordinates":[-75.418763,39.98424]},"properties":{"stop_id":"18784","stop_name":"West Chester Pk & Boot Rd - MBNS","routes":["104","120"]}},{"type":"Feature","id":14468,"geometry":{"type":"Point","coordinates":[-75.319251,39.8773360000001]},"properties":{"stop_id":"29945","stop_name":"Chester Pk & Princeton Av - FS","routes":["114"]}},{"type":"Feature","id":14470,"geometry":{"type":"Point","coordinates":[-75.414687,39.9855610000001]},"properties":{"stop_id":"18785","stop_name":"West Chester Pk & Boot Rd - FS","routes":["104","120"]}},{"type":"Feature","id":14471,"geometry":{"type":"Point","coordinates":[-75.3210339999999,39.876606]},"properties":{"stop_id":"25071","stop_name":"Chester Pk & Swarthmore Av","routes":["114"]}},{"type":"Feature","id":14473,"geometry":{"type":"Point","coordinates":[-75.4103629999999,39.985935]},"properties":{"stop_id":"18787","stop_name":"West Chester Pk & Ellis Av - FS","routes":["104","120"]}},{"type":"Feature","id":14476,"geometry":{"type":"Point","coordinates":[-75.408626,39.986069]},"properties":{"stop_id":"18788","stop_name":"West Chester Pk & School Ln - FS","routes":["104","120"]}},{"type":"Feature","id":14479,"geometry":{"type":"Point","coordinates":[-75.402801,39.9865320000001]},"properties":{"stop_id":"18789","stop_name":"West Chester Pk & Bishop Hollow Rd","routes":["104","120"]}},{"type":"Feature","id":14480,"geometry":{"type":"Point","coordinates":[-75.327928,39.8730330000001]},"properties":{"stop_id":"25076","stop_name":"Chester Pk & Hetzel Av","routes":["114"]}},{"type":"Feature","id":14482,"geometry":{"type":"Point","coordinates":[-75.400225,39.9866470000001]},"properties":{"stop_id":"1995","stop_name":"West Chester Pk & Newtown St Rd - FS","routes":["104","120"]}},{"type":"Feature","id":14483,"geometry":{"type":"Point","coordinates":[-75.3305599999999,39.871723]},"properties":{"stop_id":"29946","stop_name":"Chester Pk & Catania Park - FS","routes":["114"]}},{"type":"Feature","id":14486,"geometry":{"type":"Point","coordinates":[-75.332437,39.870868]},"properties":{"stop_id":"25077","stop_name":"Chester Pk & Ridley Av - FS","routes":["114"]}},{"type":"Feature","id":14491,"geometry":{"type":"Point","coordinates":[-75.398194,39.986299]},"properties":{"stop_id":"18790","stop_name":"WestChester Pk & Saint Albans Av - FS","routes":["104","120"]}},{"type":"Feature","id":14492,"geometry":{"type":"Point","coordinates":[-75.337394,39.8685780000001]},"properties":{"stop_id":"2119","stop_name":"Chester Pk & Fairview Rd","routes":["114"]}},{"type":"Feature","id":14494,"geometry":{"type":"Point","coordinates":[-75.3959139999999,39.985727]},"properties":{"stop_id":"18791","stop_name":"West Chester Pk & Clover Ln - MBNS","routes":["104","120"]}},{"type":"Feature","id":14495,"geometry":{"type":"Point","coordinates":[-75.3391999999999,39.867687]},"properties":{"stop_id":"25113","stop_name":"Chester Pk & Smiley St - FS","routes":["114"]}},{"type":"Feature","id":14497,"geometry":{"type":"Point","coordinates":[-75.393078,39.9850300000001]},"properties":{"stop_id":"18792","stop_name":"West Chester Pk & Bryn Mawr Av","routes":["104","120"]}},{"type":"Feature","id":14498,"geometry":{"type":"Point","coordinates":[-75.340722,39.866974]},"properties":{"stop_id":"25114","stop_name":"Chester Pk & Baldwin Towers Dr","routes":["114"]}},{"type":"Feature","id":14500,"geometry":{"type":"Point","coordinates":[-75.3897939999999,39.9845110000001]},"properties":{"stop_id":"18793","stop_name":"West Chester Pk & Dunwoody Village Rd - FS","routes":["104","120"]}},{"type":"Feature","id":14501,"geometry":{"type":"Point","coordinates":[-75.342162,39.8662340000001]},"properties":{"stop_id":"25115","stop_name":"Chester Pk & Simpson St - MBNS","routes":["114"]}},{"type":"Feature","id":14502,"geometry":{"type":"Point","coordinates":[-75.3847259999999,39.9840540000001]},"properties":{"stop_id":"18794","stop_name":"West Chester Pk & Valley View - FS","routes":["104","120"]}},{"type":"Feature","id":14504,"geometry":{"type":"Point","coordinates":[-75.343873,39.865397]},"properties":{"stop_id":"25116","stop_name":"Chester Pk & Simpson St - FS","routes":["114"]}},{"type":"Feature","id":14505,"geometry":{"type":"Point","coordinates":[-75.3824109999999,39.983973]},"properties":{"stop_id":"18795","stop_name":"West Chester Pk & Radnor Dr - FS","routes":["104","120"]}},{"type":"Feature","id":14507,"geometry":{"type":"Point","coordinates":[-75.3461629999999,39.864033]},"properties":{"stop_id":"31876","stop_name":"Seville Av & Chester Pk - FS","routes":["114"]}},{"type":"Feature","id":14508,"geometry":{"type":"Point","coordinates":[-75.380296,39.9839010000001]},"properties":{"stop_id":"18796","stop_name":"West Chester Pk & Barren Rd - FS","routes":["104","120"]}},{"type":"Feature","id":14511,"geometry":{"type":"Point","coordinates":[-75.378548,39.983838]},"properties":{"stop_id":"18798","stop_name":"West Chester Pk & Media Line Rd","routes":["104","120"]}},{"type":"Feature","id":14525,"geometry":{"type":"Point","coordinates":[-75.343492,39.859158]},"properties":{"stop_id":"31537","stop_name":"9th St & Ashland Av","routes":["114"]}},{"type":"Feature","id":14528,"geometry":{"type":"Point","coordinates":[-75.34453,39.858793]},"properties":{"stop_id":"25123","stop_name":"9th St & Eddystone Av","routes":["114"]}},{"type":"Feature","id":14531,"geometry":{"type":"Point","coordinates":[-75.348046,39.8575010000001]},"properties":{"stop_id":"29949","stop_name":"9th St & Elsinore Pl - MBNS","routes":["114"]}},{"type":"Feature","id":14534,"geometry":{"type":"Point","coordinates":[-75.350205,39.8566910000001]},"properties":{"stop_id":"25125","stop_name":"9th St & Elsinore Pl","routes":["114"]}},{"type":"Feature","id":14537,"geometry":{"type":"Point","coordinates":[-75.350877,39.85645]},"properties":{"stop_id":"29950","stop_name":"9th St & McDowell St","routes":["114"]}},{"type":"Feature","id":14549,"geometry":{"type":"Point","coordinates":[-75.357154,39.854107]},"properties":{"stop_id":"25133","stop_name":"9th St & Upland St","routes":["114"]}},{"type":"Feature","id":14552,"geometry":{"type":"Point","coordinates":[-75.358581,39.8535900000001]},"properties":{"stop_id":"25134","stop_name":"9th St & Madison St","routes":["114"]}},{"type":"Feature","id":14555,"geometry":{"type":"Point","coordinates":[-75.360032,39.853029]},"properties":{"stop_id":"31538","stop_name":"9th St & Edgemont Av - MBNS","routes":["114"]}},{"type":"Feature","id":14576,"geometry":{"type":"Point","coordinates":[-75.3631819999999,39.851745]},"properties":{"stop_id":"30355","stop_name":"9th St & Sproul St","routes":["114","117"]}},{"type":"Feature","id":14579,"geometry":{"type":"Point","coordinates":[-75.3675939999999,39.8499360000001]},"properties":{"stop_id":"25166","stop_name":"9th St & Barclay St","routes":["114","117"]}},{"type":"Feature","id":14582,"geometry":{"type":"Point","coordinates":[-75.369222,39.849249]},"properties":{"stop_id":"25167","stop_name":"9th St & Fulton St","routes":["114","117"]}},{"type":"Feature","id":14585,"geometry":{"type":"Point","coordinates":[-75.37026,39.8488130000001]},"properties":{"stop_id":"31883","stop_name":"9th & Parker St","routes":["114","117"]}},{"type":"Feature","id":14588,"geometry":{"type":"Point","coordinates":[-75.371227,39.8484290000001]},"properties":{"stop_id":"25168","stop_name":"9th St & Kerlin St","routes":["114","117"]}},{"type":"Feature","id":14592,"geometry":{"type":"Point","coordinates":[-75.37249,39.84801]},"properties":{"stop_id":"29951","stop_name":"9th St & Butler St","routes":["114","117"]}},{"type":"Feature","id":14595,"geometry":{"type":"Point","coordinates":[-75.3736929999999,39.8475560000001]},"properties":{"stop_id":"31882","stop_name":"9th & Lincoln St","routes":["114","117"]}},{"type":"Feature","id":14598,"geometry":{"type":"Point","coordinates":[-75.375356,39.846976]},"properties":{"stop_id":"25171","stop_name":"9th St & Pusey St","routes":["114","117"]}},{"type":"Feature","id":14601,"geometry":{"type":"Point","coordinates":[-75.376347,39.846504]},"properties":{"stop_id":"25173","stop_name":"9th St & Lloyd St","routes":["114","117"]}},{"type":"Feature","id":14604,"geometry":{"type":"Point","coordinates":[-75.377373,39.84596]},"properties":{"stop_id":"31886","stop_name":"9th St & Pennell St","routes":["114","117"]}},{"type":"Feature","id":14607,"geometry":{"type":"Point","coordinates":[-75.3783519999999,39.8454160000001]},"properties":{"stop_id":"25177","stop_name":"9th St & Lamokin St","routes":["114","117"]}},{"type":"Feature","id":14610,"geometry":{"type":"Point","coordinates":[-75.380369,39.844382]},"properties":{"stop_id":"32305","stop_name":"9th St & Carlas Ln","routes":["114","117"]}},{"type":"Feature","id":14613,"geometry":{"type":"Point","coordinates":[-75.3813719999999,39.8438550000001]},"properties":{"stop_id":"25179","stop_name":"9th St & Tilghman St","routes":["114","117"]}},{"type":"Feature","id":14616,"geometry":{"type":"Point","coordinates":[-75.382351,39.8433650000001]},"properties":{"stop_id":"25180","stop_name":"9th St & Central Av","routes":["114","117"]}},{"type":"Feature","id":14619,"geometry":{"type":"Point","coordinates":[-75.383436,39.8427760000001]},"properties":{"stop_id":"25181","stop_name":"9th St & Edwards St","routes":["114","117"]}},{"type":"Feature","id":14622,"geometry":{"type":"Point","coordinates":[-75.386632,39.841144]},"properties":{"stop_id":"25183","stop_name":"9th St & Yarnall St","routes":["114","117"]}},{"type":"Feature","id":14625,"geometry":{"type":"Point","coordinates":[-75.38879,39.8400120000001]},"properties":{"stop_id":"25185","stop_name":"9th St & Engle St","routes":["114","117"]}},{"type":"Feature","id":14634,"geometry":{"type":"Point","coordinates":[-75.399909,39.840059]},"properties":{"stop_id":"2192","stop_name":"Highland Av & 15th St","routes":["114","117"]}},{"type":"Feature","id":14637,"geometry":{"type":"Point","coordinates":[-75.390157,39.841547]},"properties":{"stop_id":"25199","stop_name":"Engle St & 11th St","routes":["114"]}},{"type":"Feature","id":14640,"geometry":{"type":"Point","coordinates":[-75.3908289999999,39.8423240000001]},"properties":{"stop_id":"2121","stop_name":"Engle St & 12th St","routes":["114"]}},{"type":"Feature","id":14643,"geometry":{"type":"Point","coordinates":[-75.391925,39.8435380000001]},"properties":{"stop_id":"31888","stop_name":"Engle St & Shannon St - MBNS","routes":["114"]}},{"type":"Feature","id":14646,"geometry":{"type":"Point","coordinates":[-75.396947,39.846101]},"properties":{"stop_id":"25246","stop_name":"Concord Rd & Green St","routes":["114","117"]}},{"type":"Feature","id":14649,"geometry":{"type":"Point","coordinates":[-75.40086,39.8488770000001]},"properties":{"stop_id":"30356","stop_name":"Concord Rd & Incinerator Rd - FS","routes":["114","117"]}},{"type":"Feature","id":14652,"geometry":{"type":"Point","coordinates":[-75.401461,39.8500910000001]},"properties":{"stop_id":"31011","stop_name":"Concord Rd & Incinerator Rd - MBFS","routes":["114","117"]}},{"type":"Feature","id":14676,"geometry":{"type":"Point","coordinates":[-75.4085699999999,39.8580260000001]},"properties":{"stop_id":"25249","stop_name":"Concord Rd & Baldwin Run La - FS","routes":["114"]}},{"type":"Feature","id":14679,"geometry":{"type":"Point","coordinates":[-75.4105739999999,39.8595700000001]},"properties":{"stop_id":"25260","stop_name":"Concord Rd & Bridgewater Rd","routes":["114"]}},{"type":"Feature","id":14687,"geometry":{"type":"Point","coordinates":[-75.418346,39.861526]},"properties":{"stop_id":"25254","stop_name":"Dutton Mill Rd & Vinsmith Av","routes":["114"]}},{"type":"Feature","id":14690,"geometry":{"type":"Point","coordinates":[-75.4186759999999,39.8597500000001]},"properties":{"stop_id":"25255","stop_name":"Dutton Mill Rd & Joann Dr","routes":["114"]}},{"type":"Feature","id":14696,"geometry":{"type":"Point","coordinates":[-75.4204809999999,39.8575720000001]},"properties":{"stop_id":"25257","stop_name":"Dutton Mill Rd & Turner Way - MBNS","routes":["114"]}},{"type":"Feature","id":14699,"geometry":{"type":"Point","coordinates":[-75.423147,39.857474]},"properties":{"stop_id":"31010","stop_name":"Dutton Mill Rd & Turner Way - FS","routes":["114"]}},{"type":"Feature","id":14702,"geometry":{"type":"Point","coordinates":[-75.426732,39.8572070000001]},"properties":{"stop_id":"25258","stop_name":"Dutton Mill Rd & Pennell Rd","routes":["114"]}},{"type":"Feature","id":14705,"geometry":{"type":"Point","coordinates":[-75.426979,39.858483]},"properties":{"stop_id":"29930","stop_name":"Pennell Rd & Lamp Post Ln - FS","routes":["114"]}},{"type":"Feature","id":14708,"geometry":{"type":"Point","coordinates":[-75.42718,39.860348]},"properties":{"stop_id":"25259","stop_name":"Pennell Rd & Hall Dr","routes":["114"]}},{"type":"Feature","id":14711,"geometry":{"type":"Point","coordinates":[-75.427604,39.863347]},"properties":{"stop_id":"2149","stop_name":"Pennell Rd & Weir Rd - MBNS","routes":["114"]}},{"type":"Feature","id":14714,"geometry":{"type":"Point","coordinates":[-75.427758,39.8643910000001]},"properties":{"stop_id":"29931","stop_name":"Pennell Rd & Weir Rd - FS","routes":["114"]}},{"type":"Feature","id":14717,"geometry":{"type":"Point","coordinates":[-75.428029,39.866024]},"properties":{"stop_id":"29932","stop_name":"Pennell Rd & Lehr Blvd","routes":["114"]}},{"type":"Feature","id":14734,"geometry":{"type":"Point","coordinates":[-75.4284059999999,39.8695940000001]},"properties":{"stop_id":"25269","stop_name":"Pennell Rd & Knowlton Rd - FS","routes":["114"]}},{"type":"Feature","id":14740,"geometry":{"type":"Point","coordinates":[-75.435285,39.8950110000001]},"properties":{"stop_id":"31005","stop_name":"Pennell Rd & Glen Riddle Rd - FS","routes":["114"]}},{"type":"Feature","id":14808,"geometry":{"type":"Point","coordinates":[-75.2626789999999,39.900718]},"properties":{"stop_id":"25516","stop_name":"Calcon Hook Rd & Bayard Av","routes":["115"]}},{"type":"Feature","id":14820,"geometry":{"type":"Point","coordinates":[-75.264849,39.9060850000001]},"properties":{"stop_id":"30341","stop_name":"Calcon Hook Rd & Elmwood Av","routes":["115"]}},{"type":"Feature","id":14822,"geometry":{"type":"Point","coordinates":[-75.2668219999999,39.9054810000001]},"properties":{"stop_id":"19770","stop_name":"Elmwood Av & Calcon Hook Rd - MBFS","routes":["115"]}},{"type":"Feature","id":14830,"geometry":{"type":"Point","coordinates":[-75.268624,39.901842]},"properties":{"stop_id":"19768","stop_name":"Sharon Av & Linden Av","routes":["115"]}},{"type":"Feature","id":14832,"geometry":{"type":"Point","coordinates":[-75.267306,39.9000730000001]},"properties":{"stop_id":"30342","stop_name":"Sharon Av & Laurel Rd - FS","routes":["115"]}},{"type":"Feature","id":14834,"geometry":{"type":"Point","coordinates":[-75.2662119999999,39.898697]},"properties":{"stop_id":"2126","stop_name":"Sharon Av & Hook Rd","routes":["115"]}},{"type":"Feature","id":14836,"geometry":{"type":"Point","coordinates":[-75.267522,39.8982710000001]},"properties":{"stop_id":"19764","stop_name":"Hook Rd & Clifton Av","routes":["115"]}},{"type":"Feature","id":14838,"geometry":{"type":"Point","coordinates":[-75.271465,39.897544]},"properties":{"stop_id":"19763","stop_name":"Hook & Greenhill Rd","routes":["115"]}},{"type":"Feature","id":14840,"geometry":{"type":"Point","coordinates":[-75.273402,39.8969480000001]},"properties":{"stop_id":"19762","stop_name":"Hook Rd & Tribbett Av","routes":["115"]}},{"type":"Feature","id":14842,"geometry":{"type":"Point","coordinates":[-75.2770629999999,39.895275]},"properties":{"stop_id":"19736","stop_name":"Delmar Dr & Primos Av - FS","routes":["115"]}},{"type":"Feature","id":14843,"geometry":{"type":"Point","coordinates":[-75.2795199999999,39.894082]},"properties":{"stop_id":"19737","stop_name":"Delmar Dr & Ashland Av","routes":["115"]}},{"type":"Feature","id":14844,"geometry":{"type":"Point","coordinates":[-75.281375,39.8931650000001]},"properties":{"stop_id":"19738","stop_name":"Delmar Dr & Henderson Blvd","routes":["115"]}},{"type":"Feature","id":14845,"geometry":{"type":"Point","coordinates":[-75.28239,39.8926040000001]},"properties":{"stop_id":"19758","stop_name":"Delmar Dr & Henderson Blvd - MBFS","routes":["115"]}},{"type":"Feature","id":14846,"geometry":{"type":"Point","coordinates":[-75.283407,39.891713]},"properties":{"stop_id":"19739","stop_name":"Delmar Dr & School Ln","routes":["115"]}},{"type":"Feature","id":14847,"geometry":{"type":"Point","coordinates":[-75.284117,39.890607]},"properties":{"stop_id":"19740","stop_name":"Grant Rd & Delmar Dr - FS","routes":["115"]}},{"type":"Feature","id":14848,"geometry":{"type":"Point","coordinates":[-75.2832569999999,39.889865]},"properties":{"stop_id":"19741","stop_name":"Grant Rd & Delview Rd","routes":["115"]}},{"type":"Feature","id":14856,"geometry":{"type":"Point","coordinates":[-75.285637,39.8860930000001]},"properties":{"stop_id":"19752","stop_name":"Taylor Dr & Carter Rd","routes":["115"]}},{"type":"Feature","id":14857,"geometry":{"type":"Point","coordinates":[-75.285878,39.889306]},"properties":{"stop_id":"19864","stop_name":"Taylor Dr & Delmar Dr","routes":["115"]}},{"type":"Feature","id":14858,"geometry":{"type":"Point","coordinates":[-75.283467,39.8914090000001]},"properties":{"stop_id":"19757","stop_name":"Delmar Dr & School Ln","routes":["115"]}},{"type":"Feature","id":14859,"geometry":{"type":"Point","coordinates":[-75.282545,39.8922200000001]},"properties":{"stop_id":"30343","stop_name":"Delmar Dr & Henderson - MBNS","routes":["115"]}},{"type":"Feature","id":14860,"geometry":{"type":"Point","coordinates":[-75.281481,39.8929150000001]},"properties":{"stop_id":"19759","stop_name":"Delmar Dr & Henderson Blvd","routes":["115"]}},{"type":"Feature","id":14861,"geometry":{"type":"Point","coordinates":[-75.2796739999999,39.8938140000001]},"properties":{"stop_id":"19760","stop_name":"Delmar Dr & Ashland Av","routes":["115"]}},{"type":"Feature","id":14862,"geometry":{"type":"Point","coordinates":[-75.277508,39.8969000000001]},"properties":{"stop_id":"19735","stop_name":"Primos Av & Warwick Av - FS","routes":["115"]}},{"type":"Feature","id":14863,"geometry":{"type":"Point","coordinates":[-75.278332,39.897972]},"properties":{"stop_id":"29968","stop_name":"Primos Av & Shallcross Av - FS","routes":["115"]}},{"type":"Feature","id":14864,"geometry":{"type":"Point","coordinates":[-75.279309,39.899294]},"properties":{"stop_id":"19734","stop_name":"Primos Av & Elmwood Av","routes":["115"]}},{"type":"Feature","id":14865,"geometry":{"type":"Point","coordinates":[-75.28297,39.90335]},"properties":{"stop_id":"19732","stop_name":"Oak Ln & Chester Pk","routes":["115"]}},{"type":"Feature","id":14897,"geometry":{"type":"Point","coordinates":[-75.2838,39.9538380000001]},"properties":{"stop_id":"19798","stop_name":"Lansdowne Av & Huey Av","routes":["115"]}},{"type":"Feature","id":14898,"geometry":{"type":"Point","coordinates":[-75.284801,39.955249]},"properties":{"stop_id":"19799","stop_name":"Lansdowne Av & School Ln","routes":["115"]}},{"type":"Feature","id":14899,"geometry":{"type":"Point","coordinates":[-75.287521,39.9591970000001]},"properties":{"stop_id":"19800","stop_name":"Lansdowne Av & State Rd","routes":["115"]}},{"type":"Feature","id":14903,"geometry":{"type":"Point","coordinates":[-75.291904,39.9643960000001]},"properties":{"stop_id":"29795","stop_name":"Lansdowne Av & Brighton Av - MBNS","routes":["115"]}},{"type":"Feature","id":14907,"geometry":{"type":"Point","coordinates":[-75.2965619999999,39.968712]},"properties":{"stop_id":"19806","stop_name":"Darby Rd & West Chester Pike","routes":["115"]}},{"type":"Feature","id":14908,"geometry":{"type":"Point","coordinates":[-75.298188,39.970401]},"properties":{"stop_id":"19807","stop_name":"Darby Rd & Park Rd - FS","routes":["115","126"]}},{"type":"Feature","id":14909,"geometry":{"type":"Point","coordinates":[-75.3000279999999,39.972161]},"properties":{"stop_id":"19808","stop_name":"Darby Rd & Llandillo Rd - FS","routes":["115","126"]}},{"type":"Feature","id":14910,"geometry":{"type":"Point","coordinates":[-75.301148,39.97351]},"properties":{"stop_id":"19809","stop_name":"Darby Rd & Mercer Av","routes":["115","126"]}},{"type":"Feature","id":14911,"geometry":{"type":"Point","coordinates":[-75.302703,39.975921]},"properties":{"stop_id":"19810","stop_name":"Darby Rd & Manoa Rd","routes":["115"]}},{"type":"Feature","id":14912,"geometry":{"type":"Point","coordinates":[-75.304068,39.9786090000001]},"properties":{"stop_id":"30345","stop_name":"Darby Rd & Brookline Blvd","routes":["115"]}},{"type":"Feature","id":14921,"geometry":{"type":"Point","coordinates":[-75.318705,39.9783550000001]},"properties":{"stop_id":"31695","stop_name":"Eagle Rd & Maryland Av","routes":["115"]}},{"type":"Feature","id":14976,"geometry":{"type":"Point","coordinates":[-75.318564,39.978123]},"properties":{"stop_id":"31698","stop_name":"Eagle Rd & Maryland Av","routes":["115"]}},{"type":"Feature","id":14985,"geometry":{"type":"Point","coordinates":[-75.304647,39.978859]},"properties":{"stop_id":"31645","stop_name":"Darby Rd & Brookline Blvd","routes":["115"]}},{"type":"Feature","id":14986,"geometry":{"type":"Point","coordinates":[-75.30321,39.9760820000001]},"properties":{"stop_id":"31654","stop_name":"Darby Rd & Manoa Rd","routes":["115"]}},{"type":"Feature","id":14987,"geometry":{"type":"Point","coordinates":[-75.3015609999999,39.9735190000001]},"properties":{"stop_id":"19815","stop_name":"Darby Rd & Fulmer Av - FS","routes":["115","126"]}},{"type":"Feature","id":14988,"geometry":{"type":"Point","coordinates":[-75.300241,39.9718930000001]},"properties":{"stop_id":"19816","stop_name":"Darby Rd & Llandillo Rd","routes":["115","126"]}},{"type":"Feature","id":14989,"geometry":{"type":"Point","coordinates":[-75.298425,39.970258]},"properties":{"stop_id":"19817","stop_name":"Darby Rd & Park Rd","routes":["115","126"]}},{"type":"Feature","id":14990,"geometry":{"type":"Point","coordinates":[-75.29668,39.968489]},"properties":{"stop_id":"19818","stop_name":"Darby Rd & West Chester Pk - FS","routes":["115"]}},{"type":"Feature","id":14997,"geometry":{"type":"Point","coordinates":[-75.287945,39.9595550000001]},"properties":{"stop_id":"19824","stop_name":"Lansdowne Av & State Rd","routes":["115"]}},{"type":"Feature","id":14998,"geometry":{"type":"Point","coordinates":[-75.285178,39.9554190000001]},"properties":{"stop_id":"19825","stop_name":"Lansdowne Av & School Ln","routes":["115"]}},{"type":"Feature","id":14999,"geometry":{"type":"Point","coordinates":[-75.284048,39.953936]},"properties":{"stop_id":"19826","stop_name":"Lansdowne Av & Huey Av","routes":["115"]}},{"type":"Feature","id":15002,"geometry":{"type":"Point","coordinates":[-75.2162489999999,40.041528]},"properties":{"stop_id":"8524","stop_name":"Henry Av & Gates St - MBNS","routes":["438","446","447"]}},{"type":"Feature","id":15007,"geometry":{"type":"Point","coordinates":[-75.2064369999999,40.029631]},"properties":{"stop_id":"16526","stop_name":"Henry Av & Jamestown St","routes":["438","446","447"]}},{"type":"Feature","id":15128,"geometry":{"type":"Point","coordinates":[-75.23896,40.0646630000001]},"properties":{"stop_id":"16164","stop_name":"Cathedral Rd & Ridge Av","routes":["441"]}},{"type":"Feature","id":15138,"geometry":{"type":"Point","coordinates":[-75.230134,40.0444870000001]},"properties":{"stop_id":"12288","stop_name":"Ridge Av & Domino Ln - MBFS","routes":["441"]}},{"type":"Feature","id":15140,"geometry":{"type":"Point","coordinates":[-75.2274179999999,40.043117]},"properties":{"stop_id":"12301","stop_name":"Ridge Av & Livezey St - FS","routes":["441"]}},{"type":"Feature","id":15169,"geometry":{"type":"Point","coordinates":[-75.184715,40.0139180000001]},"properties":{"stop_id":"16007","stop_name":"Henry Av & Bowman St","routes":["442","447","448"]}},{"type":"Feature","id":15179,"geometry":{"type":"Point","coordinates":[-75.20633,40.0298450000001]},"properties":{"stop_id":"16015","stop_name":"Henry Av & Jamestown St","routes":["438","442","446","447","448"]}},{"type":"Feature","id":15205,"geometry":{"type":"Point","coordinates":[-75.2371909999999,40.0585730000001]},"properties":{"stop_id":"28394","stop_name":"Ridge Av & Port Royal Av - MBNS","routes":["442"]}},{"type":"Feature","id":15210,"geometry":{"type":"Point","coordinates":[-75.239763,40.065066]},"properties":{"stop_id":"12389","stop_name":"Ridge Av & Grakyn Ln","routes":["442"]}},{"type":"Feature","id":15214,"geometry":{"type":"Point","coordinates":[-75.242205,40.0722460000001]},"properties":{"stop_id":"30729","stop_name":"Ridge Av & Ayrdale Rd","routes":["442"]}},{"type":"Feature","id":15279,"geometry":{"type":"Point","coordinates":[-75.148496,40.0183050000001]},"properties":{"stop_id":"28545","stop_name":"Roosevelt Blvd & Bristol St","routes":["445","447"]}},{"type":"Feature","id":15295,"geometry":{"type":"Point","coordinates":[-75.1077079999999,40.0282750000001]},"properties":{"stop_id":"23315","stop_name":"Roosevelt Blvd & Smylie Rd","routes":["426","445","447"]}},{"type":"Feature","id":15331,"geometry":{"type":"Point","coordinates":[-75.1809929999999,39.972874]},"properties":{"stop_id":"14940","stop_name":"Poplar St & 27th St","routes":["446","448"]}},{"type":"Feature","id":15335,"geometry":{"type":"Point","coordinates":[-75.186861,39.9736080000001]},"properties":{"stop_id":"19700","stop_name":"Poplar St & Poplar Dr","routes":["446","448"]}},{"type":"Feature","id":15381,"geometry":{"type":"Point","coordinates":[-75.2128269999999,40.0394870000001]},"properties":{"stop_id":"30749","stop_name":"Henry Av & Hermitage St","routes":["438","446","447"]}},{"type":"Feature","id":15383,"geometry":{"type":"Point","coordinates":[-75.2156229999999,40.0413750000001]},"properties":{"stop_id":"19038","stop_name":"Henry Av & Gates St - MBFS","routes":["438","446","447"]}},{"type":"Feature","id":15387,"geometry":{"type":"Point","coordinates":[-75.217912,40.047154]},"properties":{"stop_id":"8521","stop_name":"Henry Av & Crease Ln","routes":["438","446","447"]}},{"type":"Feature","id":15413,"geometry":{"type":"Point","coordinates":[-75.186071,40.014912]},"properties":{"stop_id":"16534","stop_name":"Henry Av & Ainslie St","routes":["446"]}},{"type":"Feature","id":15414,"geometry":{"type":"Point","coordinates":[-75.18494,40.0139280000001]},"properties":{"stop_id":"16535","stop_name":"Henry Av &  Bowman St","routes":["446"]}},{"type":"Feature","id":15417,"geometry":{"type":"Point","coordinates":[-75.1814879999999,40.010788]},"properties":{"stop_id":"28165","stop_name":"Henry Av & Abbottsford Av - MBFS","routes":["446"]}},{"type":"Feature","id":15482,"geometry":{"type":"Point","coordinates":[-75.211375,40.038512]},"properties":{"stop_id":"30748","stop_name":"Henry Av & Leverington Av","routes":["438","447"]}},{"type":"Feature","id":16013,"geometry":{"type":"Point","coordinates":[-75.272926,39.9417760000001]},"properties":{"stop_id":"19832","stop_name":"Lansdowne Av & Stewart Av","routes":["115"]}},{"type":"Feature","id":16043,"geometry":{"type":"Point","coordinates":[-75.353936,39.964369]},"properties":{"stop_id":"31077","stop_name":"Lawrence Rd & Parkway Dr","routes":["126"]}},{"type":"Feature","id":16045,"geometry":{"type":"Point","coordinates":[-75.351619,39.9660190000001]},"properties":{"stop_id":"29881","stop_name":"Lawrence Rd & Springhouse Rd - FS","routes":["126"]}},{"type":"Feature","id":16049,"geometry":{"type":"Point","coordinates":[-75.350945,39.9665180000001]},"properties":{"stop_id":"29882","stop_name":"Lawrence Rd & Warren Blvd","routes":["126"]}},{"type":"Feature","id":16054,"geometry":{"type":"Point","coordinates":[-75.34916,39.967766]},"properties":{"stop_id":"29883","stop_name":"Lawrence Rd & Canterbury Dr - MBNS","routes":["126"]}},{"type":"Feature","id":16058,"geometry":{"type":"Point","coordinates":[-75.3438639999999,39.9714670000001]},"properties":{"stop_id":"29884","stop_name":"Lawrence Rd & Sussex Blvd","routes":["126"]}},{"type":"Feature","id":16062,"geometry":{"type":"Point","coordinates":[-75.342884,39.970922]},"properties":{"stop_id":"30007","stop_name":"Sussex Blvd & Hastings Blvd - FS","routes":["126"]}},{"type":"Feature","id":16066,"geometry":{"type":"Point","coordinates":[-75.33854,39.969071]},"properties":{"stop_id":"30006","stop_name":"Sussex Blvd & Oak Cir","routes":["126"]}},{"type":"Feature","id":16070,"geometry":{"type":"Point","coordinates":[-75.337597,39.9678210000001]},"properties":{"stop_id":"31079","stop_name":"Sussex Blvd & S Central Blvd","routes":["126"]}},{"type":"Feature","id":16079,"geometry":{"type":"Point","coordinates":[-75.283065,39.903154]},"properties":{"stop_id":"19882","stop_name":"Oak Ln & Chester Pk - FS","routes":["115"]}},{"type":"Feature","id":16083,"geometry":{"type":"Point","coordinates":[-75.2796979999999,39.8994910000001]},"properties":{"stop_id":"19880","stop_name":"Primos Av & Elmwood Av","routes":["115"]}},{"type":"Feature","id":16087,"geometry":{"type":"Point","coordinates":[-75.278568,39.897945]},"properties":{"stop_id":"29962","stop_name":"Primos Av & Shallcross Av","routes":["115"]}},{"type":"Feature","id":16091,"geometry":{"type":"Point","coordinates":[-75.277768,39.8969450000001]},"properties":{"stop_id":"19879","stop_name":"Primos Av & Warwick Av","routes":["115"]}},{"type":"Feature","id":16094,"geometry":{"type":"Point","coordinates":[-75.347586,39.9600990000001]},"properties":{"stop_id":"30003","stop_name":"Redhill Dr & Robinson Dr","routes":["126"]}},{"type":"Feature","id":16106,"geometry":{"type":"Point","coordinates":[-75.3481419999999,39.959457]},"properties":{"stop_id":"30015","stop_name":"Parkway Dr & Red Hill Dr","routes":["126"]}},{"type":"Feature","id":16173,"geometry":{"type":"Point","coordinates":[-75.3127259999999,39.9721460000001]},"properties":{"stop_id":"30499","stop_name":"Manoa Rd & West Chester Pk - FS","routes":["126"]}},{"type":"Feature","id":16176,"geometry":{"type":"Point","coordinates":[-75.276946,39.895132]},"properties":{"stop_id":"19761","stop_name":"Delmar Dr & Primos Av","routes":["115"]}},{"type":"Feature","id":16177,"geometry":{"type":"Point","coordinates":[-75.3115319999999,39.972725]},"properties":{"stop_id":"29998","stop_name":"Manoa Rd & Shelbourne Rd","routes":["126"]}},{"type":"Feature","id":16179,"geometry":{"type":"Point","coordinates":[-75.0029919999999,40.056069]},"properties":{"stop_id":"21917","stop_name":"Frankford Av & Arendell Av","routes":["462"]}},{"type":"Feature","id":16180,"geometry":{"type":"Point","coordinates":[-75.2739809999999,39.896547]},"properties":{"stop_id":"19861","stop_name":"Hook Rd & Tribbett Av","routes":["115"]}},{"type":"Feature","id":16184,"geometry":{"type":"Point","coordinates":[-75.271608,39.897223]},"properties":{"stop_id":"19860","stop_name":"Hook Rd & Greenhill Rd","routes":["115"]}},{"type":"Feature","id":16188,"geometry":{"type":"Point","coordinates":[-75.2672039999999,39.898109]},"properties":{"stop_id":"19859","stop_name":"Hook Rd & Clifton Av - FS","routes":["115"]}},{"type":"Feature","id":16194,"geometry":{"type":"Point","coordinates":[-75.303187,39.975921]},"properties":{"stop_id":"19814","stop_name":"Manoa Rd & Darby Rd","routes":["126"]}},{"type":"Feature","id":16196,"geometry":{"type":"Point","coordinates":[-75.267164,39.9002330000001]},"properties":{"stop_id":"19857","stop_name":"Sharon Av & Laurel Av","routes":["115"]}},{"type":"Feature","id":16200,"geometry":{"type":"Point","coordinates":[-75.2681049999999,39.901484]},"properties":{"stop_id":"19855","stop_name":"Sharon Av & Linden Av","routes":["115"]}},{"type":"Feature","id":16212,"geometry":{"type":"Point","coordinates":[-75.266881,39.9052580000001]},"properties":{"stop_id":"19852","stop_name":"Elmwood Av & Calcon Hook Rd - MBNS","routes":["115"]}},{"type":"Feature","id":16216,"geometry":{"type":"Point","coordinates":[-75.265239,39.906014]},"properties":{"stop_id":"19851","stop_name":"Elmwood Av & Calcon Hook Rd","routes":["115"]}},{"type":"Feature","id":16239,"geometry":{"type":"Point","coordinates":[-75.262961,39.9008880000001]},"properties":{"stop_id":"25513","stop_name":"Calcon Hook Rd & Bayard Av - FS","routes":["115"]}},{"type":"Feature","id":16331,"geometry":{"type":"Point","coordinates":[-75.394742,39.8449840000001]},"properties":{"stop_id":"30013","stop_name":"Bethel Rd & Townsend St","routes":["117"]}},{"type":"Feature","id":16334,"geometry":{"type":"Point","coordinates":[-75.398068,39.844369]},"properties":{"stop_id":"25602","stop_name":"Bethel Rd & Felton Av - FS","routes":["117"]}},{"type":"Feature","id":16337,"geometry":{"type":"Point","coordinates":[-75.303506,39.975913]},"properties":{"stop_id":"29893","stop_name":"Manoa Rd & Darby Rd - FS","routes":["126"]}},{"type":"Feature","id":16338,"geometry":{"type":"Point","coordinates":[-75.399259,39.8437180000001]},"properties":{"stop_id":"25603","stop_name":"Bethel Rd & Honan St","routes":["117"]}},{"type":"Feature","id":16342,"geometry":{"type":"Point","coordinates":[-75.4019,39.84313]},"properties":{"stop_id":"25604","stop_name":"Bethel Rd & Highland Av - MBNS","routes":["117"]}},{"type":"Feature","id":16346,"geometry":{"type":"Point","coordinates":[-75.400251,39.839997]},"properties":{"stop_id":"25605","stop_name":"Highland Av & 15th St","routes":["117"]}},{"type":"Feature","id":16350,"geometry":{"type":"Point","coordinates":[-75.399119,39.839158]},"properties":{"stop_id":"25606","stop_name":"Highland Av & Swartz St - FS","routes":["117"]}},{"type":"Feature","id":16353,"geometry":{"type":"Point","coordinates":[-75.311437,39.9729750000001]},"properties":{"stop_id":"29895","stop_name":"Manoa Rd & Shelbourne Rd","routes":["126"]}},{"type":"Feature","id":16354,"geometry":{"type":"Point","coordinates":[-75.397752,39.838015]},"properties":{"stop_id":"31559","stop_name":"Highland Av & 12th St","routes":["117"]}},{"type":"Feature","id":16357,"geometry":{"type":"Point","coordinates":[-75.313187,39.9721650000001]},"properties":{"stop_id":"29897","stop_name":"Manoa Rd & W Chester Pike","routes":["126"]}},{"type":"Feature","id":16358,"geometry":{"type":"Point","coordinates":[-75.396468,39.83698]},"properties":{"stop_id":"25609","stop_name":"Highland Av & 10th St","routes":["117"]}},{"type":"Feature","id":16362,"geometry":{"type":"Point","coordinates":[-75.394617,39.836122]},"properties":{"stop_id":"2217","stop_name":"9th St & Highland Av - FS","routes":["117"]}},{"type":"Feature","id":16370,"geometry":{"type":"Point","coordinates":[-75.3917739999999,39.838174]},"properties":{"stop_id":"31891","stop_name":"9th St & Ward St - FS","routes":["117"]}},{"type":"Feature","id":16374,"geometry":{"type":"Point","coordinates":[-75.389911,39.8392450000001]},"properties":{"stop_id":"25614","stop_name":"9th St & Townsend St","routes":["117"]}},{"type":"Feature","id":16378,"geometry":{"type":"Point","coordinates":[-75.388838,39.8398060000001]},"properties":{"stop_id":"25615","stop_name":"9th St & Engle St","routes":["117"]}},{"type":"Feature","id":16397,"geometry":{"type":"Point","coordinates":[-75.3351259999999,39.960206]},"properties":{"stop_id":"29829","stop_name":"810 Parkway Dr","routes":["126"]}},{"type":"Feature","id":16432,"geometry":{"type":"Point","coordinates":[-75.347717,39.959795]},"properties":{"stop_id":"30497","stop_name":"Redhill Dr & Robinson Dr","routes":["126"]}},{"type":"Feature","id":16445,"geometry":{"type":"Point","coordinates":[-75.3603649999999,39.850512]},"properties":{"stop_id":"32464","stop_name":"Welsh St & Wall St","routes":["117"]}},{"type":"Feature","id":16452,"geometry":{"type":"Point","coordinates":[-75.337597,39.9675620000001]},"properties":{"stop_id":"2083","stop_name":"S Central Blvd & Sussex Blvd","routes":["126"]}},{"type":"Feature","id":16456,"geometry":{"type":"Point","coordinates":[-75.338245,39.968937]},"properties":{"stop_id":"31076","stop_name":"Sussex Blvd & Oak Cir","routes":["126"]}},{"type":"Feature","id":16464,"geometry":{"type":"Point","coordinates":[-75.344207,39.971574]},"properties":{"stop_id":"29892","stop_name":"Lawrence Rd & Sussex Blvd - FS","routes":["126"]}},{"type":"Feature","id":16468,"geometry":{"type":"Point","coordinates":[-75.347789,39.969068]},"properties":{"stop_id":"2091","stop_name":"Lawrence Rd & Hillside La - FS","routes":["126"]}},{"type":"Feature","id":16469,"geometry":{"type":"Point","coordinates":[-75.349302,39.9679980000001]},"properties":{"stop_id":"29887","stop_name":"Lawrence Rd & Hillside La - MBFS","routes":["126"]}},{"type":"Feature","id":16470,"geometry":{"type":"Point","coordinates":[-75.3510869999999,39.966714]},"properties":{"stop_id":"29889","stop_name":"Lawrence Rd & Warren Blvd  - FS","routes":["126"]}},{"type":"Feature","id":16471,"geometry":{"type":"Point","coordinates":[-75.35189,39.9661620000001]},"properties":{"stop_id":"29891","stop_name":"Lawrence Rd & Springhouse Rd","routes":["126"]}},{"type":"Feature","id":16472,"geometry":{"type":"Point","coordinates":[-75.354077,39.9645830000001]},"properties":{"stop_id":"29890","stop_name":"Lawrence Rd & Parkway Av","routes":["126"]}},{"type":"Feature","id":16666,"geometry":{"type":"Point","coordinates":[-75.361502,39.858214]},"properties":{"stop_id":"25619","stop_name":"Edgmont Av & 14th St","routes":["117","118"]}},{"type":"Feature","id":16674,"geometry":{"type":"Point","coordinates":[-75.3644609999999,39.8587430000001]},"properties":{"stop_id":"25621","stop_name":"15th St & Arbor Dr","routes":["117"]}},{"type":"Feature","id":16678,"geometry":{"type":"Point","coordinates":[-75.365853,39.8581810000001]},"properties":{"stop_id":"25622","stop_name":"15th St & Shaw Terrace","routes":["117"]}},{"type":"Feature","id":16682,"geometry":{"type":"Point","coordinates":[-75.367647,39.857361]},"properties":{"stop_id":"31892","stop_name":"15th St & Upland Av","routes":["117"]}},{"type":"Feature","id":16702,"geometry":{"type":"Point","coordinates":[-75.370967,39.864511]},"properties":{"stop_id":"25648","stop_name":"Edgmont Av & 24th St","routes":["117"]}},{"type":"Feature","id":16707,"geometry":{"type":"Point","coordinates":[-75.372806,39.8652440000001]},"properties":{"stop_id":"25650","stop_name":"Edgmont Av & Elkington Blvd","routes":["117"]}},{"type":"Feature","id":16734,"geometry":{"type":"Point","coordinates":[-75.376697,39.8669770000001]},"properties":{"stop_id":"25654","stop_name":"Edgmont Av & Roland Rd","routes":["117"]}},{"type":"Feature","id":16738,"geometry":{"type":"Point","coordinates":[-75.377617,39.8673610000001]},"properties":{"stop_id":"31931","stop_name":"Edgmont Av & Chelton Rd","routes":["117"]}},{"type":"Feature","id":16742,"geometry":{"type":"Point","coordinates":[-75.3796569999999,39.8682180000001]},"properties":{"stop_id":"25657","stop_name":"Edgmont Av & Forrestview Rd","routes":["117"]}},{"type":"Feature","id":16746,"geometry":{"type":"Point","coordinates":[-75.3804939999999,39.868567]},"properties":{"stop_id":"31932","stop_name":"Edgmont Av & Garrison Rd","routes":["117"]}},{"type":"Feature","id":16750,"geometry":{"type":"Point","coordinates":[-75.382357,39.868612]},"properties":{"stop_id":"31704","stop_name":"Upland Rd & Edgmont Av - FS","routes":["117"]}},{"type":"Feature","id":16754,"geometry":{"type":"Point","coordinates":[-75.382277,39.8659440000001]},"properties":{"stop_id":"31705","stop_name":"Upland Rd & Arlington Av","routes":["117"]}},{"type":"Feature","id":16757,"geometry":{"type":"Point","coordinates":[-75.3821609999999,39.862865]},"properties":{"stop_id":"31706","stop_name":"Upland Rd & Victor Av","routes":["117"]}},{"type":"Feature","id":16761,"geometry":{"type":"Point","coordinates":[-75.382044,39.8607410000001]},"properties":{"stop_id":"31707","stop_name":"Main St & 11th St","routes":["117"]}},{"type":"Feature","id":16777,"geometry":{"type":"Point","coordinates":[-75.390348,39.8589410000001]},"properties":{"stop_id":"30354","stop_name":"Bridgewater Rd & Trimble Blvd","routes":["117"]}},{"type":"Feature","id":16797,"geometry":{"type":"Point","coordinates":[-75.390059,39.870391]},"properties":{"stop_id":"25641","stop_name":"Brookhaven Rd & Mt Vernon Av","routes":["117"]}},{"type":"Feature","id":16801,"geometry":{"type":"Point","coordinates":[-75.388654,39.8718180000001]},"properties":{"stop_id":"25642","stop_name":"Brookhaven Rd & Burk Av","routes":["117"]}},{"type":"Feature","id":16805,"geometry":{"type":"Point","coordinates":[-75.389149,39.87313]},"properties":{"stop_id":"25663","stop_name":"Edgmont Av & Ridge Blvd","routes":["117"]}},{"type":"Feature","id":16809,"geometry":{"type":"Point","coordinates":[-75.3908,39.8737820000001]},"properties":{"stop_id":"25664","stop_name":"Edgmont Av & Maple Av","routes":["117"]}},{"type":"Feature","id":16812,"geometry":{"type":"Point","coordinates":[-75.393807,39.8758540000001]},"properties":{"stop_id":"25666","stop_name":"Edgmont Av & Cambridge Rd - MBFS","routes":["117"]}},{"type":"Feature","id":16816,"geometry":{"type":"Point","coordinates":[-75.395057,39.8768890000001]},"properties":{"stop_id":"25667","stop_name":"Edgmont Av & Whiteley Rd - MBNS","routes":["117"]}},{"type":"Feature","id":16820,"geometry":{"type":"Point","coordinates":[-75.3954919999999,39.8791650000001]},"properties":{"stop_id":"2148","stop_name":"Plaza 352 Shopping Center","routes":["117"]}},{"type":"Feature","id":16824,"geometry":{"type":"Point","coordinates":[-75.3979579999999,39.8797010000001]},"properties":{"stop_id":"32427","stop_name":"Edgmont Av & Hilltop Dr","routes":["117"]}},{"type":"Feature","id":16828,"geometry":{"type":"Point","coordinates":[-75.3992069999999,39.8817720000001]},"properties":{"stop_id":"25669","stop_name":"Middletown Rd & High Meadow Dr","routes":["117"]}},{"type":"Feature","id":16832,"geometry":{"type":"Point","coordinates":[-75.401377,39.8853070000001]},"properties":{"stop_id":"25670","stop_name":"Middletown Rd & Little Ln","routes":["117"]}},{"type":"Feature","id":16836,"geometry":{"type":"Point","coordinates":[-75.4025549999999,39.887636]},"properties":{"stop_id":"25671","stop_name":"Middletown Rd & Knowlton Rd - FS","routes":["117"]}},{"type":"Feature","id":16843,"geometry":{"type":"Point","coordinates":[-75.408333,39.8989]},"properties":{"stop_id":"25674","stop_name":"Middletown Rd & Wyncroft Dr - FS","routes":["117"]}},{"type":"Feature","id":16847,"geometry":{"type":"Point","coordinates":[-75.415813,39.9057730000001]},"properties":{"stop_id":"25678","stop_name":"Middletown Rd & Elwyn Rd","routes":["117"]}},{"type":"Feature","id":16851,"geometry":{"type":"Point","coordinates":[-75.4112689999999,39.907897]},"properties":{"stop_id":"2218","stop_name":"Elwyn Train Station","routes":["117"]}},{"type":"Feature","id":16970,"geometry":{"type":"Point","coordinates":[-75.41507,39.904729]},"properties":{"stop_id":"25688","stop_name":"Middletown Rd & Glen Riddle Rd","routes":["117"]}},{"type":"Feature","id":16974,"geometry":{"type":"Point","coordinates":[-75.408215,39.8985430000001]},"properties":{"stop_id":"25691","stop_name":"Middletown Rd & Wyncroft Dr - FS","routes":["117"]}},{"type":"Feature","id":16980,"geometry":{"type":"Point","coordinates":[-75.403263,39.888806]},"properties":{"stop_id":"25693","stop_name":"Middletown Rd & Old Middletown Rd","routes":["117"]}},{"type":"Feature","id":16984,"geometry":{"type":"Point","coordinates":[-75.402732,39.8874940000001]},"properties":{"stop_id":"25694","stop_name":"Middletown Rd & Knowlton Rd","routes":["117"]}},{"type":"Feature","id":16988,"geometry":{"type":"Point","coordinates":[-75.40153,39.8852180000001]},"properties":{"stop_id":"31896","stop_name":"Middletown Rd & Moore Dr - FS","routes":["117"]}},{"type":"Feature","id":16992,"geometry":{"type":"Point","coordinates":[-75.39949,39.88187]},"properties":{"stop_id":"30024","stop_name":"Middletown Rd & High Meadow Dr","routes":["117"]}},{"type":"Feature","id":17000,"geometry":{"type":"Point","coordinates":[-75.395753,39.877264]},"properties":{"stop_id":"30022","stop_name":"Edgmont Av & Whitely Rd","routes":["117"]}},{"type":"Feature","id":17004,"geometry":{"type":"Point","coordinates":[-75.3931229999999,39.875077]},"properties":{"stop_id":"25699","stop_name":"Edgmont Av & Cobourn Blvd - FS","routes":["117"]}},{"type":"Feature","id":17008,"geometry":{"type":"Point","coordinates":[-75.391095,39.873747]},"properties":{"stop_id":"25701","stop_name":"Edgmont Av & Maple Av","routes":["117"]}},{"type":"Feature","id":17012,"geometry":{"type":"Point","coordinates":[-75.3893849999999,39.8730860000001]},"properties":{"stop_id":"25702","stop_name":"Edgmont Av & Ridge Blvd","routes":["117"]}},{"type":"Feature","id":17016,"geometry":{"type":"Point","coordinates":[-75.388382,39.872648]},"properties":{"stop_id":"2159","stop_name":"Edgmont Av & Brookhaven Rd","routes":["117"]}},{"type":"Feature","id":17020,"geometry":{"type":"Point","coordinates":[-75.39,39.8706230000001]},"properties":{"stop_id":"25714","stop_name":"Brookhaven Rd & Mt Vernon Av","routes":["117"]}},{"type":"Feature","id":17024,"geometry":{"type":"Point","coordinates":[-75.391251,39.8696590000001]},"properties":{"stop_id":"25715","stop_name":"Brookhaven Rd & Woodland Av - MBFS","routes":["117"]}},{"type":"Feature","id":17041,"geometry":{"type":"Point","coordinates":[-75.3896529999999,39.858485]},"properties":{"stop_id":"25720","stop_name":"Bridgewater Rd & Powell Rd - FS","routes":["117"]}},{"type":"Feature","id":17057,"geometry":{"type":"Point","coordinates":[-75.381879,39.860839]},"properties":{"stop_id":"31709","stop_name":"Main St & 11th St - FS","routes":["117"]}},{"type":"Feature","id":17061,"geometry":{"type":"Point","coordinates":[-75.381972,39.8630250000001]},"properties":{"stop_id":"31710","stop_name":"Upland Rd & Victor Av - FS","routes":["117"]}},{"type":"Feature","id":17069,"geometry":{"type":"Point","coordinates":[-75.382169,39.868746]},"properties":{"stop_id":"31712","stop_name":"Upland Rd & Edgmont Av","routes":["117"]}},{"type":"Feature","id":17074,"geometry":{"type":"Point","coordinates":[-75.380635,39.8684870000001]},"properties":{"stop_id":"25734","stop_name":"Edgmont Av & Garrison Rd","routes":["117"]}},{"type":"Feature","id":17077,"geometry":{"type":"Point","coordinates":[-75.379716,39.8681020000001]},"properties":{"stop_id":"25735","stop_name":"Edgmont Av & Forrestview Rd - FS","routes":["117"]}},{"type":"Feature","id":17081,"geometry":{"type":"Point","coordinates":[-75.377864,39.867307]},"properties":{"stop_id":"25737","stop_name":"Edgmont Av & Chelton Rd","routes":["117"]}},{"type":"Feature","id":17089,"geometry":{"type":"Point","coordinates":[-75.373054,39.86519]},"properties":{"stop_id":"25742","stop_name":"Edgmont Av & Elkington Blvd","routes":["117"]}},{"type":"Feature","id":17093,"geometry":{"type":"Point","coordinates":[-75.3713089999999,39.864493]},"properties":{"stop_id":"25743","stop_name":"Edgmont Av & 24th St","routes":["117"]}},{"type":"Feature","id":17113,"geometry":{"type":"Point","coordinates":[-75.367883,39.8572360000001]},"properties":{"stop_id":"25750","stop_name":"Upland Av & 15th St","routes":["117"]}},{"type":"Feature","id":17117,"geometry":{"type":"Point","coordinates":[-75.3659479999999,39.858012]},"properties":{"stop_id":"25751","stop_name":"15th St & Shaw Terrace","routes":["117"]}},{"type":"Feature","id":17121,"geometry":{"type":"Point","coordinates":[-75.3645559999999,39.8585820000001]},"properties":{"stop_id":"25752","stop_name":"15th St & Arbor Dr","routes":["117"]}},{"type":"Feature","id":17124,"geometry":{"type":"Point","coordinates":[-75.363376,39.859072]},"properties":{"stop_id":"30010","stop_name":"15th & Esrey St","routes":["117"]}},{"type":"Feature","id":17241,"geometry":{"type":"Point","coordinates":[-75.390147,39.839298]},"properties":{"stop_id":"25186","stop_name":"9th St & Townsend S - FS","routes":["117"]}},{"type":"Feature","id":17245,"geometry":{"type":"Point","coordinates":[-75.3919749999999,39.838237]},"properties":{"stop_id":"25188","stop_name":"9th St & Ward St","routes":["117"]}},{"type":"Feature","id":17253,"geometry":{"type":"Point","coordinates":[-75.394935,39.83606]},"properties":{"stop_id":"25193","stop_name":"9th St & Highland Av","routes":["117"]}},{"type":"Feature","id":17257,"geometry":{"type":"Point","coordinates":[-75.3961609999999,39.8369440000001]},"properties":{"stop_id":"25194","stop_name":"Highland Av & 10th St","routes":["117"]}},{"type":"Feature","id":17259,"geometry":{"type":"Point","coordinates":[-75.39741,39.837953]},"properties":{"stop_id":"25196","stop_name":"Highland Av & 12th St","routes":["117"]}},{"type":"Feature","id":17263,"geometry":{"type":"Point","coordinates":[-75.398919,39.839202]},"properties":{"stop_id":"25197","stop_name":"Highland Av & Swartz St","routes":["117"]}},{"type":"Feature","id":17275,"geometry":{"type":"Point","coordinates":[-75.4017939999999,39.843014]},"properties":{"stop_id":"25756","stop_name":"Bethel Rd & Highland Av - MBFS","routes":["117"]}},{"type":"Feature","id":17279,"geometry":{"type":"Point","coordinates":[-75.399106,39.8436560000001]},"properties":{"stop_id":"31890","stop_name":"Bethel Rd & Honan St - FS","routes":["117"]}},{"type":"Feature","id":17283,"geometry":{"type":"Point","coordinates":[-75.3977849999999,39.844387]},"properties":{"stop_id":"25758","stop_name":"Bethel Rd & Felton St - FS","routes":["117"]}},{"type":"Feature","id":17287,"geometry":{"type":"Point","coordinates":[-75.394648,39.8448500000001]},"properties":{"stop_id":"30011","stop_name":"Bethal Rd & Townsend St - FS","routes":["117"]}},{"type":"Feature","id":17291,"geometry":{"type":"Point","coordinates":[-75.395225,39.8457250000001]},"properties":{"stop_id":"30012","stop_name":"Concord Rd & Engle St","routes":["117"]}},{"type":"Feature","id":17357,"geometry":{"type":"Point","coordinates":[-75.362997,39.8609020000001]},"properties":{"stop_id":"26011","stop_name":"Edgmont Av & 17th St","routes":["118"]}},{"type":"Feature","id":17397,"geometry":{"type":"Point","coordinates":[-75.362989,39.8693890000001]},"properties":{"stop_id":"26020","stop_name":"Chestnut St & 24th St","routes":["118"]}},{"type":"Feature","id":17400,"geometry":{"type":"Point","coordinates":[-75.364627,39.8712640000001]},"properties":{"stop_id":"26021","stop_name":"Chestnut St & 24th St - MBFS","routes":["118"]}},{"type":"Feature","id":17406,"geometry":{"type":"Point","coordinates":[-75.3676329999999,39.8732200000001]},"properties":{"stop_id":"26022","stop_name":"Chestnut Pkwy & Harvey Rd","routes":["118"]}},{"type":"Feature","id":17418,"geometry":{"type":"Point","coordinates":[-75.373246,39.8753290000001]},"properties":{"stop_id":"26025","stop_name":"Chestnut Pkwy & Media Pkwy","routes":["118"]}},{"type":"Feature","id":17422,"geometry":{"type":"Point","coordinates":[-75.384134,39.8764840000001]},"properties":{"stop_id":"26028","stop_name":"Waterville Rd & Brookhaven Rd","routes":["118"]}},{"type":"Feature","id":17442,"geometry":{"type":"Point","coordinates":[-75.377987,39.893198]},"properties":{"stop_id":"2163","stop_name":"Brookhaven Rd & Rose Valley Rd","routes":["118"]}},{"type":"Feature","id":17464,"geometry":{"type":"Point","coordinates":[-75.374805,39.903558]},"properties":{"stop_id":"26068","stop_name":"Providence Rd & Possum Hollow Rd","routes":["118"]}},{"type":"Feature","id":17468,"geometry":{"type":"Point","coordinates":[-75.375748,39.904888]},"properties":{"stop_id":"26069","stop_name":"Wallingford Av & Providence Rd - FS","routes":["118"]}},{"type":"Feature","id":17526,"geometry":{"type":"Point","coordinates":[-75.385801,39.926748]},"properties":{"stop_id":"26090","stop_name":"Providence Rd & Jackson St - FS","routes":["118"]}},{"type":"Feature","id":17530,"geometry":{"type":"Point","coordinates":[-75.386674,39.928542]},"properties":{"stop_id":"26091","stop_name":"Providence Rd & Ridge Rd","routes":["118"]}},{"type":"Feature","id":17534,"geometry":{"type":"Point","coordinates":[-75.3879939999999,39.9311670000001]},"properties":{"stop_id":"26093","stop_name":"Providence Rd & Maple Av - FS","routes":["118"]}},{"type":"Feature","id":17538,"geometry":{"type":"Point","coordinates":[-75.38954,39.9332380000001]},"properties":{"stop_id":"26095","stop_name":"Providence Rd & School Ln - FS","routes":["118"]}},{"type":"Feature","id":17543,"geometry":{"type":"Point","coordinates":[-75.391014,39.9351120000001]},"properties":{"stop_id":"2167","stop_name":"Providence Rd & Kirk Ln","routes":["118"]}},{"type":"Feature","id":17547,"geometry":{"type":"Point","coordinates":[-75.39525,39.9405580000001]},"properties":{"stop_id":"26099","stop_name":"Providence Rd & Rose Tree Park Dr - FS","routes":["118"]}},{"type":"Feature","id":17551,"geometry":{"type":"Point","coordinates":[-75.3959329999999,39.945163]},"properties":{"stop_id":"26103","stop_name":"Palmers Mill Rd & Mansion Dr","routes":["118"]}},{"type":"Feature","id":17559,"geometry":{"type":"Point","coordinates":[-75.393588,39.9586120000001]},"properties":{"stop_id":"26106","stop_name":"Newtown St Rd & Springton Mews Cir","routes":["118"]}},{"type":"Feature","id":17563,"geometry":{"type":"Point","coordinates":[-75.394189,39.960406]},"properties":{"stop_id":"26107","stop_name":"Newtown Street Rd & Cedar Grove Rd","routes":["118"]}},{"type":"Feature","id":17564,"geometry":{"type":"Point","coordinates":[-75.2119299999999,40.1360320000001]},"properties":{"stop_id":"1839","stop_name":"Fort Washington Railroad Station","routes":["201"]}},{"type":"Feature","id":17571,"geometry":{"type":"Point","coordinates":[-75.397691,39.9742140000001]},"properties":{"stop_id":"26113","stop_name":"Newtown Street Rd & Camelot Ln - MBFS","routes":["118"]}},{"type":"Feature","id":17579,"geometry":{"type":"Point","coordinates":[-75.39849,39.9838260000001]},"properties":{"stop_id":"26116","stop_name":"Newtown Street Rd & Alpha Dr","routes":["118"]}},{"type":"Feature","id":17583,"geometry":{"type":"Point","coordinates":[-75.400356,39.986504]},"properties":{"stop_id":"26117","stop_name":"Newtown Street Rd & West Chester Pk","routes":["118"]}},{"type":"Feature","id":17593,"geometry":{"type":"Point","coordinates":[-75.398762,39.9839160000001]},"properties":{"stop_id":"26181","stop_name":"Newtown Street Rd & Mary Jane Ln","routes":["118"]}},{"type":"Feature","id":17597,"geometry":{"type":"Point","coordinates":[-75.397948,39.981095]},"properties":{"stop_id":"26182","stop_name":"Newtown Street Rd & Dudie Dr","routes":["118"]}},{"type":"Feature","id":17605,"geometry":{"type":"Point","coordinates":[-75.397904,39.974134]},"properties":{"stop_id":"26184","stop_name":"Newtown Street Rd & Camelot Ln - MBNS","routes":["118"]}},{"type":"Feature","id":17617,"geometry":{"type":"Point","coordinates":[-75.396063,39.945404]},"properties":{"stop_id":"26192","stop_name":"Palmers Mill Rd & Mansion Dr","routes":["118"]}},{"type":"Feature","id":17621,"geometry":{"type":"Point","coordinates":[-75.3931499999999,39.9375230000001]},"properties":{"stop_id":"26195","stop_name":"Providence Rd & Rose Tree Rd","routes":["118"]}},{"type":"Feature","id":17625,"geometry":{"type":"Point","coordinates":[-75.391109,39.9349340000001]},"properties":{"stop_id":"2172","stop_name":"Providence Rd & Kirk Ln - FS","routes":["118"]}},{"type":"Feature","id":17630,"geometry":{"type":"Point","coordinates":[-75.3897049999999,39.9331490000001]},"properties":{"stop_id":"26198","stop_name":"Providence Rd & School Ln","routes":["118"]}},{"type":"Feature","id":17632,"geometry":{"type":"Point","coordinates":[-75.3881239999999,39.931051]},"properties":{"stop_id":"26199","stop_name":"Providence Rd & Maple Av","routes":["118"]}},{"type":"Feature","id":17636,"geometry":{"type":"Point","coordinates":[-75.3868859999999,39.928614]},"properties":{"stop_id":"31902","stop_name":"Providence Rd & Ridge Rd","routes":["118"]}},{"type":"Feature","id":17640,"geometry":{"type":"Point","coordinates":[-75.3859669999999,39.9266410000001]},"properties":{"stop_id":"30521","stop_name":"Providence Rd & Jackson St","routes":["118"]}},{"type":"Feature","id":17644,"geometry":{"type":"Point","coordinates":[-75.385956,39.925303]},"properties":{"stop_id":"26203","stop_name":"Monroe St & Providence Rd - MBFS","routes":["118"]}},{"type":"Feature","id":17710,"geometry":{"type":"Point","coordinates":[-75.375689,39.9047360000001]},"properties":{"stop_id":"26222","stop_name":"Wallingford Av & Providence Rd","routes":["118"]}},{"type":"Feature","id":17714,"geometry":{"type":"Point","coordinates":[-75.3750649999999,39.903718]},"properties":{"stop_id":"26223","stop_name":"Providence Rd & Possum Hollow Rd","routes":["118"]}},{"type":"Feature","id":17734,"geometry":{"type":"Point","coordinates":[-75.378022,39.893403]},"properties":{"stop_id":"2176","stop_name":"Brookhaven Rd & Rose Valley Rd","routes":["118"]}},{"type":"Feature","id":17738,"geometry":{"type":"Point","coordinates":[-75.379381,39.891101]},"properties":{"stop_id":"26229","stop_name":"Brookhaven Rd & Todmorden Dr - 1","routes":["118"]}},{"type":"Feature","id":17754,"geometry":{"type":"Point","coordinates":[-75.383992,39.876127]},"properties":{"stop_id":"26237","stop_name":"Waterville Rd & Brookhaven Rd - FS","routes":["118"]}},{"type":"Feature","id":17758,"geometry":{"type":"Point","coordinates":[-75.3737179999999,39.875347]},"properties":{"stop_id":"26240","stop_name":"Chestnut Pkwy & Media Pkwy","routes":["118"]}},{"type":"Feature","id":17770,"geometry":{"type":"Point","coordinates":[-75.367916,39.873202]},"properties":{"stop_id":"26243","stop_name":"Chestnut Pkwy & Ridley Dr","routes":["118"]}},{"type":"Feature","id":17774,"geometry":{"type":"Point","coordinates":[-75.364851,39.8712100000001]},"properties":{"stop_id":"29990","stop_name":"Chestnut St & Chestnut Ridge Senior Res","routes":["118"]}},{"type":"Feature","id":17778,"geometry":{"type":"Point","coordinates":[-75.364026,39.8703080000001]},"properties":{"stop_id":"26244","stop_name":"Chestnut St & The Belvedere","routes":["118"]}},{"type":"Feature","id":17782,"geometry":{"type":"Point","coordinates":[-75.3632959999999,39.869451]},"properties":{"stop_id":"26245","stop_name":"Chestnut St & 24th St","routes":["118"]}},{"type":"Feature","id":17786,"geometry":{"type":"Point","coordinates":[-75.3625529999999,39.8686480000001]},"properties":{"stop_id":"26246","stop_name":"Chestnut St & Providence Av","routes":["118"]}},{"type":"Feature","id":17815,"geometry":{"type":"Point","coordinates":[-75.363032,39.860616]},"properties":{"stop_id":"26257","stop_name":"Edgmont Av & 16th St - MBNS","routes":["118"]}},{"type":"Feature","id":17872,"geometry":{"type":"Point","coordinates":[-75.3692829999999,39.8472320000001]},"properties":{"stop_id":"26271","stop_name":"7th St & Parker St","routes":["119"]}},{"type":"Feature","id":17876,"geometry":{"type":"Point","coordinates":[-75.3704269999999,39.8468760000001]},"properties":{"stop_id":"31181","stop_name":"7th St & Kerlin St","routes":["119"]}},{"type":"Feature","id":17880,"geometry":{"type":"Point","coordinates":[-75.371606,39.846457]},"properties":{"stop_id":"31904","stop_name":"7th St & Butler St","routes":["119"]}},{"type":"Feature","id":17884,"geometry":{"type":"Point","coordinates":[-75.3727739999999,39.8460470000001]},"properties":{"stop_id":"26274","stop_name":"7th St & Lincoln St","routes":["119"]}},{"type":"Feature","id":17888,"geometry":{"type":"Point","coordinates":[-75.374107,39.845575]},"properties":{"stop_id":"31905","stop_name":"7th St & Pusey St","routes":["119"]}},{"type":"Feature","id":17892,"geometry":{"type":"Point","coordinates":[-75.375121,39.8450490000001]},"properties":{"stop_id":"26276","stop_name":"7th St & Lloyd St","routes":["119"]}},{"type":"Feature","id":17916,"geometry":{"type":"Point","coordinates":[-75.382199,39.8413390000001]},"properties":{"stop_id":"26282","stop_name":"7th St & Edwards St","routes":["119"]}},{"type":"Feature","id":17920,"geometry":{"type":"Point","coordinates":[-75.3830829999999,39.8408750000001]},"properties":{"stop_id":"26283","stop_name":"7th St & Flower St","routes":["119"]}},{"type":"Feature","id":17924,"geometry":{"type":"Point","coordinates":[-75.38121,39.8381880000001]},"properties":{"stop_id":"26286","stop_name":"Flower St & 4th St","routes":["119"]}},{"type":"Feature","id":17929,"geometry":{"type":"Point","coordinates":[-75.380504,39.8373760000001]},"properties":{"stop_id":"26287","stop_name":"Flower St & 3rd St","routes":["119"]}},{"type":"Feature","id":17967,"geometry":{"type":"Point","coordinates":[-75.392026,39.831374]},"properties":{"stop_id":"31913","stop_name":"3rd St & Thurlow St","routes":["119"]}},{"type":"Feature","id":17979,"geometry":{"type":"Point","coordinates":[-75.39521,39.8297150000001]},"properties":{"stop_id":"26315","stop_name":"3rd St & Trainer St","routes":["119"]}},{"type":"Feature","id":17983,"geometry":{"type":"Point","coordinates":[-75.396306,39.8291530000001]},"properties":{"stop_id":"31914","stop_name":"3rd St & Clayton St","routes":["119"]}},{"type":"Feature","id":17987,"geometry":{"type":"Point","coordinates":[-75.3973559999999,39.8285910000001]},"properties":{"stop_id":"31206","stop_name":"3rd St & Irving St","routes":["119"]}},{"type":"Feature","id":17991,"geometry":{"type":"Point","coordinates":[-75.3983929999999,39.82802]},"properties":{"stop_id":"20218","stop_name":"3rd St & Wilcox St","routes":["119"]}},{"type":"Feature","id":17995,"geometry":{"type":"Point","coordinates":[-75.399419,39.827494]},"properties":{"stop_id":"26318","stop_name":"3rd St & Price St","routes":["119"]}},{"type":"Feature","id":17998,"geometry":{"type":"Point","coordinates":[-75.400904,39.8286810000001]},"properties":{"stop_id":"20220","stop_name":"Post Rd & Price St - FS","routes":["119"]}},{"type":"Feature","id":18002,"geometry":{"type":"Point","coordinates":[-75.40575,39.8261570000001]},"properties":{"stop_id":"26320","stop_name":"Post Rd & Main St","routes":["119"]}},{"type":"Feature","id":18006,"geometry":{"type":"Point","coordinates":[-75.408155,39.824122]},"properties":{"stop_id":"29982","stop_name":"Post St & Pennell St","routes":["119"]}},{"type":"Feature","id":18010,"geometry":{"type":"Point","coordinates":[-75.408945,39.8233460000001]},"properties":{"stop_id":"26322","stop_name":"Post Rd & Smith St","routes":["119"]}},{"type":"Feature","id":18014,"geometry":{"type":"Point","coordinates":[-75.412341,39.8215880000001]},"properties":{"stop_id":"26324","stop_name":"10th St & Plaza Dr","routes":["119"]}},{"type":"Feature","id":18018,"geometry":{"type":"Point","coordinates":[-75.413897,39.821107]},"properties":{"stop_id":"26325","stop_name":"10th St & Yates Av - FS","routes":["119"]}},{"type":"Feature","id":18022,"geometry":{"type":"Point","coordinates":[-75.415535,39.820545]},"properties":{"stop_id":"31923","stop_name":"10th St & Church St","routes":["119"]}},{"type":"Feature","id":18026,"geometry":{"type":"Point","coordinates":[-75.4171269999999,39.820072]},"properties":{"stop_id":"26327","stop_name":"10th St & Market St","routes":["119"]}},{"type":"Feature","id":18037,"geometry":{"type":"Point","coordinates":[-75.428018,39.8273280000001]},"properties":{"stop_id":"32339","stop_name":"Chichester Av & Laughead Av","routes":["119"]}},{"type":"Feature","id":18039,"geometry":{"type":"Point","coordinates":[-75.430729,39.8281850000001]},"properties":{"stop_id":"32340","stop_name":"Chichester Av & Johnson Av","routes":["119"]}},{"type":"Feature","id":18042,"geometry":{"type":"Point","coordinates":[-75.433995,39.8291570000001]},"properties":{"stop_id":"32341","stop_name":"Chichester Av & Beeson Av - opposite","routes":["119"]}},{"type":"Feature","id":18052,"geometry":{"type":"Point","coordinates":[-75.440892,39.8322360000001]},"properties":{"stop_id":"26360","stop_name":"Chichester Av & Galbraith Av","routes":["119"]}},{"type":"Feature","id":18056,"geometry":{"type":"Point","coordinates":[-75.4417759999999,39.834663]},"properties":{"stop_id":"26361","stop_name":"Chichester Av & Kingsman Rd - FS","routes":["119"]}},{"type":"Feature","id":18060,"geometry":{"type":"Point","coordinates":[-75.442425,39.837858]},"properties":{"stop_id":"29985","stop_name":"Chichester Av & Thornton Rd - MBFS","routes":["119"]}},{"type":"Feature","id":18064,"geometry":{"type":"Point","coordinates":[-75.442779,39.8398480000001]},"properties":{"stop_id":"26363","stop_name":"Chichester Av & Mill Rd","routes":["119"]}},{"type":"Feature","id":18068,"geometry":{"type":"Point","coordinates":[-75.4435109999999,39.843079]},"properties":{"stop_id":"31926","stop_name":"Chichester Av & Plum St - FS","routes":["119"]}},{"type":"Feature","id":18098,"geometry":{"type":"Point","coordinates":[-75.454646,39.853644]},"properties":{"stop_id":"31184","stop_name":"Chichester Av & Sommers Ln - FS","routes":["119"]}},{"type":"Feature","id":18140,"geometry":{"type":"Point","coordinates":[-75.132424,40.014618]},"properties":{"stop_id":"32316","stop_name":"Hunting Park Av & 3rd St","routes":["495"]}},{"type":"Feature","id":18252,"geometry":{"type":"Point","coordinates":[-75.454787,39.8535810000001]},"properties":{"stop_id":"26424","stop_name":"Chichester Av & Sommers Ln","routes":["119"]}},{"type":"Feature","id":18283,"geometry":{"type":"Point","coordinates":[-75.443676,39.8430520000001]},"properties":{"stop_id":"29978","stop_name":"Chichester Av & Plum St","routes":["119"]}},{"type":"Feature","id":18287,"geometry":{"type":"Point","coordinates":[-75.44318,39.8405090000001]},"properties":{"stop_id":"26432","stop_name":"Chichester Av & Mill Rd","routes":["119"]}},{"type":"Feature","id":18291,"geometry":{"type":"Point","coordinates":[-75.442827,39.8390810000001]},"properties":{"stop_id":"29979","stop_name":"Chichester Av & Mill Rd - MBFS","routes":["119"]}},{"type":"Feature","id":18295,"geometry":{"type":"Point","coordinates":[-75.442472,39.837135]},"properties":{"stop_id":"29980","stop_name":"Chichester Av & Bethel Rd  - 1 MBNS","routes":["119"]}},{"type":"Feature","id":18299,"geometry":{"type":"Point","coordinates":[-75.442213,39.836011]},"properties":{"stop_id":"29981","stop_name":"Chichester Av & Bethel Rd - 2 MBNS","routes":["119"]}},{"type":"Feature","id":18303,"geometry":{"type":"Point","coordinates":[-75.441918,39.8345120000001]},"properties":{"stop_id":"26434","stop_name":"Chichester Av & Kingsman Rd","routes":["119"]}},{"type":"Feature","id":18308,"geometry":{"type":"Point","coordinates":[-75.440868,39.832004]},"properties":{"stop_id":"26435","stop_name":"Chichester Av & McKay Av","routes":["119"]}},{"type":"Feature","id":18321,"geometry":{"type":"Point","coordinates":[-75.434172,39.829095]},"properties":{"stop_id":"32346","stop_name":"Chichester Av & Beeson Av","routes":["119"]}},{"type":"Feature","id":18325,"geometry":{"type":"Point","coordinates":[-75.4310359999999,39.8281670000001]},"properties":{"stop_id":"32347","stop_name":"Chichester Av & Johnson Av","routes":["119"]}},{"type":"Feature","id":18329,"geometry":{"type":"Point","coordinates":[-75.4284069999999,39.827337]},"properties":{"stop_id":"32348","stop_name":"Chichester Av & Laughead Av","routes":["119"]}},{"type":"Feature","id":18333,"geometry":{"type":"Point","coordinates":[-75.4254129999999,39.8263640000001]},"properties":{"stop_id":"32349","stop_name":"Chichester Av & Huddle Av","routes":["119"]}},{"type":"Feature","id":18341,"geometry":{"type":"Point","coordinates":[-75.417422,39.8200180000001]},"properties":{"stop_id":"31174","stop_name":"Market St & 10th St","routes":["119"]}},{"type":"Feature","id":18345,"geometry":{"type":"Point","coordinates":[-75.415583,39.8204020000001]},"properties":{"stop_id":"31924","stop_name":"10th St & Church St - FS","routes":["119"]}},{"type":"Feature","id":18349,"geometry":{"type":"Point","coordinates":[-75.413779,39.820991]},"properties":{"stop_id":"26450","stop_name":"10th St & Yates Av","routes":["119"]}},{"type":"Feature","id":18353,"geometry":{"type":"Point","coordinates":[-75.4123049999999,39.821472]},"properties":{"stop_id":"26451","stop_name":"10th St & Plaza Dr - FS","routes":["119"]}},{"type":"Feature","id":18356,"geometry":{"type":"Point","coordinates":[-75.408875,39.823203]},"properties":{"stop_id":"31922","stop_name":"Post Rd & Smith St","routes":["119"]}},{"type":"Feature","id":18360,"geometry":{"type":"Point","coordinates":[-75.4080969999999,39.8239080000001]},"properties":{"stop_id":"26453","stop_name":"Post Rd & Pennell St","routes":["119"]}},{"type":"Feature","id":18364,"geometry":{"type":"Point","coordinates":[-75.4058439999999,39.82588]},"properties":{"stop_id":"26455","stop_name":"Post Rd & Main St","routes":["119"]}},{"type":"Feature","id":18368,"geometry":{"type":"Point","coordinates":[-75.4006449999999,39.828628]},"properties":{"stop_id":"31920","stop_name":"Post Rd & Price St","routes":["119"]}},{"type":"Feature","id":18372,"geometry":{"type":"Point","coordinates":[-75.399325,39.827387]},"properties":{"stop_id":"31921","stop_name":"3rd St & Price St - FS","routes":["119"]}},{"type":"Feature","id":18376,"geometry":{"type":"Point","coordinates":[-75.398452,39.827833]},"properties":{"stop_id":"26458","stop_name":"3rd St & Wilcox St","routes":["119"]}},{"type":"Feature","id":18380,"geometry":{"type":"Point","coordinates":[-75.397415,39.828404]},"properties":{"stop_id":"26459","stop_name":"3rd St & Irving St","routes":["119"]}},{"type":"Feature","id":18384,"geometry":{"type":"Point","coordinates":[-75.396365,39.828966]},"properties":{"stop_id":"31915","stop_name":"3rd St & Clayton St","routes":["119"]}},{"type":"Feature","id":18388,"geometry":{"type":"Point","coordinates":[-75.395269,39.829528]},"properties":{"stop_id":"26461","stop_name":"3rd St & Trainer St","routes":["119"]}},{"type":"Feature","id":18400,"geometry":{"type":"Point","coordinates":[-75.392085,39.831187]},"properties":{"stop_id":"31916","stop_name":"3rd St & Thurlow St","routes":["119"]}},{"type":"Feature","id":18403,"geometry":{"type":"Point","coordinates":[-75.391047,39.831731]},"properties":{"stop_id":"31052","stop_name":"3rd St & Highland Av","routes":["119"]}},{"type":"Feature","id":18433,"geometry":{"type":"Point","coordinates":[-75.198902,39.9578070000001]},"properties":{"stop_id":"28345","stop_name":"Presbyterian Medical Center","routes":["316"]}},{"type":"Feature","id":18437,"geometry":{"type":"Point","coordinates":[-75.192106,39.955858]},"properties":{"stop_id":"18995","stop_name":"Market St & 34th St - MBNS","routes":["0","316"]}},{"type":"Feature","id":18441,"geometry":{"type":"Point","coordinates":[-75.1913259999999,39.9559190000001]},"properties":{"stop_id":"19026","stop_name":"Market St & 34th St","routes":["0","316"]}},{"type":"Feature","id":18443,"geometry":{"type":"Point","coordinates":[-75.380963,39.838144]},"properties":{"stop_id":"26475","stop_name":"Flower St & 4th St","routes":["119"]}},{"type":"Feature","id":18445,"geometry":{"type":"Point","coordinates":[-75.199079,39.957843]},"properties":{"stop_id":"28329","stop_name":"Presbyterian Medical Center","routes":["316"]}},{"type":"Feature","id":18447,"geometry":{"type":"Point","coordinates":[-75.382977,39.8406610000001]},"properties":{"stop_id":"26477","stop_name":"Flower St & 7th St","routes":["119"]}},{"type":"Feature","id":18450,"geometry":{"type":"Point","coordinates":[-75.3822459999999,39.8411340000001]},"properties":{"stop_id":"26478","stop_name":"7th St & Edwards St","routes":["119"]}},{"type":"Feature","id":18467,"geometry":{"type":"Point","coordinates":[-75.241723,39.945098]},"properties":{"stop_id":"31761","stop_name":"59th St & Baltimore Av - FS school trip","routes":["409"]}},{"type":"Feature","id":18478,"geometry":{"type":"Point","coordinates":[-75.3741419999999,39.845423]},"properties":{"stop_id":"31908","stop_name":"7th St & Pusey St","routes":["119"]}},{"type":"Feature","id":18482,"geometry":{"type":"Point","coordinates":[-75.372869,39.845851]},"properties":{"stop_id":"26486","stop_name":"7th St & Lincoln St","routes":["119"]}},{"type":"Feature","id":18486,"geometry":{"type":"Point","coordinates":[-75.3716889999999,39.8462880000001]},"properties":{"stop_id":"31909","stop_name":"7th St & Butler St","routes":["119"]}},{"type":"Feature","id":18490,"geometry":{"type":"Point","coordinates":[-75.370592,39.8466530000001]},"properties":{"stop_id":"26488","stop_name":"7th St & Kerlin St","routes":["119"]}},{"type":"Feature","id":18494,"geometry":{"type":"Point","coordinates":[-75.369377,39.847045]},"properties":{"stop_id":"31903","stop_name":"7th St & Parker St","routes":["119"]}},{"type":"Feature","id":18525,"geometry":{"type":"Point","coordinates":[-75.230599,39.9282670000001]},"properties":{"stop_id":"303","stop_name":"Woodland Av & 62nd St","routes":["0","409","415"]}},{"type":"Feature","id":18529,"geometry":{"type":"Point","coordinates":[-75.2316749999999,39.9275190000001]},"properties":{"stop_id":"20751","stop_name":"Woodland Av & 63rd St","routes":["0","409","415"]}},{"type":"Feature","id":18530,"geometry":{"type":"Point","coordinates":[-75.510522,39.950301]},"properties":{"stop_id":"31156","stop_name":"Street Rd & Middletown Rd","routes":["120"]}},{"type":"Feature","id":18537,"geometry":{"type":"Point","coordinates":[-75.2342889999999,39.9256840000001]},"properties":{"stop_id":"20753","stop_name":"Woodland Av & 65th St","routes":["0","409","415"]}},{"type":"Feature","id":18543,"geometry":{"type":"Point","coordinates":[-75.489479,39.964405]},"properties":{"stop_id":"18936","stop_name":"Street Rd & West Chester Pk","routes":["120"]}},{"type":"Feature","id":18704,"geometry":{"type":"Point","coordinates":[-75.339399,39.975787]},"properties":{"stop_id":"32381","stop_name":"Crozer Keystone at Broomall","routes":["120"]}},{"type":"Feature","id":18737,"geometry":{"type":"Point","coordinates":[-75.2246729999999,39.932309]},"properties":{"stop_id":"20718","stop_name":"Woodland Av & 58th St","routes":["0","411"]}},{"type":"Feature","id":18741,"geometry":{"type":"Point","coordinates":[-75.223289,39.933297]},"properties":{"stop_id":"20719","stop_name":"Woodland Av & 57th St","routes":["0","411"]}},{"type":"Feature","id":18753,"geometry":{"type":"Point","coordinates":[-75.219054,39.936262]},"properties":{"stop_id":"20722","stop_name":"Woodland Av & 54th St","routes":["0","411"]}},{"type":"Feature","id":18831,"geometry":{"type":"Point","coordinates":[-75.2131919999999,39.9576900000001]},"properties":{"stop_id":"30941","stop_name":"46th St & Ludlow St","routes":["411","415"]}},{"type":"Feature","id":18847,"geometry":{"type":"Point","coordinates":[-75.227181,39.934848]},"properties":{"stop_id":"31774","stop_name":"Kingsessinging Av & 58th St","routes":["415"]}},{"type":"Feature","id":18871,"geometry":{"type":"Point","coordinates":[-75.0974189999999,40.0138250000001]},"properties":{"stop_id":"17634","stop_name":"Castor Av & Wingohocking St","routes":["495"]}},{"type":"Feature","id":18906,"geometry":{"type":"Point","coordinates":[-75.111976,40.012113]},"properties":{"stop_id":"20381","stop_name":"Hunting Park Av & G St","routes":["495"]}},{"type":"Feature","id":18926,"geometry":{"type":"Point","coordinates":[-75.132849,40.0147880000001]},"properties":{"stop_id":"32325","stop_name":"Hunting Park Av & 3rd St - FS","routes":["495"]}},{"type":"Feature","id":18928,"geometry":{"type":"Point","coordinates":[-75.2427729999999,39.9135600000001]},"properties":{"stop_id":"20919","stop_name":"Elmwood Av & Island Av","routes":["0","415"]}},{"type":"Feature","id":18985,"geometry":{"type":"Point","coordinates":[-75.173804,39.905424]},"properties":{"stop_id":"32134","stop_name":"NRG Station","routes":["0"]}},{"type":"Feature","id":18989,"geometry":{"type":"Point","coordinates":[-75.1713319999999,39.9167800000001]},"properties":{"stop_id":"32135","stop_name":"Oregon","routes":["0"]}},{"type":"Feature","id":18993,"geometry":{"type":"Point","coordinates":[-75.169652,39.9243710000001]},"properties":{"stop_id":"32136","stop_name":"Snyder","routes":["0"]}},{"type":"Feature","id":18997,"geometry":{"type":"Point","coordinates":[-75.1684749999999,39.929804]},"properties":{"stop_id":"32137","stop_name":"Tasker-Morris","routes":["0"]}},{"type":"Feature","id":19001,"geometry":{"type":"Point","coordinates":[-75.1670819999999,39.936173]},"properties":{"stop_id":"32138","stop_name":"Ellsworth-Federal","routes":["0"]}},{"type":"Feature","id":19005,"geometry":{"type":"Point","coordinates":[-75.165377,39.9440680000001]},"properties":{"stop_id":"32139","stop_name":"Lombard-South","routes":["0"]}},{"type":"Feature","id":19010,"geometry":{"type":"Point","coordinates":[-75.164368,39.9487340000001]},"properties":{"stop_id":"32140","stop_name":"Walnut-Locust","routes":["0"]}},{"type":"Feature","id":19013,"geometry":{"type":"Point","coordinates":[-75.164053,39.9524640000001]},"properties":{"stop_id":"33030","stop_name":"15th St/City Hall","routes":["0"]}},{"type":"Feature","id":19017,"geometry":{"type":"Point","coordinates":[-75.162589,39.9570210000001]},"properties":{"stop_id":"32142","stop_name":"Race-Vine","routes":["0"]}},{"type":"Feature","id":19021,"geometry":{"type":"Point","coordinates":[-75.161388,39.9623740000001]},"properties":{"stop_id":"32143","stop_name":"Broad-Spring Garden","routes":["0"]}},{"type":"Feature","id":19025,"geometry":{"type":"Point","coordinates":[-75.160379,39.9670300000001]},"properties":{"stop_id":"32146","stop_name":"Fairmount","routes":["0"]}},{"type":"Feature","id":19029,"geometry":{"type":"Point","coordinates":[-75.159393,39.971464]},"properties":{"stop_id":"32147","stop_name":"Broad-Girard","routes":["0"]}},{"type":"Feature","id":19033,"geometry":{"type":"Point","coordinates":[-75.157842,39.978663]},"properties":{"stop_id":"32148","stop_name":"Cecil B. Moore","routes":["0"]}},{"type":"Feature","id":19037,"geometry":{"type":"Point","coordinates":[-75.1560269999999,39.987022]},"properties":{"stop_id":"32149","stop_name":"Susquehanna-Dauphin","routes":["0"]}},{"type":"Feature","id":19041,"geometry":{"type":"Point","coordinates":[-75.154547,39.9939350000001]},"properties":{"stop_id":"32150","stop_name":"North Philadelphia","routes":["0"]}},{"type":"Feature","id":19045,"geometry":{"type":"Point","coordinates":[-75.1528279999999,40.001589]},"properties":{"stop_id":"32151","stop_name":"Broad-Allegheny","routes":["0"]}},{"type":"Feature","id":19049,"geometry":{"type":"Point","coordinates":[-75.151155,40.009234]},"properties":{"stop_id":"32152","stop_name":"Erie","routes":["0"]}},{"type":"Feature","id":19054,"geometry":{"type":"Point","coordinates":[-75.1478089999999,40.0245600000001]},"properties":{"stop_id":"32154","stop_name":"Wyoming","routes":["0"]}},{"type":"Feature","id":19059,"geometry":{"type":"Point","coordinates":[-75.146485,40.0306170000001]},"properties":{"stop_id":"32155","stop_name":"Logan","routes":["0"]}},{"type":"Feature","id":19063,"geometry":{"type":"Point","coordinates":[-75.1446549999999,40.0390390000001]},"properties":{"stop_id":"33028","stop_name":"Olney Transit Center","routes":["0"]}},{"type":"Feature","id":19075,"geometry":{"type":"Point","coordinates":[-75.144808,40.039075]},"properties":{"stop_id":"33027","stop_name":"Olney Transit Center","routes":["0"]}},{"type":"Feature","id":19079,"geometry":{"type":"Point","coordinates":[-75.14658,40.0306180000001]},"properties":{"stop_id":"1272","stop_name":"Logan","routes":["0"]}},{"type":"Feature","id":19083,"geometry":{"type":"Point","coordinates":[-75.147904,40.0245600000001]},"properties":{"stop_id":"1273","stop_name":"Wyoming","routes":["0"]}},{"type":"Feature","id":19091,"geometry":{"type":"Point","coordinates":[-75.1512499999999,40.009234]},"properties":{"stop_id":"140","stop_name":"Erie","routes":["0"]}},{"type":"Feature","id":19095,"geometry":{"type":"Point","coordinates":[-75.152922,40.001589]},"properties":{"stop_id":"142","stop_name":"Broad-Allegheny","routes":["0"]}},{"type":"Feature","id":19097,"geometry":{"type":"Point","coordinates":[-75.4899159999999,39.9644220000001]},"properties":{"stop_id":"18917","stop_name":"Street Rd & West Chester Pk - FS","routes":["120"]}},{"type":"Feature","id":19099,"geometry":{"type":"Point","coordinates":[-75.1546289999999,39.9939440000001]},"properties":{"stop_id":"2439","stop_name":"North Philadelphia","routes":["0"]}},{"type":"Feature","id":19102,"geometry":{"type":"Point","coordinates":[-75.156109,39.9870310000001]},"properties":{"stop_id":"1276","stop_name":"Susquehanna-Dauphin","routes":["0"]}},{"type":"Feature","id":19107,"geometry":{"type":"Point","coordinates":[-75.157925,39.9786720000001]},"properties":{"stop_id":"1277","stop_name":"Cecil B. Moore","routes":["0"]}},{"type":"Feature","id":19109,"geometry":{"type":"Point","coordinates":[-75.51064,39.95039]},"properties":{"stop_id":"31155","stop_name":"Street Rd & Middletown Rd - FS","routes":["120"]}},{"type":"Feature","id":19111,"geometry":{"type":"Point","coordinates":[-75.159488,39.9714730000001]},"properties":{"stop_id":"20966","stop_name":"Broad-Girard","routes":["0"]}},{"type":"Feature","id":19115,"geometry":{"type":"Point","coordinates":[-75.1604609999999,39.967039]},"properties":{"stop_id":"1278","stop_name":"Fairmount","routes":["0"]}},{"type":"Feature","id":19119,"geometry":{"type":"Point","coordinates":[-75.1614709999999,39.9623920000001]},"properties":{"stop_id":"1279","stop_name":"Broad-Spring Garden","routes":["0"]}},{"type":"Feature","id":19123,"geometry":{"type":"Point","coordinates":[-75.1626009999999,39.95703]},"properties":{"stop_id":"1280","stop_name":"Race-Vine","routes":["0"]}},{"type":"Feature","id":19127,"geometry":{"type":"Point","coordinates":[-75.1641319999999,39.9524730000001]},"properties":{"stop_id":"33029","stop_name":"15th St/City Hall","routes":["0"]}},{"type":"Feature","id":19131,"geometry":{"type":"Point","coordinates":[-75.164462,39.9487340000001]},"properties":{"stop_id":"1282","stop_name":"Walnut-Locust","routes":["0"]}},{"type":"Feature","id":19135,"geometry":{"type":"Point","coordinates":[-75.165471,39.944077]},"properties":{"stop_id":"1283","stop_name":"Lombard-South","routes":["0"]}},{"type":"Feature","id":19139,"geometry":{"type":"Point","coordinates":[-75.167177,39.936182]},"properties":{"stop_id":"1284","stop_name":"Ellsworth-Federal","routes":["0"]}},{"type":"Feature","id":19143,"geometry":{"type":"Point","coordinates":[-75.16857,39.929813]},"properties":{"stop_id":"1285","stop_name":"Tasker-Morris","routes":["0"]}},{"type":"Feature","id":19148,"geometry":{"type":"Point","coordinates":[-75.1697579999999,39.92438]},"properties":{"stop_id":"1286","stop_name":"Snyder","routes":["0"]}},{"type":"Feature","id":19195,"geometry":{"type":"Point","coordinates":[-75.171414,39.916789]},"properties":{"stop_id":"20967","stop_name":"Oregon","routes":["0"]}},{"type":"Feature","id":19198,"geometry":{"type":"Point","coordinates":[-75.17391,39.9054330000001]},"properties":{"stop_id":"152","stop_name":"NRG Station","routes":["0"]}},{"type":"Feature","id":19219,"geometry":{"type":"Point","coordinates":[-75.258012,39.962812]},"properties":{"stop_id":"33114","stop_name":"69th St TC North Berth 5","routes":["123"]}},{"type":"Feature","id":19390,"geometry":{"type":"Point","coordinates":[-75.1653929999999,39.9524930000001]},"properties":{"stop_id":"31564","stop_name":"15th St & Market St - FS","routes":["0"]}},{"type":"Feature","id":19393,"geometry":{"type":"Point","coordinates":[-75.10219,39.9991200000001]},"properties":{"stop_id":"17749","stop_name":"Venango St & Emerald St","routes":["428"]}},{"type":"Feature","id":19397,"geometry":{"type":"Point","coordinates":[-75.1014029999999,39.998234]},"properties":{"stop_id":"17752","stop_name":"Venango St & Frankford Av","routes":["428"]}},{"type":"Feature","id":19408,"geometry":{"type":"Point","coordinates":[-75.101954,39.9990570000001]},"properties":{"stop_id":"17830","stop_name":"Venango St & Emerald Av","routes":["428"]}},{"type":"Feature","id":19416,"geometry":{"type":"Point","coordinates":[-75.103976,40.001374]},"properties":{"stop_id":"31122","stop_name":"Venango St & Kensington Av","routes":["428"]}},{"type":"Feature","id":19454,"geometry":{"type":"Point","coordinates":[-75.164059,39.9524640000001]},"properties":{"stop_id":"32141","stop_name":"15th St/City Hall","routes":["0"]}},{"type":"Feature","id":19474,"geometry":{"type":"Point","coordinates":[-75.1446779999999,40.0390390000001]},"properties":{"stop_id":"32156","stop_name":"Olney Transit Center","routes":["0"]}},{"type":"Feature","id":19475,"geometry":{"type":"Point","coordinates":[-75.12801,40.007574]},"properties":{"stop_id":"31486","stop_name":"Erie Av & Front St - MBFS","routes":["428"]}},{"type":"Feature","id":19486,"geometry":{"type":"Point","coordinates":[-75.1447489999999,40.039066]},"properties":{"stop_id":"82","stop_name":"Olney Transit Center","routes":["0"]}},{"type":"Feature","id":19503,"geometry":{"type":"Point","coordinates":[-75.1641289999999,39.9524730000001]},"properties":{"stop_id":"1281","stop_name":"15th St/City Hall","routes":["0"]}},{"type":"Feature","id":19515,"geometry":{"type":"Point","coordinates":[-75.153542,39.9511380000001]},"properties":{"stop_id":"32144","stop_name":"8th-Market","routes":["0"]}},{"type":"Feature","id":19519,"geometry":{"type":"Point","coordinates":[-75.1527,39.955027]},"properties":{"stop_id":"32145","stop_name":"Chinatown","routes":["0"]}},{"type":"Feature","id":19572,"geometry":{"type":"Point","coordinates":[-75.152795,39.955028]},"properties":{"stop_id":"2440","stop_name":"Chinatown","routes":["0"]}},{"type":"Feature","id":19576,"geometry":{"type":"Point","coordinates":[-75.1536359999999,39.9511380000001]},"properties":{"stop_id":"21531","stop_name":"8th-Market","routes":["0"]}},{"type":"Feature","id":19801,"geometry":{"type":"Point","coordinates":[-75.0529989999999,40.043778]},"properties":{"stop_id":"17679","stop_name":"Cottman Av & Revere St","routes":["433"]}},{"type":"Feature","id":19823,"geometry":{"type":"Point","coordinates":[-75.393998,39.9184780000001]},"properties":{"stop_id":"1948","stop_name":"Orange St/Media","routes":["0"]}},{"type":"Feature","id":19842,"geometry":{"type":"Point","coordinates":[-75.181541,39.954552]},"properties":{"stop_id":"21529","stop_name":"Market St & Schuylkill Av","routes":["125"]}},{"type":"Feature","id":19844,"geometry":{"type":"Point","coordinates":[-75.380614,39.9166260000001]},"properties":{"stop_id":"1949","stop_name":"Providence Rd/Media","routes":["0"]}},{"type":"Feature","id":19845,"geometry":{"type":"Point","coordinates":[-75.179251,39.954253]},"properties":{"stop_id":"10285","stop_name":"Market St & 24th St","routes":["125"]}},{"type":"Feature","id":19847,"geometry":{"type":"Point","coordinates":[-75.376861,39.916071]},"properties":{"stop_id":"18620","stop_name":"Beatty Rd","routes":["0"]}},{"type":"Feature","id":19848,"geometry":{"type":"Point","coordinates":[-75.1779289999999,39.9540900000001]},"properties":{"stop_id":"10283","stop_name":"Market St & 23rd St","routes":["125"]}},{"type":"Feature","id":19850,"geometry":{"type":"Point","coordinates":[-75.369922,39.9148720000001]},"properties":{"stop_id":"15366","stop_name":"Pine Ridge","routes":["0"]}},{"type":"Feature","id":19859,"geometry":{"type":"Point","coordinates":[-75.348992,39.918011]},"properties":{"stop_id":"1951","stop_name":"Springfield Mall","routes":["0"]}},{"type":"Feature","id":19907,"geometry":{"type":"Point","coordinates":[-75.17938,39.954432]},"properties":{"stop_id":"21536","stop_name":"Market St & 24th St - MBFS","routes":["125"]}},{"type":"Feature","id":20001,"geometry":{"type":"Point","coordinates":[-75.2273089999999,39.947842]},"properties":{"stop_id":"20888","stop_name":"Baltimore Av & 52nd St","routes":["0"]}},{"type":"Feature","id":20005,"geometry":{"type":"Point","coordinates":[-75.235519,39.946936]},"properties":{"stop_id":"20892","stop_name":"Baltimore Av & 56th St","routes":["0"]}},{"type":"Feature","id":20007,"geometry":{"type":"Point","coordinates":[-75.2399369999999,39.945988]},"properties":{"stop_id":"20894","stop_name":"Baltimore Av & 58th St","routes":["0"]}},{"type":"Feature","id":20008,"geometry":{"type":"Point","coordinates":[-75.241698,39.945411]},"properties":{"stop_id":"20895","stop_name":"Baltimore Av & 59th St","routes":["0"]}},{"type":"Feature","id":20009,"geometry":{"type":"Point","coordinates":[-75.244322,39.944468]},"properties":{"stop_id":"20896","stop_name":"Baltimore Av & 60th St","routes":["0"]}},{"type":"Feature","id":20011,"geometry":{"type":"Point","coordinates":[-75.246245,39.917304]},"properties":{"stop_id":"304","stop_name":"Woodland Av & Island Av","routes":["0"]}},{"type":"Feature","id":20013,"geometry":{"type":"Point","coordinates":[-75.262376,39.9190850000001]},"properties":{"stop_id":"305","stop_name":"Darby Transit Center","routes":["0"]}},{"type":"Feature","id":20014,"geometry":{"type":"Point","coordinates":[-75.2618449999999,39.9189240000001]},"properties":{"stop_id":"32523","stop_name":"9th St & Main St - MBFS","routes":["0"]}},{"type":"Feature","id":20025,"geometry":{"type":"Point","coordinates":[-75.244762,39.929359]},"properties":{"stop_id":"20779","stop_name":"Chester Av & 65th St","routes":["0"]}},{"type":"Feature","id":20026,"geometry":{"type":"Point","coordinates":[-75.24108,39.9290500000001]},"properties":{"stop_id":"20781","stop_name":"65th St & Belmar Av","routes":["0"]}},{"type":"Feature","id":20034,"geometry":{"type":"Point","coordinates":[-75.229944,39.9347540000001]},"properties":{"stop_id":"20788","stop_name":"Chester Av & 59th St","routes":["0"]}},{"type":"Feature","id":20043,"geometry":{"type":"Point","coordinates":[-75.216622,39.944041]},"properties":{"stop_id":"321","stop_name":"Chester Av & 49th St","routes":["0"]}},{"type":"Feature","id":20044,"geometry":{"type":"Point","coordinates":[-75.215344,39.944958]},"properties":{"stop_id":"20789","stop_name":"Chester Av & 48th St","routes":["0"]}},{"type":"Feature","id":20046,"geometry":{"type":"Point","coordinates":[-75.212682,39.946827]},"properties":{"stop_id":"20799","stop_name":"Chester Av & 46th St","routes":["0"]}},{"type":"Feature","id":20047,"geometry":{"type":"Point","coordinates":[-75.211428,39.9477]},"properties":{"stop_id":"20800","stop_name":"Chester Av & 45th St","routes":["0"]}},{"type":"Feature","id":20048,"geometry":{"type":"Point","coordinates":[-75.2091349999999,39.948356]},"properties":{"stop_id":"20801","stop_name":"Chester Av & 43rd St","routes":["0"]}},{"type":"Feature","id":20049,"geometry":{"type":"Point","coordinates":[-75.207151,39.948424]},"properties":{"stop_id":"20802","stop_name":"Chester Av & 42nd St","routes":["0"]}},{"type":"Feature","id":20050,"geometry":{"type":"Point","coordinates":[-75.203333,39.949533]},"properties":{"stop_id":"20804","stop_name":"40th St Portal","routes":["0"]}},{"type":"Feature","id":20059,"geometry":{"type":"Point","coordinates":[-75.196586,39.950993]},"properties":{"stop_id":"20731","stop_name":"37th-Spruce","routes":["0"]}},{"type":"Feature","id":20060,"geometry":{"type":"Point","coordinates":[-75.194533,39.953854]},"properties":{"stop_id":"20732","stop_name":"36th-Sansom","routes":["0"]}},{"type":"Feature","id":20061,"geometry":{"type":"Point","coordinates":[-75.189523,39.9547820000001]},"properties":{"stop_id":"20642","stop_name":"33rd St","routes":["0"]}},{"type":"Feature","id":20063,"geometry":{"type":"Point","coordinates":[-75.1767359999999,39.953962]},"properties":{"stop_id":"20645","stop_name":"22nd St","routes":["0"]}},{"type":"Feature","id":20064,"geometry":{"type":"Point","coordinates":[-75.171637,39.9533270000001]},"properties":{"stop_id":"20646","stop_name":"19th St","routes":["0"]}},{"type":"Feature","id":20065,"geometry":{"type":"Point","coordinates":[-75.1653689999999,39.952502]},"properties":{"stop_id":"31140","stop_name":"15th St/City Hall","routes":["0"]}},{"type":"Feature","id":20068,"geometry":{"type":"Point","coordinates":[-75.1653449999999,39.9526720000001]},"properties":{"stop_id":"20659","stop_name":"15th St/City Hall","routes":["0"]}},{"type":"Feature","id":20069,"geometry":{"type":"Point","coordinates":[-75.171483,39.953425]},"properties":{"stop_id":"20660","stop_name":"19th St","routes":["0"]}},{"type":"Feature","id":20070,"geometry":{"type":"Point","coordinates":[-75.176571,39.954051]},"properties":{"stop_id":"20661","stop_name":"22nd St","routes":["0"]}},{"type":"Feature","id":20072,"geometry":{"type":"Point","coordinates":[-75.189499,39.954871]},"properties":{"stop_id":"20658","stop_name":"33rd St","routes":["0"]}},{"type":"Feature","id":20073,"geometry":{"type":"Point","coordinates":[-75.194722,39.9538900000001]},"properties":{"stop_id":"20733","stop_name":"36th-Sansom","routes":["0"]}},{"type":"Feature","id":20074,"geometry":{"type":"Point","coordinates":[-75.197306,39.9510480000001]},"properties":{"stop_id":"20734","stop_name":"37th-Spruce","routes":["0"]}},{"type":"Feature","id":20075,"geometry":{"type":"Point","coordinates":[-75.203333,39.9495950000001]},"properties":{"stop_id":"301","stop_name":"40th St Portal","routes":["0"]}},{"type":"Feature","id":20086,"geometry":{"type":"Point","coordinates":[-75.208945,39.9484810000001]},"properties":{"stop_id":"20808","stop_name":"Chester Av & 43rd St","routes":["0"]}},{"type":"Feature","id":20087,"geometry":{"type":"Point","coordinates":[-75.211403,39.9478780000001]},"properties":{"stop_id":"20809","stop_name":"Chester Av & 45th St","routes":["0"]}},{"type":"Feature","id":20088,"geometry":{"type":"Point","coordinates":[-75.212658,39.947006]},"properties":{"stop_id":"20810","stop_name":"Chester Av & 46th St","routes":["0"]}},{"type":"Feature","id":20089,"geometry":{"type":"Point","coordinates":[-75.213959,39.9460800000001]},"properties":{"stop_id":"20811","stop_name":"Chester Av & 47th St","routes":["0"]}},{"type":"Feature","id":20090,"geometry":{"type":"Point","coordinates":[-75.2152849999999,39.9451540000001]},"properties":{"stop_id":"20812","stop_name":"Chester Av & 48th St","routes":["0"]}},{"type":"Feature","id":20091,"geometry":{"type":"Point","coordinates":[-75.216527,39.9442810000001]},"properties":{"stop_id":"322","stop_name":"Chester Av & 49th St","routes":["0"]}},{"type":"Feature","id":20092,"geometry":{"type":"Point","coordinates":[-75.219012,39.9425190000001]},"properties":{"stop_id":"20814","stop_name":"Chester Av & 51st St","routes":["0"]}},{"type":"Feature","id":20099,"geometry":{"type":"Point","coordinates":[-75.2284999999999,39.9358320000001]},"properties":{"stop_id":"323","stop_name":"Chester Av & 58th St","routes":["0"]}},{"type":"Feature","id":20100,"geometry":{"type":"Point","coordinates":[-75.2298489999999,39.9349500000001]},"properties":{"stop_id":"20821","stop_name":"Chester Av & 59th St","routes":["0"]}},{"type":"Feature","id":20108,"geometry":{"type":"Point","coordinates":[-75.2408789999999,39.929104]},"properties":{"stop_id":"31218","stop_name":"65th St & Belmar St","routes":["0"]}},{"type":"Feature","id":20109,"geometry":{"type":"Point","coordinates":[-75.244703,39.929565]},"properties":{"stop_id":"21209","stop_name":"Chester Av & 65th St - FS","routes":["0"]}},{"type":"Feature","id":20121,"geometry":{"type":"Point","coordinates":[-75.263141,39.9201210000001]},"properties":{"stop_id":"30866","stop_name":"10th St & Main St","routes":["0"]}},{"type":"Feature","id":20124,"geometry":{"type":"Point","coordinates":[-75.260053,39.9180910000001]},"properties":{"stop_id":"24568","stop_name":"Main St & Mill St","routes":["0"]}},{"type":"Feature","id":20132,"geometry":{"type":"Point","coordinates":[-75.2463759999999,39.9170990000001]},"properties":{"stop_id":"20704","stop_name":"Woodland Av & Island Av","routes":["0"]}},{"type":"Feature","id":20133,"geometry":{"type":"Point","coordinates":[-75.244412,39.9184320000001]},"properties":{"stop_id":"20705","stop_name":"Woodland Av & 72nd St","routes":["0"]}},{"type":"Feature","id":20134,"geometry":{"type":"Point","coordinates":[-75.243077,39.919361]},"properties":{"stop_id":"20706","stop_name":"Woodland Av & 71st St","routes":["0"]}},{"type":"Feature","id":20139,"geometry":{"type":"Point","coordinates":[-75.2356139999999,39.9246150000001]},"properties":{"stop_id":"20711","stop_name":"Woodland Av & 66th St","routes":["0"]}},{"type":"Feature","id":20140,"geometry":{"type":"Point","coordinates":[-75.2343959999999,39.9254790000001]},"properties":{"stop_id":"20712","stop_name":"Woodland Av & 65th St","routes":["0"]}},{"type":"Feature","id":20141,"geometry":{"type":"Point","coordinates":[-75.233142,39.9263520000001]},"properties":{"stop_id":"20713","stop_name":"Woodland Av & 64th St","routes":["0"]}},{"type":"Feature","id":20142,"geometry":{"type":"Point","coordinates":[-75.231782,39.9273140000001]},"properties":{"stop_id":"20714","stop_name":"Woodland Av & 63rd St","routes":["0"]}},{"type":"Feature","id":20143,"geometry":{"type":"Point","coordinates":[-75.230765,39.9280170000001]},"properties":{"stop_id":"20715","stop_name":"Woodland Av & 62nd St","routes":["0"]}},{"type":"Feature","id":20152,"geometry":{"type":"Point","coordinates":[-75.217681,39.937242]},"properties":{"stop_id":"21208","stop_name":"Woodland Av & 53rd St","routes":["0"]}},{"type":"Feature","id":20155,"geometry":{"type":"Point","coordinates":[-75.2139069999999,39.9398860000001]},"properties":{"stop_id":"20725","stop_name":"Woodland Av & 50th St","routes":["0"]}},{"type":"Feature","id":20156,"geometry":{"type":"Point","coordinates":[-75.212665,39.940767]},"properties":{"stop_id":"297","stop_name":"Woodland Av & 49th St","routes":["0"]}},{"type":"Feature","id":20157,"geometry":{"type":"Point","coordinates":[-75.2117279999999,39.9419530000001]},"properties":{"stop_id":"20726","stop_name":"Woodland Av & 48th St","routes":["0"]}},{"type":"Feature","id":20158,"geometry":{"type":"Point","coordinates":[-75.210839,39.943245]},"properties":{"stop_id":"20958","stop_name":"Woodland Av & 47th St","routes":["0"]}},{"type":"Feature","id":20159,"geometry":{"type":"Point","coordinates":[-75.209797,39.944323]},"properties":{"stop_id":"20727","stop_name":"Woodland Av & 46th St","routes":["0"]}},{"type":"Feature","id":20161,"geometry":{"type":"Point","coordinates":[-75.207121,39.946675]},"properties":{"stop_id":"20729","stop_name":"Woodland Av & 42nd St","routes":["0"]}},{"type":"Feature","id":20197,"geometry":{"type":"Point","coordinates":[-75.2069069999999,39.946987]},"properties":{"stop_id":"20736","stop_name":"Woodland Av & 42nd St","routes":["0"]}},{"type":"Feature","id":20199,"geometry":{"type":"Point","coordinates":[-75.2097249999999,39.944537]},"properties":{"stop_id":"20739","stop_name":"Woodland Av & 46th St","routes":["0"]}},{"type":"Feature","id":20200,"geometry":{"type":"Point","coordinates":[-75.211716,39.9421760000001]},"properties":{"stop_id":"20740","stop_name":"Woodland Av & 48th St","routes":["0"]}},{"type":"Feature","id":20201,"geometry":{"type":"Point","coordinates":[-75.2125819999999,39.940955]},"properties":{"stop_id":"302","stop_name":"Woodland Av & 49th St","routes":["0"]}},{"type":"Feature","id":20206,"geometry":{"type":"Point","coordinates":[-75.218947,39.9364850000001]},"properties":{"stop_id":"20744","stop_name":"Woodland Av & 54th St","routes":["0"]}},{"type":"Feature","id":20207,"geometry":{"type":"Point","coordinates":[-75.220308,39.935524]},"properties":{"stop_id":"20745","stop_name":"Woodland Av & 55th St","routes":["0"]}},{"type":"Feature","id":20210,"geometry":{"type":"Point","coordinates":[-75.2244479999999,39.9326300000001]},"properties":{"stop_id":"20748","stop_name":"Woodland Av & 58th St","routes":["0"]}},{"type":"Feature","id":20217,"geometry":{"type":"Point","coordinates":[-75.235531,39.924803]},"properties":{"stop_id":"20754","stop_name":"Woodland Av & 66th St","routes":["0"]}},{"type":"Feature","id":20222,"geometry":{"type":"Point","coordinates":[-75.242958,39.919584]},"properties":{"stop_id":"20759","stop_name":"Woodland Av & 71st St","routes":["0"]}},{"type":"Feature","id":20232,"geometry":{"type":"Point","coordinates":[-75.2606079999999,39.9182440000001]},"properties":{"stop_id":"25241","stop_name":"Main St & Powell Av","routes":["0"]}},{"type":"Feature","id":20328,"geometry":{"type":"Point","coordinates":[-75.2392599999999,39.8987480000001]},"properties":{"stop_id":"612","stop_name":"80th St/Eastwick","routes":["0"]}},{"type":"Feature","id":20329,"geometry":{"type":"Point","coordinates":[-75.23927,39.8994710000001]},"properties":{"stop_id":"605","stop_name":"Island Av & Suffolk Av - M","routes":["0"]}},{"type":"Feature","id":20330,"geometry":{"type":"Point","coordinates":[-75.240461,39.904257]},"properties":{"stop_id":"20927","stop_name":"Island Av & Lindbergh Blvd","routes":["0"]}},{"type":"Feature","id":20331,"geometry":{"type":"Point","coordinates":[-75.2420289999999,39.9091500000001]},"properties":{"stop_id":"20929","stop_name":"Island Av & Tanager St - F","routes":["0"]}},{"type":"Feature","id":20332,"geometry":{"type":"Point","coordinates":[-75.242667,39.913399]},"properties":{"stop_id":"20931","stop_name":"Elmwood Av & Island Av - M","routes":["0"]}},{"type":"Feature","id":20333,"geometry":{"type":"Point","coordinates":[-75.242642,39.9140150000001]},"properties":{"stop_id":"611","stop_name":"Elmwood Loop","routes":["0"]}},{"type":"Feature","id":20334,"geometry":{"type":"Point","coordinates":[-75.241816,39.9141290000001]},"properties":{"stop_id":"20932","stop_name":"Elmwood Av & 73rd St","routes":["0"]}},{"type":"Feature","id":20337,"geometry":{"type":"Point","coordinates":[-75.237452,39.91713]},"properties":{"stop_id":"20935","stop_name":"Elmwood Av & 70th St","routes":["0"]}},{"type":"Feature","id":20401,"geometry":{"type":"Point","coordinates":[-75.211652,39.9399800000001]},"properties":{"stop_id":"20897","stop_name":"49th St & Paschall Av","routes":["0"]}},{"type":"Feature","id":20420,"geometry":{"type":"Point","coordinates":[-75.237428,39.917327]},"properties":{"stop_id":"20916","stop_name":"Elmwood Av & 70th St","routes":["0"]}},{"type":"Feature","id":20426,"geometry":{"type":"Point","coordinates":[-75.2420999999999,39.9091320000001]},"properties":{"stop_id":"20921","stop_name":"Island Av & Tanager St","routes":["0"]}},{"type":"Feature","id":20427,"geometry":{"type":"Point","coordinates":[-75.240403,39.9038550000001]},"properties":{"stop_id":"20923","stop_name":"Island Av & Lindbergh Blvd","routes":["0"]}},{"type":"Feature","id":20428,"geometry":{"type":"Point","coordinates":[-75.2393519999999,39.899525]},"properties":{"stop_id":"24738","stop_name":"Island Av & Suffolk Av - M","routes":["0"]}},{"type":"Feature","id":20430,"geometry":{"type":"Point","coordinates":[-75.239435,39.8992750000001]},"properties":{"stop_id":"32648","stop_name":"Island Av & Eastwick Loop","routes":["0"]}},{"type":"Feature","id":20431,"geometry":{"type":"Point","coordinates":[-75.2400939999999,39.9045600000001]},"properties":{"stop_id":"32643","stop_name":"Island Av & Lindbergh Blv","routes":["0"]}},{"type":"Feature","id":20433,"geometry":{"type":"Point","coordinates":[-75.241841,39.909042]},"properties":{"stop_id":"32644","stop_name":"Island Av & Tanager Pl","routes":["0"]}},{"type":"Feature","id":20437,"geometry":{"type":"Point","coordinates":[-75.2419209999999,39.91429]},"properties":{"stop_id":"32649","stop_name":"73rd St & Elmwood Av","routes":["0"]}},{"type":"Feature","id":20515,"geometry":{"type":"Point","coordinates":[-75.2428379999999,39.911141]},"properties":{"stop_id":"32645","stop_name":"Island Av & Buist Av - FS","routes":["0"]}},{"type":"Feature","id":20516,"geometry":{"type":"Point","coordinates":[-75.2416919999999,39.9073730000001]},"properties":{"stop_id":"32646","stop_name":"Island Av & 76th St","routes":["0"]}},{"type":"Feature","id":20517,"geometry":{"type":"Point","coordinates":[-75.240509,39.9037030000001]},"properties":{"stop_id":"32647","stop_name":"Island Av & Lindbergh Blv","routes":["0"]}},{"type":"Feature","id":20525,"geometry":{"type":"Point","coordinates":[-75.315955,39.9471060000001]},"properties":{"stop_id":"18625","stop_name":"Drexelbrook","routes":["0"]}},{"type":"Feature","id":20526,"geometry":{"type":"Point","coordinates":[-75.3126359999999,39.9478260000001]},"properties":{"stop_id":"18626","stop_name":"Anderson Av","routes":["0"]}},{"type":"Feature","id":20530,"geometry":{"type":"Point","coordinates":[-75.2925749999999,39.947012]},"properties":{"stop_id":"1955","stop_name":"Drexel Hill Junction","routes":["0"]}},{"type":"Feature","id":20541,"geometry":{"type":"Point","coordinates":[-75.260572,39.962297]},"properties":{"stop_id":"33110","stop_name":"69th St TC West Trolley Platform","routes":["0"]}},{"type":"Feature","id":20551,"geometry":{"type":"Point","coordinates":[-75.292764,39.9470920000001]},"properties":{"stop_id":"1940","stop_name":"Drexel Hill Junction","routes":["0"]}},{"type":"Feature","id":20555,"geometry":{"type":"Point","coordinates":[-75.312825,39.9479600000001]},"properties":{"stop_id":"18603","stop_name":"Anderson Av","routes":["0"]}},{"type":"Feature","id":20556,"geometry":{"type":"Point","coordinates":[-75.316144,39.9472400000001]},"properties":{"stop_id":"18604","stop_name":"Drexelbrook","routes":["0"]}},{"type":"Feature","id":20564,"geometry":{"type":"Point","coordinates":[-75.3488849999999,39.9182780000001]},"properties":{"stop_id":"1944","stop_name":"Springfield Mall","routes":["0"]}},{"type":"Feature","id":20567,"geometry":{"type":"Point","coordinates":[-75.3700039999999,39.9150240000001]},"properties":{"stop_id":"15358","stop_name":"Pine Ridge","routes":["0"]}},{"type":"Feature","id":20569,"geometry":{"type":"Point","coordinates":[-75.380567,39.9167860000001]},"properties":{"stop_id":"1946","stop_name":"Providence Rd/Media","routes":["0"]}},{"type":"Feature","id":20570,"geometry":{"type":"Point","coordinates":[-75.382738,39.9170550000001]},"properties":{"stop_id":"18609","stop_name":"Manchester Av","routes":["0"]}},{"type":"Feature","id":20584,"geometry":{"type":"Point","coordinates":[-75.381181,39.9167150000001]},"properties":{"stop_id":"32234","stop_name":"State St & Providence Rd","routes":["0"]}},{"type":"Feature","id":20585,"geometry":{"type":"Point","coordinates":[-75.38131,39.9168310000001]},"properties":{"stop_id":"32233","stop_name":"State St & Providence Rd - FS","routes":["0"]}},{"type":"Feature","id":20587,"geometry":{"type":"Point","coordinates":[-75.37724,39.914652]},"properties":{"stop_id":"32107","stop_name":"Baltimore Pk & Sloan Pl","routes":["0"]}},{"type":"Feature","id":20589,"geometry":{"type":"Point","coordinates":[-75.370324,39.913578]},"properties":{"stop_id":"20045","stop_name":"Baltimore Pk & Pine Ridge Ln","routes":["0"]}},{"type":"Feature","id":20597,"geometry":{"type":"Point","coordinates":[-75.324494,39.9460960000001]},"properties":{"stop_id":"14853","stop_name":"State Rd & Township Line Rd - FS","routes":["0"]}},{"type":"Feature","id":20599,"geometry":{"type":"Point","coordinates":[-75.318303,39.948358]},"properties":{"stop_id":"33033","stop_name":"State Rd & Wildell Rd","routes":["0"]}},{"type":"Feature","id":20605,"geometry":{"type":"Point","coordinates":[-75.293059,39.947101]},"properties":{"stop_id":"33023","stop_name":"Shadeland Av & Hillcrest Rd (Drexel Hill Jct Sta)","routes":["0"]}},{"type":"Feature","id":20624,"geometry":{"type":"Point","coordinates":[-75.292859,39.9469760000001]},"properties":{"stop_id":"33024","stop_name":"Shadeland Av & Hillcrest Rd (Drexel Hill Jct Sta)","routes":["0"]}},{"type":"Feature","id":20639,"geometry":{"type":"Point","coordinates":[-75.350897,39.9140760000001]},"properties":{"stop_id":"14836","stop_name":"Springfield Mall","routes":["0"]}},{"type":"Feature","id":20640,"geometry":{"type":"Point","coordinates":[-75.3703829999999,39.9137920000001]},"properties":{"stop_id":"4636","stop_name":"Baltimore Pike & Pine Ridge Rd - FS","routes":["0"]}},{"type":"Feature","id":20643,"geometry":{"type":"Point","coordinates":[-75.3785139999999,39.915054]},"properties":{"stop_id":"32232","stop_name":"Baltimore Pk & Beatty Rd","routes":["0"]}},{"type":"Feature","id":20652,"geometry":{"type":"Point","coordinates":[-75.278314,39.9066730000001]},"properties":{"stop_id":"20431","stop_name":"Chester Pike/Sharon Hill","routes":["0"]}},{"type":"Feature","id":20720,"geometry":{"type":"Point","coordinates":[-75.292588,39.9464140000001]},"properties":{"stop_id":"14866","stop_name":"Garrett Rd & Shadeland Av","routes":["0"]}},{"type":"Feature","id":20739,"geometry":{"type":"Point","coordinates":[-75.2927769999999,39.946494]},"properties":{"stop_id":"14861","stop_name":"Garrett Rd & Shadeland Av - FS","routes":["0"]}},{"type":"Feature","id":20763,"geometry":{"type":"Point","coordinates":[-75.239366,39.969897]},"properties":{"stop_id":"21048","stop_name":"Girard Av & 60th St","routes":["0"]}},{"type":"Feature","id":20764,"geometry":{"type":"Point","coordinates":[-75.237523,39.970099]},"properties":{"stop_id":"349","stop_name":"Girard Av & 59th St","routes":["0"]}},{"type":"Feature","id":20769,"geometry":{"type":"Point","coordinates":[-75.223745,39.971845]},"properties":{"stop_id":"21056","stop_name":"Girard Av & 51st St","routes":["0"]}},{"type":"Feature","id":20772,"geometry":{"type":"Point","coordinates":[-75.211964,39.9732080000001]},"properties":{"stop_id":"21060","stop_name":"Girard Av & Belmont Av - FS","routes":["0"]}},{"type":"Feature","id":20773,"geometry":{"type":"Point","coordinates":[-75.208975,39.9735420000001]},"properties":{"stop_id":"21061","stop_name":"Girard Av & 42nd St","routes":["0"]}},{"type":"Feature","id":20774,"geometry":{"type":"Point","coordinates":[-75.2065279999999,39.973823]},"properties":{"stop_id":"21062","stop_name":"Girard Av & 41st St","routes":["0"]}},{"type":"Feature","id":20775,"geometry":{"type":"Point","coordinates":[-75.204531,39.974043]},"properties":{"stop_id":"350","stop_name":"Girard Av & 40th St","routes":["0"]}},{"type":"Feature","id":20776,"geometry":{"type":"Point","coordinates":[-75.201802,39.974297]},"properties":{"stop_id":"21063","stop_name":"Girard Av & 39th St","routes":["0"]}},{"type":"Feature","id":20777,"geometry":{"type":"Point","coordinates":[-75.1967329999999,39.974841]},"properties":{"stop_id":"30292","stop_name":"Girard Av & 34th St - MBFS","routes":["0"]}},{"type":"Feature","id":20778,"geometry":{"type":"Point","coordinates":[-75.18675,39.9749380000001]},"properties":{"stop_id":"21067","stop_name":"Girard Av & 31st St","routes":["0"]}},{"type":"Feature","id":20779,"geometry":{"type":"Point","coordinates":[-75.183622,39.9744860000001]},"properties":{"stop_id":"21068","stop_name":"Girard Av & 29th St","routes":["0"]}},{"type":"Feature","id":20780,"geometry":{"type":"Point","coordinates":[-75.181969,39.9742860000001]},"properties":{"stop_id":"21069","stop_name":"Girard Av & 28th St","routes":["0"]}},{"type":"Feature","id":20781,"geometry":{"type":"Point","coordinates":[-75.180504,39.974113]},"properties":{"stop_id":"21070","stop_name":"Girard Av & 27th St","routes":["0"]}},{"type":"Feature","id":20782,"geometry":{"type":"Point","coordinates":[-75.1789459999999,39.973896]},"properties":{"stop_id":"21071","stop_name":"Girard Av & 26th St","routes":["0"]}},{"type":"Feature","id":20783,"geometry":{"type":"Point","coordinates":[-75.179198,39.972701]},"properties":{"stop_id":"21072","stop_name":"26th St & Poplar St","routes":["0"]}},{"type":"Feature","id":20784,"geometry":{"type":"Point","coordinates":[-75.178171,39.9724400000001]},"properties":{"stop_id":"21073","stop_name":"Poplar St & Stillman St","routes":["0"]}},{"type":"Feature","id":20785,"geometry":{"type":"Point","coordinates":[-75.175384,39.9723900000001]},"properties":{"stop_id":"21075","stop_name":"College Av & 24th St - FS","routes":["0"]}},{"type":"Feature","id":20786,"geometry":{"type":"Point","coordinates":[-75.170421,39.9728170000001]},"properties":{"stop_id":"21078","stop_name":"Girard Av & Corinthian Av","routes":["0"]}},{"type":"Feature","id":20787,"geometry":{"type":"Point","coordinates":[-75.1690869999999,39.9726360000001]},"properties":{"stop_id":"21079","stop_name":"Girard Av & 20th St","routes":["0"]}},{"type":"Feature","id":20788,"geometry":{"type":"Point","coordinates":[-75.16754,39.972427]},"properties":{"stop_id":"21080","stop_name":"Girard Av & 19th St","routes":["0"]}},{"type":"Feature","id":20789,"geometry":{"type":"Point","coordinates":[-75.166572,39.9723090000001]},"properties":{"stop_id":"21081","stop_name":"Girard Av & Ridge Av","routes":["0"]}},{"type":"Feature","id":20790,"geometry":{"type":"Point","coordinates":[-75.164352,39.9720280000001]},"properties":{"stop_id":"21082","stop_name":"Girard Av & 17th St","routes":["0"]}},{"type":"Feature","id":20791,"geometry":{"type":"Point","coordinates":[-75.162806,39.9718280000001]},"properties":{"stop_id":"21083","stop_name":"Girard Av & 16th St","routes":["0"]}},{"type":"Feature","id":20792,"geometry":{"type":"Point","coordinates":[-75.159594,39.9714280000001]},"properties":{"stop_id":"352","stop_name":"Girard Av & Broad St","routes":["0"]}},{"type":"Feature","id":20793,"geometry":{"type":"Point","coordinates":[-75.155816,39.970965]},"properties":{"stop_id":"21086","stop_name":"Girard Av & 12th St","routes":["0"]}},{"type":"Feature","id":20794,"geometry":{"type":"Point","coordinates":[-75.1542219999999,39.9707560000001]},"properties":{"stop_id":"21087","stop_name":"Girard Av & 11th St","routes":["0"]}},{"type":"Feature","id":20795,"geometry":{"type":"Point","coordinates":[-75.150042,39.97047]},"properties":{"stop_id":"21090","stop_name":"Girard Av & 8th St","routes":["0"]}},{"type":"Feature","id":20796,"geometry":{"type":"Point","coordinates":[-75.1482109999999,39.9703860000001]},"properties":{"stop_id":"21091","stop_name":"Girard Av & 7th St","routes":["0"]}},{"type":"Feature","id":20798,"geometry":{"type":"Point","coordinates":[-75.141599,39.9697110000001]},"properties":{"stop_id":"21095","stop_name":"Girard Av & 3rd St","routes":["0"]}},{"type":"Feature","id":20801,"geometry":{"type":"Point","coordinates":[-75.134493,39.96865]},"properties":{"stop_id":"31540","stop_name":"Frankford Av & Girard Av - FS","routes":["0"]}},{"type":"Feature","id":20803,"geometry":{"type":"Point","coordinates":[-75.134154,39.9649450000001]},"properties":{"stop_id":"31347","stop_name":"Frankford Av & Delaware Av Loop","routes":["0"]}},{"type":"Feature","id":20805,"geometry":{"type":"Point","coordinates":[-75.134244,39.9688550000001]},"properties":{"stop_id":"21098","stop_name":"Girard Av & Frankford Av- FS","routes":["0"]}},{"type":"Feature","id":20806,"geometry":{"type":"Point","coordinates":[-75.1305419999999,39.9701220000001]},"properties":{"stop_id":"21100","stop_name":"Girard Av & Columbia Av","routes":["0"]}},{"type":"Feature","id":20807,"geometry":{"type":"Point","coordinates":[-75.128519,39.9708400000001]},"properties":{"stop_id":"21101","stop_name":"Girard Av & Palmer St","routes":["0"]}},{"type":"Feature","id":20808,"geometry":{"type":"Point","coordinates":[-75.125999,39.971709]},"properties":{"stop_id":"21103","stop_name":"Girard Av & Berks St","routes":["0"]}},{"type":"Feature","id":20809,"geometry":{"type":"Point","coordinates":[-75.119769,39.972988]},"properties":{"stop_id":"21105","stop_name":"Girard Av & Richmond St","routes":["0"]}},{"type":"Feature","id":20810,"geometry":{"type":"Point","coordinates":[-75.1181809999999,39.9741530000001]},"properties":{"stop_id":"649","stop_name":"Richmond St & Cumberland St","routes":["0"]}},{"type":"Feature","id":20811,"geometry":{"type":"Point","coordinates":[-75.11573,39.975441]},"properties":{"stop_id":"21107","stop_name":"Richmond St & Huntingdon St","routes":["0"]}},{"type":"Feature","id":20812,"geometry":{"type":"Point","coordinates":[-75.113302,39.976729]},"properties":{"stop_id":"21108","stop_name":"Richmond St & Lehigh Av","routes":["0"]}},{"type":"Feature","id":20813,"geometry":{"type":"Point","coordinates":[-75.1108869999999,39.977981]},"properties":{"stop_id":"21109","stop_name":"Richmond St & Somerset St","routes":["0"]}},{"type":"Feature","id":20814,"geometry":{"type":"Point","coordinates":[-75.109052,39.978914]},"properties":{"stop_id":"21110","stop_name":"Richmond St & Cambria St","routes":["0"]}},{"type":"Feature","id":20815,"geometry":{"type":"Point","coordinates":[-75.107536,39.9797580000001]},"properties":{"stop_id":"21111","stop_name":"Richmond St & Ann St","routes":["0"]}},{"type":"Feature","id":20816,"geometry":{"type":"Point","coordinates":[-75.1040189999999,39.9816050000001]},"properties":{"stop_id":"21113","stop_name":"Richmond St & Clearfield St","routes":["0"]}},{"type":"Feature","id":20817,"geometry":{"type":"Point","coordinates":[-75.1015439999999,39.982875]},"properties":{"stop_id":"21114","stop_name":"Richmond St & Allegheny Av","routes":["0"]}},{"type":"Feature","id":20821,"geometry":{"type":"Point","coordinates":[-75.103782,39.9817830000001]},"properties":{"stop_id":"20979","stop_name":"Richmond St & Clearfield St","routes":["0"]}},{"type":"Feature","id":20822,"geometry":{"type":"Point","coordinates":[-75.107311,39.979945]},"properties":{"stop_id":"20981","stop_name":"Richmond St & Ann St","routes":["0"]}},{"type":"Feature","id":20823,"geometry":{"type":"Point","coordinates":[-75.108862,39.979092]},"properties":{"stop_id":"20982","stop_name":"Richmond St & Cambria St","routes":["0"]}},{"type":"Feature","id":20825,"geometry":{"type":"Point","coordinates":[-75.113101,39.976907]},"properties":{"stop_id":"20983","stop_name":"Richmond St & Lehigh Av","routes":["0"]}},{"type":"Feature","id":20826,"geometry":{"type":"Point","coordinates":[-75.115552,39.975628]},"properties":{"stop_id":"20984","stop_name":"Richmond St & Huntingdon St","routes":["0"]}},{"type":"Feature","id":20827,"geometry":{"type":"Point","coordinates":[-75.118038,39.9743310000001]},"properties":{"stop_id":"650","stop_name":"Richmond St & Cumberland St","routes":["0"]}},{"type":"Feature","id":20828,"geometry":{"type":"Point","coordinates":[-75.119591,39.9730680000001]},"properties":{"stop_id":"25779","stop_name":"Richmond St & Girard Av","routes":["0"]}},{"type":"Feature","id":20829,"geometry":{"type":"Point","coordinates":[-75.1258329999999,39.971869]},"properties":{"stop_id":"20986","stop_name":"Girard Av & Berks St","routes":["0"]}},{"type":"Feature","id":20830,"geometry":{"type":"Point","coordinates":[-75.1283999999999,39.970983]},"properties":{"stop_id":"20988","stop_name":"Girard Av & Palmer St","routes":["0"]}},{"type":"Feature","id":20831,"geometry":{"type":"Point","coordinates":[-75.130423,39.970265]},"properties":{"stop_id":"20989","stop_name":"Girard Av & Columbia Av","routes":["0"]}},{"type":"Feature","id":20832,"geometry":{"type":"Point","coordinates":[-75.134397,39.968891]},"properties":{"stop_id":"20991","stop_name":"Girard Av & Frankford Av","routes":["0"]}},{"type":"Feature","id":20843,"geometry":{"type":"Point","coordinates":[-75.148022,39.970484]},"properties":{"stop_id":"20998","stop_name":"Girard Av & 7th St","routes":["0"]}},{"type":"Feature","id":20845,"geometry":{"type":"Point","coordinates":[-75.1540209999999,39.9708450000001]},"properties":{"stop_id":"21001","stop_name":"Girard Av & 11th St","routes":["0"]}},{"type":"Feature","id":20846,"geometry":{"type":"Point","coordinates":[-75.155603,39.9710450000001]},"properties":{"stop_id":"21002","stop_name":"Girard Av & 12th St","routes":["0"]}},{"type":"Feature","id":20847,"geometry":{"type":"Point","coordinates":[-75.159275,39.971499]},"properties":{"stop_id":"343","stop_name":"Girard Av & Broad St","routes":["0"]}},{"type":"Feature","id":20848,"geometry":{"type":"Point","coordinates":[-75.162605,39.971908]},"properties":{"stop_id":"21005","stop_name":"Girard Av & 16th St","routes":["0"]}},{"type":"Feature","id":20849,"geometry":{"type":"Point","coordinates":[-75.1641509999999,39.972116]},"properties":{"stop_id":"21006","stop_name":"Girard Av & 17th St","routes":["0"]}},{"type":"Feature","id":20850,"geometry":{"type":"Point","coordinates":[-75.166217,39.97238]},"properties":{"stop_id":"21008","stop_name":"Girard Av & Ridge Av","routes":["0"]}},{"type":"Feature","id":20851,"geometry":{"type":"Point","coordinates":[-75.167339,39.9725070000001]},"properties":{"stop_id":"30290","stop_name":"Girard Av & 19th St","routes":["0"]}},{"type":"Feature","id":20852,"geometry":{"type":"Point","coordinates":[-75.168874,39.972715]},"properties":{"stop_id":"21009","stop_name":"Girard Av & 20th St","routes":["0"]}},{"type":"Feature","id":20853,"geometry":{"type":"Point","coordinates":[-75.17022,39.9728880000001]},"properties":{"stop_id":"21010","stop_name":"Girard Av & Corinthian Av","routes":["0"]}},{"type":"Feature","id":20854,"geometry":{"type":"Point","coordinates":[-75.175844,39.972453]},"properties":{"stop_id":"30791","stop_name":"Girard Av & 24th St","routes":["0"]}},{"type":"Feature","id":20855,"geometry":{"type":"Point","coordinates":[-75.177403,39.972492]},"properties":{"stop_id":"21014","stop_name":"Poplar St & 25th St","routes":["0"]}},{"type":"Feature","id":20856,"geometry":{"type":"Point","coordinates":[-75.178733,39.973976]},"properties":{"stop_id":"21016","stop_name":"Girard Av & 26th St","routes":["0"]}},{"type":"Feature","id":20857,"geometry":{"type":"Point","coordinates":[-75.18028,39.974202]},"properties":{"stop_id":"21017","stop_name":"Girard Av & 27th St","routes":["0"]}},{"type":"Feature","id":20858,"geometry":{"type":"Point","coordinates":[-75.181756,39.9743750000001]},"properties":{"stop_id":"21018","stop_name":"Girard Av & 28th St","routes":["0"]}},{"type":"Feature","id":20859,"geometry":{"type":"Point","coordinates":[-75.1833609999999,39.9745740000001]},"properties":{"stop_id":"21019","stop_name":"Girard Av & 29th St","routes":["0"]}},{"type":"Feature","id":20860,"geometry":{"type":"Point","coordinates":[-75.186549,39.975009]},"properties":{"stop_id":"21021","stop_name":"Girard Av & 31st St","routes":["0"]}},{"type":"Feature","id":20861,"geometry":{"type":"Point","coordinates":[-75.188002,39.975199]},"properties":{"stop_id":"21022","stop_name":"Girard Av & 33rd St","routes":["0"]}},{"type":"Feature","id":20862,"geometry":{"type":"Point","coordinates":[-75.196472,39.975126]},"properties":{"stop_id":"30291","stop_name":"Girard Av & 34th St - MBFS","routes":["0"]}},{"type":"Feature","id":20863,"geometry":{"type":"Point","coordinates":[-75.2016829999999,39.9745110000001]},"properties":{"stop_id":"21025","stop_name":"Girard Av & 39th St","routes":["0"]}},{"type":"Feature","id":20864,"geometry":{"type":"Point","coordinates":[-75.2045429999999,39.974159]},"properties":{"stop_id":"344","stop_name":"Girard Av & 40th St - FS","routes":["0"]}},{"type":"Feature","id":20865,"geometry":{"type":"Point","coordinates":[-75.206268,39.9739660000001]},"properties":{"stop_id":"21026","stop_name":"Girard Av & 41st St","routes":["0"]}},{"type":"Feature","id":20866,"geometry":{"type":"Point","coordinates":[-75.2087969999999,39.9736580000001]},"properties":{"stop_id":"21027","stop_name":"Girard Av & 42nd St","routes":["0"]}},{"type":"Feature","id":20867,"geometry":{"type":"Point","coordinates":[-75.212094,39.9733150000001]},"properties":{"stop_id":"21028","stop_name":"Girard Av & Belmont Av","routes":["0"]}},{"type":"Feature","id":20870,"geometry":{"type":"Point","coordinates":[-75.223438,39.9719870000001]},"properties":{"stop_id":"21032","stop_name":"Girard Av & 51st St","routes":["0"]}},{"type":"Feature","id":20875,"geometry":{"type":"Point","coordinates":[-75.237334,39.970224]},"properties":{"stop_id":"345","stop_name":"Girard Av & 59th St","routes":["0"]}},{"type":"Feature","id":20876,"geometry":{"type":"Point","coordinates":[-75.2389879999999,39.970039]},"properties":{"stop_id":"21040","stop_name":"Girard Av & 60th St","routes":["0"]}},{"type":"Feature","id":20916,"geometry":{"type":"Point","coordinates":[-75.186178,40.018339]},"properties":{"stop_id":"24781","stop_name":"Midvale Av & McMichael St","routes":["0"]}},{"type":"Feature","id":20919,"geometry":{"type":"Point","coordinates":[-75.178891,40.023403]},"properties":{"stop_id":"33012","stop_name":"Midvale Av & Wissahickon Av","routes":["0"]}},{"type":"Feature","id":20965,"geometry":{"type":"Point","coordinates":[-75.128228,40.0455430000001]},"properties":{"stop_id":"24814","stop_name":"Godfrey Av & 5th St - FS","routes":["0"]}},{"type":"Feature","id":20974,"geometry":{"type":"Point","coordinates":[-75.113852,40.042294]},"properties":{"stop_id":"24821","stop_name":"Crescentville Rd & Adams Av","routes":["0"]}},{"type":"Feature","id":20985,"geometry":{"type":"Point","coordinates":[-75.094599,40.0255720000001]},"properties":{"stop_id":"24829","stop_name":"Foulkrod St & Ramona St - FS","routes":["0"]}},{"type":"Feature","id":21040,"geometry":{"type":"Point","coordinates":[-75.146877,40.051227]},"properties":{"stop_id":"24711","stop_name":"Chelten Av 17th St","routes":["0"]}},{"type":"Feature","id":21041,"geometry":{"type":"Point","coordinates":[-75.148496,40.0514180000001]},"properties":{"stop_id":"24712","stop_name":"Chelten Av & 18th St","routes":["0"]}},{"type":"Feature","id":21043,"geometry":{"type":"Point","coordinates":[-75.150446,40.05177]},"properties":{"stop_id":"31479","stop_name":"Stenton Av & Ogontz Av - FS","routes":["0"]}},{"type":"Feature","id":21044,"geometry":{"type":"Point","coordinates":[-75.1518179999999,40.051773]},"properties":{"stop_id":"31351","stop_name":"20th St & Chelten Av","routes":["0"]}},{"type":"Feature","id":21070,"geometry":{"type":"Point","coordinates":[-75.177472,40.023472]},"properties":{"stop_id":"24723","stop_name":"King St & Queen Ln","routes":["0"]}},{"type":"Feature","id":21071,"geometry":{"type":"Point","coordinates":[-75.178149,40.0226880000001]},"properties":{"stop_id":"24724","stop_name":"Queen Ln & Wissahickon Av","routes":["0"]}},{"type":"Feature","id":21072,"geometry":{"type":"Point","coordinates":[-75.181125,40.0200520000001]},"properties":{"stop_id":"24725","stop_name":"Queen Ln & Stokley St","routes":["0"]}},{"type":"Feature","id":21083,"geometry":{"type":"Point","coordinates":[-75.2585549999999,39.962338]},"properties":{"stop_id":"416","stop_name":"69th St Transit Center","routes":["0"]}},{"type":"Feature","id":21085,"geometry":{"type":"Point","coordinates":[-75.246767,39.9627140000001]},"properties":{"stop_id":"2447","stop_name":"63rd St","routes":["0"]}},{"type":"Feature","id":21087,"geometry":{"type":"Point","coordinates":[-75.232859,39.9609620000001]},"properties":{"stop_id":"2449","stop_name":"56th St","routes":["0"]}},{"type":"Feature","id":21088,"geometry":{"type":"Point","coordinates":[-75.224889,39.959976]},"properties":{"stop_id":"2450","stop_name":"52nd St","routes":["0"]}},{"type":"Feature","id":21089,"geometry":{"type":"Point","coordinates":[-75.214028,39.958619]},"properties":{"stop_id":"2451","stop_name":"46th St","routes":["0"]}},{"type":"Feature","id":21090,"geometry":{"type":"Point","coordinates":[-75.201963,39.957117]},"properties":{"stop_id":"2452","stop_name":"40th St","routes":["0"]}},{"type":"Feature","id":21091,"geometry":{"type":"Point","coordinates":[-75.19148,39.95583]},"properties":{"stop_id":"2453","stop_name":"34th St","routes":["0"]}},{"type":"Feature","id":21093,"geometry":{"type":"Point","coordinates":[-75.165286,39.952573]},"properties":{"stop_id":"1392","stop_name":"15th St/City Hall","routes":["0"]}},{"type":"Feature","id":21096,"geometry":{"type":"Point","coordinates":[-75.153589,39.951102]},"properties":{"stop_id":"2457","stop_name":"8th-Market","routes":["0"]}},{"type":"Feature","id":21097,"geometry":{"type":"Point","coordinates":[-75.148939,39.9505300000001]},"properties":{"stop_id":"2458","stop_name":"5th St/Independence Hall","routes":["0"]}},{"type":"Feature","id":21099,"geometry":{"type":"Point","coordinates":[-75.140337,39.9605330000001]},"properties":{"stop_id":"2459","stop_name":"Spring Garden","routes":["0"]}},{"type":"Feature","id":21100,"geometry":{"type":"Point","coordinates":[-75.1361459999999,39.9688770000001]},"properties":{"stop_id":"353","stop_name":"Front-Girard","routes":["0"]}},{"type":"Feature","id":21106,"geometry":{"type":"Point","coordinates":[-75.106439,40.0002910000001]},"properties":{"stop_id":"2463","stop_name":"Tioga","routes":["0"]}},{"type":"Feature","id":21107,"geometry":{"type":"Point","coordinates":[-75.0964039999999,40.0058250000001]},"properties":{"stop_id":"838","stop_name":"Erie-Torresdale","routes":["0"]}},{"type":"Feature","id":21108,"geometry":{"type":"Point","coordinates":[-75.088651,40.010901]},"properties":{"stop_id":"2464","stop_name":"Church","routes":["0"]}},{"type":"Feature","id":21113,"geometry":{"type":"Point","coordinates":[-75.088758,40.0109370000001]},"properties":{"stop_id":"32160","stop_name":"Church","routes":["0"]}},{"type":"Feature","id":21114,"geometry":{"type":"Point","coordinates":[-75.096463,40.005888]},"properties":{"stop_id":"32161","stop_name":"Erie-Torresdale","routes":["0"]}},{"type":"Feature","id":21115,"geometry":{"type":"Point","coordinates":[-75.106498,40.0003540000001]},"properties":{"stop_id":"32162","stop_name":"Tioga","routes":["0"]}},{"type":"Feature","id":21121,"geometry":{"type":"Point","coordinates":[-75.136252,39.968895]},"properties":{"stop_id":"32168","stop_name":"Front-Girard","routes":["0"]}},{"type":"Feature","id":21122,"geometry":{"type":"Point","coordinates":[-75.1404669999999,39.9605510000001]},"properties":{"stop_id":"32169","stop_name":"Spring Garden","routes":["0"]}},{"type":"Feature","id":21124,"geometry":{"type":"Point","coordinates":[-75.148939,39.9506010000001]},"properties":{"stop_id":"32171","stop_name":"5th St/Independence Hall","routes":["0"]}},{"type":"Feature","id":21125,"geometry":{"type":"Point","coordinates":[-75.153589,39.951174]},"properties":{"stop_id":"32172","stop_name":"8th-Market","routes":["0"]}},{"type":"Feature","id":21128,"geometry":{"type":"Point","coordinates":[-75.165286,39.9526450000001]},"properties":{"stop_id":"32175","stop_name":"15th St/City Hall","routes":["0"]}},{"type":"Feature","id":21130,"geometry":{"type":"Point","coordinates":[-75.19148,39.955901]},"properties":{"stop_id":"32177","stop_name":"34th St","routes":["0"]}},{"type":"Feature","id":21131,"geometry":{"type":"Point","coordinates":[-75.201963,39.957188]},"properties":{"stop_id":"32178","stop_name":"40th St","routes":["0"]}},{"type":"Feature","id":21132,"geometry":{"type":"Point","coordinates":[-75.214028,39.958691]},"properties":{"stop_id":"32179","stop_name":"46th St","routes":["0"]}},{"type":"Feature","id":21133,"geometry":{"type":"Point","coordinates":[-75.224925,39.9600300000001]},"properties":{"stop_id":"32180","stop_name":"52nd St","routes":["0"]}},{"type":"Feature","id":21134,"geometry":{"type":"Point","coordinates":[-75.2328469999999,39.9610420000001]},"properties":{"stop_id":"32181","stop_name":"56th St","routes":["0"]}},{"type":"Feature","id":21136,"geometry":{"type":"Point","coordinates":[-75.246767,39.9627860000001]},"properties":{"stop_id":"32183","stop_name":"63rd St","routes":["0"]}},{"type":"Feature","id":21138,"geometry":{"type":"Point","coordinates":[-75.2586019999999,39.962526]},"properties":{"stop_id":"20845","stop_name":"69th St Transit Center","routes":["0"]}},{"type":"Feature","id":21139,"geometry":{"type":"Point","coordinates":[-75.2599949999999,39.962706]},"properties":{"stop_id":"32723","stop_name":"End of WB trip on EB pla","routes":["0"]}},{"type":"Feature","id":21146,"geometry":{"type":"Point","coordinates":[-75.213828,39.958494]},"properties":{"stop_id":"18994","stop_name":"Market St & Farragut St - FS","routes":["0"]}},{"type":"Feature","id":21147,"geometry":{"type":"Point","coordinates":[-75.202175,39.957117]},"properties":{"stop_id":"299","stop_name":"Market St & 40th St","routes":["0"]}},{"type":"Feature","id":21158,"geometry":{"type":"Point","coordinates":[-75.136003,39.968958]},"properties":{"stop_id":"18987","stop_name":"Front St & Girard Av - FS","routes":["0"]}},{"type":"Feature","id":21180,"geometry":{"type":"Point","coordinates":[-75.1361449999999,39.9689480000001]},"properties":{"stop_id":"18988","stop_name":"Front St & Girard Av","routes":["0"]}},{"type":"Feature","id":21192,"geometry":{"type":"Point","coordinates":[-75.213839,39.958753]},"properties":{"stop_id":"19027","stop_name":"Market St & 46th St","routes":["0"]}},{"type":"Feature","id":21211,"geometry":{"type":"Point","coordinates":[-75.19765,39.9578230000001]},"properties":{"stop_id":"32666","stop_name":"38th & Cuthbert St","routes":["0"]}},{"type":"Feature","id":21212,"geometry":{"type":"Point","coordinates":[-75.1955829999999,39.957747]},"properties":{"stop_id":"33021","stop_name":"Cuthbert St & 37th St","routes":["0"]}},{"type":"Feature","id":21214,"geometry":{"type":"Point","coordinates":[-75.1962139999999,39.9563830000001]},"properties":{"stop_id":"32261","stop_name":"Market St & 37th St","routes":["0"]}},{"type":"Feature","id":21215,"geometry":{"type":"Point","coordinates":[-75.1943009999999,39.95613]},"properties":{"stop_id":"28346","stop_name":"Market St & 36th St","routes":["0"]}},{"type":"Feature","id":21220,"geometry":{"type":"Point","coordinates":[-75.1939819999999,39.956254]},"properties":{"stop_id":"28327","stop_name":"Market & 36th St","routes":["0"]}},{"type":"Feature","id":21221,"geometry":{"type":"Point","coordinates":[-75.1960129999999,39.9564990000001]},"properties":{"stop_id":"30829","stop_name":"Market St & 37th St","routes":["0"]}},{"type":"Feature","id":21222,"geometry":{"type":"Point","coordinates":[-75.1978779999999,39.956734]},"properties":{"stop_id":"32262","stop_name":"Market St & 38th St","routes":["0"]}},{"type":"Feature","id":21239,"geometry":{"type":"Point","coordinates":[-75.259156,39.9627590000001]},"properties":{"stop_id":"31790","stop_name":"69th St Transit Center","routes":["0"]}},{"type":"Feature","id":21255,"geometry":{"type":"Point","coordinates":[-75.347341,40.0500630000001]},"properties":{"stop_id":"1931","stop_name":"County Line","routes":["0"]}},{"type":"Feature","id":21268,"geometry":{"type":"Point","coordinates":[-75.347424,40.0501170000001]},"properties":{"stop_id":"32191","stop_name":"County Line","routes":["0"]}},{"type":"Feature","id":21284,"geometry":{"type":"Point","coordinates":[-75.259156,39.9626870000001]},"properties":{"stop_id":"32206","stop_name":"69th St Transit Center","routes":["0"]}},{"type":"Feature","id":21286,"geometry":{"type":"Point","coordinates":[-75.1817139999999,39.9691980000001]},"properties":{"stop_id":"32489","stop_name":"Pennsylvania Av & 27th St","routes":["0"]}},{"type":"Feature","id":21367,"geometry":{"type":"Point","coordinates":[-75.246661,39.980912]},"properties":{"stop_id":"20611","stop_name":"63rd St & Lebanon Av","routes":["0"]}},{"type":"Feature","id":21368,"geometry":{"type":"Point","coordinates":[-75.246184,39.97835]},"properties":{"stop_id":"20612","stop_name":"63rd St & Jefferson St","routes":["0"]}},{"type":"Feature","id":21369,"geometry":{"type":"Point","coordinates":[-75.244986,39.975332]},"properties":{"stop_id":"20613","stop_name":"Lansdowne Av & 63rd - FS","routes":["0"]}},{"type":"Feature","id":21375,"geometry":{"type":"Point","coordinates":[-75.235403,39.976406]},"properties":{"stop_id":"20618","stop_name":"Lansdowne Av & 57th St","routes":["0"]}},{"type":"Feature","id":21376,"geometry":{"type":"Point","coordinates":[-75.233761,39.976591]},"properties":{"stop_id":"20619","stop_name":"Lansdowne Av & 56th St","routes":["0"]}},{"type":"Feature","id":21377,"geometry":{"type":"Point","coordinates":[-75.231858,39.976811]},"properties":{"stop_id":"20622","stop_name":"Lansdowne Av & 55th St","routes":["0"]}},{"type":"Feature","id":21378,"geometry":{"type":"Point","coordinates":[-75.229908,39.9770130000001]},"properties":{"stop_id":"20623","stop_name":"Lansdowne Av & 54th St","routes":["0"]}},{"type":"Feature","id":21379,"geometry":{"type":"Point","coordinates":[-75.227451,39.977295]},"properties":{"stop_id":"20624","stop_name":"Lansdowne Av & Lancaster Av","routes":["0"]}},{"type":"Feature","id":21380,"geometry":{"type":"Point","coordinates":[-75.226176,39.9768550000001]},"properties":{"stop_id":"20625","stop_name":"Lancaster Av & Bible Way","routes":["0"]}},{"type":"Feature","id":21381,"geometry":{"type":"Point","coordinates":[-75.22259,39.9752070000001]},"properties":{"stop_id":"20626","stop_name":"Lancaster Av & 50th St","routes":["0"]}},{"type":"Feature","id":21382,"geometry":{"type":"Point","coordinates":[-75.219747,39.9737480000001]},"properties":{"stop_id":"20627","stop_name":"Lancaster Av & Thompson St","routes":["0"]}},{"type":"Feature","id":21394,"geometry":{"type":"Point","coordinates":[-75.201901,39.957929]},"properties":{"stop_id":"279","stop_name":"40th St & Filbert St","routes":["0"]}},{"type":"Feature","id":21395,"geometry":{"type":"Point","coordinates":[-75.200353,39.962004]},"properties":{"stop_id":"20636","stop_name":"Lancaster Av & Spring Garden St","routes":["0"]}},{"type":"Feature","id":21396,"geometry":{"type":"Point","coordinates":[-75.197016,39.960267]},"properties":{"stop_id":"20638","stop_name":"Lancaster Av & 38th St","routes":["0"]}},{"type":"Feature","id":21397,"geometry":{"type":"Point","coordinates":[-75.19612,39.959774]},"properties":{"stop_id":"32722","stop_name":"Lancaster Av & Powelton Av","routes":["0"]}},{"type":"Feature","id":21398,"geometry":{"type":"Point","coordinates":[-75.193786,39.9585650000001]},"properties":{"stop_id":"20639","stop_name":"Lancaster Av & 36th St","routes":["0"]}},{"type":"Feature","id":21399,"geometry":{"type":"Point","coordinates":[-75.194218,39.956281]},"properties":{"stop_id":"20640","stop_name":"36th St & Market St","routes":["0"]}},{"type":"Feature","id":21400,"geometry":{"type":"Point","coordinates":[-75.1941619999999,39.955335]},"properties":{"stop_id":"20641","stop_name":"36th St Portal","routes":["0"]}},{"type":"Feature","id":21413,"geometry":{"type":"Point","coordinates":[-75.1942329999999,39.955451]},"properties":{"stop_id":"287","stop_name":"36th St Portal","routes":["0"]}},{"type":"Feature","id":21414,"geometry":{"type":"Point","coordinates":[-75.194113,39.956058]},"properties":{"stop_id":"20664","stop_name":"36th St & Market St","routes":["0"]}},{"type":"Feature","id":21415,"geometry":{"type":"Point","coordinates":[-75.193585,39.958404]},"properties":{"stop_id":"20665","stop_name":"36th St & Lancaster Av","routes":["0"]}},{"type":"Feature","id":21416,"geometry":{"type":"Point","coordinates":[-75.195542,39.9596310000001]},"properties":{"stop_id":"31488","stop_name":"Lancaster Av & Powelton Av","routes":["0"]}},{"type":"Feature","id":21417,"geometry":{"type":"Point","coordinates":[-75.196721,39.96024]},"properties":{"stop_id":"20663","stop_name":"Lancaster Av & 38th St","routes":["0"]}},{"type":"Feature","id":21418,"geometry":{"type":"Point","coordinates":[-75.1999519999999,39.9619230000001]},"properties":{"stop_id":"20668","stop_name":"Lancaster Av & Spring Garden St","routes":["0"]}},{"type":"Feature","id":21419,"geometry":{"type":"Point","coordinates":[-75.201826,39.9629]},"properties":{"stop_id":"20669","stop_name":"Lancaster Av & Haverford Av","routes":["0"]}},{"type":"Feature","id":21434,"geometry":{"type":"Point","coordinates":[-75.219464,39.9737030000001]},"properties":{"stop_id":"20678","stop_name":"Lancaster Av & 49th St","routes":["0"]}},{"type":"Feature","id":21435,"geometry":{"type":"Point","coordinates":[-75.222389,39.9752340000001]},"properties":{"stop_id":"20679","stop_name":"Lancaster Av & 50th St","routes":["0"]}},{"type":"Feature","id":21436,"geometry":{"type":"Point","coordinates":[-75.2266,39.9771860000001]},"properties":{"stop_id":"20681","stop_name":"Lancaster Av & 52nd St","routes":["0"]}},{"type":"Feature","id":21437,"geometry":{"type":"Point","coordinates":[-75.229755,39.977129]},"properties":{"stop_id":"20683","stop_name":"Lansdowne Av & 54th St","routes":["0"]}},{"type":"Feature","id":21438,"geometry":{"type":"Point","coordinates":[-75.231704,39.976927]},"properties":{"stop_id":"20684","stop_name":"Lansdowne Av & 55th St","routes":["0"]}},{"type":"Feature","id":21439,"geometry":{"type":"Point","coordinates":[-75.2336069999999,39.976707]},"properties":{"stop_id":"20685","stop_name":"Lansdowne Av & 56th St","routes":["0"]}},{"type":"Feature","id":21440,"geometry":{"type":"Point","coordinates":[-75.235249,39.976522]},"properties":{"stop_id":"20686","stop_name":"Lansdowne Av & 57th St","routes":["0"]}},{"type":"Feature","id":21446,"geometry":{"type":"Point","coordinates":[-75.245435,39.975404]},"properties":{"stop_id":"20692","stop_name":"Lansdowne Av & 63rd St","routes":["0"]}},{"type":"Feature","id":21447,"geometry":{"type":"Point","coordinates":[-75.24603,39.978234]},"properties":{"stop_id":"20693","stop_name":"63rd St & Jefferson St","routes":["0"]}},{"type":"Feature","id":21448,"geometry":{"type":"Point","coordinates":[-75.246461,39.980582]},"properties":{"stop_id":"20695","stop_name":"63rd St & Columbia Av","routes":["0"]}},{"type":"Feature","id":21453,"geometry":{"type":"Point","coordinates":[-75.244429,39.9442990000001]},"properties":{"stop_id":"20859","stop_name":"Baltimore Av & 60th St","routes":["0"]}},{"type":"Feature","id":21456,"geometry":{"type":"Point","coordinates":[-75.2373269999999,39.9463860000001]},"properties":{"stop_id":"20862","stop_name":"Baltimore Av & 57th St","routes":["0"]}},{"type":"Feature","id":21457,"geometry":{"type":"Point","coordinates":[-75.235602,39.946785]},"properties":{"stop_id":"20863","stop_name":"Baltimore Av & 56th St","routes":["0"]}},{"type":"Feature","id":21461,"geometry":{"type":"Point","coordinates":[-75.2279119999999,39.947727]},"properties":{"stop_id":"20867","stop_name":"Baltimore Av & Broomall St","routes":["0"]}},{"type":"Feature","id":21462,"geometry":{"type":"Point","coordinates":[-75.225456,39.9477150000001]},"properties":{"stop_id":"20868","stop_name":"Baltimore Av & 51st St","routes":["0"]}},{"type":"Feature","id":21463,"geometry":{"type":"Point","coordinates":[-75.223377,39.9478720000001]},"properties":{"stop_id":"20869","stop_name":"Baltimore Av & 50th St","routes":["0"]}},{"type":"Feature","id":21464,"geometry":{"type":"Point","coordinates":[-75.2214039999999,39.9481010000001]},"properties":{"stop_id":"600","stop_name":"Baltimore Av & 49th St","routes":["0"]}},{"type":"Feature","id":21466,"geometry":{"type":"Point","coordinates":[-75.219503,39.948312]},"properties":{"stop_id":"20870","stop_name":"Baltimore Av & Florence Av","routes":["0"]}},{"type":"Feature","id":21467,"geometry":{"type":"Point","coordinates":[-75.217188,39.94854]},"properties":{"stop_id":"20871","stop_name":"Baltimore Av & 47th St","routes":["0"]}},{"type":"Feature","id":21468,"geometry":{"type":"Point","coordinates":[-75.2150609999999,39.948786]},"properties":{"stop_id":"20872","stop_name":"Baltimore Av & 46th St","routes":["0"]}},{"type":"Feature","id":21469,"geometry":{"type":"Point","coordinates":[-75.213018,39.9490060000001]},"properties":{"stop_id":"20873","stop_name":"Baltimore Av & 45th St","routes":["0"]}},{"type":"Feature","id":21470,"geometry":{"type":"Point","coordinates":[-75.21127,39.9491810000001]},"properties":{"stop_id":"20874","stop_name":"Baltimore Av & 44th St","routes":["0"]}},{"type":"Feature","id":21471,"geometry":{"type":"Point","coordinates":[-75.2093199999999,39.9494810000001]},"properties":{"stop_id":"20875","stop_name":"Baltimore Av & 43rd St","routes":["0"]}},{"type":"Feature","id":21472,"geometry":{"type":"Point","coordinates":[-75.2072649999999,39.949736]},"properties":{"stop_id":"20876","stop_name":"Baltimore Av & 42nd St","routes":["0"]}},{"type":"Feature","id":21507,"geometry":{"type":"Point","coordinates":[-75.206945,39.9498610000001]},"properties":{"stop_id":"20879","stop_name":"Baltimore Av & 42nd St","routes":["0"]}},{"type":"Feature","id":21508,"geometry":{"type":"Point","coordinates":[-75.209154,39.949641]},"properties":{"stop_id":"20880","stop_name":"Baltimore Av & 43rd St","routes":["0"]}},{"type":"Feature","id":21509,"geometry":{"type":"Point","coordinates":[-75.211092,39.949332]},"properties":{"stop_id":"20881","stop_name":"Baltimore Av & 44th St","routes":["0"]}},{"type":"Feature","id":21510,"geometry":{"type":"Point","coordinates":[-75.2128279999999,39.949148]},"properties":{"stop_id":"20882","stop_name":"Baltimore Av & 45th St","routes":["0"]}},{"type":"Feature","id":21511,"geometry":{"type":"Point","coordinates":[-75.214884,39.9489370000001]},"properties":{"stop_id":"20883","stop_name":"Baltimore Av & 46th St","routes":["0"]}},{"type":"Feature","id":21512,"geometry":{"type":"Point","coordinates":[-75.21701,39.9486910000001]},"properties":{"stop_id":"20884","stop_name":"Baltimore Av & 47th St","routes":["0"]}},{"type":"Feature","id":21513,"geometry":{"type":"Point","coordinates":[-75.219101,39.948472]},"properties":{"stop_id":"20885","stop_name":"Baltimore Av & 48th St","routes":["0"]}},{"type":"Feature","id":21514,"geometry":{"type":"Point","coordinates":[-75.221109,39.9482610000001]},"properties":{"stop_id":"601","stop_name":"Baltimore Av & 49th St","routes":["0"]}},{"type":"Feature","id":21516,"geometry":{"type":"Point","coordinates":[-75.223199,39.948041]},"properties":{"stop_id":"20886","stop_name":"Baltimore Av & 50th St","routes":["0"]}},{"type":"Feature","id":21517,"geometry":{"type":"Point","coordinates":[-75.225266,39.9478300000001]},"properties":{"stop_id":"20887","stop_name":"Baltimore Av & 51st St","routes":["0"]}}]}