{"type":"FeatureCollection","name":"high_injury_network_2025","crs":{"type":"name","properties":{"name":"urn:ogc:def:crs:OGC:1.3:CRS84"}},"features":[{"type":"Feature","properties":{"objectid":1,"stname":"10TH","length_ft":3219.85920688,"Shape__Length":1283.4208891767748},"geometry":{"type":"MultiLineString","coordinates":[[[-75.155896249574,39.9553875044131],[-75.1557563387105,39.956026950806]],[[-75.1556280795234,39.9566192084185],[-75.1555987191198,39.956738815142],[-75.1555760268754,39.9567885031274]],[[-75.1567368767701,39.9515391725945],[-75.1565049885518,39.9525743535462]],[[-75.1561640096192,39.9541453082432],[-75.1560932664582,39.9544836396175]],[[-75.1569080793931,39.9507396684823],[-75.1570642218471,39.9500159958769]],[[-75.1565049885518,39.9525743535462],[-75.1564030947338,39.9530387198766]],[[-75.1568471682139,39.9510475373478],[-75.1568811802643,39.9508632856497]],[[-75.1572285204719,39.9492573830725],[-75.1573949361399,39.9484994901122]],[[-75.1555760268754,39.9567885031274],[-75.1554928592151,39.9571367041399],[-75.1554852509848,39.9572140953834]],[[-75.1567368767701,39.9515391725945],[-75.1568471682139,39.9510475373478]],[[-75.1564030947338,39.9530387198766],[-75.1562936528487,39.9535554989347]],[[-75.1570642218471,39.9500159958769],[-75.1572285204719,39.9492573830725]],[[-75.1562936528487,39.9535554989347],[-75.1561640096192,39.9541453082432]],[[-75.1568811802643,39.9508632856497],[-75.1569080793931,39.9507396684823]],[[-75.1560932664582,39.9544836396175],[-75.155896249574,39.9553875044131]],[[-75.1557563387105,39.956026950806],[-75.1556280795234,39.9566192084185]]]}},{"type":"Feature","properties":{"objectid":2,"stname":"12TH","length_ft":8041.6140884,"Shape__Length":3205.351381417972},"geometry":{"type":"MultiLineString","coordinates":[[[-75.1574012906036,39.9632842350475],[-75.1573363474169,39.9635971886225]],[[-75.1573363474169,39.9635971886225],[-75.1572600484121,39.9639293033984],[-75.1572232319888,39.9640765934057]],[[-75.1613599921619,39.9451142141549],[-75.1614383297185,39.9447683722956]],[[-75.1601102397263,39.9508860190018],[-75.1602126451028,39.9504048368504]],[[-75.1589135613854,39.9563722568941],[-75.1587840948582,39.9569543609105]],[[-75.1608588929405,39.9474389486605],[-75.1609658860742,39.9469598869713]],[[-75.1602126451028,39.9504048368504],[-75.1603748404347,39.9496482902254]],[[-75.1614383297185,39.9447683722956],[-75.1614568962168,39.9446570795668]],[[-75.1575744175932,39.9624972531594],[-75.1574744220809,39.9629721854842]],[[-75.159043736559,39.9557759020621],[-75.158964708499,39.9561477927149]],[[-75.157907475202,39.9609972210496],[-75.1578280886942,39.9613407444091]],[[-75.1583128638779,39.9591219183137],[-75.1581280635094,39.9599639453648]],[[-75.158643939068,39.9576072452111],[-75.1585344058491,39.9581046350646]],[[-75.1605399528953,39.94888984147],[-75.1606241295366,39.9484950461832]],[[-75.1587840948582,39.9569543609105],[-75.1587389541905,39.9571494118192],[-75.158713422075,39.9571994804329]],[[-75.1580169200152,39.9604786683141],[-75.157907475202,39.9609972210496]],[[-75.1600329850461,39.9512256937785],[-75.1601102397263,39.9508860190018]],[[-75.1611442244884,39.9461075563838],[-75.1612911793141,39.9454181375645]],[[-75.1615579571837,39.9442055006976],[-75.1616671866891,39.9437090119853]],[[-75.1574744220809,39.9629721854842],[-75.1574012906036,39.9632842350475]],[[-75.1598871809314,39.951922404162],[-75.1598993525929,39.9518325519908],[-75.1600329850461,39.9512256937785]],[[-75.1578280886942,39.9613407444091],[-75.1577415722257,39.9617393687744]],[[-75.1618735337024,39.9427547913044],[-75.1619722361113,39.9423258375623]],[[-75.1594374015722,39.9539627848887],[-75.159043736559,39.9557759020621]],[[-75.1584755855333,39.9583784907734],[-75.1584128787355,39.9586595587147]],[[-75.1603748404347,39.9496482902254],[-75.1604450419917,39.9493246437436]],[[-75.1576444487576,39.9618861558355],[-75.1576795203595,39.9620632865291],[-75.1575744175932,39.9624972531594]],[[-75.1614568962168,39.9446570795668],[-75.1614909086165,39.9444999402529]],[[-75.1607044153682,39.9481419017599],[-75.1607902514701,39.9477526932132]],[[-75.1609658860742,39.9469598869713],[-75.1610586504817,39.9465288003983]],[[-75.1577415722257,39.9617393687744],[-75.1576444487576,39.9618861558355]],[[-75.158713422075,39.9571994804329],[-75.1586444711969,39.9575276631112],[-75.158643939068,39.9576072452111]],[[-75.1607902514701,39.9477526932132],[-75.1608588929405,39.9474389486605]],[[-75.1595758000495,39.9533567627004],[-75.1594584778973,39.9538959926529],[-75.1594374015722,39.9539627848887]],[[-75.1616671866891,39.9437090119853],[-75.1617855066161,39.9431953702306]],[[-75.1581280635094,39.9599639453648],[-75.1580169200152,39.9604786683141]],[[-75.1606241295366,39.9484950461832],[-75.1607044153682,39.9481419017599]],[[-75.1598871809314,39.951922404162],[-75.1596642414616,39.9529447322326]],[[-75.1617855066161,39.9431953702306],[-75.1618735337024,39.9427547913044]],[[-75.1604450419917,39.9493246437436],[-75.1605399528953,39.94888984147]],[[-75.1612911793141,39.9454181375645],[-75.1613599921619,39.9451142141549]],[[-75.1610586504817,39.9465288003983],[-75.1611442244884,39.9461075563838]],[[-75.1585344058491,39.9581046350646],[-75.1584755855333,39.9583784907734]],[[-75.1614909086165,39.9444999402529],[-75.1615579571837,39.9442055006976]],[[-75.1584128787355,39.9586595587147],[-75.1583128638779,39.9591219183137]],[[-75.1596642414616,39.9529447322326],[-75.1595758000495,39.9533567627004]],[[-75.158964708499,39.9561477927149],[-75.1589135613854,39.9563722568941]]]}},{"type":"Feature","properties":{"objectid":3,"stname":"15TH","length_ft":9219.35308969,"Shape__Length":3674.7606376000817},"geometry":{"type":"MultiLineString","coordinates":[[[-75.1678865389227,39.9406465077072],[-75.167977989964,39.9402596305642]],[[-75.1641380642479,39.9579386350387],[-75.1641253125565,39.9580564582341],[-75.164114409479,39.958135277557],[-75.1640951474579,39.9582260712867],[-75.1640812110256,39.9582927612318]],[[-75.1632611709441,39.9618944739081],[-75.1631151410423,39.9626044891065]],[[-75.1660768825368,39.9489406323179],[-75.1661933492593,39.9484249031715]],[[-75.1678087422629,39.9410193399296],[-75.1678865389227,39.9406465077072]],[[-75.1667689631958,39.9457779430083],[-75.1668756614536,39.9453301660279]],[[-75.1658599108474,39.9499830503891],[-75.1659427141121,39.9495627897639]],[[-75.1661933492593,39.9484249031715],[-75.1662962108108,39.9479753156087]],[[-75.1671835459403,39.943857746911],[-75.1672781135321,39.9434267563381]],[[-75.162954883827,39.9633555184058],[-75.1628040246246,39.9640057275839]],[[-75.1644766244699,39.9564680990439],[-75.1643725661905,39.9569350940434]],[[-75.166973204155,39.9448863617092],[-75.1670735663268,39.9444680988425]],[[-75.1670735663268,39.9444680988425],[-75.1671121923028,39.9442560334192]],[[-75.1634064090056,39.9612885802032],[-75.1632611709441,39.9618944739081]],[[-75.1654773460425,39.9516772490702],[-75.1655274102552,39.951435528885],[-75.1656125883579,39.9510786975905]],[[-75.163714349962,39.9598250510918],[-75.1635413183709,39.9606345879191],[-75.1634064090056,39.9612885802032]],[[-75.1659427141121,39.9495627897639],[-75.1660768825368,39.9489406323179]],[[-75.1646457903997,39.9555477995813],[-75.1644766244699,39.9564680990439]],[[-75.1652297103873,39.9525858106677],[-75.1653011034273,39.9522938952894]],[[-75.1675883737572,39.9420312402839],[-75.1676651385001,39.9417118719159]],[[-75.1628040246246,39.9640057275839],[-75.1626518325066,39.9646973452119]],[[-75.1640812110256,39.9582927612318],[-75.1639725457886,39.9587391468027]],[[-75.1657763345252,39.950327263132],[-75.1658599108474,39.9499830503891]],[[-75.1663651505944,39.9476428375261],[-75.1664602844608,39.947205418818]],[[-75.1638018664587,39.9594175606715],[-75.163714349962,39.9598250510918]],[[-75.1672781135321,39.9434267563381],[-75.1673724185206,39.9430042455624]],[[-75.1668756614536,39.9453301660279],[-75.166973204155,39.9448863617092]],[[-75.1643725661905,39.9569350940434],[-75.164196391096,39.9577230003073]],[[-75.1674795484957,39.9425156573944],[-75.1675883737572,39.9420312402839]],[[-75.1652297103873,39.9525858106677],[-75.1650662425021,39.9536180362776]],[[-75.1650662425021,39.9536180362776],[-75.1648421007593,39.9546282720304]],[[-75.1648421007593,39.9546282720304],[-75.1646457903997,39.9555477995813]],[[-75.1662962108108,39.9479753156087],[-75.1663651505944,39.9476428375261]],[[-75.1638936548313,39.9590582267085],[-75.1638018664587,39.9594175606715]],[[-75.1671272960021,39.9441889379156],[-75.1671835459403,39.943857746911]],[[-75.1631084659276,39.9627285896714],[-75.162954883827,39.9633555184058]],[[-75.1673724185206,39.9430042455624],[-75.1674386456909,39.9426991662058]],[[-75.1656125883579,39.9510786975905],[-75.165718092511,39.9506044992135]],[[-75.1664602844608,39.947205418818],[-75.1666237563877,39.9464490037258],[-75.1667689631958,39.9457779430083]],[[-75.164196391096,39.9577230003073],[-75.1641380642479,39.9579386350387]],[[-75.167977989964,39.9402596305642],[-75.1680812734637,39.9397417949477]],[[-75.1671121923028,39.9442560334192],[-75.1671272960021,39.9441889379156]],[[-75.165718092511,39.9506044992135],[-75.1657763345252,39.950327263132]],[[-75.1653011034273,39.9522938952894],[-75.1654773460425,39.9516772490702]],[[-75.1639725457886,39.9587391468027],[-75.1638936548313,39.9590582267085]],[[-75.1631151410423,39.9626044891065],[-75.1631084659276,39.9627285896714]],[[-75.1674386456909,39.9426991662058],[-75.1674795484957,39.9425156573944]],[[-75.1676651385001,39.9417118719159],[-75.1678087422629,39.9410193399296]]]}},{"type":"Feature","properties":{"objectid":4,"stname":"17TH","length_ft":8488.10158129,"Shape__Length":3385.326270710266},"geometry":{"type":"MultiLineString","coordinates":[[[-75.1578262869117,40.0016943697422],[-75.1577065841997,40.0022195662875]],[[-75.1567131494626,40.0067993130457],[-75.1565409019713,40.0075365564836]],[[-75.1583174664304,39.9991890971676],[-75.1583365202003,39.9992913134126],[-75.1581432433561,40.0001975191914]],[[-75.1597231635203,39.9929804174768],[-75.1593695578936,39.9945344587566]],[[-75.158998593887,39.9988361921953],[-75.1583174664304,39.9991890971676]],[[-75.1581432433561,40.0001975191914],[-75.1580451153007,40.0006408726919]],[[-75.1593695578936,39.9945344587566],[-75.1593245213234,39.9948072630885]],[[-75.1563794013768,40.0082937900993],[-75.1562829810284,40.0087364899793]],[[-75.1603678693101,39.9900002046193],[-75.160047728748,39.9914829535909]],[[-75.1573670874978,40.0038085593912],[-75.1570385682768,40.0053004006497]],[[-75.1593245213234,39.9948072630885],[-75.1589296173105,39.9966484677719]],[[-75.1570385682768,40.0053004006497],[-75.1567131494626,40.0067993130457]],[[-75.1606969231143,39.9885042066029],[-75.1603678693101,39.9900002046193]],[[-75.1587153874931,39.9976602293519],[-75.1585832314889,39.9982143086671],[-75.1586022962489,39.9983363772202],[-75.158998593887,39.9988361921953]],[[-75.1562261699519,40.0090350335003],[-75.156030919353,40.0098771360443]],[[-75.160047728748,39.9914829535909],[-75.1597231635203,39.9929804174768]],[[-75.1565409019713,40.0075365564836],[-75.1563794013768,40.0082937900993]],[[-75.1578822502889,40.0013900039531],[-75.1578262869117,40.0016943697422]],[[-75.156030919353,40.0098771360443],[-75.1557471966338,40.0111368160041]],[[-75.1577065841997,40.0022195662875],[-75.1573949052756,40.0036834407805],[-75.1573670874978,40.0038085593912]],[[-75.1562829810284,40.0087364899793],[-75.1562261699519,40.0090350335003]],[[-75.1589296173105,39.9966484677719],[-75.1587153874931,39.9976602293519]],[[-75.1580451153007,40.0006408726919],[-75.1578822502889,40.0013900039531]]]}},{"type":"Feature","properties":{"objectid":5,"stname":"17TH","length_ft":4244.98847294,"Shape__Length":1691.4876174561653},"geometry":{"type":"MultiLineString","coordinates":[[[-75.1723908719205,39.9347743609626],[-75.1726594236341,39.9335466233924]],[[-75.1739918347387,39.9274477727639],[-75.1742685883115,39.9262250075239]],[[-75.1738290222017,39.9282366407458],[-75.1739088586555,39.9278836393208]],[[-75.172213379917,39.9356220409216],[-75.1723049602602,39.9352448723351]],[[-75.1732907905689,39.930694887941],[-75.1734655839101,39.9298992716647]],[[-75.1723049602602,39.9352448723351],[-75.1723908719205,39.9347743609626]],[[-75.1736404375007,39.9290946401113],[-75.1737306258759,39.9286697379708]],[[-75.1735642301177,39.9294596739896],[-75.1736404375007,39.9290946401113]],[[-75.1720185053977,39.9364948755244],[-75.1721256445059,39.9360387422847]],[[-75.1731929338797,39.9311135356951],[-75.1732907905689,39.930694887941]],[[-75.1721256445059,39.9360387422847],[-75.172213379917,39.9356220409216]],[[-75.1737306258759,39.9286697379708],[-75.1738290222017,39.9282366407458]],[[-75.1726594236341,39.9335466233924],[-75.1729242508377,39.9323380536586]],[[-75.1742685883115,39.9262250075239],[-75.1745373362994,39.9250047848763]],[[-75.1729242508377,39.9323380536586],[-75.1731929338797,39.9311135356951]],[[-75.1739088586555,39.9278836393208],[-75.1739918347387,39.9274477727639]],[[-75.1734655839101,39.9298992716647],[-75.1735642301177,39.9294596739896]]]}},{"type":"Feature","properties":{"objectid":6,"stname":"26TH","length_ft":4965.36419284,"Shape__Length":1977.991617413199},"geometry":{"type":"MultiLineString","coordinates":[[[-75.19252238051,39.9120904838184],[-75.1940196212285,39.9058162922952],[-75.1939906948844,39.90564241501]],[[-75.1910328067516,39.9190728391535],[-75.1916836577915,39.9159329531104],[-75.19252238051,39.9120904838184]]]}},{"type":"Feature","properties":{"objectid":7,"stname":"29TH","length_ft":8974.94430422,"Shape__Length":3579.52717032651},"geometry":{"type":"MultiLineString","coordinates":[[[-75.1808067669917,39.9867999673995],[-75.180597647852,39.9878284758467]],[[-75.180928377769,39.986311819951],[-75.1808067669917,39.9867999673995]],[[-75.1815815909922,39.9833227926868],[-75.1810204798419,39.9858324499899]],[[-75.1787575608504,39.9962356185194],[-75.1786804997396,39.9965760584424]],[[-75.1771352115838,40.0036862278753],[-75.1770523956198,40.0040875634932]],[[-75.1800751498151,39.9901988257486],[-75.1800099927228,39.9904613341487]],[[-75.1800099927228,39.9904613341487],[-75.1798970255058,39.9909878340181]],[[-75.1778888168863,40.0001296422472],[-75.1772532013421,40.0031061612286]],[[-75.1769149825786,40.0047063363832],[-75.1767018752328,40.0056988719831],[-75.1766229791994,40.0060953261587]],[[-75.1805078691901,39.9882281157938],[-75.1804359852035,39.9885747939551]],[[-75.1796641264585,39.9921202458107],[-75.1795876865505,39.9924728042743]],[[-75.1789266455324,39.9954632111338],[-75.1788381163364,39.9958682769596]],[[-75.1772532013421,40.0031061612286],[-75.1771352115838,40.0036862278753]],[[-75.1795876865505,39.9924728042743],[-75.1792498071108,39.993972962788]],[[-75.1802595231461,39.989397362856],[-75.1800751498151,39.9901988257486]],[[-75.1797511071529,39.9917240783612],[-75.1796641264585,39.9921202458107]],[[-75.1788381163364,39.9958682769596],[-75.1787575608504,39.9962356185194]],[[-75.1786804997396,39.9965760584424],[-75.1785787261667,39.997049088027]],[[-75.1770523956198,40.0040875634932],[-75.1769149825786,40.0047063363832]],[[-75.1819097283455,39.9817966566423],[-75.1815815909922,39.9833227926868]],[[-75.180597647852,39.9878284758467],[-75.1805078691901,39.9882281157938]],[[-75.1803533657593,39.9889429037456],[-75.1802595231461,39.989397362856]],[[-75.1782393826408,39.9986201454256],[-75.1778888168863,40.0001296422472]],[[-75.1785787261667,39.997049088027],[-75.1782393826408,39.9986201454256]],[[-75.1798970255058,39.9909878340181],[-75.1797511071529,39.9917240783612]],[[-75.1810204798419,39.9858324499899],[-75.180928377769,39.986311819951]],[[-75.1804359852035,39.9885747939551],[-75.1803533657593,39.9889429037456]],[[-75.1792498071108,39.993972962788],[-75.1789266455324,39.9954632111338]]]}},{"type":"Feature","properties":{"objectid":8,"stname":"2ND","length_ft":10774.367239770001,"Shape__Length":4297.638480516994},"geometry":{"type":"MultiLineString","coordinates":[[[-75.1342199253373,39.9944896343234],[-75.1338981852913,39.995976811169]],[[-75.1315950639847,40.0067853074124],[-75.1315773277001,40.0069263727775],[-75.1312907237649,40.0082735190732],[-75.1312240592056,40.0083980572418],[-75.1307711025305,40.01043796947],[-75.1305883539121,40.0113342916592],[-75.1303963356793,40.0122127150248],[-75.1303227444825,40.012528508456],[-75.1299574447878,40.0142249851865],[-75.1298638101703,40.0145791497912],[-75.1298546021877,40.0146160925285],[-75.1296980323635,40.0150332152924]],[[-75.1325800704219,40.0021436658823],[-75.1322577058822,40.0036408174849]],[[-75.1335800337479,39.9974707934932],[-75.1334356247224,39.9981441766137]],[[-75.1355402012831,39.9883267814298],[-75.1352206432446,39.9898150225259]],[[-75.1348709065725,39.9914170415058],[-75.1345457123635,39.9929939190248]],[[-75.1337998095393,39.9965166685612],[-75.1335800337479,39.9974707934932]],[[-75.1332385356586,39.9990669138123],[-75.1328988422421,40.0006524532549]],[[-75.1328988422421,40.0006524532549],[-75.1325800704219,40.0021436658823]],[[-75.1334356247224,39.9981441766137],[-75.1333535452709,39.9985465052094]],[[-75.1352206432446,39.9898150225259],[-75.1348709065725,39.9914170415058]],[[-75.1333535452709,39.9985465052094],[-75.1332385356586,39.9990669138123]],[[-75.1358466037375,39.9868311525927],[-75.1355402012831,39.9883267814298]],[[-75.1320676889975,40.0045678258498],[-75.1315950639847,40.0067853074124]],[[-75.1345457123635,39.9929939190248],[-75.1342199253373,39.9944896343234]],[[-75.1338981852913,39.995976811169],[-75.1337998095393,39.9965166685612]],[[-75.1296980323635,40.0150332152924],[-75.1295462618722,40.0156369019114],[-75.1295078472912,40.015812400841],[-75.1295045632126,40.0158974727492],[-75.1295859699337,40.0159701232408]],[[-75.1322577058822,40.0036408174849],[-75.1320676889975,40.0045678258498]]]}},{"type":"Feature","properties":{"objectid":9,"stname":"33RD","length_ft":8972.3041468,"Shape__Length":3577.36001555554},"geometry":{"type":"MultiLineString","coordinates":[[[-75.1879528050032,39.9845396506574],[-75.1877070220525,39.9856546056711]],[[-75.1854595744085,39.9958998889734],[-75.1853666946977,39.9962897752788]],[[-75.1873851012382,39.9871399705921],[-75.1872764809297,39.9876507544258]],[[-75.1860177506341,39.9932969314071],[-75.1857962747673,39.9943581928392]],[[-75.1892665779151,39.976277811288],[-75.1895453753252,39.9768706561512]],[[-75.1895453753252,39.9768706561512],[-75.1897847279001,39.9774416051079]],[[-75.1897847279001,39.9774416051079],[-75.1898837944273,39.9779429016271]],[[-75.1898837944273,39.9779429016271],[-75.1896625664619,39.9783754794558]],[[-75.1896625664619,39.9783754794558],[-75.1894333810715,39.9785832291849]],[[-75.1894333810715,39.9785832291849],[-75.1893100877258,39.978708196969]],[[-75.1893100877258,39.978708196969],[-75.1892351034513,39.9788099144873]],[[-75.1892351034513,39.9788099144873],[-75.1891638937611,39.9790211886975]],[[-75.1891638937611,39.9790211886975],[-75.1886631257976,39.9812167215134]],[[-75.1880352975399,39.9841360653535],[-75.1879528050032,39.9845396506574]],[[-75.1853666946977,39.9962897752788],[-75.1852592720396,39.9967910112474]],[[-75.1899634600409,39.9754126171629],[-75.1895788186165,39.9755348295813],[-75.1894843037315,39.9755922485284],[-75.189387781811,39.9756697862819],[-75.189322397384,39.9757489783487],[-75.189270458025,39.975835671264],[-75.1892382706153,39.9759280866357],[-75.1892174841506,39.976049079612],[-75.1892169770012,39.97612875888],[-75.1892665779151,39.976277811288]],[[-75.1882161427773,39.975184400605],[-75.1885237394088,39.9754167101817],[-75.188768961305,39.9756319726288],[-75.1889475020361,39.9758284641324],[-75.189126873598,39.976069140405],[-75.1892665779151,39.976277811288]],[[-75.1871744262731,39.9880842944556],[-75.1870621575289,39.9886745052808]],[[-75.185698657181,39.9947993220002],[-75.1854595744085,39.9958998889734]],[[-75.1870621575289,39.9886745052808],[-75.1867163075141,39.9902244161481]],[[-75.1883703395038,39.9826314770284],[-75.1882052998632,39.9833825778704]],[[-75.1874933848596,39.9866391217959],[-75.1873851012382,39.9871399705921]],[[-75.1857962747673,39.9943581928392],[-75.185698657181,39.9947993220002]],[[-75.1872764809297,39.9876507544258],[-75.1871744262731,39.9880842944556]],[[-75.1882052998632,39.9833825778704],[-75.1880352975399,39.9841360653535]],[[-75.1867163075141,39.9902244161481],[-75.1863739945008,39.9917862435968]],[[-75.1875990621123,39.9861605255092],[-75.1874933848596,39.9866391217959]],[[-75.1886631257976,39.9812167215134],[-75.1885401884492,39.9818904908526]],[[-75.1877070220525,39.9856546056711],[-75.1875990621123,39.9861605255092]],[[-75.1863739945008,39.9917862435968],[-75.1861511349619,39.9926715905089]],[[-75.1852592720396,39.9967910112474],[-75.1850318818904,39.9978871472551]],[[-75.1885401884492,39.9818904908526],[-75.1883703395038,39.9826314770284]],[[-75.1861511349619,39.9926715905089],[-75.1860177506341,39.9932969314071]]]}},{"type":"Feature","properties":{"objectid":10,"stname":"47TH","length_ft":5226.66059225,"Shape__Length":2081.4674286765076},"geometry":{"type":"MultiLineString","coordinates":[[[-75.2156348435419,39.9557356306812],[-75.2158744058769,39.9545954891304]],[[-75.2161354784349,39.9533759179726],[-75.2162031529546,39.9530516405238],[-75.2163518871438,39.9523118187536]],[[-75.2165625512394,39.9481610380534],[-75.2158765886795,39.9475772064907]],[[-75.2158744058769,39.9545954891304],[-75.2161354784349,39.9533759179726]],[[-75.2126888049423,39.94489481372],[-75.2121583472084,39.9444411422085]],[[-75.2166622672783,39.9507916536281],[-75.2168291727722,39.9500317169319]],[[-75.2171241285063,39.9486199602163],[-75.2165625512394,39.9481610380534]],[[-75.2151641437809,39.9469874541213],[-75.2139638436686,39.9459838687757]],[[-75.2165046393929,39.9515559856045],[-75.2165898335545,39.9511686527436],[-75.2166622672783,39.9507916536281]],[[-75.2169985489596,39.9492432431616],[-75.2171241285063,39.9486199602163]],[[-75.2158765886795,39.9475772064907],[-75.2151641437809,39.9469874541213]],[[-75.2163518871438,39.9523118187536],[-75.2164324338565,39.9519116233555],[-75.2165046393929,39.9515559856045]],[[-75.2132980442178,39.9454095928322],[-75.2126888049423,39.94489481372]],[[-75.2139638436686,39.9459838687757],[-75.2132980442178,39.9454095928322]],[[-75.2168291727722,39.9500317169319],[-75.2169985489596,39.9492432431616]],[[-75.2116793773875,39.9440347856869],[-75.2108562905682,39.9433561880321]],[[-75.2121583472084,39.9444411422085],[-75.2116793773875,39.9440347856869]]]}},{"type":"Feature","properties":{"objectid":11,"stname":"49TH","length_ft":8774.86593324,"Shape__Length":3494.287139866994},"geometry":{"type":"MultiLineString","coordinates":[[[-75.2189566756111,39.9592692652783],[-75.2191129191339,39.9584950644292],[-75.2192672226875,39.957748772359],[-75.2194242943201,39.9569888009521],[-75.2195890247454,39.9562251952017],[-75.2196714895872,39.955841984396],[-75.2197123032676,39.9556180094301],[-75.2198251670796,39.9550855480468],[-75.2200829976517,39.9538584917228],[-75.2201550614309,39.953541103589],[-75.2202236824367,39.9531668684072],[-75.2202970198188,39.9528020589455],[-75.2204555136628,39.9520451858127],[-75.220618721443,39.9512846133458],[-75.2207782583323,39.9505221397586],[-75.2209386724677,39.9497354655854],[-75.221089654357,39.9490357973719],[-75.2212510973569,39.9482858027437],[-75.221239102183,39.9481704076846],[-75.2208839784568,39.9478465050446],[-75.2203950230757,39.9474407827577],[-75.2197789776339,39.9469285777892],[-75.2191134791447,39.9463633256023],[-75.2184264158893,39.9457950336237],[-75.2177348854687,39.9451924645975],[-75.2171644041191,39.9447277097775],[-75.2166924265082,39.9443111506619],[-75.2165221186953,39.9441802299578],[-75.2158601380363,39.943618879049],[-75.2152494667786,39.9430964081229],[-75.2148176828916,39.9427381480343],[-75.2138749111577,39.9419317336011],[-75.2133309980461,39.941474401685],[-75.2126041836141,39.9408593874161],[-75.211967532033,39.9403155946682],[-75.2113868892737,39.9398442585027]],[[-75.2113868892737,39.9398442585027],[-75.2107706825758,39.9393116916969],[-75.2100234582814,39.9386571271592]]]}},{"type":"Feature","properties":{"objectid":12,"stname":"52ND","length_ft":16780.76650718,"Shape__Length":6685.807158283883},"geometry":{"type":"MultiLineString","coordinates":[[[-75.2201780756514,39.9416117057445],[-75.2195338972912,39.9410734091082]],[[-75.2248698565846,39.9600148207437],[-75.2249984958396,39.9594445522009]],[[-75.2251428217937,39.9681547822895],[-75.2252161911854,39.9685977586865]],[[-75.2227626207083,39.943815082283],[-75.2213699635994,39.9426360499041]],[[-75.2265421309453,39.952009912904],[-75.2266597968134,39.951477202112]],[[-75.2250445226357,39.9592298490775],[-75.2250885510261,39.9590087373087]],[[-75.2245930381508,39.9649051030168],[-75.2246430418781,39.9651930282782],[-75.2247437853045,39.965774282868]],[[-75.2268713644721,39.9504698737969],[-75.2270317921158,39.9497117915302]],[[-75.2264529939818,39.9777262509286],[-75.2261403069289,39.9782120165213],[-75.2253717831058,39.9794491567706]],[[-75.2260050740507,39.9723161983753],[-75.226133369113,39.9729732526061]],[[-75.2257480764253,39.9558232708277],[-75.2258757021936,39.9552266422061]],[[-75.2240390362587,39.9448839143931],[-75.2236136073229,39.9445142210695]],[[-75.2268358540842,39.9472572243271],[-75.2264363997784,39.9469089923286]],[[-75.2270317921158,39.9497117915302],[-75.2271730478507,39.9489675835925]],[[-75.2162399410892,39.9383124744954],[-75.2158885142224,39.9380100558433]],[[-75.2264800694607,39.9748503400213],[-75.2266571748501,39.9757589386237]],[[-75.2255171631053,39.9569625024843],[-75.2256367314425,39.9563812092334]],[[-75.2260049788162,39.9546009872112],[-75.2261155225928,39.9540583749254]],[[-75.2266133457699,39.9774593642155],[-75.2264529939818,39.9777262509286]],[[-75.2248898296276,39.9666520472455],[-75.2249657526634,39.9671199242117]],[[-75.2260997327552,39.9466358104964],[-75.2254481390726,39.9460734699391]],[[-75.2253545865934,39.9577238065918],[-75.2255171631053,39.9569625024843]],[[-75.226469569574,39.9747981026482],[-75.2264800694607,39.9748503400213]],[[-75.2273271635358,39.9482883004392],[-75.2274220154653,39.9477797999399]],[[-75.2263401251836,39.9530181620297],[-75.2264388854997,39.9525416091591]],[[-75.2252161911854,39.9685977586865],[-75.225375465091,39.9695268745591]],[[-75.2267680558363,39.9772203841845],[-75.2266133457699,39.9774593642155]],[[-75.2236136073229,39.9445142210695],[-75.2232110015585,39.9441821941506]],[[-75.2249984958396,39.9594445522009],[-75.2250445226357,39.9592298490775]],[[-75.2251891879092,39.9584859395144],[-75.2253545865934,39.9577238065918]],[[-75.2271730478507,39.9489675835925],[-75.2272751836736,39.9484989926915]],[[-75.2256187108838,39.97048828038],[-75.2258367089383,39.9713737346389],[-75.2258441636759,39.9714398228241]],[[-75.2253717831058,39.9794491567706],[-75.2252733485981,39.9795027585387],[-75.2252260290178,39.9796599218963],[-75.225042233067,39.9799687172639]],[[-75.2263766083968,39.9742522369699],[-75.226469569574,39.9747981026482]],[[-75.2232110015585,39.9441821941506],[-75.2227626207083,39.943815082283]],[[-75.2254481390726,39.9460734699391],[-75.2247381272021,39.945474234595]],[[-75.2266571748501,39.9757589386237],[-75.2267169714973,39.9761434962878]],[[-75.2267014419229,39.9512508252133],[-75.2267495247839,39.9510297021716]],[[-75.2267169714973,39.9761434962878],[-75.2267506858655,39.9763148351358],[-75.2268340864445,39.9770955260958],[-75.2267680558363,39.9772203841845]],[[-75.2261155225928,39.9540583749254],[-75.2262259197842,39.9535371859742]],[[-75.2184044675982,39.9401262775818],[-75.2179925908021,39.9397826243903]],[[-75.2245622291777,39.9453182473027],[-75.2240390362587,39.9448839143931]],[[-75.2264363997784,39.9469089923286],[-75.2260997327552,39.9466358104964]],[[-75.2248151823042,39.966215275504],[-75.2248898296276,39.9666520472455]],[[-75.2189026364572,39.9405423349941],[-75.2184044675982,39.9401262775818]],[[-75.2250486686467,39.9675943854049],[-75.2251428217937,39.9681547822895]],[[-75.2262565700313,39.9736484956534],[-75.2263766083968,39.9742522369699]],[[-75.2258441636759,39.9714398228241],[-75.2259895575191,39.9722314209851]],[[-75.225375465091,39.9695268745591],[-75.2256187108838,39.97048828038]],[[-75.2250885510261,39.9590087373087],[-75.2251891879092,39.9584859395144]],[[-75.2213699635994,39.9426360499041],[-75.2201780756514,39.9416117057445]],[[-75.2266597968134,39.951477202112],[-75.2267014419229,39.9512508252133]],[[-75.226133369113,39.9729732526061],[-75.2262565700313,39.9736484956534]],[[-75.2272751836736,39.9484989926915],[-75.2273271635358,39.9482883004392]],[[-75.2179925908021,39.9397826243903],[-75.2175049017905,39.9393644632854]],[[-75.2262259197842,39.9535371859742],[-75.2263401251836,39.9530181620297]],[[-75.2245439222838,39.9615769028489],[-75.2242218030413,39.9630957419725]],[[-75.2195338972912,39.9410734091082],[-75.2189026364572,39.9405423349941]],[[-75.2258757021936,39.9552266422061],[-75.2260049788162,39.9546009872112]],[[-75.2264388854997,39.9525416091591],[-75.2265421309453,39.952009912904]],[[-75.2248698565846,39.9600148207437],[-75.224707670917,39.9608173183339]],[[-75.2267495247839,39.9510297021716],[-75.2268713644721,39.9504698737969]],[[-75.2242218030413,39.9630957419725],[-75.2245930381508,39.9649051030168]],[[-75.2175049017905,39.9393644632854],[-75.2162399410892,39.9383124744954]],[[-75.2247437853045,39.965774282868],[-75.2248151823042,39.966215275504]],[[-75.2256367314425,39.9563812092334],[-75.2257480764253,39.9558232708277]],[[-75.2249657526634,39.9671199242117],[-75.2250486686467,39.9675943854049]],[[-75.2274220154653,39.9477797999399],[-75.2268358540842,39.9472572243271]],[[-75.2259895575191,39.9722314209851],[-75.2260050740507,39.9723161983753]],[[-75.2247381272021,39.945474234595],[-75.2245622291777,39.9453182473027]],[[-75.224707670917,39.9608173183339],[-75.2245439222838,39.9615769028489]]]}},{"type":"Feature","properties":{"objectid":13,"stname":"53RD","length_ft":7493.91679675,"Shape__Length":2987.620664951859},"geometry":{"type":"MultiLineString","coordinates":[[[-75.2271686721637,39.9587298716701],[-75.2273267007829,39.9579687888611]],[[-75.2268529624658,39.9602480674658],[-75.2265206811853,39.9618219032827]],[[-75.2276450709631,39.9734726258653],[-75.2277574524666,39.9740282551176],[-75.2277611963831,39.9740984602093]],[[-75.2263990515784,39.9665756383019],[-75.2264708391383,39.967003906236]],[[-75.2263851030728,39.9664985710203],[-75.2263990515784,39.9665756383019]],[[-75.2266437266963,39.9680029287673],[-75.2267121699253,39.9684379930269]],[[-75.2268529624658,39.9602480674658],[-75.2270139601217,39.9594730244258]],[[-75.2273267007829,39.9579687888611],[-75.2274915449014,39.9572051743856]],[[-75.2278535311398,39.9554692343484],[-75.2279765104784,39.954841453281]],[[-75.2262056619194,39.9633388272761],[-75.2260097915507,39.9642591189907],[-75.226111786005,39.9648885751386]],[[-75.2269494568519,39.9697563083499],[-75.2270567417089,39.9703274570444]],[[-75.2276106392344,39.9566200884354],[-75.2277261355879,39.9560659221138]],[[-75.2275247236414,39.9728194505821],[-75.2276450709631,39.9734726258653]],[[-75.2279765104784,39.954841453281],[-75.2280996734054,39.9543009891187]],[[-75.2264708391383,39.967003906236],[-75.2266437266963,39.9680029287673]],[[-75.2265206811853,39.9618219032827],[-75.2262056619194,39.9633388272761]],[[-75.2274915449014,39.9572051743856],[-75.2276106392344,39.9566200884354]],[[-75.2270567417089,39.9703274570444],[-75.2272336538487,39.9712831170135]],[[-75.2277611963831,39.9740984602093],[-75.2278232685347,39.9746489759224]],[[-75.2273846675718,39.972076716996],[-75.2275247236414,39.9728194505821]],[[-75.2277261355879,39.9560659221138],[-75.2277981121312,39.9557167705537],[-75.2278535311398,39.9554692343484]],[[-75.226111786005,39.9648885751386],[-75.2262335162185,39.9655800916932]],[[-75.2267121699253,39.9684379930269],[-75.2268780917293,39.9693763778687]],[[-75.2270139601217,39.9594730244258],[-75.2271686721637,39.9587298716701]],[[-75.2262335162185,39.9655800916932],[-75.2263851030728,39.9664985710203]],[[-75.2268780917293,39.9693763778687],[-75.2269494568519,39.9697563083499]],[[-75.2272336538487,39.9712831170135],[-75.2273846675718,39.972076716996]]]}},{"type":"Feature","properties":{"objectid":14,"stname":"54TH","length_ft":5236.31636289,"Shape__Length":2083.2996849695305},"geometry":{"type":"MultiLineString","coordinates":[[[-75.2196158211608,39.9369101204603],[-75.2189861965221,39.9363785612478]],[[-75.2263367704796,39.9425717982934],[-75.2255117384716,39.9418808572462]],[[-75.2207345381232,39.9378599230178],[-75.2202450116859,39.9374477860121]],[[-75.2229078657171,39.9396892553118],[-75.2220981722284,39.9389971016091]],[[-75.2286794259013,39.944552525045],[-75.2281868686916,39.9441432866226]],[[-75.2255117384716,39.9418808572462],[-75.2250228999772,39.9414684507362]],[[-75.2189861965221,39.9363785612478],[-75.2178128893001,39.9353667330162]],[[-75.2211424861342,39.9382077648577],[-75.2207345381232,39.9378599230178]],[[-75.2202450116859,39.9374477860121],[-75.2196158211608,39.9369101204603]],[[-75.2267949364502,39.9429541569796],[-75.2263367704796,39.9425717982934]],[[-75.2250228999772,39.9414684507362],[-75.2246096894087,39.9411188660942]],[[-75.2295763162931,39.9453124262404],[-75.2290897341461,39.9448962603136]],[[-75.2216400043002,39.9386171790505],[-75.2211424861342,39.9382077648577]],[[-75.2290897341461,39.9448962603136],[-75.2286794259013,39.944552525045]],[[-75.2246096894087,39.9411188660942],[-75.2241164905605,39.9407004570251]],[[-75.2235458148791,39.9402116775765],[-75.2229078657171,39.9396892553118]],[[-75.2272848598974,39.9433725925781],[-75.2267949364502,39.9429541569796]],[[-75.2241164905605,39.9407004570251],[-75.2235458148791,39.9402116775765]],[[-75.2303870032758,39.9459936227889],[-75.2295763162931,39.9453124262404]],[[-75.2276899497873,39.9437207441132],[-75.2272848598974,39.9433725925781]],[[-75.2220981722284,39.9389971016091],[-75.2216400043002,39.9386171790505]],[[-75.2281868686916,39.9441432866226],[-75.2276899497873,39.9437207441132]]]}},{"type":"Feature","properties":{"objectid":15,"stname":"54TH","length_ft":3956.0743581600004,"Shape__Length":1577.5034113109207},"geometry":{"type":"MultiLineString","coordinates":[[[-75.2335303696247,39.9906626270203],[-75.2335992965183,39.9912134233956],[-75.2336757851558,39.9918916356738]],[[-75.2324081999468,39.9874085842339],[-75.2325244724466,39.9877714327165],[-75.2326730012693,39.9881642942824]],[[-75.232934690581,39.9889435423006],[-75.2330917483365,39.9893723354163],[-75.2332444199087,39.9898083418655]],[[-75.2321395197688,39.9866446469394],[-75.2322616680169,39.9869936655335],[-75.2324081999468,39.9874085842339]],[[-75.234030327046,39.9947454119547],[-75.2341330151399,39.9956111542857],[-75.2352879193854,39.9970973688299]],[[-75.2337153387396,39.9921857820026],[-75.234030327046,39.9947454119547]],[[-75.2326730012693,39.9881642942824],[-75.2327828166013,39.9884913060871],[-75.232934690581,39.9889435423006]],[[-75.2336757851558,39.9918916356738],[-75.2337153387396,39.9921857820026]],[[-75.2332444199087,39.9898083418655],[-75.2333878978493,39.9902276060223],[-75.2335303696247,39.9906626270203]]]}},{"type":"Feature","properties":{"objectid":16,"stname":"55TH","length_ft":3518.44021837,"Shape__Length":1402.5124623424547},"geometry":{"type":"MultiLineString","coordinates":[[[-75.2312801809025,39.9584580033578],[-75.2314410268028,39.9576980472378]],[[-75.2322660793657,39.9537453023017],[-75.2323611832526,39.9532842143763]],[[-75.2311160080641,39.9592193945417],[-75.2312801809025,39.9584580033578]],[[-75.2324791152061,39.9527478842226],[-75.2326309889616,39.9519861217461]],[[-75.2308047670633,39.9607313733175],[-75.2309635385134,39.9599634568696]],[[-75.2315591874092,39.95711106876],[-75.2316767747527,39.9565533050342]],[[-75.2314410268028,39.9576980472378],[-75.2315591874092,39.95711106876]],[[-75.2321549788809,39.9542712676085],[-75.2322660793657,39.9537453023017]],[[-75.2326309889616,39.9519861217461],[-75.2327955013885,39.9511953234552]],[[-75.2316767747527,39.9565533050342],[-75.231803045793,39.9559576755499]],[[-75.2320476400685,39.954789919124],[-75.2321549788809,39.9542712676085]],[[-75.2323611832526,39.9532842143763],[-75.2324791152061,39.9527478842226]],[[-75.2309635385134,39.9599634568696],[-75.2311160080641,39.9592193945417]],[[-75.231803045793,39.9559576755499],[-75.2319131134594,39.9554212813066],[-75.2319396464364,39.9553281222318]],[[-75.2319396464364,39.9553281222318],[-75.2320476400685,39.954789919124]]]}},{"type":"Feature","properties":{"objectid":17,"stname":"56TH","length_ft":5731.23911205,"Shape__Length":2284.620027701017},"geometry":{"type":"MultiLineString","coordinates":[[[-75.2338596733016,39.9562127705782],[-75.2339748457275,39.955666519853],[-75.2339867469154,39.9555886717428]],[[-75.2345343306392,39.9530095245429],[-75.2346436774494,39.9524738629445]],[[-75.2339867469154,39.9555886717428],[-75.2341066880288,39.9550438454663]],[[-75.2330232898242,39.9602169506992],[-75.2331782323405,39.9594716240168]],[[-75.2333363595267,39.9587124232336],[-75.2334939801167,39.957954065328]],[[-75.2341066880288,39.9550438454663],[-75.234214621751,39.9545308447419]],[[-75.2323919562855,39.9632291469381],[-75.2323728043941,39.9633258171189]],[[-75.2346436774494,39.9524738629445],[-75.2346873615577,39.9522471076668]],[[-75.2325304504368,39.9625668471333],[-75.2324454121062,39.9629593201246]],[[-75.2347362736553,39.9520161800699],[-75.234858934873,39.9514537362428]],[[-75.2317695104994,39.9655864503107],[-75.2317640089092,39.9662088791456],[-75.2317893526284,39.9663858152698]],[[-75.2336266003858,39.9573366098461],[-75.2337354518862,39.9568110057197]],[[-75.2322128361379,39.9640862478629],[-75.2320527572112,39.9648478617296]],[[-75.2346873615577,39.9522471076668],[-75.2347362736553,39.9520161800699]],[[-75.2328598242116,39.9609850764492],[-75.2325304504368,39.9625668471333]],[[-75.234214621751,39.9545308447419],[-75.2343232460061,39.9539990228733]],[[-75.2337354518862,39.9568110057197],[-75.2338596733016,39.9562127705782]],[[-75.2320527572112,39.9648478617296],[-75.2319087455399,39.9655329091167],[-75.2317695104994,39.9655864503107]],[[-75.2343232460061,39.9539990228733],[-75.2344228120698,39.9535353698508]],[[-75.2328598242116,39.9609850764492],[-75.2330232898242,39.9602169506992]],[[-75.2323728043941,39.9633258171189],[-75.2322128361379,39.9640862478629]],[[-75.234858934873,39.9514537362428],[-75.2349683476434,39.9509086595695]],[[-75.2334939801167,39.957954065328],[-75.2336266003858,39.9573366098461]],[[-75.2344228120698,39.9535353698508],[-75.2345343306392,39.9530095245429]],[[-75.2324454121062,39.9629593201246],[-75.2323919562855,39.9632291469381]],[[-75.2331782323405,39.9594716240168],[-75.2333363595267,39.9587124232336]]]}},{"type":"Feature","properties":{"objectid":18,"stname":"58TH","length_ft":4897.9187963800005,"Shape__Length":1952.3000621315389},"geometry":{"type":"MultiLineString","coordinates":[[[-75.2379358407914,39.9560718342381],[-75.2380536911057,39.9555324674158]],[[-75.2393254973703,39.9494728556074],[-75.2394325539743,39.9489402387494]],[[-75.2381684451477,39.9550209716521],[-75.2382750312599,39.9544873451445]],[[-75.2392761976076,39.9496929823953],[-75.2393254973703,39.9494728556074]],[[-75.2374503397656,39.9584425528282],[-75.2376862728145,39.9572991488]],[[-75.2387984448675,39.9519512980503],[-75.238916880712,39.9514076186418]],[[-75.2380536911057,39.9555324674158],[-75.2381684451477,39.9550209716521]],[[-75.238916880712,39.9514076186418],[-75.2390122486052,39.9509578394986]],[[-75.2397491323732,39.9474204242026],[-75.2398562499926,39.9468894319963]],[[-75.2376862728145,39.9572991488],[-75.2379235027235,39.9561593074282],[-75.2379358407914,39.9560718342381]],[[-75.2386857563674,39.9525081892318],[-75.2387984448675,39.9519512980503]],[[-75.2395500797007,39.9484083978448],[-75.2396443208934,39.9479414846935]],[[-75.2383712861493,39.9540255530168],[-75.2384797633582,39.9534944914647]],[[-75.2392341841719,39.9499325823612],[-75.2392761976076,39.9496929823953]],[[-75.2384797633582,39.9534944914647],[-75.2385867559184,39.9529676013787]],[[-75.2391202386598,39.9504553112593],[-75.2392341841719,39.9499325823612]],[[-75.2385867559184,39.9529676013787],[-75.2386857563674,39.9525081892318]],[[-75.2394325539743,39.9489402387494],[-75.2395500797007,39.9484083978448]],[[-75.2399617008216,39.9464199033069],[-75.2400549547082,39.9459266421688]],[[-75.2372916432987,39.9592014430616],[-75.2372897350926,39.9591573056888],[-75.2374503397656,39.9584425528282]],[[-75.2390122486052,39.9509578394986],[-75.2391202386598,39.9504553112593]],[[-75.2398562499926,39.9468894319963],[-75.2399617008216,39.9464199033069]],[[-75.2382750312599,39.9544873451445],[-75.2383712861493,39.9540255530168]],[[-75.2396443208934,39.9479414846935],[-75.2397491323732,39.9474204242026]]]}},{"type":"Feature","properties":{"objectid":19,"stname":"59TH","length_ft":7688.43122105,"Shape__Length":3065.223021812464},"geometry":{"type":"MultiLineString","coordinates":[[[-75.2372952419838,39.9692692260542],[-75.2374579547631,39.9701506053425]],[[-75.2399118715089,39.9563221947295],[-75.240010405748,39.9558846087544]],[[-75.2387868667168,39.9617243098627],[-75.2389489043929,39.9609527184794]],[[-75.2397424358246,39.9571378216643],[-75.2398263867058,39.9567279331171]],[[-75.2378202695904,39.9663394728638],[-75.2375045099586,39.9678635449844]],[[-75.2394213815794,39.9586853931395],[-75.2395770269418,39.9579511092583]],[[-75.2385724938701,39.9761105931294],[-75.2386926643437,39.9767362205728]],[[-75.2384559471306,39.9633014404468],[-75.2381388229984,39.9648199266125]],[[-75.2380370903048,39.9653293695856],[-75.2379363854068,39.9658028700064]],[[-75.2387868667168,39.9617243098627],[-75.2386152161952,39.9625371337004]],[[-75.2374579547631,39.9701506053425],[-75.2377445221989,39.9716879267277]],[[-75.2389489043929,39.9609527184794],[-75.2391032741336,39.9602070392943]],[[-75.2395770269418,39.9579511092583],[-75.2396611210512,39.9575433241473]],[[-75.2379851637589,39.9729666321587],[-75.2382798847,39.9745623838147]],[[-75.2381388229984,39.9648199266125],[-75.2380370903048,39.9653293695856]],[[-75.2391032741336,39.9602070392943],[-75.2392604630405,39.9594478400719]],[[-75.2382798847,39.9745623838147],[-75.2385724938701,39.9761105931294]],[[-75.2377445221989,39.9716879267277],[-75.2379851637589,39.9729666321587]],[[-75.2396611210512,39.9575433241473],[-75.2397424358246,39.9571378216643]],[[-75.2375045099586,39.9678635449844],[-75.2372850877725,39.9689081833512],[-75.2372430724847,39.9689866300789]],[[-75.2386152161952,39.9625371337004],[-75.2384559471306,39.9633014404468]],[[-75.2398263867058,39.9567279331171],[-75.2399118715089,39.9563221947295]],[[-75.2392604630405,39.9594478400719],[-75.2394213815794,39.9586853931395]],[[-75.2379363854068,39.9658028700064],[-75.2378202695904,39.9663394728638]],[[-75.2372430724847,39.9689866300789],[-75.2372952419838,39.9692692260542]]]}},{"type":"Feature","properties":{"objectid":20,"stname":"UNIVERSITY","length_ft":2602.4500452499997,"Shape__Length":1037.40520359632},"geometry":{"type":"MultiLineString","coordinates":[[[-75.1925048986132,39.9683125568562],[-75.1930005496682,39.9695482174997],[-75.1932425982703,39.9701342022231],[-75.1936526850018,39.9711624286137],[-75.1937841101182,39.9714694030929],[-75.1940415026882,39.9721229535446],[-75.1943398523117,39.9728492257326],[-75.1945122095102,39.9732823958342],[-75.1946482752374,39.9736246135406],[-75.1947804295634,39.973965215848],[-75.1948602757652,39.9743477781489]],[[-75.1948602757652,39.9743477781489],[-75.1948961326389,39.9744936962964],[-75.1949735354346,39.9750084664548],[-75.1949004229374,39.9751711902931]]]}},{"type":"Feature","properties":{"objectid":21,"stname":"5TH","length_ft":23981.07047258,"Shape__Length":9568.553112112515},"geometry":{"type":"MultiLineString","coordinates":[[[-75.1266631722774,40.0539738254364],[-75.1266206861328,40.0542272414514]],[[-75.1271462290876,40.0517580799217],[-75.1267941474388,40.0533225031427]],[[-75.1311652398786,40.0334011235059],[-75.1308825806793,40.0347539570872]],[[-75.1355362149487,40.0134729093599],[-75.1351921155332,40.0150658233733]],[[-75.1288359108345,40.0440956423445],[-75.1284982933909,40.0456355971653]],[[-75.1333347239522,40.0235384790341],[-75.1333028895109,40.0237178700391],[-75.1332096488719,40.0241536445981]],[[-75.1330126348118,40.0250058896615],[-75.1328412117251,40.0257924149668]],[[-75.1362694064705,40.0100855929609],[-75.1361788493746,40.010487589784]],[[-75.1277494382614,40.0489329044522],[-75.127490754248,40.0502263617326]],[[-75.1340180116878,40.0203818389552],[-75.1339411327212,40.0207626836863]],[[-75.134696083923,40.0172909959067],[-75.1346140461978,40.0176879725283]],[[-75.1291631329361,40.0425793717655],[-75.1290628226405,40.0431039711991]],[[-75.1358598309217,40.0119913037375],[-75.1355362149487,40.0134729093599]],[[-75.1316108163982,40.0313623683698],[-75.1315099341101,40.0318763459172]],[[-75.1295008440999,40.0410570884669],[-75.1293316986401,40.0418165877888]],[[-75.137531901867,40.0043139655684],[-75.1374519214653,40.004670436364]],[[-75.1365094577689,40.0089914715313],[-75.1362694064705,40.0100855929609]],[[-75.1392014849681,39.9966706331088],[-75.1388793499465,39.9981583243458]],[[-75.1388793499465,39.9981583243458],[-75.1385273966101,39.9997522528481]],[[-75.1273621837753,40.0508447395255],[-75.1272672773538,40.0512770340763]],[[-75.132354945532,40.0280290787536],[-75.1321772563738,40.0287813008768]],[[-75.1305202574978,40.0364464451122],[-75.1301639939412,40.0379978106669]],[[-75.1336927387634,40.0219022478651],[-75.1335198332934,40.0227076931874]],[[-75.1345149728303,40.018145599997],[-75.1344309983231,40.0185461626287]],[[-75.1321772563738,40.0287813008768],[-75.1318323615554,40.03033042738]],[[-75.1281523429632,40.0471981434289],[-75.1277494382614,40.0489329044522]],[[-75.1380631056073,40.0018520601253],[-75.1378495121692,40.002808130274]],[[-75.1325118793925,40.0272834302659],[-75.132354945532,40.0280290787536]],[[-75.1361788493746,40.010487589784],[-75.1358598309217,40.0119913037375]],[[-75.1344309983231,40.0185461626287],[-75.1343483133548,40.0188972073138]],[[-75.1374519214653,40.004670436364],[-75.1372111460918,40.0058160425471]],[[-75.1308825806793,40.0347539570872],[-75.1305202574978,40.0364464451122]],[[-75.1328412117251,40.0257924149668],[-75.1325118793925,40.0272834302659]],[[-75.1341967519169,40.0196284871073],[-75.1340180116878,40.0203818389552]],[[-75.1335198332934,40.0227076931874],[-75.1333347239522,40.0235384790341]],[[-75.1351921155332,40.0150658233733],[-75.134846137056,40.0166466516454]],[[-75.1284982933909,40.0456355971653],[-75.1283373563822,40.0463955538976]],[[-75.1395225956316,39.9951739626498],[-75.1392014849681,39.9966706331088]],[[-75.1372111460918,40.0058160425471],[-75.1368608878308,40.0074031779002]],[[-75.1332096488719,40.0241536445981],[-75.1331702682496,40.0243082683796]],[[-75.1346140461978,40.0176879725283],[-75.1345149728303,40.018145599997]],[[-75.1382513787172,40.0010022533026],[-75.1381839220675,40.0013370100311]],[[-75.1318323615554,40.03033042738],[-75.1316108163982,40.0313623683698]],[[-75.1339411327212,40.0207626836863],[-75.1338615372417,40.0211251396735]],[[-75.1378495121692,40.002808130274],[-75.137531901867,40.0043139655684]],[[-75.1366121897555,40.0085007765219],[-75.1365094577689,40.0089914715313]],[[-75.140199768854,39.9920960020456],[-75.1398535336129,39.9936811605428]],[[-75.1293316986401,40.0418165877888],[-75.1291631329361,40.0425793717655]],[[-75.1315099341101,40.0318763459172],[-75.1313959458716,40.0323613431923]],[[-75.1398535336129,39.9936811605428],[-75.1395225956316,39.9951739626498]],[[-75.1381839220675,40.0013370100311],[-75.1380631056073,40.0018520601253]],[[-75.1331702682496,40.0243082683796],[-75.1330126348118,40.0250058896615]],[[-75.1283373563822,40.0463955538976],[-75.1281523429632,40.0471981434289]],[[-75.1343483133548,40.0188972073138],[-75.1342704672745,40.019260726025]],[[-75.1367161109818,40.008029768838],[-75.1366121897555,40.0085007765219]],[[-75.1289552599179,40.0435800732553],[-75.1288359108345,40.0440956423445]],[[-75.1342704672745,40.019260726025],[-75.1341967519169,40.0196284871073]],[[-75.1405462145409,39.9905075669467],[-75.140199768854,39.9920960020456]],[[-75.1301639939412,40.0379978106669],[-75.1298327412645,40.0395353430439]],[[-75.1338615372417,40.0211251396735],[-75.1336927387634,40.0219022478651]],[[-75.1385273966101,39.9997522528481],[-75.1382513787172,40.0010022533026]],[[-75.1298327412645,40.0395353430439],[-75.1295008440999,40.0410570884669]],[[-75.1290628226405,40.0431039711991],[-75.1289552599179,40.0435800732553]],[[-75.1313959458716,40.0323613431923],[-75.1311652398786,40.0334011235059]],[[-75.134846137056,40.0166466516454],[-75.134696083923,40.0172909959067]],[[-75.1368608878308,40.0074031779002],[-75.1367161109818,40.008029768838]],[[-75.127490754248,40.0502263617326],[-75.1273621837753,40.0508447395255]],[[-75.1272672773538,40.0512770340763],[-75.1271462290876,40.0517580799217]],[[-75.1266206861328,40.0542272414514],[-75.1263490098042,40.0554254934019]],[[-75.1267941474388,40.0533225031427],[-75.1266631722774,40.0539738254364]]]}},{"type":"Feature","properties":{"objectid":22,"stname":"61ST","length_ft":4814.913629,"Shape__Length":1912.906983469693},"geometry":{"type":"MultiLineString","coordinates":[[[-75.2215129593658,39.9236471709257],[-75.220511172187,39.9232508894006]],[[-75.2234544114154,39.9248999886197],[-75.2223196212038,39.9239548989166],[-75.2221706798208,39.9239230143081]],[[-75.2221706798208,39.9239230143081],[-75.2215129593658,39.9236471709257]],[[-75.220511172187,39.9232508894006],[-75.2202685491375,39.9230338938606],[-75.2156491050612,39.9211508423439],[-75.2153133306204,39.921019991257],[-75.2128688391039,39.9200217607582],[-75.2087034915526,39.9183078074312]]]}},{"type":"Feature","properties":{"objectid":23,"stname":"63RD","length_ft":5083.050318789999,"Shape__Length":2020.6182154878445},"geometry":{"type":"MultiLineString","coordinates":[[[-75.2241483305373,39.9210424373869],[-75.2234602035795,39.9204858781828]],[[-75.2282328729766,39.9244863368396],[-75.2277268495172,39.9240447988541]],[[-75.2227745478304,39.919927670681],[-75.2164068930185,39.9173230473222],[-75.216042320865,39.9171447014351],[-75.2158257489533,39.9169656125349]],[[-75.2286546698026,39.924824214974],[-75.2282328729766,39.9244863368396]],[[-75.226763654594,39.9232515489868],[-75.2263212551094,39.9228767655431]],[[-75.2291233659503,39.9252106248898],[-75.2286546698026,39.924824214974]],[[-75.2263212551094,39.9228767655431],[-75.2256338564858,39.9222752691808]],[[-75.2277268495172,39.9240447988541],[-75.22696085122,39.9234092650433]],[[-75.2296627023804,39.9256791318544],[-75.2291233659503,39.9252106248898]],[[-75.22696085122,39.9234092650433],[-75.226763654594,39.9232515489868]],[[-75.2249287265879,39.9217012053115],[-75.2241483305373,39.9210424373869]],[[-75.2256338564858,39.9222752691808],[-75.2249287265879,39.9217012053115]],[[-75.2234602035795,39.9204858781828],[-75.2227745478304,39.919927670681]]]}},{"type":"Feature","properties":{"objectid":24,"stname":"63RD","length_ft":8461.00772212,"Shape__Length":3373.6367507643213},"geometry":{"type":"MultiLineString","coordinates":[[[-75.2451608940932,39.9703689561581],[-75.2448653620241,39.9717837053179],[-75.2448874383316,39.9718633160069]],[[-75.2448874383316,39.9718633160069],[-75.2449529140454,39.9721945364513]],[[-75.2452500369148,39.9737877243188],[-75.245543084714,39.9753395440621]],[[-75.2449529140454,39.9721945364513],[-75.2452500369148,39.9737877243188]],[[-75.2462237896104,39.9789922219616],[-75.2463559934517,39.9796581891237]],[[-75.2457937429429,39.9673274402968],[-75.2454757117472,39.968845870445]],[[-75.2467558255896,39.9627144388427],[-75.2466862496136,39.9630475122701],[-75.2464276039841,39.9642856719202]],[[-75.2460929807064,39.9783096436969],[-75.2462237896104,39.9789922219616]],[[-75.2465789463611,39.9808963163899],[-75.2470972195271,39.9836046666709]],[[-75.2464276039841,39.9642856719202],[-75.2461108025165,39.9658063610199]],[[-75.2463559934517,39.9796581891237],[-75.2465432253786,39.9806547508249]],[[-75.245543084714,39.9753395440621],[-75.2460929807064,39.9783096436969]],[[-75.2461108025165,39.9658063610199],[-75.2457937429429,39.9673274402968]],[[-75.2454757117472,39.968845870445],[-75.2451608940932,39.9703689561581]],[[-75.2465432253786,39.9806547508249],[-75.2465789463611,39.9808963163899]],[[-75.2470972195271,39.9836046666709],[-75.247372555821,39.9850622000054]],[[-75.247372555821,39.9850622000054],[-75.2475241196598,39.9856743431693]]]}},{"type":"Feature","properties":{"objectid":25,"stname":"65TH","length_ft":4413.0804278099995,"Shape__Length":1754.2507549006118},"geometry":{"type":"MultiLineString","coordinates":[[[-75.2378130060348,39.9285082049358],[-75.2374562106873,39.9282298382179],[-75.2369888530642,39.9278301674764],[-75.2362906550847,39.9272361275591],[-75.235595922845,39.9266498004564],[-75.2343300567925,39.9255822516287],[-75.2338937569307,39.9252072486442],[-75.2337272408262,39.9250745982809],[-75.2335377050614,39.9249080128242],[-75.2331246525942,39.9245670709],[-75.2329623773843,39.9244210713747],[-75.2327330849578,39.9242286235821],[-75.2321804933842,39.9237589247963],[-75.2317330010925,39.9233863639908]],[[-75.2378130060348,39.9285082049358],[-75.2378734129783,39.9285589415122],[-75.2383105807225,39.9289261240578],[-75.2383141228529,39.9288693173243],[-75.2387320197721,39.9285941794668],[-75.2393963398501,39.9287346428988],[-75.2398765956676,39.928833315679],[-75.2408664981249,39.9290181256539],[-75.2409882294328,39.9290429607291],[-75.2417416711757,39.9291894822704],[-75.2422572865043,39.9292966416423],[-75.2426119997151,39.929360777546],[-75.2427036966817,39.9293776353087],[-75.2432564053042,39.9294792473123],[-75.2439266163683,39.9296022489195]],[[-75.2378160613668,39.9285105883265],[-75.2378130060348,39.9285082049358]]]}},{"type":"Feature","properties":{"objectid":26,"stname":"66TH","length_ft":4338.46533614,"Shape__Length":1725.3923638127376},"geometry":{"type":"MultiLineString","coordinates":[[[-75.1417953898463,40.0536401619977],[-75.1431918865518,40.0538196112083]],[[-75.1447639052932,40.054031594961],[-75.1453004496915,40.0540982101577],[-75.1455564059718,40.0541270825639]],[[-75.148709627157,40.0545352940946],[-75.1488131725976,40.0545506077755]],[[-75.1512969883809,40.0547552670541],[-75.1520036939139,40.0547960938978]],[[-75.1431918865518,40.0538196112083],[-75.1447639052932,40.054031594961]],[[-75.1497072392597,40.0546584303693],[-75.1502899770295,40.0546989928851],[-75.15056033848,40.0547147863917]],[[-75.1488131725976,40.0545506077755],[-75.1491974971466,40.0546006924101],[-75.1493607565552,40.0546249898868],[-75.1497072392597,40.0546584303693]],[[-75.15056033848,40.0547147863917],[-75.1512969883809,40.0547552670541]],[[-75.1415631772867,40.0536090640111],[-75.1417953898463,40.0536401619977]],[[-75.1471266190265,40.054328288636],[-75.1476063240204,40.0543930871136],[-75.1479079722602,40.0544324472095]],[[-75.1366956744195,40.0529902114686],[-75.1377707306498,40.0531218806456]],[[-75.1455564059718,40.0541270825639],[-75.1463365084536,40.0542290431119]],[[-75.1385582400856,40.0532340030048],[-75.1393465480737,40.0533307369125]],[[-75.1479079722602,40.0544324472095],[-75.1484192654708,40.0544973792452],[-75.148709627157,40.0545352940946]],[[-75.1377707306498,40.0531218806456],[-75.1385582400856,40.0532340030048]],[[-75.1403760267022,40.0534693756535],[-75.1404434649423,40.0534643129273],[-75.1415631772867,40.0536090640111]],[[-75.1393465480737,40.0533307369125],[-75.1403760267022,40.0534693756535]],[[-75.1463365084536,40.0542290431119],[-75.1471266190265,40.054328288636]]]}},{"type":"Feature","properties":{"objectid":27,"stname":"6TH","length_ft":4144.22676207,"Shape__Length":1652.8872100174096},"geometry":{"type":"MultiLineString","coordinates":[[[-75.1411692086589,39.9969236194568],[-75.140937593388,39.9980410640216]],[[-75.140937593388,39.9980410640216],[-75.1408478984995,39.9984156967458]],[[-75.1421760063557,39.9923524852495],[-75.1418331657132,39.9939390376946]],[[-75.1408478984995,39.9984156967458],[-75.1405003244543,40.0000026297413]],[[-75.1414984939236,39.995431153296],[-75.1411692086589,39.9969236194568]],[[-75.1418331657132,39.9939390376946],[-75.1414984939236,39.995431153296]],[[-75.1405003244543,40.0000026297413],[-75.1404044080291,40.0004860588698]],[[-75.142849661797,39.9892663454914],[-75.1425236280131,39.9907637016168]],[[-75.1425236280131,39.9907637016168],[-75.1421760063557,39.9923524852495]]]}},{"type":"Feature","properties":{"objectid":28,"stname":"ARAMINGO","length_ft":19945.63847184,"Shape__Length":7938.7689815786225},"geometry":{"type":"MultiLineString","coordinates":[[[-75.1047760558777,39.9893409189493],[-75.1039054801663,39.9898056167005]],[[-75.0970090125323,39.9934090067031],[-75.095560833383,39.9941037626698],[-75.0945254330519,39.9946124082373]],[[-75.1115609825642,39.9857970384331],[-75.1087883565131,39.9872449837443]],[[-75.1063281003308,39.9885332717601],[-75.1050781219174,39.9891817873573]],[[-75.1173569007586,39.9814909289308],[-75.1171558465062,39.9817197590117],[-75.1160774701401,39.9829470867147],[-75.1160392599761,39.9829905602705]],[[-75.0756898703549,40.0055627275798],[-75.0746802438134,40.0063690673863],[-75.0734035450709,40.0073475861865]],[[-75.0787074526837,40.0031705291682],[-75.0777090653825,40.0039926534509]],[[-75.1183262863624,39.9795255282501],[-75.117699103138,39.9809138912969]],[[-75.1197660524754,39.9763784302669],[-75.1186131466829,39.9788885540131]],[[-75.0724888016898,40.0081325613183],[-75.0720098837962,40.0087291867892],[-75.0719903003661,40.0088815702776]],[[-75.0836409383425,40.0003342638807],[-75.0816832637816,40.0013579929858]],[[-75.0945254330519,39.9946124082373],[-75.0920740183861,39.9959038394515]],[[-75.1156079850385,39.9835606878516],[-75.1148296774255,39.9840882431031],[-75.1145200933114,39.9842463553937]],[[-75.1050781219174,39.9891817873573],[-75.1047760558777,39.9893409189493]],[[-75.1016053112205,39.9910035419411],[-75.0993034984177,39.9921949092223]],[[-75.1087883565131,39.9872449837443],[-75.1063281003308,39.9885332717601]],[[-75.0894684583969,39.9972783519731],[-75.086504923852,39.9988362504712],[-75.0863739410916,39.9989047645022]],[[-75.1209863354839,39.9754496530276],[-75.1199727110341,39.9759205054789]],[[-75.1145200933114,39.9842463553937],[-75.1133802156567,39.9848478573183]],[[-75.1199727110341,39.9759205054789],[-75.1197660524754,39.9763784302669]],[[-75.0777090653825,40.0039926534509],[-75.0774794327989,40.0041483807218]],[[-75.1039054801663,39.9898056167005],[-75.1016053112205,39.9910035419411]],[[-75.0920740183861,39.9959038394515],[-75.0894684583969,39.9972783519731]],[[-75.1133802156567,39.9848478573183],[-75.1115609825642,39.9857970384331]],[[-75.0719903003661,40.0088815702776],[-75.07179340459,40.0090039108379],[-75.0697888807615,40.0115524115565]],[[-75.0774794327989,40.0041483807218],[-75.076619618456,40.0048366627768]],[[-75.1160392599761,39.9829905602705],[-75.1156079850385,39.9835606878516]],[[-75.1186131466829,39.9788885540131],[-75.1183262863624,39.9795255282501]],[[-75.0816832637816,40.0013579929858],[-75.079784623723,40.0023470747582]],[[-75.0863739410916,39.9989047645022],[-75.0836409383425,40.0003342638807]],[[-75.0993034984177,39.9921949092223],[-75.0970090125323,39.9934090067031]],[[-75.117699103138,39.9809138912969],[-75.1173569007586,39.9814909289308]],[[-75.0734035450709,40.0073475861865],[-75.0727051127886,40.0079132399744],[-75.0724888016898,40.0081325613183]],[[-75.076619618456,40.0048366627768],[-75.0763304122013,40.0050341640618],[-75.0756898703549,40.0055627275798]],[[-75.079784623723,40.0023470747582],[-75.079260077315,40.0027364447168],[-75.0787074526837,40.0031705291682]]]}},{"type":"Feature","properties":{"objectid":29,"stname":"70TH","length_ft":6663.36514848,"Shape__Length":2650.4291031970442},"geometry":{"type":"MultiLineString","coordinates":[[[-75.2456809488817,39.9248870223855],[-75.2455745713891,39.9244015921562],[-75.2455154733552,39.9241055875438]],[[-75.2443127872103,39.9230352838552],[-75.2440717476085,39.9228255954785]],[[-75.2396987933134,39.9191315450839],[-75.2394612362309,39.9189483614263],[-75.2388337324556,39.9183955306472]],[[-75.2379223744354,39.9176332733816],[-75.2376712528418,39.9174167166713],[-75.2374297916309,39.9172166971064]],[[-75.2455154733552,39.9241055875438],[-75.2453299463068,39.9238995768307]],[[-75.2309906581416,39.9118653273997],[-75.2307300275395,39.9116506296018],[-75.2305858878805,39.9115011654401],[-75.2304325434918,39.9112894353891],[-75.2303462844862,39.9111086105849]],[[-75.2374297916309,39.9172166971064],[-75.2369260405515,39.9168084719923],[-75.23651729788,39.9164615047328]],[[-75.2383503037926,39.917984508267],[-75.2381266064946,39.9178096414338],[-75.2379223744354,39.9176332733816]],[[-75.2315469854521,39.9123221924482],[-75.2309906581416,39.9118653273997]],[[-75.2453299463068,39.9238995768307],[-75.2447202254035,39.9233746823899]],[[-75.23651729788,39.9164615047328],[-75.2360291306895,39.9160452341989]],[[-75.2327334148543,39.9133145302509],[-75.2315469854521,39.9123221924482]],[[-75.2346333571284,39.914857474819],[-75.2336908626886,39.9140872150583]],[[-75.2433247051429,39.9221831965018],[-75.2429982761274,39.9219002460882],[-75.2426820721194,39.9216516641317]],[[-75.2402237576954,39.9195680334959],[-75.2396987933134,39.9191315450839]],[[-75.2426820721194,39.9216516641317],[-75.2414178625531,39.9205891350877]],[[-75.2414178625531,39.9205891350877],[-75.2408417204113,39.9200862879731]],[[-75.2447202254035,39.9233746823899],[-75.2445029762735,39.9232007345753]],[[-75.2388337324556,39.9183955306472],[-75.2386088205911,39.9182109966645],[-75.2383503037926,39.917984508267]],[[-75.2336908626886,39.9140872150583],[-75.2334159358536,39.9138480560622]],[[-75.2334159358536,39.9138480560622],[-75.2327334148543,39.9133145302509]],[[-75.2360291306895,39.9160452341989],[-75.2346333571284,39.914857474819]],[[-75.2445029762735,39.9232007345753],[-75.2443127872103,39.9230352838552]],[[-75.2440717476085,39.9228255954785],[-75.2433247051429,39.9221831965018]],[[-75.2408417204113,39.9200862879731],[-75.2402237576954,39.9195680334959]]]}},{"type":"Feature","properties":{"objectid":30,"stname":"84TH","length_ft":4456.6537826799995,"Shape__Length":1770.2461295506314},"geometry":{"type":"MultiLineString","coordinates":[[[-75.2523511672063,39.8976272246686],[-75.2520718237775,39.8974759211232],[-75.2505873056004,39.8966829783948]],[[-75.2550513037655,39.8987617594623],[-75.2540806590294,39.8984285468648],[-75.2536527564158,39.8982640330525],[-75.2532887863759,39.8981035563725],[-75.2525274201818,39.8977160789702],[-75.2523511672063,39.8976272246686]],[[-75.246645178086,39.8945771416278],[-75.2440398656699,39.8931852685612],[-75.2418274735464,39.8920153948669]],[[-75.2505873056004,39.8966829783948],[-75.246645178086,39.8945771416278]]]}},{"type":"Feature","properties":{"objectid":31,"stname":"9TH","length_ft":9614.67831788,"Shape__Length":3836.002995137978},"geometry":{"type":"MultiLineString","coordinates":[[[-75.1398950348027,40.0211511726754],[-75.139943396065,40.020981467956]],[[-75.1411291874722,40.0158272164534],[-75.1407641221152,40.0174205076843]],[[-75.1393694653713,40.0234686637647],[-75.1390294583058,40.0250534462969]],[[-75.1404462363029,40.0189070522084],[-75.1401083462158,40.0203999594413]],[[-75.1417883765024,40.0127179961701],[-75.1417480547211,40.012948731892]],[[-75.1417480547211,40.012948731892],[-75.1414490311088,40.0142369317446]],[[-75.1383696671428,40.0280409886401],[-75.1380526383013,40.0295423478422]],[[-75.1396883950216,40.0218113646743],[-75.1397133466524,40.0219449406775],[-75.1393694653713,40.0234686637647]],[[-75.1390294583058,40.0250534462969],[-75.1387006567246,40.026545246039]],[[-75.1421144098866,40.0112461475926],[-75.1417883765024,40.0127179961701]],[[-75.1396883950216,40.0218113646743],[-75.1398137515302,40.0215238392215]],[[-75.1407641221152,40.0174205076843],[-75.1404462363029,40.0189070522084]],[[-75.1430652032741,40.0067303030884],[-75.142776044527,40.0080536684265],[-75.142774725609,40.0081630675034]],[[-75.1380526383013,40.0295423478422],[-75.1379704531015,40.0299324420796],[-75.1376944095684,40.0310882375315]],[[-75.1430997862863,40.006571883331],[-75.1430652032741,40.0067303030884]],[[-75.1424405773227,40.0097521056099],[-75.1421144098866,40.0112461475926]],[[-75.1398137515302,40.0215238392215],[-75.1398950348027,40.0211511726754]],[[-75.139943396065,40.020981467956],[-75.1401083462158,40.0203999594413]],[[-75.1414490311088,40.0142369317446],[-75.1411291874722,40.0158272164534]],[[-75.142774725609,40.0081630675034],[-75.1427652399549,40.0082778647475],[-75.1424405773227,40.0097521056099]],[[-75.1434400294784,40.0050809132838],[-75.1430997862863,40.006571883331]],[[-75.1387006567246,40.026545246039],[-75.1383696671428,40.0280409886401]]]}},{"type":"Feature","properties":{"objectid":32,"stname":"ACADEMY","length_ft":11828.37644002,"Shape__Length":4719.225192581773},"geometry":{"type":"MultiLineString","coordinates":[[[-74.9972363941214,40.0800321852655],[-74.9958048969792,40.0808541440933]],[[-75.0078889223215,40.0523903342315],[-75.0082889514221,40.0527246099063],[-75.0082895249866,40.0527264329252]],[[-75.0014679299768,40.0751576329531],[-75.000900081805,40.0758348954648]],[[-75.0094069481854,40.0625614385314],[-75.009408528018,40.0635037616082]],[[-74.9984915327669,40.0787108208185],[-74.997789208454,40.0795497720349],[-74.997638048105,40.0797084018998],[-74.9974636852055,40.0798604666846],[-74.9972363941214,40.0800321852655]],[[-75.0086423201999,40.0577822599381],[-75.0088029700777,40.0584107361597]],[[-75.0082895249866,40.0527264329252],[-75.00850668191,40.0534168621996],[-75.0085298016387,40.0535472748046]],[[-75.0093854452378,40.0649219634045],[-75.0093991307449,40.065269934992],[-75.0093328512725,40.0658214832907],[-75.0092658719032,40.0660933772097],[-75.0091779220103,40.0663893545067],[-75.0090069799202,40.0668585100002],[-75.0087913404427,40.0673597381703]],[[-75.0081311832029,40.0685948464891],[-75.0080328633425,40.0686794166603],[-75.0077127282997,40.0689241532397],[-75.0075296387357,40.0690291471602],[-75.007271779681,40.0691709368757]],[[-75.0085298016387,40.0535472748046],[-75.0084996089976,40.0537485225861],[-75.0084909622167,40.0545148234535],[-75.0084411226642,40.0569648212249],[-75.0086423201999,40.0577822599381]],[[-75.0088764015106,40.0586574612694],[-75.0091529088148,40.0598289172847]],[[-75.000900081805,40.0758348954648],[-74.9984915327669,40.0787108208185]],[[-75.0091529088148,40.0598289172847],[-75.0093413840382,40.0605300095023],[-75.0093991590498,40.0609333496996],[-75.0094229808255,40.0613750085059],[-75.0094172474627,40.0620898656853],[-75.0094069481854,40.0625614385314]],[[-75.0087913404427,40.0673597381703],[-75.0086872854032,40.0676975068719],[-75.008559994095,40.067992847966],[-75.0084155236545,40.068237557575],[-75.0082735551877,40.0684202869265],[-75.0081311832029,40.0685948464891]],[[-75.007271779681,40.0691709368757],[-75.0048352720893,40.0705822592381],[-75.0042315180581,40.0709336534681],[-75.003943918923,40.0711300136369],[-75.003609133188,40.0713716987033],[-75.0033033728327,40.0716431097352],[-75.0030429173259,40.071915603012],[-75.002831540151,40.0721892699402],[-75.0026227617229,40.0724920308569],[-75.002468247682,40.0727612493164],[-75.0023415876485,40.0730891998207],[-75.0022545605094,40.073371645435],[-75.002098224421,40.0740588981811],[-75.001953888811,40.0744275852795]],[[-75.0088029700777,40.0584107361597],[-75.0088764015106,40.0586574612694]],[[-75.001953888811,40.0744275852795],[-75.0018767594336,40.0745843610736],[-75.0017729978636,40.0747502169776],[-75.0016333754619,40.074951286474],[-75.0015410386684,40.0750669136045],[-75.0014679299768,40.0751576329531]],[[-75.009408528018,40.0635037616082],[-75.0093854452378,40.0649219634045]]]}},{"type":"Feature","properties":{"objectid":33,"stname":"ALLEGHENY","length_ft":29649.71830449,"Shape__Length":11791.3555807353},"geometry":{"type":"MultiLineString","coordinates":[[[-75.1441250846007,40.0021658583155],[-75.1441651479742,40.0021481120887],[-75.1444022155494,40.0020431027046],[-75.1456791152931,40.0015301722946],[-75.1474482435734,40.0008939166248],[-75.1475601547823,40.0009298139768],[-75.1481504806964,40.0009965454433],[-75.1491499310557,40.0011091611836],[-75.1499267512594,40.0012169530062],[-75.1507154197819,40.0013220479446],[-75.1516280034764,40.0014358691244],[-75.1529282931012,40.0016020162532],[-75.1534559875122,40.0016704352026],[-75.1537996174496,40.0017159074421],[-75.1539590659572,40.0017338449123],[-75.1545571992032,40.0018094460531],[-75.1561287686085,40.00202241736],[-75.1577065841997,40.0022195662875],[-75.1594640332311,40.002458051817],[-75.1608451830497,40.0026436947837],[-75.162418802702,40.0028320898058],[-75.1631707143813,40.0029331460149],[-75.163852851895,40.0030181091928],[-75.1642883122668,40.0030812131536],[-75.1658983868979,40.003278507381],[-75.1669561104212,40.0034108419824],[-75.1675129589991,40.0034970727433],[-75.1689454049577,40.0036697847779],[-75.1699005182001,40.0037906523175],[-75.1706811249667,40.0038961564873],[-75.1712489467146,40.0039605496689],[-75.1717351454384,40.0040235961844],[-75.1722819424256,40.0040963689832],[-75.1728891199719,40.0041852621936],[-75.1735726671574,40.0042715241071],[-75.1738350268095,40.0042973880693],[-75.174236324772,40.0043584141758],[-75.1743653592063,40.0043680361227],[-75.1748088312449,40.0044266420073],[-75.1752947477812,40.0044963011204],[-75.175682587087,40.0045497274903],[-75.1762510965102,40.0046262045015],[-75.1769149825786,40.0047063363832],[-75.1782653393371,40.0048738538313],[-75.1786446793027,40.0050350838428],[-75.1790335979156,40.0049748136142],[-75.1803724659678,40.0051472800289],[-75.1810032661785,40.0052242724366],[-75.1817133986884,40.0053221654457],[-75.1825460950172,40.0054221111845],[-75.1833532056551,40.005530216813],[-75.1841253397143,40.0056320748837],[-75.1848856586185,40.0057301191556],[-75.1857022369391,40.0058307529636],[-75.1864792859416,40.0059309208342],[-75.1878240208385,40.0061116179817]],[[-75.1077318664583,39.99008897259],[-75.1073423633627,39.9896540384774]],[[-75.1059184553055,39.9880462671725],[-75.1054833519352,39.9875616342832]],[[-75.1097117736374,39.9923440610787],[-75.1095299982437,39.9921327125435]],[[-75.122240049591,39.9976423088059],[-75.1217514735181,39.9975823074747]],[[-75.1431191631734,40.0003195887671],[-75.1433482014537,40.0007520901035]],[[-75.1286308518164,39.9984683310563],[-75.1273391931237,39.9983003570562]],[[-75.0996452869516,39.9809538344939],[-75.0976725807104,39.97869336688]],[[-75.1093428405693,39.9919188196958],[-75.1083157780244,39.9907405990824]],[[-75.1164160037411,39.9968904152501],[-75.1159490441697,39.9968314273484]],[[-75.1395292334999,39.9998860606914],[-75.1399906108417,39.9999412693927]],[[-75.1073423633627,39.9896540384774],[-75.1070504439362,39.9893222107297]],[[-75.1410939886785,40.0000736589604],[-75.1415711636751,40.0001354787773]],[[-75.1227088405108,39.9976970085751],[-75.122240049591,39.9976423088059]],[[-75.1030019984819,39.9847299292735],[-75.1025002834709,39.9841873321461]],[[-75.1033678633944,39.9851388756516],[-75.1030019984819,39.9847299292735]],[[-75.1298051689063,39.9986227772221],[-75.1303231613048,39.9986867688796]],[[-75.1253831133332,39.9980530734476],[-75.1243425465245,39.9979121109379]],[[-75.1159490441697,39.9968314273484],[-75.1154504911967,39.9967627913266]],[[-75.1321741171897,39.9989225842992],[-75.132704459553,39.998994902809]],[[-75.1014408535473,39.982983312829],[-75.1010135848079,39.982470405589]],[[-75.1047185100459,39.9866797302597],[-75.1043679192361,39.9862825198301]],[[-75.1198137827686,39.997327712866],[-75.1193308482536,39.9972641091503]],[[-75.1273391931237,39.9983003570562],[-75.1264143422176,39.9981780270233]],[[-75.1113723603797,39.9942205708317],[-75.1102615023865,39.9929663403564]],[[-75.1083157780244,39.9907405990824],[-75.1080166047068,39.9904104109339]],[[-75.1421584264705,40.0002135462367],[-75.1428079243263,40.0003036670057]],[[-75.1303231613048,39.9986867688796],[-75.1312518832506,39.9988159239178]],[[-75.1025002834709,39.9841873321461],[-75.1022199832398,39.9838626834565]],[[-75.1037267660893,39.9855551135786],[-75.1033678633944,39.9851388756516]],[[-75.133832543986,39.9991385528202],[-75.1344148882862,39.999216699562]],[[-75.1050675600966,39.9870827400051],[-75.1047185100459,39.9866797302597]],[[-75.132704459553,39.998994902809],[-75.1332385356586,39.9990669138123]],[[-75.1261031619052,39.9981455605068],[-75.1253831133332,39.9980530734476]],[[-75.1433482014537,40.0007520901035],[-75.1437973445378,40.0014596124287],[-75.144066285305,40.0019209838997],[-75.1441254310706,40.0021673015067]],[[-75.1202953999423,39.9973980672925],[-75.1198137827686,39.997327712866]],[[-75.1232124362395,39.9977620916024],[-75.1227088405108,39.9976970085751]],[[-75.1243425465245,39.9979121109379],[-75.1239366252296,39.9978591562283]],[[-75.1415711636751,40.0001354787773],[-75.1421584264705,40.0002135462367]],[[-75.1054833519352,39.9875616342832],[-75.1050675600966,39.9870827400051]],[[-75.1080166047068,39.9904104109339],[-75.1077318664583,39.99008897259]],[[-75.1264143422176,39.9981780270233],[-75.1261031619052,39.9981455605068]],[[-75.1019401513524,39.9835479003381],[-75.1017314538885,39.9833067001567]],[[-75.1043679192361,39.9862825198301],[-75.1040493228637,39.9859159457494]],[[-75.1010135848079,39.982470405589],[-75.1008209091451,39.9822248411728],[-75.1006847260502,39.9820765119249],[-75.1005968093167,39.9819807557832]],[[-75.1173855211182,39.9970159648543],[-75.1168770389886,39.9969521089863]],[[-75.1428079243263,40.0003036670057],[-75.1431191631734,40.0003195887671]],[[-75.1017314538885,39.9833067001567],[-75.1014408535473,39.982983312829]],[[-75.1102615023865,39.9929663403564],[-75.1097117736374,39.9923440610787]],[[-75.1239366252296,39.9978591562283],[-75.1232124362395,39.9977620916024]],[[-75.1344148882862,39.999216699562],[-75.1356540027736,39.9993849174485]],[[-75.1133580318887,39.9965264501941],[-75.1133113429217,39.9964178514734],[-75.1122148421117,39.9951823470577]],[[-75.1292623219347,39.9985484937041],[-75.1286308518164,39.9984683310563]],[[-75.1292623219347,39.9985484937041],[-75.1298051689063,39.9986227772221]],[[-75.1405003244543,40.0000026297413],[-75.1410939886785,40.0000736589604]],[[-75.1137846619207,39.9965537433382],[-75.1134952969566,39.9965174733664],[-75.1133580318887,39.9965264501941]],[[-75.1184729717774,39.9971536508319],[-75.1173855211182,39.9970159648543]],[[-75.1067508109052,39.9889895224463],[-75.1063281003308,39.9885332717601]],[[-75.1095299982437,39.9921327125435],[-75.1093428405693,39.9919188196958]],[[-75.1040493228637,39.9859159457494],[-75.1037267660893,39.9855551135786]],[[-75.1005968093167,39.9819807557832],[-75.0996452869516,39.9809538344939]],[[-75.1154504911967,39.9967627913266],[-75.1142055194297,39.9966082774413]],[[-75.1399906108417,39.9999412693927],[-75.1405003244543,40.0000026297413]],[[-75.1431191631734,40.0003195887671],[-75.1434449045597,40.0003527349297]],[[-75.1193308482536,39.9972641091503],[-75.1184729717774,39.9971536508319]],[[-75.1122148421117,39.9951823470577],[-75.1113723603797,39.9942205708317]],[[-75.1332385356586,39.9990669138123],[-75.133832543986,39.9991385528202]],[[-75.1356540027736,39.9993849174485],[-75.1385273966101,39.9997522528481]],[[-75.1063281003308,39.9885332717601],[-75.1059184553055,39.9880462671725]],[[-75.1168770389886,39.9969521089863],[-75.1164160037411,39.9968904152501]],[[-75.1217514735181,39.9975823074747],[-75.1212645431715,39.9975177338747]],[[-75.1385273966101,39.9997522528481],[-75.1390723823369,39.9998207435769]],[[-75.1212645431715,39.9975177338747],[-75.1202953999423,39.9973980672925]],[[-75.1390723823369,39.9998207435769],[-75.1395292334999,39.9998860606914]],[[-75.1070504439362,39.9893222107297],[-75.1067508109052,39.9889895224463]],[[-75.1142055194297,39.9966082774413],[-75.1137846619207,39.9965537433382]],[[-75.1312518832506,39.9988159239178],[-75.1321741171897,39.9989225842992]],[[-75.1022199832398,39.9838626834565],[-75.1019401513524,39.9835479003381]]]}},{"type":"Feature","properties":{"objectid":34,"stname":"ARCH","length_ft":7218.38189641,"Shape__Length":2866.9178108450187},"geometry":{"type":"MultiLineString","coordinates":[[[-75.2464276039841,39.9642856719202],[-75.2468652228142,39.9643376882182],[-75.2470055380513,39.9643240809396],[-75.2471126268809,39.9643036877194],[-75.2472112316755,39.9642997776827],[-75.2473111338415,39.9643140796738],[-75.2474023302621,39.9643509192051],[-75.247449172822,39.9643999907884]],[[-75.227701353368,39.9619679972703],[-75.2283212997828,39.9620427167037]],[[-75.2416689964833,39.963697652343],[-75.2424081846417,39.9637885455054]],[[-75.2371423163124,39.9631361616253],[-75.2377998182108,39.9632157955785]],[[-75.2404308948394,39.9635455512559],[-75.2410750900582,39.9636229515995]],[[-75.2311187988135,39.9623933409867],[-75.2325304504368,39.9625668471333]],[[-75.2453710195367,39.9641591342167],[-75.2456596296617,39.9641925250571]],[[-75.2276457761152,39.9619611000555],[-75.227701353368,39.9619679972703]],[[-75.2220676229416,39.9612670404412],[-75.2225696381544,39.9613296826845]],[[-75.2377998182108,39.9632157955785],[-75.2384559471306,39.9633014404468]],[[-75.2271625258853,39.9619015255608],[-75.2276457761152,39.9619611000555]],[[-75.2424081846417,39.9637885455054],[-75.2430803238192,39.9638728719851]],[[-75.2245439222838,39.9615769028489],[-75.2252952890419,39.9616675419175]],[[-75.2410750900582,39.9636229515995],[-75.2416689964833,39.963697652343]],[[-75.2325304504368,39.9625668471333],[-75.2332254054617,39.9626530416306]],[[-75.2384559471306,39.9633014404468],[-75.2391640937888,39.963387522512]],[[-75.2283212997828,39.9620427167037],[-75.2289018439077,39.9621166444391]],[[-75.2345419808729,39.9628168174776],[-75.2350107785974,39.962870707218]],[[-75.2305545956833,39.9623191022534],[-75.2311187988135,39.9623933409867]],[[-75.2252952890419,39.9616675419175],[-75.2258557420013,39.9617370904157]],[[-75.2450718782408,39.9641201617353],[-75.2453710195367,39.9641591342167]],[[-75.2265206811853,39.9618219032827],[-75.2271625258853,39.9619015255608]],[[-75.2397285558647,39.9634576138485],[-75.2404308948394,39.9635455512559]],[[-75.2338123107909,39.9627219877998],[-75.2345419808729,39.9628168174776]],[[-75.2332254054617,39.9626530416306],[-75.2338123107909,39.9627219877998]],[[-75.2443843552889,39.9640324224752],[-75.2450718782408,39.9641201617353]],[[-75.2437025044141,39.9639486889398],[-75.2443843552889,39.9640324224752]],[[-75.2350107785974,39.962870707218],[-75.2364836381823,39.9630562034781]],[[-75.2258557420013,39.9617370904157],[-75.2265206811853,39.9618219032827]],[[-75.2299796883458,39.9622495342407],[-75.2305545956833,39.9623191022534]],[[-75.2294411811307,39.962180380075],[-75.2299796883458,39.9622495342407]],[[-75.2458340639216,39.9642138628734],[-75.2464276039841,39.9642856719202]],[[-75.2225696381544,39.9613296826845],[-75.2235537743761,39.961452861002]],[[-75.2289018439077,39.9621166444391],[-75.2294411811307,39.962180380075]],[[-75.2430803238192,39.9638728719851],[-75.2437025044141,39.9639486889398]],[[-75.2391640937888,39.963387522512],[-75.2397285558647,39.9634576138485]],[[-75.2456596296617,39.9641925250571],[-75.2458340639216,39.9642138628734]],[[-75.2235537743761,39.961452861002],[-75.2245439222838,39.9615769028489]],[[-75.2364836381823,39.9630562034781],[-75.2371423163124,39.9631361616253]]]}},{"type":"Feature","properties":{"objectid":35,"stname":"BALTIMORE","length_ft":7400.250853099999,"Shape__Length":2938.7317125945333},"geometry":{"type":"MultiLineString","coordinates":[[[-75.2171241285063,39.9486199602163],[-75.2191159101752,39.9484003100646],[-75.2192375602753,39.948377273167]],[[-75.2387312851284,39.9461951924332],[-75.2393422133614,39.946084577351]],[[-75.221239102183,39.9481704076846],[-75.2226450851796,39.9480020803018]],[[-75.2294513763067,39.9477888972041],[-75.2303048402553,39.9478105596184],[-75.2312732359181,39.9479181626318]],[[-75.2343646523393,39.9471832721749],[-75.2350508177065,39.947001685014]],[[-75.2372729853381,39.9464722085886],[-75.2379830258795,39.9463410053855]],[[-75.2402693876564,39.9458751841508],[-75.2417736609568,39.9453068615223]],[[-75.2400549547082,39.9459266421688],[-75.2402693876564,39.9458751841508]],[[-75.2276285478681,39.9477794897727],[-75.2294513763067,39.9477888972041]],[[-75.2261167071008,39.94776869904],[-75.2274220154653,39.9477797999399]],[[-75.2226450851796,39.9480020803018],[-75.2233179836443,39.9479349988354]],[[-75.2393422133614,39.946084577351],[-75.2400549547082,39.9459266421688]],[[-75.2312732359181,39.9479181626318],[-75.2336071995777,39.94736026413]],[[-75.2274220154653,39.9477797999399],[-75.2276285478681,39.9477794897727]],[[-75.2379830258795,39.9463410053855],[-75.2387312851284,39.9461951924332]],[[-75.2192375602753,39.948377273167],[-75.221239102183,39.9481704076846]],[[-75.2350508177065,39.947001685014],[-75.2357527437479,39.9468597136743],[-75.235809998177,39.9468450741502]],[[-75.2336071995777,39.94736026413],[-75.2343646523393,39.9471832721749]],[[-75.2233179836443,39.9479349988354],[-75.2249495397672,39.9477536171637],[-75.2253258614848,39.9477572656883]],[[-75.2160449454408,39.9487402420052],[-75.2171241285063,39.9486199602163]],[[-75.2253258614848,39.9477572656883],[-75.2261167071008,39.94776869904]],[[-75.235809998177,39.9468450741502],[-75.2358734789434,39.9468153460464],[-75.2361402999874,39.9467426126568],[-75.2372729853381,39.9464722085886]]]}},{"type":"Feature","properties":{"objectid":36,"stname":"BARTRAM","length_ft":10137.31254151,"Shape__Length":4026.9407427042443},"geometry":{"type":"MultiLineString","coordinates":[[[-75.2334828934514,39.8954996943886],[-75.2340704085804,39.8954149977615],[-75.2345993992364,39.8953043751762],[-75.2351728149245,39.8951477118285],[-75.2357962547636,39.8949220698113],[-75.2366788058076,39.8946092066001]],[[-75.2366788058076,39.8946092066001],[-75.2377451020834,39.8942541567704],[-75.2386750493312,39.8938720389006],[-75.2394494271334,39.8934834518914],[-75.2418274735464,39.8920153948669]],[[-75.2419627817055,39.8919318612603],[-75.2424304956718,39.8916154206631],[-75.2429455984602,39.8913157344839],[-75.2433910035606,39.8911072061395],[-75.2438770499763,39.890892139704],[-75.2450346223356,39.8903856267725]],[[-75.2418274735464,39.8920153948669],[-75.2419627817055,39.8919318612603]],[[-75.2225762763385,39.8925110637433],[-75.2228433306546,39.8927143064312],[-75.2230545688928,39.892871462526],[-75.2233314883212,39.8930330052063],[-75.2239790088817,39.8931792011515],[-75.225458324219,39.8934096796073],[-75.2260856025405,39.8934944506353]],[[-75.24799004077,39.8875845568719],[-75.2489983743411,39.8864548893586],[-75.2491215702787,39.8863201422193]],[[-75.2295403095457,39.8945547739617],[-75.2305788994463,39.8950903077675],[-75.230972133415,39.8952372050865],[-75.2314363643142,39.8953889127634],[-75.2319295801111,39.8954708576755],[-75.2324180254392,39.8955321132849],[-75.2334828934514,39.8954996943886]],[[-75.2491215702787,39.8863201422193],[-75.2501645109049,39.8851635383809]],[[-75.2501645109049,39.8851635383809],[-75.2514879839731,39.8837292858123]],[[-75.2450346223356,39.8903856267725],[-75.2452824926665,39.8902625533168],[-75.245669843047,39.8900153258374],[-75.2457075256472,39.8899764956104],[-75.2462331521735,39.8895144311022],[-75.24799004077,39.8875845568719]],[[-75.2260856025405,39.8934944506353],[-75.2264529107632,39.8935426435835],[-75.2269016344922,39.8936228921356],[-75.2272903338433,39.8937073580361],[-75.2276915768044,39.8938083823796],[-75.2281184627752,39.8939445254908],[-75.2286860313999,39.8941820362918],[-75.2290971726381,39.8943796143491],[-75.2293532347355,39.8945007988272],[-75.2295403095457,39.8945547739617]]]}},{"type":"Feature","properties":{"objectid":37,"stname":"BELFIELD","length_ft":9836.00511605,"Shape__Length":3918.0036384059918},"geometry":{"type":"MultiLineString","coordinates":[[[-75.1547786657697,40.0314615199325],[-75.1555185259543,40.0321923466274],[-75.1556454648986,40.0323561149469],[-75.1557251541884,40.0325115031818],[-75.1557940797659,40.0326995596503],[-75.1558249819022,40.0328867563249],[-75.1558221924511,40.0330841636654],[-75.155327958573,40.0353092373221],[-75.1553070890056,40.0355247665203],[-75.1553310330328,40.0357243185285],[-75.1554290198796,40.0359692289368],[-75.1555110352338,40.0361133286619],[-75.1558599242032,40.036425523792],[-75.156126314314,40.0365601700856],[-75.1563848166809,40.0366533782969],[-75.1566452657596,40.0366956638979],[-75.1570231801981,40.0367211848215],[-75.1583759101348,40.0366941478575],[-75.1605771014956,40.0368446220889],[-75.1626906510774,40.0369894711677],[-75.1640531894152,40.036825974733],[-75.1642693383424,40.0368497271236],[-75.1672117526798,40.0373955240632],[-75.1674561078084,40.0374131695806],[-75.1676566324766,40.0374060676506],[-75.1676577411537,40.0374059195823],[-75.1678492688001,40.0373804344076],[-75.1679044950082,40.0373640998869],[-75.167915639384,40.0373607968251],[-75.1680529712058,40.0373200930211],[-75.1684187851324,40.0371876126877]],[[-75.1471135589426,40.0212895428795],[-75.1482480748207,40.0229687522715],[-75.1484208535479,40.0231330381944],[-75.1486287377377,40.0234297120037],[-75.1495555254261,40.0247942099629],[-75.1499870104301,40.0253999324818],[-75.1507832161146,40.0265742725913],[-75.1512656386946,40.0271953597838],[-75.1518599507228,40.0280535804225],[-75.1520140044117,40.0282620074289],[-75.152215444511,40.028530684043],[-75.1532851435648,40.0299645092817],[-75.1539188950753,40.0306043004167],[-75.1539547545485,40.030648226469],[-75.1543111713339,40.0310113417092],[-75.1547786657697,40.0314615199325]]]}},{"type":"Feature","properties":{"objectid":38,"stname":"BELMONT","length_ft":11569.06289774,"Shape__Length":4613.271102352486},"geometry":{"type":"MultiLineString","coordinates":[[[-75.2131245159246,39.9765547552145],[-75.2133069033613,39.9772264658792],[-75.2134726076985,39.9778001758296]],[[-75.2156826023918,39.9857960789647],[-75.2162241172705,39.9877377015052]],[[-75.2124235557981,39.9739929845821],[-75.2126175243461,39.9747310061144]],[[-75.2182832129903,39.9953274393776],[-75.2183605530909,39.9955764685038],[-75.2188034130147,39.9971629209559]],[[-75.2115792318346,39.9699465105079],[-75.2116343402864,39.9702290791699]],[[-75.2176416327334,39.9929722906212],[-75.2179974330079,39.994232655836]],[[-75.2122147794094,39.9732517095786],[-75.2124235557981,39.9739929845821]],[[-75.2188034130147,39.9971629209559],[-75.2195532294527,39.9998488096874]],[[-75.2120575602629,39.9725170155384],[-75.2121731326172,39.9731465102013],[-75.2122147794094,39.9732517095786]],[[-75.2116343402864,39.9702290791699],[-75.211726075064,39.9707312527863]],[[-75.2134726076985,39.9778001758296],[-75.213708771898,39.9786302268958]],[[-75.2126175243461,39.9747310061144],[-75.2130121379149,39.976147377089]],[[-75.2162241172705,39.9877377015052],[-75.2168843740661,39.9902101984087],[-75.2176416327334,39.9929722906212]],[[-75.2130121379149,39.976147377089],[-75.2131245159246,39.9765547552145]],[[-75.2115183923995,39.969663829438],[-75.2115792318346,39.9699465105079]],[[-75.211726075064,39.9707312527863],[-75.2118172421264,39.9712641694319]],[[-75.213708771898,39.9786302268958],[-75.2141613571138,39.9803120041414]],[[-75.2113376577635,39.9687351442901],[-75.2115183923995,39.969663829438]],[[-75.2118641662332,39.9715125972344],[-75.2120575602629,39.9725170155384]],[[-75.2146517431391,39.9821409798625],[-75.2147198260291,39.9823230119869],[-75.2154194810647,39.9848679947238]],[[-75.2141613571138,39.9803120041414],[-75.2145029883882,39.9815579455353],[-75.2146517431391,39.9821409798625]],[[-75.2154194810647,39.9848679947238],[-75.2156826023918,39.9857960789647]],[[-75.2118172421264,39.9712641694319],[-75.2118641662332,39.9715125972344]],[[-75.2179974330079,39.994232655836],[-75.2182832129903,39.9953274393776]]]}},{"type":"Feature","properties":{"objectid":39,"stname":"CALLOWHILL","length_ft":4029.12792194,"Shape__Length":1600.130824643234},"geometry":{"type":"MultiLineString","coordinates":[[[-75.1504440608937,39.9581267276732],[-75.1509119728786,39.9581757496239],[-75.1516699395675,39.9582749495782],[-75.1520494467388,39.9583363917141]],[[-75.1537292651113,39.9585465534156],[-75.1550966760387,39.9587186096881]],[[-75.1471042202254,39.9577969984991],[-75.1471926119585,39.9578082619282]],[[-75.1457014292903,39.9576182457882],[-75.1471042202254,39.9577969984991]],[[-75.1488222091736,39.9580320811739],[-75.1496367190014,39.9581333542509],[-75.1498892367593,39.9580990002036],[-75.1501343718163,39.9580974835806],[-75.1503178391833,39.9581063561914],[-75.1504440608937,39.9581267276732]],[[-75.1472955494836,39.9578213780122],[-75.1483792691667,39.9579550086268],[-75.1488222091736,39.9580320811739]],[[-75.1520494467388,39.9583363917141],[-75.153578025167,39.9585311525448]],[[-75.1471926119585,39.9578082619282],[-75.1472955494836,39.9578213780122]],[[-75.1441355550092,39.9574028652971],[-75.1457014292903,39.9576182457882]],[[-75.1567392343388,39.958918669419],[-75.1583128638779,39.9591219183137]],[[-75.153578025167,39.9585311525448],[-75.1537292651113,39.9585465534156]],[[-75.1550966760387,39.9587186096881],[-75.1567392343388,39.958918669419]]]}},{"type":"Feature","properties":{"objectid":40,"stname":"BENJAMIN FRANKLIN","length_ft":5283.29186764,"Shape__Length":2102.067843662273},"geometry":{"type":"MultiLineString","coordinates":[[[-75.1736637901709,39.9603176020059],[-75.1750630399851,39.961344382846]],[[-75.1771275115242,39.9632794702404],[-75.1777515734504,39.9627919308228]],[[-75.1777515734504,39.9627919308228],[-75.1781355130827,39.9628118158728]],[[-75.1781355130827,39.9628118158728],[-75.1788220121976,39.9629991587587]],[[-75.1750630399851,39.961344382846],[-75.1766785615812,39.9625050666369]],[[-75.1766785615812,39.9625050666369],[-75.1769210503886,39.962708771108]],[[-75.1769210503886,39.962708771108],[-75.177038887234,39.9629364424672]],[[-75.177038887234,39.9629364424672],[-75.1771275115242,39.9632794702404]],[[-75.1711890295293,39.9575625079956],[-75.1712402088317,39.9576245967046],[-75.1713138925534,39.9577502045528],[-75.1713758662314,39.957884780935],[-75.1713695293025,39.9579930701418]],[[-75.1788220121976,39.9629991587587],[-75.1795595094305,39.9634032574714],[-75.1797978800304,39.963578889629],[-75.1799182556706,39.9637397136501],[-75.1799118898391,39.9641751208741]],[[-75.1707294087511,39.9573797375965],[-75.1708736774857,39.9573938589743]],[[-75.1708736774857,39.9573938589743],[-75.1710557085741,39.9574695520111]],[[-75.1710557085741,39.9574695520111],[-75.1711890295293,39.9575625079956]],[[-75.1771275115242,39.9632794702404],[-75.1774289075438,39.9639393605817]],[[-75.1774289075438,39.9639393605817],[-75.1778628806072,39.9645641643196]],[[-75.1719913145433,39.9590560585899],[-75.1721238709647,39.9591587559882]],[[-75.1721238709647,39.9591587559882],[-75.1736637901709,39.9603176020059]],[[-75.1691754247454,39.9570402213746],[-75.1704602365557,39.9573229458896],[-75.1707294087511,39.9573797375965]],[[-75.1709277415083,39.9585488447287],[-75.1711065982342,39.9583470169603],[-75.171238707065,39.9581979404116],[-75.1713695293025,39.9579930701418]],[[-75.1704624377028,39.9585594790198],[-75.1710802142651,39.9585453596942],[-75.1713847170171,39.9586434328031],[-75.1716388439415,39.9588194360194],[-75.1719913145433,39.9590560585899]]]}},{"type":"Feature","properties":{"objectid":41,"stname":"BERKS","length_ft":4056.90782421,"Shape__Length":1611.6751455825397},"geometry":{"type":"MultiLineString","coordinates":[[[-75.1470992362972,39.9804122923914],[-75.1477842863273,39.9805040776654]],[[-75.1335121476011,39.9786514367377],[-75.1340516013797,39.9787272635457]],[[-75.1355063839801,39.9789096692926],[-75.1359665902153,39.9789705085486]],[[-75.1419389000033,39.9797490551984],[-75.1421100615506,39.9797704733961]],[[-75.1350366305927,39.9788481366872],[-75.1355063839801,39.9789096692926]],[[-75.1463068898618,39.9803102965059],[-75.1469945840354,39.9803964214438]],[[-75.1364265501349,39.9790293679893],[-75.1369520379296,39.9790970456725]],[[-75.137492454428,39.9791643705962],[-75.1380800328343,39.9792415071924]],[[-75.1447299567972,39.9801067373353],[-75.1455148783823,39.9802044481299]],[[-75.1410236552206,39.9796268838326],[-75.1415130178577,39.9796897519454]],[[-75.1421100615506,39.9797704733961],[-75.1428694866258,39.9798606860843]],[[-75.1469945840354,39.9803964214438],[-75.1470992362972,39.9804122923914]],[[-75.1369520379296,39.9790970456725],[-75.137492454428,39.9791643705962]],[[-75.1400212275063,39.9794906206937],[-75.1405245424962,39.9795573234681]],[[-75.1380800328343,39.9792415071924],[-75.13877045766,39.9793327194843]],[[-75.1434593998407,39.979939927469],[-75.1447299567972,39.9801067373353]],[[-75.1428694866258,39.9798606860843],[-75.1434593998407,39.979939927469]],[[-75.134566116986,39.9787899726667],[-75.1350366305927,39.9788481366872]],[[-75.1359665902153,39.9789705085486],[-75.1364265501349,39.9790293679893]],[[-75.1455148783823,39.9802044481299],[-75.1459349512224,39.9802597581038]],[[-75.1415130178577,39.9796897519454],[-75.1419389000033,39.9797490551984]],[[-75.1340516013797,39.9787272635457],[-75.1340932161984,39.9787394064891],[-75.1345058507936,39.978791603157],[-75.134566116986,39.9787899726667]],[[-75.13877045766,39.9793327194843],[-75.1400212275063,39.9794906206937]],[[-75.1459349512224,39.9802597581038],[-75.1463068898618,39.9803102965059]],[[-75.1405245424962,39.9795573234681],[-75.1410236552206,39.9796268838326]]]}},{"type":"Feature","properties":{"objectid":42,"stname":"BRIDGE","length_ft":6694.20264633,"Shape__Length":2669.6176418667915},"geometry":{"type":"MultiLineString","coordinates":[[[-75.0749718048566,40.0215146470632],[-75.0749302418295,40.0214836435028],[-75.0744280028672,40.0208906721848]],[[-75.0683481302654,40.0069334350683],[-75.0681242941626,40.0063847227291],[-75.0674371435399,40.0047001776125]],[[-75.0733826906993,40.0196637966316],[-75.0732959826748,40.0195387453441],[-75.0730220081617,40.0192647480087],[-75.0726489714371,40.0189388315159]],[[-75.0716487273534,40.0164344036867],[-75.0714619362199,40.015928423283]],[[-75.0704319881245,40.0131768614262],[-75.0699931059322,40.0120416878785]],[[-75.0753204392165,40.0218459167501],[-75.0749718048566,40.0215146470632]],[[-75.0721788585833,40.0178162367938],[-75.0718495198647,40.0169616406037]],[[-75.0744280028672,40.0208906721848],[-75.0741108792717,40.020510123355]],[[-75.0699931059322,40.0120416878785],[-75.0697888807615,40.0115524115565]],[[-75.0708669442627,40.0143621483071],[-75.0704319881245,40.0131768614262]],[[-75.0714619362199,40.015928423283],[-75.0712973580498,40.0154843622866]],[[-75.0692917503839,40.0100887853181],[-75.0690495534685,40.009285286423]],[[-75.0723970291646,40.0183788607747],[-75.0721788585833,40.0178162367938]],[[-75.0697888807615,40.0115524115565],[-75.0693862722555,40.0104743295547],[-75.0692917503839,40.0100887853181]],[[-75.0710568615783,40.014863254328],[-75.0708669442627,40.0143621483071]],[[-75.0712973580498,40.0154843622866],[-75.0712177499859,40.0152982886203]],[[-75.0712177499859,40.0152982886203],[-75.0710568615783,40.014863254328]],[[-75.0718495198647,40.0169616406037],[-75.0716487273534,40.0164344036867]],[[-75.0690495534685,40.009285286423],[-75.0688341533398,40.008646887398]],[[-75.0688341533398,40.008646887398],[-75.0685106299735,40.0074524863656],[-75.0683481302654,40.0069334350683]],[[-75.0741108792717,40.020510123355],[-75.0739241690583,40.0202938147356],[-75.0738997326109,40.0202371643947]],[[-75.0726489714371,40.0189388315159],[-75.0725784796183,40.0188773199013],[-75.0723970291646,40.0183788607747]],[[-75.0738997326109,40.0202371643947],[-75.0733826906993,40.0196637966316]]]}},{"type":"Feature","properties":{"objectid":43,"stname":"BROAD","length_ft":17698.86517075,"Shape__Length":7052.016275816638},"geometry":{"type":"MultiLineString","coordinates":[[[-75.1635186002024,39.9516001376749],[-75.1636450355409,39.9515515871922],[-75.1636886609498,39.9515233634211],[-75.1637113249513,39.9514986351237],[-75.163860465658,39.950865642905],[-75.1640262514388,39.9500829542858],[-75.1641954346709,39.9493439683996],[-75.1644420702235,39.9482070643316],[-75.164713194122,39.9469801993295],[-75.1647753516656,39.9466105329069],[-75.1649989562253,39.945564174647],[-75.1652037666121,39.944656404042],[-75.1653321262244,39.9440861916976],[-75.165423369512,39.9436550229556],[-75.1655376173168,39.9432097499241],[-75.1656295808593,39.9427940812575],[-75.165719306803,39.9424145063837],[-75.1658344158923,39.9418126658625],[-75.1660618664674,39.94080903249],[-75.1661356583931,39.9404302066631],[-75.1662272857319,39.9400427967615],[-75.1664369531277,39.9390648628871],[-75.1667149349195,39.9378538537583],[-75.1668651307017,39.9371892965202],[-75.1669574584564,39.9367414122836],[-75.1671710725584,39.9356853834257],[-75.1675188365408,39.9341469070248],[-75.1677707937699,39.9329306257003],[-75.168053221488,39.9317218489143],[-75.168321556626,39.9304897361354],[-75.1685700431986,39.9292616712871],[-75.168693028636,39.9286521042287],[-75.1688302702271,39.9280430814239],[-75.1690978262572,39.9268259860096],[-75.1693652304435,39.9255997216207],[-75.1696299425153,39.9243813242559],[-75.1698828470318,39.9231405066291],[-75.1701815720803,39.921894147555],[-75.1704499229739,39.9206486903883],[-75.1707131513814,39.9194030526906],[-75.1709872757264,39.9181580975652],[-75.1711317890965,39.9174324396771],[-75.1712549042591,39.9168800367715],[-75.1712743832773,39.9167877109019],[-75.1717995436628,39.9143549107864],[-75.1718788174477,39.9142652854878]],[[-75.1718788174477,39.9142652854878],[-75.1719228351845,39.9139148165232],[-75.1720740659265,39.9132097610218],[-75.1721114014214,39.9129951147754],[-75.1721936705813,39.9125918206844],[-75.1723704828332,39.9117351848831],[-75.1726891999086,39.910585122474],[-75.1729550084238,39.9093606059109],[-75.1729739078191,39.909251289904],[-75.17299358516,39.9091555876889],[-75.1730762220291,39.9087271739498],[-75.1732370569228,39.9080115292299],[-75.1734508244779,39.9071676010069],[-75.1734831310816,39.906950942109],[-75.1734893168263,39.9067643648595]],[[-75.1734893168263,39.9067643648595],[-75.1735357702854,39.9056038339985],[-75.1735498348988,39.9053976286354],[-75.1735446826869,39.9052357798869],[-75.173560054992,39.905057181257],[-75.1737712697428,39.9040435100469],[-75.1738160043697,39.9038588001548],[-75.1739188834792,39.9037974897328]]]}},{"type":"Feature","properties":{"objectid":44,"stname":"CASTOR","length_ft":8972.295189479999,"Shape__Length":3576.465050413712},"geometry":{"type":"MultiLineString","coordinates":[[[-75.0790017265516,40.0378051508831],[-75.0788238082152,40.0379972858144],[-75.0786231522436,40.0382147821324]],[[-75.0744406738701,40.042552961409],[-75.0738383175187,40.0431831517327]],[[-75.0708888965417,40.0462276980932],[-75.0703037839546,40.04683136115]],[[-75.0802509763864,40.0365186853343],[-75.0798389362327,40.0369308068416]],[[-75.0720720135269,40.0450332851448],[-75.0714667634041,40.0456570703096]],[[-75.0766541907886,40.0402668988439],[-75.076240033691,40.0406946795854]],[[-75.0833735987437,40.0332525319102],[-75.0829252445135,40.0337313929734]],[[-75.0780131032057,40.0388356231554],[-75.0778316761386,40.0390103246218]],[[-75.075035453117,40.0419492291744],[-75.0744406738701,40.042552961409]],[[-75.0666936032818,40.0505511272796],[-75.0660485837699,40.0511904110539]],[[-75.0813806037325,40.035321996978],[-75.0809833771218,40.0357222231577]],[[-75.0821819983666,40.0344951295082],[-75.0819601670769,40.0347270551269],[-75.0817604471015,40.0349332972376]],[[-75.0768227200765,40.0400834417658],[-75.0766541907886,40.0402668988439]],[[-75.0732528402842,40.0438053978442],[-75.0726477330102,40.044403095233]],[[-75.0738383175187,40.0431831517327],[-75.0732528402842,40.0438053978442]],[[-75.0703037839546,40.04683136115],[-75.0696910522393,40.0474900334866]],[[-75.0782127477913,40.0386269407914],[-75.0780131032057,40.0388356231554]],[[-75.0754543162628,40.041486168255],[-75.075035453117,40.0419492291744]],[[-75.0660485837699,40.0511904110539],[-75.0643460047114,40.0530661381627]],[[-75.0809833771218,40.0357222231577],[-75.0806028724149,40.036139904192]],[[-75.0726477330102,40.044403095233],[-75.0720720135269,40.0450332851448]],[[-75.076240033691,40.0406946795854],[-75.0758374631755,40.0411041924964]],[[-75.0793154026222,40.0374794784638],[-75.0791608575174,40.037630559068],[-75.0790017265516,40.0378051508831]],[[-75.0696910522393,40.0474900334866],[-75.0690767315161,40.0481190061237]],[[-75.0678751866654,40.0493599694643],[-75.0672760124524,40.0499816270735]],[[-75.0778316761386,40.0390103246218],[-75.0773975539871,40.0394734971099]],[[-75.0773975539871,40.0394734971099],[-75.077004177491,40.0398940933719]],[[-75.0829252445135,40.0337313929734],[-75.0821819983666,40.0344951295082]],[[-75.0758374631755,40.0411041924964],[-75.0754543162628,40.041486168255]],[[-75.0690767315161,40.0481190061237],[-75.0684776428843,40.0487390009905]],[[-75.0806028724149,40.036139904192],[-75.0802509763864,40.0365186853343]],[[-75.0817604471015,40.0349332972376],[-75.0815771283315,40.0351195394869],[-75.0813806037325,40.035321996978]],[[-75.0786231522436,40.0382147821324],[-75.0783913893484,40.0384424868981],[-75.0782127477913,40.0386269407914]],[[-75.0684776428843,40.0487390009905],[-75.0678751866654,40.0493599694643]],[[-75.0798389362327,40.0369308068416],[-75.079548846419,40.0372308492738],[-75.0793154026222,40.0374794784638]],[[-75.077004177491,40.0398940933719],[-75.0768227200765,40.0400834417658]],[[-75.0672760124524,40.0499816270735],[-75.0666936032818,40.0505511272796]],[[-75.0714667634041,40.0456570703096],[-75.0708888965417,40.0462276980932]]]}},{"type":"Feature","properties":{"objectid":45,"stname":"BROAD","length_ft":40651.38143349,"Shape__Length":16216.634841589403},"geometry":{"type":"MultiLineString","coordinates":[[[-75.1536112155955,39.9985246719839],[-75.1535679500167,39.9987329927367]],[[-75.161055779755,39.9640500238317],[-75.1609606841671,39.9644787569649]],[[-75.1488618367105,40.0201619581844],[-75.1487405356689,40.0207202604827]],[[-75.1465780114208,40.0306466121283],[-75.1465216272809,40.0308747749071]],[[-75.1486940103085,40.0209623924525],[-75.1485693367058,40.0214852045645]],[[-75.1615558053035,39.9614510956798],[-75.161508321502,39.9616691156637],[-75.1614788418869,39.9617985204632]],[[-75.1412144597773,40.0551483176761],[-75.1408723732317,40.0567035862583]],[[-75.1508856159131,40.0108464623116],[-75.1505755717686,40.012379618539]],[[-75.1541443222354,39.9960008066143],[-75.1539872246816,39.9967911662738]],[[-75.1529282931012,40.0016020162532],[-75.1525525195114,40.0031909121692]],[[-75.1512486884172,40.0092883077647],[-75.151093326153,40.0099436834554]],[[-75.1539872246816,39.9967911662738],[-75.1536112155955,39.9985246719839]],[[-75.1552728353837,39.9908623740699],[-75.1549518524561,39.9923621423155]],[[-75.160408805585,39.9670393713317],[-75.1602160930778,39.9678977268355]],[[-75.1590594756006,39.9732141993551],[-75.15878506671,39.974491808881]],[[-75.1522379406855,40.0046990343168],[-75.151923332659,40.006176598929]],[[-75.1582413935201,39.9772895218381],[-75.157917399192,39.9787169331407]],[[-75.163096362312,39.9544094823483],[-75.1628892291356,39.9553390430639]],[[-75.1415631772867,40.0536090640111],[-75.1414450272534,40.0542173196281]],[[-75.1418746050311,40.0520864337314],[-75.1416257144126,40.053233132321],[-75.1415631772867,40.0536090640111]],[[-75.1500982710838,40.0145773032739],[-75.1500413974226,40.0148277790266]],[[-75.1633313650236,39.9533392100123],[-75.1631946852709,39.9539235755469]],[[-75.1616485022903,39.9610305586991],[-75.1615558053035,39.9614510956798]],[[-75.1621781013118,39.9585565938399],[-75.1621210689643,39.9588309167021]],[[-75.1612632782856,39.9631359558774],[-75.161190965542,39.9634317067184]],[[-75.1398751256942,40.0612601777502],[-75.1397216624385,40.0619492234448]],[[-75.160680113186,39.9657798742685],[-75.1605640508803,39.9663033850253]],[[-75.1459003599522,40.0337371191981],[-75.1455560079719,40.0352711858152]],[[-75.1499339943144,40.0153347875165],[-75.1498415672943,40.0156812311262]],[[-75.1487405356689,40.0207202604827],[-75.1486940103085,40.0209623924525]],[[-75.146684879898,40.030236047986],[-75.1465780114208,40.0306466121283]],[[-75.1542557306247,39.9955348307567],[-75.1541443222354,39.9960008066143]],[[-75.1614788418869,39.9617985204632],[-75.1614146019164,39.9621118044204],[-75.1613833739543,39.9623267555567]],[[-75.1605640508803,39.9663033850253],[-75.16048516683,39.9666795363706]],[[-75.1489957817798,40.019581879844],[-75.148956406765,40.0197514382022],[-75.1489380016862,40.0198381173925],[-75.1488618367105,40.0201619581844]],[[-75.1525525195114,40.0031909121692],[-75.1522379406855,40.0046990343168]],[[-75.1599790654814,39.969004364451],[-75.1597050625328,39.9702111791742]],[[-75.1505755717686,40.012379618539],[-75.1503969081829,40.0131752222259]],[[-75.1585287692577,39.9758596151408],[-75.1582297010489,39.9772251782982],[-75.1582413935201,39.9772895218381]],[[-75.1435496773511,40.0444351171408],[-75.1432652915519,40.0457248770555]],[[-75.1566156804781,39.984708102796],[-75.1562780740291,39.9862927127706]],[[-75.1451912439159,40.0369858927182],[-75.1447519108932,40.039082021761]],[[-75.1545904553173,39.9939476362078],[-75.1543944017502,39.9948803637997]],[[-75.1402058784654,40.0597387639493],[-75.1398751256942,40.0612601777502]],[[-75.151093326153,40.0099436834554],[-75.1508856159131,40.0108464623116]],[[-75.1562780740291,39.9862927127706],[-75.1559376681829,39.9878866266397]],[[-75.1468527767939,40.0294908851404],[-75.1468296260341,40.0296120457334],[-75.146684879898,40.030236047986]],[[-75.1485693367058,40.0214852045645],[-75.1482480748207,40.0229687522715]],[[-75.1502053850588,40.0139960856218],[-75.1500982710838,40.0145773032739]],[[-75.1613053533555,39.9629031174377],[-75.1612632782856,39.9631359558774]],[[-75.1617753216921,39.9604308863118],[-75.1616485022903,39.9610305586991]],[[-75.1620609542864,39.9591102238182],[-75.1619626917368,39.9595802103352]],[[-75.1608076399851,39.9651682134433],[-75.160680113186,39.9657798742685]],[[-75.1447519108932,40.039082021761],[-75.1445746914816,40.0398459498703]],[[-75.1534322067656,39.9993309772796],[-75.1533774123874,39.9995437918783]],[[-75.1613860208151,39.9624833381432],[-75.1613053533555,39.9629031174377]],[[-75.1395541615466,40.0628131578756],[-75.1394173534682,40.0633945908066]],[[-75.1493492769204,40.0179669171777],[-75.1492326650654,40.0185118648491]],[[-75.1611118207756,39.9637980404111],[-75.161055779755,39.9640500238317]],[[-75.1533774123874,39.9995437918783],[-75.1532735545214,40.0000140375318]],[[-75.1623654404433,39.9576880774684],[-75.1622961863905,39.9580673400614]],[[-75.1543944017502,39.9948803637997],[-75.1543209936312,39.9952312010783]],[[-75.1425503354151,40.0490497444136],[-75.142216916403,40.050572396796]],[[-75.1478968260836,40.0245629137033],[-75.147558185558,40.0261476966154]],[[-75.1440779201814,40.0420030849527],[-75.1438715126903,40.0429101978028]],[[-75.1432652915519,40.0457248770555],[-75.1431051658597,40.0464816146378]],[[-75.1465216272809,40.0308747749071],[-75.1462297977371,40.0321948892191]],[[-75.1626911029655,39.9562363565312],[-75.1623654404433,39.9576880774684]],[[-75.1559376681829,39.9878866266397],[-75.1555950509323,39.9893785675359]],[[-75.147558185558,40.0261476966154],[-75.1472213965257,40.027653223844]],[[-75.1445746914816,40.0398459498703],[-75.1444459242404,40.0405236176203]],[[-75.1482480748207,40.0229687522715],[-75.1478968260836,40.0245629137033]],[[-75.1621210689643,39.9588309167021],[-75.1620609542864,39.9591102238182]],[[-75.1444459242404,40.0405236176203],[-75.1442867927142,40.0411769780273],[-75.1442269547444,40.0413907678153]],[[-75.1405459133804,40.0582186081082],[-75.1402058784654,40.0597387639493]],[[-75.1628892291356,39.9553390430639],[-75.1626911029655,39.9562363565312]],[[-75.1498415672943,40.0156812311262],[-75.1497721849126,40.016030882479]],[[-75.1455560079719,40.0352711858152],[-75.1451912439159,40.0369858927182]],[[-75.16048516683,39.9666795363706],[-75.160408805585,39.9670393713317]],[[-75.1543209936312,39.9952312010783],[-75.1542557306247,39.9955348307567]],[[-75.1535679500167,39.9987329927367],[-75.1535185349129,39.9989517559423]],[[-75.1631946852709,39.9539235755469],[-75.163096362312,39.9544094823483]],[[-75.1503969081829,40.0131752222259],[-75.1502474308514,40.013771153134]],[[-75.1513714226529,40.0087366394882],[-75.1512486884172,40.0092883077647]],[[-75.1514556563169,40.0083127435461],[-75.1513714226529,40.0087366394882]],[[-75.142216916403,40.050572396796],[-75.1418746050311,40.0520864337314]],[[-75.1438715126903,40.0429101978028],[-75.1435496773511,40.0444351171408]],[[-75.1549518524561,39.9923621423155],[-75.1545904553173,39.9939476362078]],[[-75.1431051658597,40.0464816146378],[-75.1428999976488,40.0475030296797]],[[-75.1516052769429,40.0076746371091],[-75.1514556563169,40.0083127435461]],[[-75.151923332659,40.006176598929],[-75.1516052769429,40.0076746371091]],[[-75.1462297977371,40.0321948892191],[-75.1459003599522,40.0337371191981]],[[-75.1555016706397,39.9898024814888],[-75.1552728353837,39.9908623740699]],[[-75.157584568091,39.9802322645845],[-75.1572572446343,39.9817028914217]],[[-75.1609606841671,39.9644787569649],[-75.1608076399851,39.9651682134433]],[[-75.1601619597441,39.9681863892618],[-75.1600751261781,39.968608912032],[-75.1599790654814,39.969004364451]],[[-75.1497721849126,40.016030882479],[-75.1497289621204,40.0162240867379]],[[-75.1414450272534,40.0542173196281],[-75.1412144597773,40.0551483176761]],[[-75.1407203233854,40.0573590381325],[-75.1405459133804,40.0582186081082]],[[-75.1622961863905,39.9580673400614],[-75.1621781013118,39.9585565938399]],[[-75.1602160930778,39.9678977268355],[-75.1601619597441,39.9681863892618]],[[-75.1442269547444,40.0413907678153],[-75.1441960888397,40.0414837465972],[-75.1440779201814,40.0420030849527]],[[-75.1613833739543,39.9623267555567],[-75.1613860208151,39.9624833381432]],[[-75.146915293773,40.0291532477557],[-75.1468527767939,40.0294908851404]],[[-75.1500413974226,40.0148277790266],[-75.1499339943144,40.0153347875165]],[[-75.161190965542,39.9634317067184],[-75.1611118207756,39.9637980404111]],[[-75.1555950509323,39.9893785675359],[-75.1555016706397,39.9898024814888]],[[-75.1502474308514,40.013771153134],[-75.1502053850588,40.0139960856218]],[[-75.1535185349129,39.9989517559423],[-75.1534322067656,39.9993309772796]],[[-75.1572572446343,39.9817028914217],[-75.1569175489095,39.9832290425712]],[[-75.1597050625328,39.9702111791742],[-75.1594437960071,39.9714763290062]],[[-75.15878506671,39.974491808881],[-75.1585287692577,39.9758596151408]],[[-75.1569175489095,39.9832290425712],[-75.1566156804781,39.984708102796]],[[-75.1408723732317,40.0567035862583],[-75.1407203233854,40.0573590381325]],[[-75.1428999976488,40.0475030296797],[-75.1425503354151,40.0490497444136]],[[-75.1497289621204,40.0162240867379],[-75.1495886386868,40.0169416987571]],[[-75.1594437960071,39.9714763290062],[-75.1592394142454,39.9723933383062]],[[-75.1495886386868,40.0169416987571],[-75.1493492769204,40.0179669171777]],[[-75.157917399192,39.9787169331407],[-75.157584568091,39.9802322645845]],[[-75.1472213965257,40.027653223844],[-75.146915293773,40.0291532477557]],[[-75.1532735545214,40.0000140375318],[-75.1529282931012,40.0016020162532]],[[-75.1619626917368,39.9595802103352],[-75.1617753216921,39.9604308863118]],[[-75.1592394142454,39.9723933383062],[-75.1590594756006,39.9732141993551]],[[-75.1492326650654,40.0185118648491],[-75.1489957817798,40.019581879844]],[[-75.1397216624385,40.0619492234448],[-75.1395541615466,40.0628131578756]]]}},{"type":"Feature","properties":{"objectid":46,"stname":"BUIST","length_ft":7391.18448041,"Shape__Length":2938.8732539060416},"geometry":{"type":"MultiLineString","coordinates":[[[-75.240898174203,39.9126247135196],[-75.2420060704347,39.9118424440273]],[[-75.2335736914213,39.9177730552762],[-75.2338339871374,39.9175904162609],[-75.2340970096135,39.917405862435]],[[-75.2431970201223,39.9108872579088],[-75.243369999591,39.9106839160275]],[[-75.243369999591,39.9106839160275],[-75.2435555498605,39.9104805964586]],[[-75.2308305809249,39.9196955748782],[-75.2314946309281,39.919232482699]],[[-75.24283549541,39.9112813902883],[-75.2431970201223,39.9108872579088]],[[-75.2420957270435,39.9117766937769],[-75.2422790020674,39.9116462212734]],[[-75.2422790020674,39.9116462212734],[-75.2423711374572,39.9115791050715]],[[-75.2395966962289,39.913545043759],[-75.2398127405648,39.9133773119752]],[[-75.2276949120914,39.9218994623178],[-75.2289342646011,39.9210340804921]],[[-75.24283549541,39.9112813902883],[-75.242662148035,39.9113925300888]],[[-75.2370665767857,39.9153172891289],[-75.2376025381597,39.9149435007424]],[[-75.2420060704347,39.9118424440273],[-75.2420957270435,39.9117766937769]],[[-75.2403355287502,39.9130084830614],[-75.240898174203,39.9126247135196]],[[-75.2295445196344,39.9205920925128],[-75.230171154483,39.9201549078469]],[[-75.233002741733,39.9181753139969],[-75.2335736914213,39.9177730552762]],[[-75.2376025381597,39.9149435007424],[-75.238951860947,39.9139681556234]],[[-75.242662148035,39.9113925300888],[-75.2423711374572,39.9115791050715]],[[-75.2360291306895,39.9160452341989],[-75.23658317056,39.915648729881]],[[-75.2289342646011,39.9210340804921],[-75.2295445196344,39.9205920925128]],[[-75.23658317056,39.915648729881],[-75.2370665767857,39.9153172891289]],[[-75.2320126036533,39.9188736850772],[-75.2324938447625,39.9185407770817]],[[-75.2340970096135,39.917405862435],[-75.2344050409019,39.9171986407912],[-75.2346704669366,39.9170075467634]],[[-75.2263212551094,39.9228767655431],[-75.2276949120914,39.9218994623178]],[[-75.2346704669366,39.9170075467634],[-75.235564262749,39.9163723930738]],[[-75.2435555498605,39.9104805964586],[-75.2439419901758,39.9100303431473]],[[-75.2324938447625,39.9185407770817],[-75.233002741733,39.9181753139969]],[[-75.2398127405648,39.9133773119752],[-75.2403355287502,39.9130084830614]],[[-75.2439419901758,39.9100303431473],[-75.2451223828967,39.9087564262712]],[[-75.235564262749,39.9163723930738],[-75.2360291306895,39.9160452341989]],[[-75.230171154483,39.9201549078469],[-75.2308305809249,39.9196955748782]],[[-75.238951860947,39.9139681556234],[-75.2395966962289,39.913545043759]],[[-75.2314946309281,39.919232482699],[-75.2320126036533,39.9188736850772]]]}},{"type":"Feature","properties":{"objectid":47,"stname":"BUSTLETON","length_ft":23695.72897329,"Shape__Length":9459.506145576193},"geometry":{"type":"MultiLineString","coordinates":[[[-75.0144616813136,40.1261868914613],[-75.0142757628639,40.1268938626255]],[[-75.0288863295308,40.1025523485876],[-75.0283986854438,40.1035620947093]],[[-75.0174262181487,40.1198775510958],[-75.0167427984868,40.1210060656312],[-75.0162042079819,40.1219519626293]],[[-75.0283986854438,40.1035620947093],[-75.0277145598966,40.1050889671269]],[[-75.03270727987,40.0910332656801],[-75.0313027389551,40.0935012509702]],[[-75.0419104751284,40.080531137892],[-75.0417946630294,40.0808309982962],[-75.0416302293437,40.0812137870036],[-75.0413694270817,40.0816754564655],[-75.0410992517071,40.0820605261571],[-75.04067350353,40.0825398720728]],[[-75.0358184740119,40.0870084532881],[-75.0354727107882,40.0873937812287]],[[-75.0243086436174,40.1111910926536],[-75.0230445662037,40.1130071909705]],[[-75.0149396063861,40.1246308702143],[-75.0147776445995,40.1250600174147]],[[-75.0205054146341,40.1159845340061],[-75.0198760296113,40.1166724811048]],[[-75.0263075292773,40.1083339042566],[-75.0255880713641,40.1093214752301]],[[-75.0335498638682,40.089591612246],[-75.03270727987,40.0910332656801]],[[-75.0313027389551,40.0935012509702],[-75.0311076693368,40.0938219033206],[-75.0310458574634,40.0939039138124],[-75.0309303066154,40.0940605838603]],[[-75.0255880713641,40.1093214752301],[-75.0251442561164,40.1099648140347]],[[-75.013853491767,40.1289053228433],[-75.0136188441139,40.1294609586433],[-75.0131903861585,40.130276124774],[-75.0128514075665,40.1308723397595],[-75.0123605688105,40.1316900760316]],[[-75.0162042079819,40.1219519626293],[-75.0157906393705,40.1227458575655],[-75.015386812982,40.1236088288407]],[[-75.0431582287169,40.0784735314698],[-75.0428029007024,40.0789034563167]],[[-75.0210649037761,40.1154146560295],[-75.0205054146341,40.1159845340061]],[[-75.0147776445995,40.1250600174147],[-75.0144616813136,40.1261868914613]],[[-75.0354727107882,40.0873937812287],[-75.0346341814279,40.088268490258]],[[-75.0251442561164,40.1099648140347],[-75.0247659090376,40.1105616291783]],[[-75.0123605688105,40.1316900760316],[-75.0120249940268,40.1320317560257],[-75.0117284704262,40.1323371548602],[-75.0108339993972,40.1330548396349]],[[-75.015386812982,40.1236088288407],[-75.0150153963827,40.1244300470826]],[[-75.0384028738059,40.0844820615854],[-75.0375006961877,40.0854687647708]],[[-75.0460830933145,40.0750288448601],[-75.0458368586384,40.0752902270512],[-75.0446498057794,40.0767066609605],[-75.0441997797531,40.0772058451277],[-75.0438939797382,40.0775509376839]],[[-75.0304805822254,40.0980980214608],[-75.0301471476011,40.0997663313675],[-75.0298662203948,40.1004105853537]],[[-75.0142174669783,40.12707843559],[-75.0140712761205,40.1278301310619],[-75.0139902816723,40.1283430417444],[-75.013853491767,40.1289053228433]],[[-75.0247659090376,40.1105616291783],[-75.0243086436174,40.1111910926536]],[[-75.0428029007024,40.0789034563167],[-75.04267370334,40.0790558798328],[-75.0423061074934,40.0795679593509]],[[-75.0362717606129,40.0865834813105],[-75.0358184740119,40.0870084532881]],[[-75.04067350353,40.0825398720728],[-75.0392233294066,40.0837491243088],[-75.0388050739495,40.0841068276255],[-75.0384028738059,40.0844820615854]],[[-75.0309303066154,40.0940605838603],[-75.0309334824196,40.0942255307001],[-75.0309018403836,40.094358724459],[-75.030840639848,40.0945502730402],[-75.0307949278712,40.0948608060149],[-75.0307272483922,40.0955441790665],[-75.0306233738325,40.096782394178],[-75.0305755291759,40.0971642885678],[-75.0304805822254,40.0980980214608]],[[-75.0346341814279,40.088268490258],[-75.0339605872728,40.088978031383],[-75.0335498638682,40.089591612246]],[[-75.0142757628639,40.1268938626255],[-75.0142174669783,40.12707843559]],[[-75.0216148968133,40.1148657213574],[-75.0210649037761,40.1154146560295]],[[-75.0438939797382,40.0775509376839],[-75.0434634561408,40.0781042196479],[-75.0431582287169,40.0784735314698]],[[-75.0277145598966,40.1050889671269],[-75.0270508766127,40.1066573531986],[-75.0263075292773,40.1083339042566]],[[-75.0198760296113,40.1166724811048],[-75.0184598934753,40.1181286618929],[-75.0180071450494,40.1189182451975]],[[-75.0180071450494,40.1189182451975],[-75.0174262181487,40.1198775510958]],[[-75.0298662203948,40.1004105853537],[-75.0288863295308,40.1025523485876]],[[-75.0150153963827,40.1244300470826],[-75.0149396063861,40.1246308702143]],[[-75.0230445662037,40.1130071909705],[-75.0219534877245,40.1144923003257],[-75.0216148968133,40.1148657213574]],[[-75.0423061074934,40.0795679593509],[-75.042199450922,40.0797944525479],[-75.0420403047153,40.0801703210287],[-75.0419104751284,40.080531137892]],[[-75.0375006961877,40.0854687647708],[-75.0372330339641,40.085729231495],[-75.0367604919145,40.0862021487742],[-75.0362717606129,40.0865834813105]]]}},{"type":"Feature","properties":{"objectid":48,"stname":"BUSTLETON","length_ft":13936.75404567,"Shape__Length":5558.4078040337},"geometry":{"type":"MultiLineString","coordinates":[[[-75.0530571395655,40.0572798176175],[-75.0527511484585,40.058051479294]],[[-75.060716927003,40.045373919841],[-75.0601541668322,40.0468902401668]],[[-75.0708090160411,40.035289135144],[-75.0705257466436,40.0356273188422]],[[-75.0712284357022,40.0345800245615],[-75.0710993042225,40.0347519959326]],[[-75.0576243053474,40.050418876501],[-75.0573758180989,40.0507101894072],[-75.0572002155504,40.0509137175254],[-75.0571572748816,40.0509634876023]],[[-75.0625204327308,40.0435015229667],[-75.0622223212887,40.0438171208156],[-75.0619281829248,40.0441191844305]],[[-75.0582870414731,40.0496970923742],[-75.0581086696501,40.049875902473]],[[-75.0601541668322,40.0468902401668],[-75.0599578256379,40.0476084130132],[-75.0599511410263,40.0476721549819],[-75.0599389966944,40.0477604045677]],[[-75.0722460478024,40.0327674927122],[-75.0720788098903,40.0330602649893],[-75.0720041626862,40.0331948007021],[-75.0718259972575,40.0335129579014]],[[-75.0710993042225,40.0347519959326],[-75.0709194213112,40.0351124653223]],[[-75.0599389966944,40.0477604045677],[-75.0582870414731,40.0496970923742]],[[-75.0726844601427,40.0319471235357],[-75.072483214186,40.0323394444368],[-75.0722460478024,40.0327674927122]],[[-75.0631458224892,40.0429106983803],[-75.0627982315442,40.0432199123499],[-75.0625204327308,40.0435015229667]],[[-75.0649196218548,40.0411146128647],[-75.0646464941792,40.0413845959362],[-75.0643419173155,40.0416855210865]],[[-75.055517848219,40.0528784831504],[-75.0552477673901,40.053196860996],[-75.0549503277481,40.0535165391092]],[[-75.0520099414856,40.0600732639657],[-75.0519947005907,40.0601397232024],[-75.0519194535977,40.0604336058905]],[[-75.0692647014181,40.0368183986746],[-75.0682701909478,40.0378036178437],[-75.0680054613403,40.0380689432751]],[[-75.0714278435426,40.0342168384471],[-75.0712284357022,40.0345800245615]],[[-75.0516872055134,40.0631505306248],[-75.051642703369,40.0635983239673],[-75.0516080344051,40.0639033611086]],[[-75.0730456559832,40.0313038278648],[-75.0728896982668,40.0315931373984],[-75.0726844601427,40.0319471235357]],[[-75.0613023416035,40.0447367668357],[-75.0610095497137,40.0450470701105],[-75.060716927003,40.045373919841]],[[-75.056571909946,40.0516166161845],[-75.0563246734436,40.0519197591328],[-75.0560389028184,40.0522500664616]],[[-75.0520249185642,40.0595447840511],[-75.0520099414856,40.0600732639657]],[[-75.0643419173155,40.0416855210865],[-75.0640433044029,40.0419964675982],[-75.0637843229077,40.0422485991967]],[[-75.0655836218563,40.0404512885175],[-75.0652456497696,40.0407853425773],[-75.0649627351318,40.0410689754615]],[[-75.0680054613403,40.0380689432751],[-75.0677321372551,40.0383373165967],[-75.0674425299556,40.0386178641498]],[[-75.0544488599288,40.0541205302605],[-75.0541987732374,40.0544141348621],[-75.0541308627704,40.0546039064551],[-75.0539709332644,40.0549395101127]],[[-75.0734626312165,40.0303920611537],[-75.0730456559832,40.0313038278648]],[[-75.0527511484585,40.058051479294],[-75.0520249185642,40.0595447840511]],[[-75.0518609639135,40.0613046484568],[-75.0516872055134,40.0631505306248]],[[-75.0667741495502,40.0392392931258],[-75.0665005920713,40.039529715814],[-75.0655836218563,40.0404512885175]],[[-75.0619281829248,40.0441191844305],[-75.0615876547487,40.0444694235464],[-75.0613023416035,40.0447367668357]],[[-75.0519194535977,40.0604336058905],[-75.0518609639135,40.0613046484568]],[[-75.0637843229077,40.0422485991967],[-75.0635062275983,40.0425355951338],[-75.0631458224892,40.0429106983803]],[[-75.0581086696501,40.049875902473],[-75.0578565528006,40.0501547815506],[-75.0576243053474,40.050418876501]],[[-75.0674425299556,40.0386178641498],[-75.0671476752299,40.0388969954599],[-75.0667741495502,40.0392392931258]],[[-75.0539709332644,40.0549395101127],[-75.0538434394278,40.0552966898604],[-75.0533503537242,40.0564633914119]],[[-75.0709194213112,40.0351124653223],[-75.0708090160411,40.035289135144]],[[-75.0705257466436,40.0356273188422],[-75.0702024697333,40.0359175142136],[-75.0692647014181,40.0368183986746]],[[-75.0549503277481,40.0535165391092],[-75.0544488599288,40.0541205302605]],[[-75.0571572748816,40.0509634876023],[-75.0568102876217,40.0513381861932],[-75.056571909946,40.0516166161845]],[[-75.0560389028184,40.0522500664616],[-75.0557578631827,40.0525850587026],[-75.055517848219,40.0528784831504]],[[-75.0718259972575,40.0335129579014],[-75.0716333500178,40.0338646220746],[-75.071470231703,40.0341436721668],[-75.0714278435426,40.0342168384471]],[[-75.0533503537242,40.0564633914119],[-75.0532101124375,40.0568848457735],[-75.0530571395655,40.0572798176175]],[[-75.0649627351318,40.0410689754615],[-75.0649196218548,40.0411146128647]]]}},{"type":"Feature","properties":{"objectid":49,"stname":"CASTOR","length_ft":13685.142902630001,"Shape__Length":5454.831296454023},"geometry":{"type":"MultiLineString","coordinates":[[[-75.1000884404564,40.0009865254965],[-75.0997224284347,40.0026075509668]],[[-75.0990517643875,40.0057710160509],[-75.098736681345,40.0072051873126]],[[-75.098736681345,40.0072051873126],[-75.098429904749,40.008673786395]],[[-75.091218385518,39.9908898103653],[-75.0907380955446,39.9903388377692]],[[-75.1000884404564,40.0009865254965],[-75.1000017473963,40.0008254610408],[-75.099611536451,40.0003750401716]],[[-75.0945254330519,39.9946124082373],[-75.0934740590516,39.9934191592482],[-75.093456550361,39.9933999016341],[-75.0932948389701,39.9932300437036]],[[-75.0993651751384,40.0042124168199],[-75.0990517643875,40.0057710160509]],[[-75.0989824365744,39.9996975944534],[-75.098425802187,39.9990773631843]],[[-75.0896184057549,39.9890732241748],[-75.0881753497381,39.9874377135647],[-75.0878524027132,39.987079166876]],[[-75.0977640348412,40.0118401580202],[-75.0974333669511,40.0133340791693]],[[-75.098429904749,40.008673786395],[-75.0980987967417,40.0102569570934]],[[-75.0973464257435,40.0137583086961],[-75.0970577173122,40.015211357993],[-75.0970430049281,40.0159926612934]],[[-75.099611536451,40.0003750401716],[-75.0989824365744,39.9996975944534]],[[-75.0932948389701,39.9932300437036],[-75.0926001453423,39.9924364333101]],[[-75.0970693910924,39.9975272841131],[-75.0955601317202,39.9958053043283]],[[-75.0870588143718,39.986155842431],[-75.084835838153,39.9836277575295],[-75.0848147542094,39.9836034128767],[-75.083782913966,39.9824674454391]],[[-75.0974333669511,40.0133340791693],[-75.0973464257435,40.0137583086961]],[[-75.0980987967417,40.0102569570934],[-75.0977640348412,40.0118401580202]],[[-75.0979518689821,39.9985055375854],[-75.0972717692459,39.9977356014624],[-75.0970693910924,39.9975272841131]],[[-75.0901765254493,39.9897027217173],[-75.0896184057549,39.9890732241748]],[[-75.0926001453423,39.9924364333101],[-75.091218385518,39.9908898103653]],[[-75.0997224284347,40.0026075509668],[-75.0993651751384,40.0042124168199]],[[-75.0955601317202,39.9958053043283],[-75.0945254330519,39.9946124082373]],[[-75.0878524027132,39.987079166876],[-75.0870588143718,39.986155842431]],[[-75.098425802187,39.9990773631843],[-75.0979518689821,39.9985055375854]],[[-75.0907380955446,39.9903388377692],[-75.0901765254493,39.9897027217173]]]}},{"type":"Feature","properties":{"objectid":50,"stname":"CECIL B MOORE","length_ft":8454.88147976,"Shape__Length":3358.838541250089},"geometry":{"type":"MultiLineString","coordinates":[[[-75.1642746016497,39.9795274959236],[-75.1650614628427,39.9796225555995]],[[-75.157917399192,39.9787169331407],[-75.1580427020313,39.9787139472373],[-75.1588481524405,39.9788147136903],[-75.159557571648,39.9789156016771]],[[-75.1634840385151,39.979417935619],[-75.1642746016497,39.9795274959236]],[[-75.146875920824,39.9772695398721],[-75.1474666637782,39.977346477788],[-75.1476121706473,39.977365607639]],[[-75.1658524782325,39.9797233338185],[-75.1666373050752,39.9798233644461]],[[-75.1510044612149,39.9777766326853],[-75.1519268074815,39.9778921575022]],[[-75.1533661108357,39.9780762491448],[-75.1541554564231,39.9781753167029]],[[-75.1443942369551,39.9769906528519],[-75.1452163257508,39.9770942219042],[-75.1452935957807,39.9770794483502]],[[-75.1452935957807,39.9770794483502],[-75.1453625878004,39.9770748486042],[-75.1460820576419,39.9771685703851]],[[-75.1519268074815,39.9778921575022],[-75.1525809507412,39.9779768770953]],[[-75.161137007042,39.9791158461638],[-75.1619177438027,39.9792115534975]],[[-75.1525809507412,39.9779768770953],[-75.1533661108357,39.9780762491448]],[[-75.1627019018038,39.9793075857895],[-75.1634840385151,39.979417935619]],[[-75.1692896101348,39.9801641951967],[-75.1708944555835,39.9803814803095]],[[-75.1650614628427,39.9796225555995],[-75.1658524782325,39.9797233338185]],[[-75.1484506948774,39.9774550511302],[-75.148515384953,39.9774429068278],[-75.1493665644897,39.9775560245574],[-75.1494301420384,39.9775834264343]],[[-75.1619177438027,39.9792115534975],[-75.1627019018038,39.9793075857895]],[[-75.1541554564231,39.9781753167029],[-75.1557068773707,39.9783786827234]],[[-75.1674220874006,39.9799342620996],[-75.168074842005,39.980009617758]],[[-75.168074842005,39.980009617758],[-75.168642821516,39.9800812265745]],[[-75.1569016102883,39.9785247944259],[-75.1570358683486,39.9785467043758],[-75.1571425687067,39.9786087337573],[-75.157917399192,39.9787169331407]],[[-75.1717081864391,39.9804924060599],[-75.1725058162842,39.980601303798]],[[-75.1666373050752,39.9798233644461],[-75.1674220874006,39.9799342620996]],[[-75.1494301420384,39.9775834264343],[-75.1494973990252,39.9776094024455],[-75.1509297336602,39.9777959556353],[-75.1510044612149,39.9777766326853]],[[-75.1708944555835,39.9803814803095],[-75.1717081864391,39.9804924060599]],[[-75.159557571648,39.9789156016771],[-75.1603497305489,39.9790125056538]],[[-75.1725058162842,39.980601303798],[-75.17410115348,39.9807858350428]],[[-75.1476121706473,39.977365607639],[-75.1479577337989,39.977408224807],[-75.1483760950514,39.9774677564254],[-75.1484506948774,39.9774550511302]],[[-75.168642821516,39.9800812265745],[-75.1692896101348,39.9801641951967]],[[-75.1567470859542,39.9785024569879],[-75.1569016102883,39.9785247944259]],[[-75.1460820576419,39.9771685703851],[-75.146875920824,39.9772695398721]],[[-75.1557068773707,39.9783786827234],[-75.1567470859542,39.9785024569879]],[[-75.1603497305489,39.9790125056538],[-75.161137007042,39.9791158461638]]]}},{"type":"Feature","properties":{"objectid":51,"stname":"CEDAR","length_ft":6193.95652097,"Shape__Length":2459.613298445617},"geometry":{"type":"MultiLineString","coordinates":[[[-75.2327955013885,39.9511953234552],[-75.234858934873,39.9514537362428]],[[-75.224894915474,39.9502233742555],[-75.2268713644721,39.9504698737969]],[[-75.2320530040779,39.9511059367481],[-75.2327955013885,39.9511953234552]],[[-75.2319058103349,39.9510887682797],[-75.2320530040779,39.9511059367481]],[[-75.2268713644721,39.9504698737969],[-75.2288486188847,39.9507150538368]],[[-75.2288486188847,39.9507150538368],[-75.2306380946807,39.9509317667379]],[[-75.2387984448675,39.9519512980503],[-75.2407801349129,39.9522021592807]],[[-75.2368628442782,39.9517056025189],[-75.2387984448675,39.9519512980503]],[[-75.2407801349129,39.9522021592807],[-75.241476322071,39.9522869066027]],[[-75.2312768459992,39.9510088279067],[-75.2313522058049,39.951017442719]],[[-75.2427566440066,39.9524416274351],[-75.2447223218043,39.9526854999487]],[[-75.2447223218043,39.9526854999487],[-75.2467073068976,39.9529229888367]],[[-75.2313522058049,39.951017442719],[-75.2319058103349,39.9510887682797]],[[-75.2420651225785,39.9523647186747],[-75.2427566440066,39.9524416274351]],[[-75.234858934873,39.9514537362428],[-75.2368628442782,39.9517056025189]],[[-75.2306380946807,39.9509317667379],[-75.2312768459992,39.9510088279067]],[[-75.241476322071,39.9522869066027],[-75.2420651225785,39.9523647186747]]]}},{"type":"Feature","properties":{"objectid":52,"stname":"CHELTEN","length_ft":13660.26290041,"Shape__Length":5442.290951377378},"geometry":{"type":"MultiLineString","coordinates":[[[-75.1764980188436,40.0341059384065],[-75.1775772362863,40.0330556546274],[-75.1777417253284,40.0328996932734]],[[-75.17162107374,40.0388569264814],[-75.1697966830691,40.0406389993146]],[[-75.1567610634847,40.0531848039739],[-75.1566060965172,40.053262999141],[-75.1555576155121,40.0540831822154]],[[-75.1562873333966,40.05189480586],[-75.1569652902662,40.0519240721831]],[[-75.1577770391469,40.0519643526581],[-75.1581556870881,40.0519840467848]],[[-75.161658577114,40.048568334109],[-75.1612639939899,40.048945700472]],[[-75.1529908323939,40.0517515427749],[-75.1538117412498,40.0517854963272]],[[-75.1789164449367,40.0317461491325],[-75.1802933610984,40.0304203266094]],[[-75.1609076774196,40.0493036497896],[-75.1605313552716,40.0496734658079]],[[-75.1545332309089,40.0518170636851],[-75.1553576877736,40.0518580331463]],[[-75.1590428629963,40.0511156024022],[-75.1581556870881,40.0519840467848]],[[-75.1561818614853,40.051888979095],[-75.1562873333966,40.05189480586]],[[-75.1517371372913,40.0516823963243],[-75.151866825556,40.0516873088983]],[[-75.1660876998972,40.0442525468341],[-75.1648336581327,40.0454773370228]],[[-75.1697966830691,40.0406389993146],[-75.168710227452,40.0416955243438]],[[-75.1730813394037,40.0374429858619],[-75.1721752894185,40.0383327345529],[-75.17162107374,40.0388569264814]],[[-75.151866825556,40.0516873088983],[-75.1529908323939,40.0517515427749]],[[-75.1568938643663,40.0530469746686],[-75.1567610634847,40.0531848039739]],[[-75.1511499843943,40.0516447509935],[-75.1517371372913,40.0516823963243]],[[-75.1553576877736,40.0518580331463],[-75.1561818614853,40.051888979095]],[[-75.1581556870881,40.0519840467848],[-75.1577490416563,40.0523820972835]],[[-75.1747270989305,40.0358300615448],[-75.1764980188436,40.0341059384065]],[[-75.1631787424157,40.0470856569184],[-75.161658577114,40.048568334109]],[[-75.1605313552716,40.0496734658079],[-75.1590428629963,40.0511156024022]],[[-75.1672097613024,40.0431584479418],[-75.1660876998972,40.0442525468341]],[[-75.1555576155121,40.0540831822154],[-75.1551882558371,40.0543681057842]],[[-75.150474503251,40.0517324348576],[-75.150556805843,40.0516607137776],[-75.1506681808153,40.0516219419879],[-75.1511499843943,40.0516447509935]],[[-75.1747270989305,40.0358300615448],[-75.1738529426411,40.0366852423682]],[[-75.1577490416563,40.0523820972835],[-75.1568938643663,40.0530469746686]],[[-75.1640232799469,40.0462572973837],[-75.1631787424157,40.0470856569184]],[[-75.1648336581327,40.0454773370228],[-75.1640232799469,40.0462572973837]],[[-75.1777417253284,40.0328996932734],[-75.1784698539805,40.0321855508204],[-75.1788099100327,40.0318593906904],[-75.1789164449367,40.0317461491325]],[[-75.168710227452,40.0416955243438],[-75.1672097613024,40.0431584479418]],[[-75.1551882558371,40.0543681057842],[-75.1544837245043,40.0549131276723]],[[-75.1738529426411,40.0366852423682],[-75.1730813394037,40.0374429858619]],[[-75.1538117412498,40.0517854963272],[-75.1545332309089,40.0518170636851]],[[-75.1569652902662,40.0519240721831],[-75.1577770391469,40.0519643526581]],[[-75.1612639939899,40.048945700472],[-75.1609076774196,40.0493036497896]]]}},{"type":"Feature","properties":{"objectid":53,"stname":"CHELTENHAM","length_ft":22602.32051641,"Shape__Length":9003.758482724657},"geometry":{"type":"MultiLineString","coordinates":[[[-75.1407753834371,40.0641605348397],[-75.1418888008818,40.0647980417849]],[[-75.1285736116916,40.0567591179],[-75.129046318001,40.057041312366]],[[-75.1352159985152,40.0609038158124],[-75.1368783936577,40.0617591903047]],[[-75.1558358316063,40.0727421064135],[-75.1566294249258,40.0731927743981],[-75.1583854455501,40.0741899464742]],[[-75.1334604277028,40.0598243267951],[-75.1341673899162,40.0602590398777]],[[-75.1430998381769,40.0654839915913],[-75.1440533218703,40.0660240402784]],[[-75.1195444364829,40.0517048402965],[-75.1199921216633,40.0519589861938]],[[-75.1150748747233,40.0491434922307],[-75.114509255017,40.0488155620351]],[[-75.1527581039293,40.0709900424851],[-75.1533348335458,40.0713183717572]],[[-75.1518761267929,40.0704879257892],[-75.152187349379,40.0706651087405]],[[-75.1455026098593,40.0668604215201],[-75.1466675228997,40.0675295935276]],[[-75.1682686928918,40.079834075102],[-75.1699341181279,40.0808192759469]],[[-75.1533348335458,40.0713183717572],[-75.1540778676605,40.0717413681916]],[[-75.1418888008818,40.0647980417849],[-75.1430998381769,40.0654839915913]],[[-75.1440533218703,40.0660240402784],[-75.1445563491784,40.0663201680554]],[[-75.1368783936577,40.0617591903047],[-75.1394173534682,40.0633945908066]],[[-75.123771017541,40.0539977341451],[-75.1246452406643,40.054448284178]],[[-75.1496071875218,40.06919613465],[-75.1500424822038,40.0694439715093]],[[-75.1445563491784,40.0663201680554],[-75.1452208429783,40.0666985595334]],[[-75.1170621500462,40.0502956102415],[-75.1185669962901,40.051149946132]],[[-75.1341673899162,40.0602590398777],[-75.1352159985152,40.0609038158124]],[[-75.1500424822038,40.0694439715093],[-75.1507265393759,40.0698334349562]],[[-75.160432215409,40.075311008292],[-75.1612872814303,40.0757615015115]],[[-75.1317441779582,40.0587208086444],[-75.1334604277028,40.0598243267951]],[[-75.1250096179298,40.0546534138392],[-75.1263490098042,40.0554254934019]],[[-75.1676626154083,40.0794755296361],[-75.1682686928918,40.079834075102]],[[-75.1633936855493,40.076972104818],[-75.1634076517587,40.0769798380829],[-75.1640900706017,40.0773619319747],[-75.1676626154083,40.0794755296361]],[[-75.1170621500462,40.0502956102415],[-75.1150748747233,40.0491434922307]],[[-75.1546967402514,40.0720936731462],[-75.1558358316063,40.0727421064135]],[[-75.1199921216633,40.0519589861938],[-75.1208084754029,40.0524224113614]],[[-75.1483571090795,40.0684843784316],[-75.1496071875218,40.06919613465]],[[-75.1271207912049,40.0558917894927],[-75.1285736116916,40.0567591179]],[[-75.1476804701003,40.068099109296],[-75.1483571090795,40.0684843784316]],[[-75.1540778676605,40.0717413681916],[-75.1546967402514,40.0720936731462]],[[-75.1699341181279,40.0808192759469],[-75.1717143741345,40.0818723480018]],[[-75.1185669962901,40.051149946132],[-75.1195444364829,40.0517048402965]],[[-75.1394173534682,40.0633945908066],[-75.1407753834371,40.0641605348397]],[[-75.112590646827,40.0463900321123],[-75.1123662034755,40.0475729024907]],[[-75.1208084754029,40.0524224113614],[-75.122124213775,40.0531689723411]],[[-75.1233922039927,40.05379740257],[-75.123771017541,40.0539977341451]],[[-75.1619405053929,40.0761215736875],[-75.162943577967,40.0766649044007],[-75.1633936855493,40.076972104818]],[[-75.1263490098042,40.0554254934019],[-75.1271207912049,40.0558917894927]],[[-75.1507265393759,40.0698334349562],[-75.1515913189082,40.0703257789208]],[[-75.152187349379,40.0706651087405],[-75.1527581039293,40.0709900424851]],[[-75.1466675228997,40.0675295935276],[-75.1476804701003,40.068099109296]],[[-75.1583854455501,40.0741899464742],[-75.1594018984404,40.0747128581391],[-75.160432215409,40.075311008292]],[[-75.114509255017,40.0488155620351],[-75.1129284991055,40.0478989608615]],[[-75.1612872814303,40.0757615015115],[-75.1619405053929,40.0761215736875]],[[-75.1135471676964,40.0427204290656],[-75.1132410036682,40.0432134084872],[-75.1131166615941,40.0437643399858],[-75.1129025898419,40.0448146799453],[-75.112590646827,40.0463900321123]],[[-75.1452208429783,40.0666985595334],[-75.1455026098593,40.0668604215201]],[[-75.1246452406643,40.054448284178],[-75.1250096179298,40.0546534138392]],[[-75.1515913189082,40.0703257789208],[-75.1518761267929,40.0704879257892]],[[-75.129046318001,40.057041312366],[-75.1294902148312,40.0573415376198],[-75.1305782789763,40.0580444188049],[-75.1311976431433,40.058407973376],[-75.1317441779582,40.0587208086444]],[[-75.1129284991055,40.0478989608615],[-75.1123662034755,40.0475729024907]],[[-75.122124213775,40.0531689723411],[-75.1223072427256,40.053211431673],[-75.1223578705187,40.0532435939324],[-75.1233685994055,40.0537849189104],[-75.1233922039927,40.05379740257]]]}},{"type":"Feature","properties":{"objectid":54,"stname":"CHESTER","length_ft":5518.50064992,"Shape__Length":2194.6576854712916},"geometry":{"type":"MultiLineString","coordinates":[[[-75.2195982610925,39.94202592398],[-75.2201780756514,39.9416117057445]],[[-75.2247672217384,39.9384077786099],[-75.2251900452519,39.9380977454605]],[[-75.2215486071201,39.9406616614425],[-75.2222333262942,39.9401827520746]],[[-75.2271601661084,39.9367102972426],[-75.2276507415011,39.936365209449]],[[-75.2256643403875,39.9377720256876],[-75.22618790915,39.9374014004882]],[[-75.2325690630188,39.932921922123],[-75.2335777615115,39.9322071168657]],[[-75.2251900452519,39.9380977454605],[-75.2256643403875,39.9377720256876]],[[-75.2208643046024,39.9411332320703],[-75.2210823059535,39.9409856501197]],[[-75.2280434286916,39.9360885036021],[-75.2285360638854,39.9357418176947]],[[-75.22618790915,39.9374014004882],[-75.2264591973983,39.93719761035],[-75.2266303556839,39.9370833787928]],[[-75.2315351810305,39.9336434171666],[-75.2325690630188,39.932921922123]],[[-75.2201780756514,39.9416117057445],[-75.2206595274437,39.9412817422583]],[[-75.2266303556839,39.9370833787928],[-75.2271601661084,39.9367102972426]],[[-75.2210823059535,39.9409856501197],[-75.2215486071201,39.9406616614425]],[[-75.2299068928464,39.9347736787274],[-75.2306002975744,39.9342919728732]],[[-75.2310322783252,39.9339783921564],[-75.2315351810305,39.9336434171666]],[[-75.2285360638854,39.9357418176947],[-75.2299068928464,39.9347736787274]],[[-75.2206595274437,39.9412817422583],[-75.2208643046024,39.9411332320703]],[[-75.2306002975744,39.9342919728732],[-75.2310322783252,39.9339783921564]],[[-75.2229078657171,39.9396892553118],[-75.2242941952146,39.9387435635301]],[[-75.2222333262942,39.9401827520746],[-75.2229078657171,39.9396892553118]],[[-75.2276507415011,39.936365209449],[-75.2280434286916,39.9360885036021]],[[-75.2242941952146,39.9387435635301],[-75.2247672217384,39.9384077786099]],[[-75.2190391659718,39.9424153190714],[-75.2195982610925,39.94202592398]]]}},{"type":"Feature","properties":{"objectid":55,"stname":"CHESTNUT","length_ft":6325.9143913200005,"Shape__Length":2511.9954313233293},"geometry":{"type":"MultiLineString","coordinates":[[[-75.1602126451028,39.9504048368504],[-75.1617852010932,39.9506026751166]],[[-75.1671974628104,39.9512729073801],[-75.1687698830437,39.9514770746937]],[[-75.163860465658,39.950865642905],[-75.1640134933308,39.9508859327451]],[[-75.1719182996795,39.9518651822267],[-75.1734924324009,39.9520618460709]],[[-75.1656125883579,39.9510786975905],[-75.1671974628104,39.9512729073801]],[[-75.158635830597,39.9502121155384],[-75.1602126451028,39.9504048368504]],[[-75.1734924324009,39.9520618460709],[-75.1754098829076,39.9523003539481]],[[-75.1554934339256,39.9498186467622],[-75.1570642218471,39.9500159958769]],[[-75.1754098829076,39.9523003539481],[-75.1761941289491,39.9523961972383]],[[-75.1687698830437,39.9514770746937],[-75.1703370528745,39.9516686645715]],[[-75.162805033024,39.9507233113893],[-75.163860465658,39.950865642905]],[[-75.1570642218471,39.9500159958769],[-75.158635830597,39.9502121155384]],[[-75.1640134933308,39.9508859327451],[-75.1656125883579,39.9510786975905]],[[-75.1703370528745,39.9516686645715],[-75.1719182996795,39.9518651822267]],[[-75.1539203247302,39.9496241445077],[-75.1554934339256,39.9498186467622]],[[-75.1617852010932,39.9506026751166],[-75.162805033024,39.9507233113893]]]}},{"type":"Feature","properties":{"objectid":56,"stname":"CHESTNUT","length_ft":15701.74290164,"Shape__Length":6235.714330486469},"geometry":{"type":"MultiLineString","coordinates":[[[-75.2311160080641,39.9592193945417],[-75.2331782323405,39.9594716240168]],[[-75.2047772625866,39.9559521516967],[-75.2061313403748,39.9561196532643]],[[-75.1983135670644,39.9551520663908],[-75.1999430324382,39.9553508209614]],[[-75.2403415338489,39.9603605020508],[-75.2410767045647,39.960453011519]],[[-75.1944699194878,39.9546730336433],[-75.1964478202692,39.9549163237977]],[[-75.2364469464577,39.9598783457907],[-75.2371296811513,39.9599639782156]],[[-75.2022758836335,39.955639439549],[-75.2044674632356,39.9559139834763]],[[-75.2283346897833,39.9588743424178],[-75.2289676242595,39.9589505860161]],[[-75.2430567179841,39.9606950406713],[-75.2450323425985,39.9609427968815]],[[-75.2289676242595,39.9589505860161],[-75.2296400455561,39.9590329688899]],[[-75.2296400455561,39.9590329688899],[-75.2311160080641,39.9592193945417]],[[-75.1917813649147,39.9543387638622],[-75.1920648324816,39.9543759695648],[-75.1928254394833,39.9544690131193],[-75.1944699194878,39.9546730336433]],[[-75.2251891879092,39.9584859395144],[-75.2271686721637,39.9587298716701]],[[-75.2173237413308,39.957508193251],[-75.2180747146739,39.9576006506973]],[[-75.1964478202692,39.9549163237977],[-75.1983135670644,39.9551520663908]],[[-75.2423150136731,39.9606037391731],[-75.2430567179841,39.9606950406713]],[[-75.2044674632356,39.9559139834763],[-75.2047772625866,39.9559521516967]],[[-75.2358599774687,39.9598068839244],[-75.2364469464577,39.9598783457907]],[[-75.2278011295951,39.9588077988387],[-75.2283346897833,39.9588743424178]],[[-75.2331782323405,39.9594716240168],[-75.2351904602481,39.9597204785324]],[[-75.2113592826003,39.9567698761396],[-75.2133384588115,39.9570151757103]],[[-75.2397661631939,39.9602900105203],[-75.2403415338489,39.9603605020508]],[[-75.2180747146739,39.9576006506973],[-75.2192672226875,39.957748772359]],[[-75.2061313403748,39.9561196532643],[-75.2063454402153,39.9561466877792]],[[-75.2271686721637,39.9587298716701],[-75.2278011295951,39.9588077988387]],[[-75.2232184045166,39.9582391299679],[-75.2251891879092,39.9584859395144]],[[-75.2153161500335,39.9572587952281],[-75.2173237413308,39.957508193251]],[[-75.2192672226875,39.957748772359],[-75.2212470013287,39.9579931862116]],[[-75.2143268654919,39.9571387428769],[-75.2153161500335,39.9572587952281]],[[-75.2084441942637,39.9564088398249],[-75.2097409157946,39.9565716561686]],[[-75.2351904602481,39.9597204785324],[-75.2358599774687,39.9598068839244]],[[-75.2450323425985,39.9609427968815],[-75.2470793180986,39.9611929123578]],[[-75.2391032741336,39.9602070392943],[-75.2397661631939,39.9602900105203]],[[-75.2371296811513,39.9599639782156],[-75.2391032741336,39.9602070392943]],[[-75.2410767045647,39.960453011519],[-75.2423150136731,39.9606037391731]],[[-75.2097409157946,39.9565716561686],[-75.2113592826003,39.9567698761396]],[[-75.1999430324382,39.9553508209614],[-75.2022758836335,39.955639439549]],[[-75.2212470013287,39.9579931862116],[-75.2232184045166,39.9582391299679]],[[-75.2133384588115,39.9570151757103],[-75.2143268654919,39.9571387428769]],[[-75.2063454402153,39.9561466877792],[-75.2067753377426,39.9561992624328],[-75.2067942158412,39.9562016307027],[-75.2084441942637,39.9564088398249]]]}},{"type":"Feature","properties":{"objectid":57,"stname":"CHEW","length_ft":11396.59249625,"Shape__Length":4538.774054189055},"geometry":{"type":"MultiLineString","coordinates":[[[-75.1613090067207,40.0433166532555],[-75.1626982283593,40.0441769184863]],[[-75.1626982283593,40.0441769184863],[-75.1633211227795,40.0445554445155]],[[-75.1660400639425,40.046227241288],[-75.1668487924161,40.046732881228]],[[-75.1789761830232,40.0541693854645],[-75.1795824180692,40.0545585043175]],[[-75.1839527552565,40.0572345658586],[-75.184126880056,40.0573570109473]],[[-75.1648336581327,40.0454773370228],[-75.1655701870887,40.0459317049287]],[[-75.1862823393639,40.0586756167913],[-75.1878273824619,40.0596187863673]],[[-75.1728911755193,40.0504409074303],[-75.1732634444177,40.050676353021]],[[-75.1668487924161,40.046732881228],[-75.1677045396679,40.0472543370259]],[[-75.1732634444177,40.050676353021],[-75.174704759132,40.0515524902253]],[[-75.1752038685966,40.0518534935876],[-75.1757544260434,40.0521911490783],[-75.175807480744,40.0522508215054]],[[-75.1771960930566,40.0530898992708],[-75.1773015300424,40.0531545751109],[-75.1777116103677,40.0534026699356],[-75.1779858939202,40.0535692921583]],[[-75.1637412220988,40.0448108135976],[-75.1648336581327,40.0454773370228]],[[-75.169272072858,40.0482156606137],[-75.1707162873906,40.0491064072925]],[[-75.184126880056,40.0573570109473],[-75.1848631304693,40.0578018174811]],[[-75.1828280182164,40.0565543313814],[-75.1834245696297,40.0569103825807]],[[-75.1878273824619,40.0596187863673],[-75.1886872622698,40.0601596123609]],[[-75.1583609323888,40.0414962296852],[-75.1586774940737,40.0417004885047]],[[-75.1795824180692,40.0545585043175],[-75.1802554387258,40.0549645199714]],[[-75.1886872622698,40.0601596123609],[-75.1901205241731,40.0610415860517],[-75.1901227014565,40.0610530277662]],[[-75.1834245696297,40.0569103825807],[-75.1839527552565,40.0572345658586]],[[-75.1826976770051,40.0564669738265],[-75.1828280182164,40.0565543313814]],[[-75.1717190122417,40.0497245709718],[-75.1725132156666,40.0502103127751]],[[-75.1769257023577,40.0529168164283],[-75.1771960930566,40.0530898992708]],[[-75.1633211227795,40.0445554445155],[-75.1637412220988,40.0448108135976]],[[-75.1655701870887,40.0459317049287],[-75.1660400639425,40.046227241288]],[[-75.1813284016752,40.0556099121126],[-75.1820060069181,40.0560493027415]],[[-75.175807480744,40.0522508215054],[-75.1769257023577,40.0529168164283]],[[-75.1848631304693,40.0578018174811],[-75.1862823393639,40.0586756167913]],[[-75.1707162873906,40.0491064072925],[-75.1708865884249,40.049208896023]],[[-75.1725132156666,40.0502103127751],[-75.1728911755193,40.0504409074303]],[[-75.1586774940737,40.0417004885047],[-75.1613090067207,40.0433166532555]],[[-75.1677045396679,40.0472543370259],[-75.1688510090488,40.0479631454729]],[[-75.174704759132,40.0515524902253],[-75.1752038685966,40.0518534935876]],[[-75.1805218557663,40.0551279433204],[-75.1813284016752,40.0556099121126]],[[-75.1779858939202,40.0535692921583],[-75.1789761830232,40.0541693854645]],[[-75.1820060069181,40.0560493027415],[-75.1826976770051,40.0564669738265]],[[-75.1708865884249,40.049208896023],[-75.1717190122417,40.0497245709718]],[[-75.1688510090488,40.0479631454729],[-75.169272072858,40.0482156606137]],[[-75.1802554387258,40.0549645199714],[-75.1805218557663,40.0551279433204]]]}},{"type":"Feature","properties":{"objectid":58,"stname":"CITY","length_ft":17974.81175183,"Shape__Length":7150.266534834765},"geometry":{"type":"MultiLineString","coordinates":[[[-75.2540024418971,39.9883139621585],[-75.2556992210993,39.9875187312968]],[[-75.2352879193854,39.9970973688299],[-75.2373617259714,39.9961254781897]],[[-75.2236317360663,40.0025558710997],[-75.2264164944049,40.0012477843398]],[[-75.2480130098704,39.9911255779519],[-75.2491914868537,39.9905717410917]],[[-75.2456861964715,39.9922190249681],[-75.2480130098704,39.9911255779519]],[[-75.2287416673306,40.0001554876728],[-75.2294552265921,39.999820262514]],[[-75.2416531152506,39.9941141086455],[-75.2437907811541,39.9931096825014]],[[-75.2183476871885,40.0050376281251],[-75.2192264700794,40.0046249205048]],[[-75.220698284265,40.0039336769116],[-75.2236317360663,40.0025558710997]],[[-75.2437907811541,39.9931096825014],[-75.2456861964715,39.9922190249681]],[[-75.2294552265921,39.999820262514],[-75.2308895294182,39.9991480459888]],[[-75.2342453482528,39.9975885061986],[-75.2352879193854,39.9970973688299]],[[-75.2107685864678,40.0085605467505],[-75.2130475297656,40.0074551071306],[-75.213757192136,40.0071551237149]],[[-75.2083008208441,40.0097506934611],[-75.2089222212998,40.0094560984249],[-75.2107685864678,40.0085605467505]],[[-75.2264164944049,40.0012477843398],[-75.2283776606592,40.0003264925259]],[[-75.2508233806345,39.9898047817093],[-75.2514697729316,39.9895016688144]],[[-75.2332307826124,39.9980565117176],[-75.2342453482528,39.9975885061986]],[[-75.2568978681255,39.9867663190117],[-75.258502736092,39.9855757489093],[-75.2585695400815,39.9855211729425]],[[-75.2070876073903,40.0108730050711],[-75.2076254810173,40.0105779056248],[-75.2078325935117,40.0104197058045],[-75.2079482816698,40.010346277678],[-75.2081075057884,40.0102412465944],[-75.2083791736929,40.0100631834572],[-75.2084246354657,40.0100356614181],[-75.209268305747,40.0094961900302],[-75.2107685864678,40.0085605467505]],[[-75.2556992210993,39.9875187312968],[-75.2561209122528,39.9873210898384],[-75.256298406774,39.9872098657834],[-75.2568978681255,39.9867663190117]],[[-75.2157768336124,40.0062449262905],[-75.2183476871885,40.0050376281251]],[[-75.2192264700794,40.0046249205048],[-75.220698284265,40.0039336769116]],[[-75.2514697729316,39.9895016688144],[-75.2540024418971,39.9883139621585]],[[-75.2321531136139,39.9985589507787],[-75.2332307826124,39.9980565117176]],[[-75.2390269131578,39.9953450405091],[-75.2416531152506,39.9941141086455]],[[-75.213757192136,40.0071551237149],[-75.2145721542461,40.0068106212541],[-75.2157768336124,40.0062449262905]],[[-75.2373617259714,39.9961254781897],[-75.2390269131578,39.9953450405091]],[[-75.2491914868537,39.9905717410917],[-75.2508233806345,39.9898047817093]],[[-75.2283776606592,40.0003264925259],[-75.2287416673306,40.0001554876728]],[[-75.2308895294182,39.9991480459888],[-75.2321531136139,39.9985589507787]]]}},{"type":"Feature","properties":{"objectid":59,"stname":"CLEARFIELD","length_ft":9734.72496274,"Shape__Length":3874.2279765320886},"geometry":{"type":"MultiLineString","coordinates":[[[-75.1286164683343,39.9968342003276],[-75.1281611028964,39.9967730654893]],[[-75.117733632448,39.9954249707766],[-75.1172193191813,39.995362880905]],[[-75.11147663636,39.9902810831965],[-75.1112569553515,39.9900386282792]],[[-75.1157814789797,39.9951767080813],[-75.1154484610881,39.9947749970325]],[[-75.1043919879991,39.9822742362894],[-75.1041775407314,39.982028558817]],[[-75.121123717745,39.9958653479657],[-75.1206405225686,39.9958045430704]],[[-75.1094888666357,39.9880440872571],[-75.1091938160719,39.9877111207592]],[[-75.107935999494,39.9862836695261],[-75.1075148100761,39.9858006892031]],[[-75.1162994684766,39.9952470683528],[-75.1157814789797,39.9951767080813]],[[-75.1235594711716,39.9961846052594],[-75.1230556741693,39.9961137856456]],[[-75.1230556741693,39.9961137856456],[-75.1225795814384,39.9960527271479]],[[-75.1131205633046,39.992136093541],[-75.1127768512841,39.9917561296886]],[[-75.1172193191813,39.995362880905],[-75.1167545750055,39.995303421564]],[[-75.1270221248637,39.9966293448214],[-75.1257394383783,39.9964601279154]],[[-75.1097812686055,39.9883762864913],[-75.1094888666357,39.9880440872571]],[[-75.1127768512841,39.9917561296886],[-75.1123807361818,39.9913075705985]],[[-75.1046675029552,39.9825844086292],[-75.1043919879991,39.9822742362894]],[[-75.1220966748745,39.9959872785353],[-75.1216196565562,39.995929471866]],[[-75.1276778763874,39.9967147126462],[-75.1270221248637,39.9966293448214]],[[-75.1146591870706,39.9939038492723],[-75.1142430330984,39.9934171344183]],[[-75.106482743257,39.9846407293608],[-75.1061647061141,39.9842745038759]],[[-75.1083610914503,39.9867628076781],[-75.107935999494,39.9862836695261]],[[-75.1142430330984,39.9934171344183],[-75.1138191597327,39.9929336969741]],[[-75.1216196565562,39.995929471866],[-75.121123717745,39.9958653479657]],[[-75.1107453326913,39.9894695200843],[-75.1104550676351,39.9891378267977]],[[-75.1091938160719,39.9877111207592],[-75.1087883565131,39.9872449837443]],[[-75.1281611028964,39.9967730654893],[-75.1276778763874,39.9967147126462]],[[-75.1242890196903,39.9962710089801],[-75.1235594711716,39.9961846052594]],[[-75.105439879545,39.9834614185964],[-75.1049537418258,39.9829107144298]],[[-75.1123807361818,39.9913075705985],[-75.1120747736501,39.9909657439735]],[[-75.1134050823299,39.9924677231583],[-75.1131205633046,39.992136093541]],[[-75.1120747736501,39.9909657439735],[-75.1118843650455,39.990745797808]],[[-75.1151851424342,39.994496876208],[-75.1146591870706,39.9939038492723]],[[-75.1071656648342,39.9854030595326],[-75.1071229086597,39.985358762316]],[[-75.1250119119261,39.9963625105958],[-75.1242890196903,39.9962710089801]],[[-75.1049537418258,39.9829107144298],[-75.1046675029552,39.9825844086292]],[[-75.1038878421515,39.9816994004499],[-75.1035826902522,39.9813474311645]],[[-75.1257394383783,39.9964601279154],[-75.1250119119261,39.9963625105958]],[[-75.1196680417597,39.9956807818679],[-75.117733632448,39.9954249707766]],[[-75.1154484610881,39.9947749970325],[-75.1151851424342,39.994496876208]],[[-75.1166101616411,39.9952871887049],[-75.1162994684766,39.9952470683528]],[[-75.1061647061141,39.9842745038759],[-75.1058032381155,39.98387118411]],[[-75.1071229086597,39.985358762316],[-75.106804325062,39.9850073067282]],[[-75.1104550676351,39.9891378267977],[-75.1101727602747,39.9888155350925]],[[-75.106804325062,39.9850073067282],[-75.106482743257,39.9846407293608]],[[-75.1118843650455,39.990745797808],[-75.11147663636,39.9902810831965]],[[-75.1225795814384,39.9960527271479],[-75.1220966748745,39.9959872785353]],[[-75.1087883565131,39.9872449837443],[-75.1083610914503,39.9867628076781]],[[-75.1101727602747,39.9888155350925],[-75.1097812686055,39.9883762864913]],[[-75.1041775407314,39.982028558817],[-75.1038878421515,39.9816994004499]],[[-75.1206405225686,39.9958045430704],[-75.1201541391533,39.9957431080437]],[[-75.1138191597327,39.9929336969741],[-75.1134050823299,39.9924677231583]],[[-75.1058032381155,39.98387118411],[-75.105439879545,39.9834614185964]],[[-75.1167545750055,39.995303421564],[-75.1166101616411,39.9952871887049]],[[-75.1075148100761,39.9858006892031],[-75.1071656648342,39.9854030595326]],[[-75.1201541391533,39.9957431080437],[-75.1196680417597,39.9956807818679]],[[-75.1112569553515,39.9900386282792],[-75.1107453326913,39.9894695200843]]]}},{"type":"Feature","properties":{"objectid":60,"stname":"COBBS CREEK","length_ft":22261.54393133,"Shape__Length":8861.915895949118},"geometry":{"type":"MultiLineString","coordinates":[[[-75.2429755194397,39.930949884177],[-75.2428878246655,39.9307967037489],[-75.2429065253888,39.9307180503928],[-75.243198657668,39.9300797738642],[-75.2432564053042,39.9294792473123]],[[-75.2338931694033,39.9380090784905],[-75.2338953696254,39.9380013079148],[-75.2339002048482,39.9379842346973],[-75.2339120259903,39.937921113459],[-75.2338750524281,39.9377126731962],[-75.2338703853823,39.937514144443],[-75.233893541425,39.9373491520785],[-75.2339540311711,39.9371754020432],[-75.2345008912615,39.9361392681082],[-75.2348257517222,39.9355446438897],[-75.235242775917,39.9350177845479],[-75.2352518371547,39.9350063360624],[-75.2359204452505,39.9344505618048],[-75.2368373950071,39.9337659535748],[-75.2377786754174,39.9330932590681],[-75.23800261864,39.9330191021495],[-75.2382083026047,39.9330114437644],[-75.2382553532654,39.9330164052925],[-75.2384994705005,39.9330421473734],[-75.2387410302871,39.9331325811145],[-75.2389408784214,39.9332829181875],[-75.2392027533774,39.9334650223343],[-75.2395289719897,39.9335756664314],[-75.2399258332859,39.9335659944392],[-75.2402370552885,39.9334815799666],[-75.2412836512234,39.9329510415385],[-75.2423712681367,39.9323788198246],[-75.2426262814215,39.9321046370773],[-75.2427466545077,39.9318396728069],[-75.2427810949053,39.9315485029376],[-75.2428369737804,39.9313186197211],[-75.2429755194397,39.930949884177]],[[-75.2429755194397,39.930949884177],[-75.2433062325375,39.9302756677257],[-75.243361212172,39.9300700914779],[-75.2433904449725,39.9297058271987],[-75.2434304174839,39.9292219186823],[-75.2434677417091,39.9274057577968],[-75.243496764317,39.9269723133453],[-75.2436574127943,39.9266156795523],[-75.2439381681123,39.9259924058941],[-75.2441775895477,39.9257117969787],[-75.2443967434711,39.9255523797391],[-75.2446623583101,39.9254183040051],[-75.2449227655934,39.9252111325774],[-75.2451053647501,39.9249718533447],[-75.245301675947,39.9245747481928],[-75.2455154733552,39.9241055875438],[-75.2456876506654,39.9236567485934],[-75.2459635219519,39.9230029518486],[-75.2461303254276,39.9227633253462],[-75.2462802248706,39.9225537389354],[-75.246329982643,39.9222750662474],[-75.2463619409086,39.922050741114],[-75.2464649303113,39.9218279659495],[-75.2465359020483,39.9216166559749],[-75.246591536313,39.9213928468105],[-75.2466636353955,39.9208107993278],[-75.2467151462724,39.9203654054896],[-75.2468445171969,39.9189792632732],[-75.2468595430136,39.9187681526723],[-75.2469003399947,39.9185837559847],[-75.246925745196,39.9183227966047],[-75.2468704396628,39.9181087297471],[-75.2467903411504,39.91792452918],[-75.2463104720541,39.9171853594541]],[[-75.2467558255896,39.9627144388427],[-75.2468239933027,39.9623948125975],[-75.2469213428302,39.9619383541453],[-75.2470793180986,39.9611929123578],[-75.2472365184063,39.9604353901305],[-75.2473931764277,39.9596719291976],[-75.2476412195123,39.9585327161023],[-75.2478943451567,39.957279362323],[-75.2479909773264,39.9567677838303],[-75.2481024180587,39.9562449567939],[-75.2482101845655,39.955718977174],[-75.2483127126611,39.9552645400112],[-75.2484190244884,39.9547238630913],[-75.2485352575512,39.9542288889927],[-75.2487427171873,39.9531788839226],[-75.248884382897,39.9524986363976],[-75.249058524636,39.951688642221],[-75.2492151023199,39.9509300746674],[-75.2493738604783,39.9501629950778],[-75.2494550730034,39.9497854894867],[-75.2495293115966,39.9494019880085],[-75.2496227289953,39.949037994746],[-75.2497035922637,39.9486453456637],[-75.2497423704996,39.948412277333],[-75.2497439296693,39.9482512311932],[-75.2497285307994,39.9480490554826],[-75.2496672746182,39.9478549090526],[-75.2495440800385,39.9476402402536],[-75.2493899930352,39.9474597193795],[-75.249261545616,39.9473095467278],[-75.2490452092883,39.9471512868403],[-75.2488674646723,39.9470531919849],[-75.2486889493297,39.9469760172798],[-75.2484872714135,39.9469122962313],[-75.2482854643734,39.9468520606439],[-75.2479814756363,39.9468129874843],[-75.246001963222,39.9465691842693],[-75.2440279557136,39.9463252677368],[-75.242051362817,39.9460840039297],[-75.2402693876564,39.9458751841508],[-75.2396992726319,39.9453729769458],[-75.2391887929058,39.9449467104969],[-75.2384775786028,39.9443567705362],[-75.2378235488921,39.9438386172314],[-75.2391283073944,39.94294648616],[-75.2392047291183,39.9428761768066],[-75.2392171099943,39.9428607470941]],[[-75.2392171030154,39.9428607775751],[-75.2392348029154,39.9427846426642],[-75.2392322144421,39.9427190080241],[-75.2392160890002,39.9426276068489],[-75.2391755673712,39.9425413974515],[-75.2390951178143,39.942451349707],[-75.2386882309901,39.9421286010445],[-75.2379991179136,39.94155393378],[-75.2366086740798,39.9403746098026],[-75.2359185130749,39.9397846001727],[-75.235210212179,39.9391877228427],[-75.2345192440862,39.9386114988223],[-75.2338911293579,39.9380071164165]]]}},{"type":"Feature","properties":{"objectid":61,"stname":"I","length_ft":5007.18181514,"Shape__Length":1997.4911142137255},"geometry":{"type":"MultiLineString","coordinates":[[[-75.1093740535332,40.0054014225321],[-75.109022587537,40.0069688148717]],[[-75.1074291927243,40.0146565208687],[-75.1073608365171,40.0147838113771],[-75.1072172181025,40.0154251958394],[-75.1072151850317,40.0156805915456],[-75.107256317531,40.0158543777813]],[[-75.1080891282046,40.0115565286756],[-75.1077601459694,40.013144968242]],[[-75.1083715666145,40.0099619879655],[-75.1080891282046,40.0115565286756]],[[-75.1087058987401,40.0084841601049],[-75.1083715666145,40.0099619879655]],[[-75.1077601459694,40.013144968242],[-75.1074291927243,40.0146565208687]],[[-75.110018836481,40.0022918498291],[-75.1098492415004,40.0031229443774],[-75.1093740535332,40.0054014225321]],[[-75.109022587537,40.0069688148717],[-75.1087058987401,40.0084841601049]]]}},{"type":"Feature","properties":{"objectid":62,"stname":"COTTMAN","length_ft":22945.28242775,"Shape__Length":9139.20267552101},"geometry":{"type":"MultiLineString","coordinates":[[[-75.0531157710112,40.0437735835544],[-75.0522299650638,40.0432805456273]],[[-75.0458086089945,40.0395884973345],[-75.0452814555723,40.0392888249773]],[[-75.0677260820264,40.0521546762128],[-75.0660485837699,40.0511904110539]],[[-75.0919603622111,40.0662082111382],[-75.0903723422359,40.0652842869891]],[[-75.0356281388061,40.0306885248489],[-75.0351722442424,40.03012553813]],[[-75.0634404098547,40.0497604679384],[-75.0623859346437,40.0491573171031]],[[-75.0339420070593,40.0285710471502],[-75.0335274320166,40.0280404213414]],[[-75.0364806623944,40.0317418898914],[-75.0360576630058,40.0312156011598]],[[-75.0540647284388,40.044334842471],[-75.0531157710112,40.0437735835544]],[[-75.0563857726212,40.0456490031244],[-75.05614585306,40.0455083128135],[-75.0557252060977,40.045265600687]],[[-75.0360576630058,40.0312156011598],[-75.0357394005124,40.0308334524337]],[[-75.0697240865948,40.0532940136146],[-75.0691352916618,40.0529584997112]],[[-75.0830998534077,40.0610278478072],[-75.0822795062961,40.0605561295929]],[[-75.0887668443111,40.064350145301],[-75.087898771697,40.0638450472089]],[[-75.0814047468674,40.0600410557895],[-75.0805089854523,40.0595366626147]],[[-75.0546497001948,40.0446544287355],[-75.0540647284388,40.044334842471]],[[-75.0641883771403,40.050138877934],[-75.0638325922568,40.049940071396],[-75.063579306053,40.0498020447297],[-75.0635197001214,40.0497739871343],[-75.0634404098547,40.0497604679384]],[[-75.0599389966944,40.0477604045677],[-75.058370216772,40.0468145028644]],[[-75.0767359908166,40.0573597645191],[-75.075034339485,40.0563681994577]],[[-75.087898771697,40.0638450472089],[-75.0874662891752,40.0635933965857]],[[-75.0343574554207,40.0291054340243],[-75.0339420070593,40.0285710471502]],[[-75.0400254309822,40.0360886209918],[-75.0394765237064,40.0354132896015]],[[-75.0780781764565,40.058113187238],[-75.0777806642109,40.0579346389118]],[[-75.0369080940748,40.0322611200363],[-75.0364806623944,40.0317418898914]],[[-75.0441954849449,40.0386699074025],[-75.0425382140696,40.0377319293351]],[[-75.0894479309338,40.0647456013136],[-75.0887668443111,40.064350145301]],[[-75.0691352916618,40.0529584997112],[-75.0685052042519,40.0525998820364]],[[-75.033110296075,40.0275104802579],[-75.0320807030364,40.0262068890925]],[[-75.0903723422359,40.0652842869891],[-75.0894479309338,40.0647456013136]],[[-75.0522299650638,40.0432805456273],[-75.0521556945055,40.0432199781754],[-75.0514280509053,40.0427971934722]],[[-75.0351722442424,40.03012553813],[-75.0351011734888,40.0300515502932],[-75.0347499810435,40.0296003039887]],[[-75.0425382140696,40.0377319293351],[-75.0410226684702,40.03689570714],[-75.0407552497742,40.0368028192295]],[[-75.0490298550875,40.0414220599364],[-75.0474260890384,40.0405064019521]],[[-75.0452814555723,40.0392888249773],[-75.0441954849449,40.0386699074025]],[[-75.0381977204584,40.0338375770621],[-75.0377566752961,40.0333172341979]],[[-75.0838360216159,40.0614819213247],[-75.0835273475437,40.0612797593975]],[[-75.0377566752961,40.0333172341979],[-75.0373328553312,40.0327915728365]],[[-75.0874662891752,40.0635933965857],[-75.0870670878834,40.0633715658811],[-75.0865705354551,40.0630991464698]],[[-75.0320807030364,40.0262068890925],[-75.031710801769,40.0257546823788],[-75.0316358099718,40.0256859471302]],[[-75.058370216772,40.0468145028644],[-75.0580679167519,40.0466404598652],[-75.057727772106,40.0464196397072]],[[-75.0394765237064,40.0354132896015],[-75.0390533978762,40.0348861180538]],[[-75.0787623296052,40.0585092828012],[-75.0780781764565,40.058113187238]],[[-75.0654053606399,40.0508181260442],[-75.0651338611695,40.050673630435],[-75.064845249383,40.0505032148278]],[[-75.0313285309308,40.0252895712408],[-75.0311704509264,40.0250920504749]],[[-75.0740975402849,40.05582835802],[-75.0732581646432,40.0553391400359]],[[-75.0474260890384,40.0405064019521],[-75.0458086089945,40.0395884973345]],[[-75.0660485837699,40.0511904110539],[-75.0657575611831,40.0510173402124],[-75.0654053606399,40.0508181260442]],[[-75.0777806642109,40.0579346389118],[-75.0767359908166,40.0573597645191]],[[-75.0714730948688,40.054303698466],[-75.0697240865948,40.0532940136146]],[[-75.0570504354397,40.0460393852079],[-75.0567164715238,40.0458439478017],[-75.0563857726212,40.0456490031244]],[[-75.0865705354551,40.0630991464698],[-75.0857426206624,40.062604476221],[-75.084782037496,40.0620534098519]],[[-75.0407552497742,40.0368028192295],[-75.040342938339,40.0364674634607],[-75.0400254309822,40.0360886209918]],[[-75.0514280509053,40.0427971934722],[-75.0506459806756,40.0423429479038]],[[-75.0796494231178,40.0590244832455],[-75.0796135400902,40.0590030046565],[-75.0787623296052,40.0585092828012]],[[-75.0835273475437,40.0612797593975],[-75.0830998534077,40.0610278478072]],[[-75.0613770230457,40.0485946810885],[-75.0599389966944,40.0477604045677]],[[-75.0335274320166,40.0280404213414],[-75.033110296075,40.0275104802579]],[[-75.0386184793992,40.0343646619813],[-75.0381977204584,40.0338375770621]],[[-75.0373328553312,40.0327915728365],[-75.0369080940748,40.0322611200363]],[[-75.064845249383,40.0505032148278],[-75.064563048735,40.0503479696246],[-75.0641883771403,40.050138877934]],[[-75.0805089854523,40.0595366626147],[-75.0796494231178,40.0590244832455]],[[-75.0732581646432,40.0553391400359],[-75.0714730948688,40.054303698466]],[[-75.0557252060977,40.045265600687],[-75.0546497001948,40.0446544287355]],[[-75.0316358099718,40.0256859471302],[-75.0313285309308,40.0252895712408]],[[-75.0506459806756,40.0423429479038],[-75.0490298550875,40.0414220599364]],[[-75.0390533978762,40.0348861180538],[-75.0386184793992,40.0343646619813]],[[-75.0822795062961,40.0605561295929],[-75.0814047468674,40.0600410557895]],[[-75.057727772106,40.0464196397072],[-75.057372466441,40.0462166777495],[-75.0570504354397,40.0460393852079]],[[-75.0357394005124,40.0308334524337],[-75.0356281388061,40.0306885248489]],[[-75.0685052042519,40.0525998820364],[-75.0677260820264,40.0521546762128]],[[-75.075034339485,40.0563681994577],[-75.0740975402849,40.05582835802]],[[-75.0347499810435,40.0296003039887],[-75.0343574554207,40.0291054340243]],[[-75.084782037496,40.0620534098519],[-75.0838360216159,40.0614819213247]],[[-75.0623859346437,40.0491573171031],[-75.0613770230457,40.0485946810885]]]}},{"type":"Feature","properties":{"objectid":63,"stname":"CUMBERLAND","length_ft":4521.88567342,"Shape__Length":1796.854144886896},"geometry":{"type":"MultiLineString","coordinates":[[[-75.1509238441249,39.9903131273326],[-75.1514930483664,39.990381624224]],[[-75.1621763711418,39.9917710526105],[-75.1626359865244,39.9918273315935]],[[-75.1610575979648,39.9916210013681],[-75.1616161841669,39.9916950214517]],[[-75.1646617936608,39.9920940373892],[-75.1647710118373,39.9920642959751]],[[-75.1552728353837,39.9908623740699],[-75.1561180341174,39.9909777054442]],[[-75.1576930081046,39.9911900369241],[-75.1584827292704,39.9912801072551]],[[-75.1642057222126,39.9920256980423],[-75.1646617936608,39.9920940373892]],[[-75.1606036932352,39.9915552634258],[-75.1610575979648,39.9916210013681]],[[-75.1493608720915,39.9901011785213],[-75.1499179991118,39.990178869458]],[[-75.1561180341174,39.9909777054442],[-75.1569076507447,39.9910852523776]],[[-75.1569076507447,39.9910852523776],[-75.1576930081046,39.9911900369241]],[[-75.1626359865244,39.9918273315935],[-75.1631860630026,39.9918997564654]],[[-75.1514930483664,39.990381624224],[-75.1530720365555,39.9905866682007]],[[-75.1616161841669,39.9916950214517],[-75.1621763711418,39.9917710526105]],[[-75.1637438742441,39.9919719051501],[-75.1642057222126,39.9920256980423]],[[-75.160047728748,39.9914829535909],[-75.1606036932352,39.9915552634258]],[[-75.1504810866316,39.990256120509],[-75.1509238441249,39.9903131273326]],[[-75.1590276445814,39.9913542521725],[-75.1594831743892,39.9914164119011]],[[-75.1539717418751,39.990705503106],[-75.1550714982761,39.990847191323],[-75.1552728353837,39.9908623740699]],[[-75.1499179991118,39.990178869458],[-75.1504810866316,39.990256120509]],[[-75.1647710118373,39.9920642959751],[-75.1650466524473,39.9923873692631]],[[-75.1594831743892,39.9914164119011],[-75.160047728748,39.9914829535909]],[[-75.1530720365555,39.9905866682007],[-75.1539717418751,39.990705503106]],[[-75.1584827292704,39.9912801072551],[-75.1590276445814,39.9913542521725]],[[-75.1631860630026,39.9918997564654],[-75.1637438742441,39.9919719051501]]]}},{"type":"Feature","properties":{"objectid":64,"stname":"DAUPHIN","length_ft":5348.63024735,"Shape__Length":2125.086971127563},"geometry":{"type":"MultiLineString","coordinates":[[[-75.1464368366476,39.9866631336958],[-75.1474200640527,39.9867858045678]],[[-75.1583386947978,39.9881955665756],[-75.1587626832926,39.9882506841965]],[[-75.1632746484037,39.9888362858364],[-75.1638443915293,39.9889158566761]],[[-75.1601290099779,39.9884314639506],[-75.1606969231143,39.9885042066029]],[[-75.1521388699755,39.9873969437474],[-75.1526698129567,39.987466001922]],[[-75.1531247038888,39.98752586474],[-75.1537146105517,39.987601334778]],[[-75.1458073745951,39.986577527157],[-75.1464368366476,39.9866631336958]],[[-75.1537146105517,39.987601334778],[-75.1545639435679,39.9877136311536]],[[-75.1529270945279,39.9874972137198],[-75.1531247038888,39.98752586474]],[[-75.1622737580814,39.9887145549024],[-75.1628399600754,39.9887784561564]],[[-75.1596802315286,39.988370562454],[-75.1599154889204,39.9884040590409]],[[-75.16440369026,39.9889844889174],[-75.1646304647982,39.9890109801791]],[[-75.1505669289485,39.9871952956585],[-75.1521388699755,39.9873969437474]],[[-75.1489975952465,39.9869919144169],[-75.1505669289485,39.9871952956585]],[[-75.1628399600754,39.9887784561564],[-75.1632746484037,39.9888362858364]],[[-75.1599154889204,39.9884040590409],[-75.1601290099779,39.9884314639506]],[[-75.1617138900326,39.9886295855483],[-75.1622737580814,39.9887145549024]],[[-75.1559376681829,39.9878866266397],[-75.1567606215831,39.9879969985012]],[[-75.1638443915293,39.9889158566761],[-75.16440369026,39.9889844889174]],[[-75.1567606215831,39.9879969985012],[-75.1575555511288,39.9881028714679]],[[-75.1474200640527,39.9867858045678],[-75.1482040749779,39.9868915575192]],[[-75.1482040749779,39.9868915575192],[-75.1489975952465,39.9869919144169]],[[-75.161248838175,39.9885744483751],[-75.1617138900326,39.9886295855483]],[[-75.1575555511288,39.9881028714679],[-75.1583386947978,39.9881955665756]],[[-75.1550627391422,39.9877747673659],[-75.1554288256587,39.9878242940468],[-75.1559376681829,39.9878866266397]],[[-75.159124950477,39.9882977764074],[-75.1596802315286,39.988370562454]],[[-75.1587626832926,39.9882506841965],[-75.159124950477,39.9882977764074]],[[-75.1606969231143,39.9885042066029],[-75.161248838175,39.9885744483751]],[[-75.1526698129567,39.987466001922],[-75.1529270945279,39.9874972137198]],[[-75.1545639435679,39.9877136311536],[-75.1550627391422,39.9877747673659]]]}},{"type":"Feature","properties":{"objectid":65,"stname":"DELAWARE","length_ft":24139.803473210002,"Shape__Length":9614.333928896654},"geometry":{"type":"MultiLineString","coordinates":[[[-75.1450155988908,39.9274057808509],[-75.1450719648182,39.9269965184937],[-75.1450745066784,39.926441686926]],[[-75.1417838889186,39.9464234282989],[-75.1420580770292,39.9451334678891]],[[-75.1297706728048,39.9665919459079],[-75.12966272328,39.9667473197586],[-75.1288983482122,39.9673214874819]],[[-75.1450745066784,39.926441686926],[-75.1449721621737,39.9263089659761],[-75.1448027640364,39.9258504074717],[-75.1445837105913,39.9254802748887],[-75.1440514179736,39.9247264005446],[-75.143608113369,39.9240282417713]],[[-75.1247703961022,39.9699205657676],[-75.1246072744701,39.9699944228841],[-75.1242005513226,39.9702221477578],[-75.1238867477173,39.970422744227]],[[-75.1422149136694,39.9441668535027],[-75.1422284180134,39.9440373879764],[-75.142330999027,39.9428106219649],[-75.1423791107664,39.9415947921912]],[[-75.1429659839183,39.9230169269685],[-75.1423703376195,39.9222027576608],[-75.1420103219186,39.9216851842257],[-75.1413791280532,39.920747386652]],[[-75.1323037570848,39.9655888487973],[-75.1317852650271,39.9657937672518]],[[-75.1376357340258,39.9589463941554],[-75.1372398035889,39.960039739673]],[[-75.1441774805135,39.9311646303935],[-75.1444806500096,39.9298590253181]],[[-75.1354081698323,39.9635607919525],[-75.1343465086091,39.9644907077393]],[[-75.1369047641417,39.9609220148311],[-75.136820603532,39.9611784837938]],[[-75.1409918234183,39.9499863397517],[-75.1416558190885,39.9470259397298]],[[-75.1432145290737,39.9234083750374],[-75.1429659839183,39.9230169269685]],[[-75.1416558190885,39.9470259397298],[-75.1417838889186,39.9464234282989]],[[-75.1397422467407,39.9542349040363],[-75.139382861666,39.9551609823013],[-75.1392200470489,39.9553514522027]],[[-75.1420580770292,39.9451334678891],[-75.1422149136694,39.9441668535027]],[[-75.1423077512048,39.9368876024727],[-75.142310788681,39.936156274059]],[[-75.1259615044542,39.9693926817575],[-75.1254684332372,39.9695839061472],[-75.124994861352,39.9698189329302],[-75.1249009787689,39.9698683067912]],[[-75.1447375240765,39.9286275690575],[-75.1450155988908,39.9274057808509]],[[-75.1427722668265,39.9349067041202],[-75.1432164550201,39.9340857509539],[-75.1435641673976,39.9333828298711]],[[-75.1343465086091,39.9644907077393],[-75.1340011157222,39.9647800750375]],[[-75.136820603532,39.9611784837938],[-75.1362982835677,39.9624607101474]],[[-75.1409918234183,39.9499863397517],[-75.1405591113947,39.951770734965],[-75.1400157825256,39.9535180049134]],[[-75.1280492773445,39.9679496706017],[-75.1271872393855,39.9685971009665]],[[-75.143608113369,39.9240282417713],[-75.1432145290737,39.9234083750374]],[[-75.1392200470489,39.9553514522027],[-75.1389072537186,39.9563199844002],[-75.1387256758462,39.9567908739801]],[[-75.1362982835677,39.9624607101474],[-75.1361273798899,39.9629447592893],[-75.1354081698323,39.9635607919525]],[[-75.142310788681,39.936156274059],[-75.1423163027469,39.9360473711213],[-75.1423260704266,39.9359822996653],[-75.1423406080778,39.9359192017833],[-75.1423581397528,39.9358412474273],[-75.1423887071213,39.9357393375215],[-75.142416639099,39.9356429648454],[-75.1424331694413,39.9355911047721],[-75.1424650130915,39.9355190729648],[-75.1425213665158,39.9353767077037],[-75.1425529251306,39.9353121307683],[-75.1425974477193,39.9352254626459],[-75.1426391919497,39.9351480587343],[-75.1427722668265,39.9349067041202]],[[-75.1372398035889,39.960039739673],[-75.1371728200206,39.9602189659722]],[[-75.1444806500096,39.9298590253181],[-75.1447375240765,39.9286275690575]],[[-75.14234175133,39.9386009944385],[-75.1423077512048,39.9368876024727]],[[-75.1371728200206,39.9602189659722],[-75.1369047641417,39.9609220148311]],[[-75.1401383977436,39.9188585439306],[-75.1398320661165,39.9183886929785],[-75.1389042529429,39.9169872944009],[-75.1385329074444,39.9164145351169],[-75.1384124800303,39.9162597441626],[-75.1382707133894,39.9160436478086],[-75.1379955399876,39.9155994802315],[-75.1379006571588,39.9153966143927],[-75.1378313167006,39.9151456759717],[-75.1377840162124,39.9149378121826],[-75.137785231001,39.9147006450686],[-75.1378309913755,39.9145374758942],[-75.1381153542199,39.913303240614],[-75.138155790934,39.9130730480753],[-75.1381980925621,39.9127942435778],[-75.1382662219157,39.9125038005425]],[[-75.1317852650271,39.9657937672518],[-75.1297706728048,39.9665919459079]],[[-75.1262638974588,39.969273596187],[-75.1259615044542,39.9693926817575]],[[-75.1271872393855,39.9685971009665],[-75.1262638974588,39.969273596187]],[[-75.1436963093193,39.9331156946864],[-75.1441774805135,39.9311646303935]],[[-75.1340011157222,39.9647800750375],[-75.1336904610258,39.965040778084]],[[-75.1387256758462,39.9567908739801],[-75.1385522907857,39.9570452283301],[-75.1383544876334,39.9573434497599],[-75.1381175561704,39.9577230363542],[-75.1379286014996,39.9581197549097],[-75.1376357340258,39.9589463941554]],[[-75.1400157825256,39.9535180049134],[-75.1397422467407,39.9542349040363]],[[-75.1238867477173,39.970422744227],[-75.1237319414234,39.9705011280072],[-75.1235242003233,39.9705622147783],[-75.1233003763292,39.9705965968631],[-75.1224387669656,39.9707480590197],[-75.1223131384014,39.9707879801155],[-75.1222505124206,39.9708423042983]],[[-75.1413791280532,39.920747386652],[-75.1405737147007,39.9195262237066],[-75.1401383977436,39.9188585439306]],[[-75.1288983482122,39.9673214874819],[-75.1280492773445,39.9679496706017]],[[-75.1435641673976,39.9333828298711],[-75.1436963093193,39.9331156946864]],[[-75.1423791107664,39.9415947921912],[-75.1423899471006,39.9406068162355],[-75.14234175133,39.9386009944385]],[[-75.1336904610258,39.965040778084],[-75.1323037570848,39.9655888487973]],[[-75.1249009787689,39.9698683067912],[-75.1247703961022,39.9699205657676]]]}},{"type":"Feature","properties":{"objectid":66,"stname":"MARKET","length_ft":9834.03846086,"Shape__Length":3905.612763872216},"geometry":{"type":"MultiLineString","coordinates":[[[-75.2268529624658,39.9602480674658],[-75.2274458417483,39.9603203415776]],[[-75.2130197616267,39.9585274554259],[-75.2140215999802,39.9586526354212]],[[-75.2223986300913,39.95968962917],[-75.2229028562573,39.9597544407701]],[[-75.2170038305771,39.9590248891383],[-75.2189566756111,39.9592692652783]],[[-75.2387868667168,39.9617243098627],[-75.2394492671347,39.9618033426706]],[[-75.2414077304614,39.9620476760074],[-75.2419967573815,39.9621223101081]],[[-75.2447124481041,39.9624603156495],[-75.2454066576204,39.9625460224534]],[[-75.2274458417483,39.9603203415776],[-75.2279779696768,39.9603866063931]],[[-75.2368108342581,39.9614800979488],[-75.2387868667168,39.9617243098627]],[[-75.2400250326553,39.9618795537503],[-75.2407638431792,39.9619692450987]],[[-75.2248698565846,39.9600148207437],[-75.2262112712918,39.960168396924]],[[-75.2328598242116,39.9609850764492],[-75.2335557092362,39.9610750702772]],[[-75.2292652278069,39.9605446656841],[-75.2297874956559,39.9606084375865]],[[-75.2199850664593,39.9593955082933],[-75.2209227074691,39.9595144346624]],[[-75.2454066576204,39.9625460224534],[-75.2459911985668,39.9626194198035]],[[-75.2407638431792,39.9619692450987],[-75.2414077304614,39.9620476760074]],[[-75.2335557092362,39.9610750702772],[-75.2341439263993,39.9611452556567]],[[-75.2308047670633,39.9607313733175],[-75.2318765350239,39.9608591333803],[-75.2328598242116,39.9609850764492]],[[-75.2459911985668,39.9626194198035],[-75.2467558255896,39.9627144388427]],[[-75.219178716423,39.9592973922487],[-75.2199850664593,39.9593955082933]],[[-75.2427376126252,39.9622119621527],[-75.2433894944159,39.9622926072049]],[[-75.2394492671347,39.9618033426706],[-75.2400250326553,39.9618795537503]],[[-75.2419967573815,39.9621223101081],[-75.2427376126252,39.9622119621527]],[[-75.2219112866815,39.9596351821362],[-75.2223986300913,39.95968962917]],[[-75.2297874956559,39.9606084375865],[-75.2302498485003,39.9606653834395]],[[-75.2229028562573,39.9597544407701],[-75.2238861283258,39.9598712267361]],[[-75.2140215999802,39.9586526354212],[-75.2170038305771,39.9590248891383]],[[-75.2189566756111,39.9592692652783],[-75.219178716423,39.9592973922487]],[[-75.2209227074691,39.9595144346624],[-75.2219112866815,39.9596351821362]],[[-75.2262112712918,39.960168396924],[-75.2268529624658,39.9602480674658]],[[-75.2341439263993,39.9611452556567],[-75.2348718979059,39.9612402932278]],[[-75.2440336380288,39.9623737939936],[-75.2447124481041,39.9624603156495]],[[-75.2279779696768,39.9603866063931],[-75.2286482487295,39.9604728994718]],[[-75.2467558255896,39.9627144388427],[-75.2476506548105,39.962822836817]],[[-75.2238861283258,39.9598712267361],[-75.2242150130456,39.9599087817742],[-75.2247743812088,39.9599843577166],[-75.2248698565846,39.9600148207437]],[[-75.2302498485003,39.9606653834395],[-75.2308047670633,39.9607313733175]],[[-75.2286482487295,39.9604728994718],[-75.2292652278069,39.9605446656841]],[[-75.2348718979059,39.9612402932278],[-75.2368108342581,39.9614800979488]],[[-75.2433894944159,39.9622926072049],[-75.2440336380288,39.9623737939936]]]}},{"type":"Feature","properties":{"objectid":67,"stname":"ERIE","length_ft":34490.4118646,"Shape__Length":13717.539997091319},"geometry":{"type":"LineString","coordinates":[[-75.1315950639847,40.0067853074124],[-75.13144397937,40.0067951227771],[-75.1300384467403,40.0071028326216],[-75.1272888955852,40.007704727293],[-75.1251816116371,40.0074532470909],[-75.1234286559528,40.0072214643706],[-75.1227205147914,40.0071439615757],[-75.1193023927002,40.0066886976782],[-75.1134853063705,40.0059365907764],[-75.1093740535332,40.0054014225321],[-75.1086301967684,40.0054138948911],[-75.1080395688806,40.0054404542903],[-75.1073546660399,40.0054807762468],[-75.1066633240921,40.005489223234],[-75.1060280670337,40.0055073724804],[-75.1053387387439,40.0055274523674],[-75.1032727886063,40.0056110896747],[-75.1024846091796,40.0056436053703],[-75.1018279475016,40.0056764842131],[-75.1010670935407,40.0057044909402],[-75.0990517643875,40.0057710160509],[-75.0970372014219,40.0058427144543],[-75.0963497691285,40.0058609912769],[-75.0918081413887,40.0060159522618],[-75.091159174297,40.0060747523608],[-75.0909482768149,40.0061073599619],[-75.0906057515252,40.0061649034551],[-75.090206614259,40.0062377233586],[-75.0886819953555,40.0065216707042],[-75.0882032857397,40.0066299339833],[-75.0878076901647,40.006810279273],[-75.0876316951549,40.0068889520595],[-75.0868603746218,40.0072371352235],[-75.0864810312126,40.0073856256615],[-75.0851006505684,40.0079592291013],[-75.0845977981692,40.0081693636352],[-75.0845900706259,40.0081726460214],[-75.083790373387,40.0085123321263],[-75.0821443041087,40.0091969937574],[-75.0804961848094,40.0098956131762],[-75.0792820796887,40.0104181956789],[-75.07850666619,40.0107405722691],[-75.0783153956747,40.0108284691953],[-75.0770606952377,40.0113416046146],[-75.0762280952244,40.0116850456376],[-75.0752311557112,40.0121107730398],[-75.0732975759678,40.0125530684266],[-75.0726320335701,40.0126987893453],[-75.071846903287,40.0128668426216],[-75.0710907690225,40.0130271775591],[-75.0704319881245,40.0131768614262],[-75.0697290818998,40.0133414915256],[-75.0691350040421,40.0134812685938],[-75.0685059845704,40.0136285738688],[-75.0678332103589,40.013756608398],[-75.0671904904342,40.0138998102662],[-75.066576828217,40.0140337897507],[-75.0659321906382,40.0142005148093],[-75.0655620748307,40.0144040634519],[-75.0650067415029,40.0146892277737],[-75.0644549653939,40.0149836156207],[-75.0639524624991,40.0152335174931],[-75.063387753096,40.0155291089109],[-75.0618582746252,40.0163311312056],[-75.0606608563979,40.0169412518126],[-75.0593068939604,40.0176474397928],[-75.0584656572648,40.0180760519961],[-75.0576448600316,40.0185057196151],[-75.0556888287697,40.019513603707],[-75.0537277828489,40.0205222607314],[-75.0517766667448,40.0215444328228],[-75.0500221843262,40.0224509813885],[-75.0483776561318,40.023300911101],[-75.0466194915042,40.0242108300169],[-75.0465534627168,40.024250978868],[-75.0447246785782,40.0251887059484],[-75.0432548997557,40.0259529020602],[-75.0422322452871,40.0264707601626],[-75.0421647547463,40.0265157558317],[-75.0410393091978,40.0271006104214],[-75.0389089720707,40.0281947621594],[-75.0377708022199,40.0287877167637],[-75.0366738624377,40.0293541066082],[-75.0351722442424,40.03012553813],[-75.0336017458545,40.0309325360389],[-75.0330688443882,40.0312175095867],[-75.0324790357902,40.0315234794625],[-75.031934403395,40.0318058717899],[-75.0314585264589,40.0320463979775],[-75.0309104459123,40.0323274830929],[-75.030303137603,40.0326479710154],[-75.0297633435403,40.032925292379],[-75.0291491067443,40.0332408203325],[-75.0285360335538,40.0335602166078],[-75.0280013198843,40.0338356176268],[-75.0274204975671,40.0341393688337],[-75.0268255141193,40.0344387149887],[-75.0262881893168,40.0347156764504],[-75.0251858380519,40.0352894006209],[-75.0228202531253,40.0365106858342],[-75.0205313258867,40.0376923063885]]}},{"type":"Feature","properties":{"objectid":68,"stname":"ERIE","length_ft":4533.28788479,"Shape__Length":1801.7228348482558},"geometry":{"type":"MultiLineString","coordinates":[[[-75.1490450321156,40.0089765280987],[-75.1498642867974,40.0090858850789]],[[-75.1607564218737,40.0104958294226],[-75.1619272488609,40.0106381550603],[-75.1626254188189,40.0107221471818]],[[-75.148468299233,40.0088949746278],[-75.1490450321156,40.0089765280987]],[[-75.1499609928018,40.0090982963191],[-75.1508127029871,40.0092057964367]],[[-75.1528804453278,40.0094561265051],[-75.1536721333588,40.0095621690579]],[[-75.156030919353,40.0098771360443],[-75.1568091529433,40.0099892274639]],[[-75.1476053945368,40.008788142968],[-75.148468299233,40.0088949746278]],[[-75.1498642867974,40.0090858850789],[-75.1499609928018,40.0090982963191]],[[-75.1544673141437,40.0096638006924],[-75.1546432199333,40.0096888105971]],[[-75.1508127029871,40.0092057964367],[-75.1512486884172,40.0092883077647]],[[-75.1466691087895,40.0086629215288],[-75.1476053945368,40.008788142968]],[[-75.1552485523641,40.0097702447612],[-75.156030919353,40.0098771360443]],[[-75.1546432199333,40.0096888105971],[-75.1552485523641,40.0097702447612]],[[-75.1568091529433,40.0099892274639],[-75.157592948017,40.0100936984924]],[[-75.1536721333588,40.0095621690579],[-75.1544673141437,40.0096638006924]],[[-75.1521500265213,40.0093734514558],[-75.1528804453278,40.0094561265051]],[[-75.1591776974684,40.0102955889774],[-75.1607564218737,40.0104958294226]],[[-75.157592948017,40.0100936984924],[-75.1583928452157,40.010187450487]],[[-75.1583928452157,40.010187450487],[-75.1591776974684,40.0102955889774]],[[-75.1512486884172,40.0092883077647],[-75.1515803160957,40.0093330176592],[-75.1518653831573,40.0093602807155],[-75.1521500265213,40.0093734514558]]]}},{"type":"Feature","properties":{"objectid":69,"stname":"FOX","length_ft":4583.96807613,"Shape__Length":1826.6814194334374},"geometry":{"type":"MultiLineString","coordinates":[[[-75.1685664902883,40.0031568659597],[-75.1689454049577,40.0036697847779]],[[-75.1689454049577,40.0036697847779],[-75.1694218809197,40.0043126328373],[-75.1695069784821,40.0044080176843]],[[-75.1695069784821,40.0044080176843],[-75.1708160151286,40.0061790155815]],[[-75.175954751344,40.0120023577567],[-75.1774990328703,40.0136857016892]],[[-75.1708160151286,40.0061790155815],[-75.1714986043232,40.0070787616314]],[[-75.1722121804844,40.0079078099192],[-75.1728782359405,40.0086262812611],[-75.1739127362015,40.0097597958119],[-75.174253564547,40.0101332353544],[-75.175954751344,40.0120023577567]],[[-75.1717867531158,40.0074331327729],[-75.1722121804844,40.0079078099192]],[[-75.1714986043232,40.0070787616314],[-75.1717867531158,40.0074331327729]]]}},{"type":"Feature","properties":{"objectid":70,"stname":"FRANKFORD","length_ft":52851.01970882,"Shape__Length":21039.250616443627},"geometry":{"type":"MultiLineString","coordinates":[[[-75.1285514552431,39.9805270434047],[-75.1279730248482,39.9811106898262],[-75.1279246696369,39.9811594802716],[-75.1275823572406,39.9813924138934],[-75.1275284226404,39.9815574767224],[-75.1267433107072,39.9823479310614],[-75.1263072535312,39.9827868816494],[-75.1258392202635,39.9832610009915],[-75.1249251207589,39.9841992002166],[-75.1248777947245,39.9842735220013],[-75.124657735873,39.9845359898492],[-75.1241384141152,39.9851350941222],[-75.123253022708,39.9861845579953],[-75.1230448515755,39.986428900607],[-75.1228123638864,39.9866358864728],[-75.1225645109485,39.9868595045272],[-75.1223433120327,39.9870400639889],[-75.1221970089585,39.987144655728],[-75.1215039882575,39.9877613398373],[-75.1214407996685,39.9878685747408],[-75.1213497571933,39.9879544984887],[-75.1210489788566,39.9882352474283],[-75.1208124915184,39.9884405052358],[-75.1202051109853,39.988770845265],[-75.1199136456717,39.9889217620174],[-75.119592681589,39.9890419725255],[-75.11938175369,39.9891258202971],[-75.1189652807744,39.9892773204694],[-75.1183555683057,39.9895151754543],[-75.1177133064132,39.9897570202297],[-75.1171698470389,39.9899639866095],[-75.1166728846954,39.9901610985983],[-75.1161219106022,39.9903736363232],[-75.1159891705373,39.9904284308936],[-75.1157151459165,39.9905328443912],[-75.1153018428424,39.99069615654],[-75.1151283910133,39.9907652349139],[-75.1148441905046,39.9908835778906],[-75.1142721105809,39.9911292254676],[-75.1141490098768,39.9911815047024],[-75.1127768512841,39.9917561296886],[-75.1121150250222,39.9920675452135],[-75.1116813534901,39.9922850890415],[-75.1111146749925,39.9925592758051],[-75.1102615023865,39.9929663403564],[-75.1094533427674,39.9933731503475],[-75.1086625979504,39.9937509224958],[-75.1078029639358,39.9942143668422],[-75.1055201253324,39.9954521957983],[-75.1050224392748,39.995713366173],[-75.1041679488435,39.996291935162],[-75.1033721681864,39.9968040354836],[-75.102882906886,39.9971246747492],[-75.1024059840427,39.9974272011102],[-75.1018098540568,39.9978263767249],[-75.1012374480687,39.9981976484749],[-75.1008101246237,39.9984795097866],[-75.1004062055797,39.9987463246118],[-75.1000143617552,39.9990002419181],[-75.0996080431958,39.9992819648669],[-75.0989824365744,39.9996975944534],[-75.0983686042289,40.0001187286917],[-75.0977567671264,40.0006826091638],[-75.0971885120257,40.0011819506305],[-75.0961386324641,40.0021396463191],[-75.0958014173896,40.0024546065484],[-75.0950900199069,40.0030925183916],[-75.0943937402765,40.0037182207989],[-75.0934949019616,40.0045185762937],[-75.0927139258285,40.0052334671351],[-75.0923924954944,40.0055192176845],[-75.0918179238457,40.0060167599354],[-75.0911688277328,40.0070619709504],[-75.0909928960982,40.0073286336335],[-75.0909328775938,40.0074516722451],[-75.0903460404867,40.0083447483727],[-75.0903116684511,40.0083944984831],[-75.0900953766009,40.0087712435294],[-75.0898675773324,40.0091408322601],[-75.0896614743876,40.0094752188287],[-75.0895285114206,40.0096802341528],[-75.0892742075489,40.0100723408839],[-75.0891993885465,40.0101877021599],[-75.088733250273,40.0109328273022],[-75.0879750980005,40.0121123719375],[-75.0876574694411,40.0124391272626],[-75.0875795227541,40.0125251935116],[-75.0863516133909,40.0138771397369],[-75.0858215662771,40.014457280928],[-75.085521474547,40.0147969468386],[-75.0846589599473,40.0157217157788],[-75.084384952684,40.016005614581],[-75.0838549737139,40.0165824746275],[-75.0836623473296,40.0168059726545],[-75.0826439811303,40.0179069368994],[-75.081996495006,40.0185894408024],[-75.0815021967764,40.0191450985092],[-75.0809263474572,40.0197649220152],[-75.0804277857689,40.0203120876918],[-75.0799213053954,40.0208423583631],[-75.0794159379293,40.02139665386],[-75.0791264001239,40.0217145662927],[-75.078882900912,40.0218910098308],[-75.0781658817872,40.0223709109949],[-75.0775043899954,40.0228174570075],[-75.0768437004781,40.0232670654003]],[[-75.0768437004781,40.0232670654003],[-75.0756248548679,40.0240839533458],[-75.0739660759356,40.0250823403603],[-75.0733661660942,40.0253782182437],[-75.0732745191695,40.0253918854451],[-75.0720707848323,40.0256637303506],[-75.0679592311791,40.0265921510342],[-75.0670920737832,40.0267853912868],[-75.0654066613224,40.027042724533],[-75.0651099795148,40.027082681641],[-75.0640070047769,40.0272507948691],[-75.0638280873115,40.0272372039871],[-75.0631283833736,40.0273462516746],[-75.0628773424596,40.0274030869627],[-75.0626025355013,40.0274421195546],[-75.0623974720549,40.0274535457232],[-75.0622095426209,40.0274808759296],[-75.0618429431991,40.0275418846896],[-75.0617098519372,40.027604821244],[-75.0602546805381,40.0278138183656],[-75.0599840695337,40.0278023475182],[-75.0592293003717,40.0279180966761],[-75.0586722836863,40.0281534913636],[-75.0585821179494,40.0282341672903],[-75.0578740467605,40.0285293318271],[-75.0572520913654,40.028794751282],[-75.0568738212696,40.0289525153392],[-75.0566673704416,40.0290682482023],[-75.0560806525762,40.0294641594076],[-75.0556634239733,40.0298522775085],[-75.0554188852255,40.0300956544329],[-75.055271926955,40.0302294411437],[-75.054802227789,40.0306517101621],[-75.0540574951794,40.0311898944934],[-75.0539705335125,40.0312464418913],[-75.0535138084247,40.031576647751],[-75.0533877872039,40.0316523764091],[-75.0533223174296,40.0316871405579],[-75.0532516902008,40.0317096023024],[-75.0528597047187,40.0318054828856],[-75.05268802439,40.0318551173016],[-75.0509752841991,40.0323339078353],[-75.0499120694804,40.0326195889145],[-75.0486737267301,40.0329629803373],[-75.0477212184265,40.0333108210198],[-75.0467731346711,40.0336922024319],[-75.0466596712331,40.0337350879458],[-75.0458033817508,40.0341845619808],[-75.0449294244274,40.034650634603],[-75.0446738425975,40.0347802875832],[-75.0440562681172,40.0351059242357],[-75.0432019021165,40.0355535760266],[-75.0424362602388,40.0359705763631],[-75.041685650033,40.0363521752587],[-75.0407552497742,40.0368028192295],[-75.0398851540986,40.0371310284464],[-75.0397257537612,40.037189355908],[-75.0395811632234,40.0372431669658],[-75.0392910435184,40.0373495301553],[-75.0389578957427,40.0374677944919],[-75.0388599346439,40.0375021937481],[-75.0386895803645,40.0375601332977],[-75.0383475432574,40.0376846826552],[-75.0379901942569,40.0378128908729],[-75.0373918185919,40.0380412957265],[-75.0371412594728,40.0381309129065],[-75.0368683033816,40.0382343713877],[-75.036279656293,40.0384502451239],[-75.0355953049363,40.0387004757089],[-75.0353341143685,40.0387979112433],[-75.035004430149,40.0389180249786],[-75.0344260764115,40.039129796934],[-75.0334292682644,40.0394826440244],[-75.0326147691549,40.0397809148116],[-75.0317102463485,40.0401155281285],[-75.0313433166022,40.0402459674166],[-75.0308451608576,40.0404270433442],[-75.0299825091649,40.0407451371043],[-75.0282587718265,40.0413729306113],[-75.025621926758,40.0423311137759],[-75.0238859960871,40.0429602411168],[-75.0218547068908,40.0436863509015],[-75.0217069612581,40.043674108695],[-75.0213428257859,40.0436439347104],[-75.0202808119708,40.0435271648079],[-75.0202061427102,40.0435373356274],[-75.0195259430763,40.043629986623],[-75.0189041997322,40.0438444661533],[-75.0184438708942,40.0441277067542],[-75.0174514184581,40.0448785217407],[-75.0163796635018,40.0456815383187],[-75.0157078746541,40.0461900277756],[-75.0148521910519,40.0468463590547],[-75.0140229624084,40.0474808438117],[-75.0132218662899,40.0481283476047],[-75.0122760436857,40.0488943717437],[-75.0115383059549,40.0494996667728],[-75.0101516198436,40.0506173488643],[-75.0090452743897,40.0514814563941],[-75.0083497272139,40.052026108093],[-75.0082261189819,40.0521229001097],[-75.0078889223215,40.0523903342315],[-75.0061611785966,40.0537223026633],[-75.0047974112229,40.054756788022],[-75.0029892586732,40.0560062801624],[-75.0011833730596,40.0572415051379],[-75.0010907025956,40.0572825713297],[-74.9998921581584,40.0576410557552],[-74.9994353653765,40.0577676723993],[-74.9982613158368,40.0580894649555],[-74.9969781273152,40.0584260157531],[-74.9956504959903,40.0587645425849],[-74.9940728330452,40.0591692279002],[-74.9929976415332,40.0594492103496],[-74.9920363305823,40.0596908010526],[-74.9915845066141,40.059838165174],[-74.9912560597245,40.059958432339],[-74.9909161569928,40.0601143075447],[-74.9907009061686,40.0602398540904],[-74.990434296177,40.0604052985641],[-74.9883907439819,40.0616412655395],[-74.9879433031428,40.0619221205463],[-74.9870435237317,40.0624626913189],[-74.9856126548956,40.0633263364701],[-74.9855796849784,40.0633545648143],[-74.9849528758797,40.0636698425501],[-74.9841746235151,40.0640846538044],[-74.9837350819648,40.0642687157929],[-74.9832606815656,40.0644254660918],[-74.9828264017181,40.0645578760192],[-74.9823572086322,40.0646818626942]]]}},{"type":"Feature","properties":{"objectid":71,"stname":"RICHMOND","length_ft":12221.50063049,"Shape__Length":4861.405245380417},"geometry":{"type":"MultiLineString","coordinates":[[[-75.1131156509609,39.9766626387619],[-75.1105877717304,39.9778723454151]],[[-75.1051513245387,39.9810410526331],[-75.1038878421515,39.9816994004499]],[[-75.0967088215958,39.9854588557738],[-75.0957289268695,39.9859572184719]],[[-75.1059787813568,39.980604095823],[-75.1051513245387,39.9810410526331]],[[-75.0910924384156,39.9883271288587],[-75.090898083052,39.9884256751319]],[[-75.0926625632291,39.9875200225516],[-75.0920775304079,39.9878175327388]],[[-75.1022481344332,39.982554887812],[-75.1014408535473,39.982983312829]],[[-75.1179491271285,39.974080780667],[-75.1165414687753,39.9748077067545]],[[-75.090898083052,39.9884256751319],[-75.0905657601589,39.9885968052002]],[[-75.09439484118,39.9866392432184],[-75.0926625632291,39.9875200225516]],[[-75.1074284012246,39.9798544595041],[-75.1059787813568,39.980604095823]],[[-75.1086456050848,39.9786676365779],[-75.1083298737075,39.9788370371926],[-75.1082770264329,39.9788664188312],[-75.1082200863432,39.978898765234],[-75.1081662877276,39.9789526023763],[-75.1081328329795,39.9789946691091],[-75.1081035898902,39.9790307138786],[-75.1074284012246,39.9798544595041]],[[-75.0920775304079,39.9878175327388],[-75.0914827398018,39.9881244884791]],[[-75.0905657601589,39.9885968052002],[-75.0896184057549,39.9890732241748]],[[-75.0990291263807,39.9842372508122],[-75.0978604256326,39.9848515966222]],[[-75.1165414687753,39.9748077067545],[-75.1155862918378,39.9753049361448]],[[-75.1031006367039,39.9821212156264],[-75.1022481344332,39.982554887812]],[[-75.1186641350059,39.9737681767731],[-75.1179491271285,39.974080780667]],[[-75.1014408535473,39.982983312829],[-75.0990291263807,39.9842372508122]],[[-75.1222505124206,39.9708423042983],[-75.1217837132119,39.9709566355174],[-75.1214375234751,39.9713012457177],[-75.121212050893,39.9714976297791]],[[-75.1155862918378,39.9753049361448],[-75.1131156509609,39.9766626387619]],[[-75.121212050893,39.9714976297791],[-75.1202334012369,39.9723966146409]],[[-75.1105877717304,39.9778723454151],[-75.1086456050848,39.9786676365779]],[[-75.0978604256326,39.9848515966222],[-75.0967088215958,39.9854588557738]],[[-75.1038878421515,39.9816994004499],[-75.1031006367039,39.9821212156264]],[[-75.0896184057549,39.9890732241748],[-75.0871592427415,39.9903344532463]],[[-75.1196206044232,39.9729595116071],[-75.118788449507,39.9737266147228],[-75.1186641350059,39.9737681767731]],[[-75.0914827398018,39.9881244884791],[-75.0910924384156,39.9883271288587]],[[-75.1202334012369,39.9723966146409],[-75.1196206044232,39.9729595116071]],[[-75.0953865395763,39.9861273696153],[-75.09439484118,39.9866392432184]],[[-75.0957289268695,39.9859572184719],[-75.0953865395763,39.9861273696153]]]}},{"type":"Feature","properties":{"objectid":72,"stname":"FRONT","length_ft":13802.22309289,"Shape__Length":5505.803294353553},"geometry":{"type":"MultiLineString","coordinates":[[[-75.1243495890635,40.0215614803084],[-75.1241782870179,40.0223478264697]],[[-75.1272888955852,40.007704727293],[-75.1266370129172,40.0108258908312]],[[-75.1315607124552,39.9878084918407],[-75.1312426533853,39.9893051663871]],[[-75.1309006610715,39.9908991257102],[-75.1307891845234,39.9914065019316]],[[-75.1307891845234,39.9914065019316],[-75.1307290227613,39.9916796760105]],[[-75.1306439146695,39.9920719018186],[-75.1305615058191,39.9924838351391]],[[-75.1286074254795,40.0016288180153],[-75.1282843585452,40.0031258020344]],[[-75.1245242130835,40.0207349583625],[-75.1243495890635,40.0215614803084]],[[-75.1293808406495,39.9980283306945],[-75.1292623219347,39.9985484937041]],[[-75.1280243335199,40.0043377783009],[-75.1272888955852,40.007704727293]],[[-75.1250248977947,40.0184440803759],[-75.124689802801,40.0199665630097]],[[-75.1282843585452,40.0031258020344],[-75.1280243335199,40.0043377783009]],[[-75.1296074838882,39.9969656235223],[-75.1294603779613,39.9976279015999]],[[-75.1259900086283,40.0138720734242],[-75.1253340849275,40.0169699494451],[-75.1250248977947,40.0184440803759]],[[-75.1292623219347,39.9985484937041],[-75.1289230416759,40.0001420132906]],[[-75.1316786585255,39.9872389828976],[-75.1315607124552,39.9878084918407]],[[-75.1289230416759,40.0001420132906],[-75.1286074254795,40.0016288180153]],[[-75.1302546322284,39.9939763848874],[-75.1301710040486,39.9943947811659]],[[-75.1305615058191,39.9924838351391],[-75.1302546322284,39.9939763848874]],[[-75.1312426533853,39.9893051663871],[-75.1309006610715,39.9908991257102]],[[-75.123848670208,40.0238752160809],[-75.1236917780178,40.0246257591777]],[[-75.1241782870179,40.0223478264697],[-75.1240112658945,40.0231143873863]],[[-75.1301710040486,39.9943947811659],[-75.1299854887414,39.9951426283694]],[[-75.1299854887414,39.9951426283694],[-75.1299237226409,39.9954692945473]],[[-75.1294603779613,39.9976279015999],[-75.1293808406495,39.9980283306945]],[[-75.1266370129172,40.0108258908312],[-75.1262033548466,40.0129890661854],[-75.1259900086283,40.0138720734242]],[[-75.1240112658945,40.0231143873863],[-75.123848670208,40.0238752160809]],[[-75.1307290227613,39.9916796760105],[-75.1306439146695,39.9920719018186]],[[-75.124689802801,40.0199665630097],[-75.1245242130835,40.0207349583625]],[[-75.1299237226409,39.9954692945473],[-75.1296074838882,39.9969656235223]]]}},{"type":"Feature","properties":{"objectid":73,"stname":"G","length_ft":3028.2072350999997,"Shape__Length":1208.100412368883},"geometry":{"type":"MultiLineString","coordinates":[[[-75.1124989716979,40.0104989498869],[-75.1121641775773,40.0120945266398]],[[-75.111499720326,40.0151778092017],[-75.1113622694476,40.0158761343358]],[[-75.1113622694476,40.0158761343358],[-75.1110751939221,40.0172200329503]],[[-75.1118143575291,40.0136716295906],[-75.111499720326,40.0151778092017]],[[-75.1128243129958,40.0090168779217],[-75.1124989716979,40.0104989498869]],[[-75.1121641775773,40.0120945266398],[-75.1118143575291,40.0136716295906]]]}},{"type":"Feature","properties":{"objectid":74,"stname":"GERMANTOWN","length_ft":3780.5947893800003,"Shape__Length":1507.8907295890076},"geometry":{"type":"MultiLineString","coordinates":[[[-75.1880794850299,40.0569075778334],[-75.1883798667135,40.0574457561196],[-75.1894263781393,40.0584263145845]],[[-75.1910566179984,40.0601860170384],[-75.1912933902142,40.0604655053648]],[[-75.1912933902142,40.0604655053648],[-75.1918796901949,40.0612668255858]],[[-75.1928930260034,40.062671237272],[-75.1941223907991,40.0643215538445],[-75.1941558505368,40.0643859089418]],[[-75.1918796901949,40.0612668255858],[-75.1928930260034,40.062671237272]],[[-75.1908758277969,40.0599594684222],[-75.1910566179984,40.0601860170384]],[[-75.1873085657237,40.0554939005923],[-75.1880794850299,40.0569075778334]],[[-75.1902217893913,40.0592082357353],[-75.1908758277969,40.0599594684222]],[[-75.1894263781393,40.0584263145845],[-75.1900173689303,40.0589918216668]],[[-75.1900173689303,40.0589918216668],[-75.1902217893913,40.0592082357353]]]}},{"type":"Feature","properties":{"objectid":75,"stname":"GERMANTOWN","length_ft":9524.27527732,"Shape__Length":3798.0281032553753},"geometry":{"type":"MultiLineString","coordinates":[[[-75.151093326153,40.0099436834554],[-75.1510974554318,40.0101558559956],[-75.1511242424369,40.0102588559069],[-75.1511868465459,40.0104073003039],[-75.1512858718014,40.0105854493824],[-75.1514300846003,40.0109126863774]],[[-75.1582744459932,40.0218683704694],[-75.1590378292358,40.0228099790828]],[[-75.148820387471,40.0027074142285],[-75.1491601221129,40.0039325898227]],[[-75.1496024030623,40.0053054456164],[-75.1497470579584,40.0058424299924],[-75.1497398674118,40.0058980167941]],[[-75.1550271346308,40.0180324638223],[-75.1551005705123,40.0181440366744]],[[-75.1563514576683,40.0199290897339],[-75.1569240936354,40.0204802032435]],[[-75.1480337764303,40.0007157590604],[-75.1481504806964,40.0009965454433]],[[-75.1514300846003,40.0109126863774],[-75.1518891148307,40.0119973940112]],[[-75.1538524466004,40.0159010201708],[-75.154124686093,40.0163906864639],[-75.1544754949366,40.0170849344549]],[[-75.1551005705123,40.0181440366744],[-75.1553851400365,40.0185801640207]],[[-75.1497398674118,40.0058980167941],[-75.1498081627148,40.0060191928376],[-75.1498583083747,40.0061745911532]],[[-75.152433884786,40.0132200460809],[-75.1530725269357,40.0144352872833]],[[-75.1554219119872,40.0186383077042],[-75.1556956618747,40.0190875013279]],[[-75.1491601221129,40.0039325898227],[-75.149268634806,40.0042814378407]],[[-75.1504613936845,40.0080712203204],[-75.1508127029871,40.0092057964367]],[[-75.1508127029871,40.0092057964367],[-75.1509512267874,40.0096499432034],[-75.151093326153,40.0099436834554]],[[-75.1498583083747,40.0061745911532],[-75.1502891077295,40.0075095830765]],[[-75.1575524745075,40.0211098938141],[-75.1577062061105,40.0212692248817]],[[-75.1545792651307,40.0172820710071],[-75.1547904987294,40.0176588105667]],[[-75.1518891148307,40.0119973940112],[-75.1521657251114,40.0125500367569]],[[-75.1544754949366,40.0170849344549],[-75.1545792651307,40.0172820710071]],[[-75.1590378292358,40.0228099790828],[-75.1591406391327,40.0230373282921],[-75.1595540696881,40.023934607041]],[[-75.1481504806964,40.0009965454433],[-75.14847146815,40.0017777032863]],[[-75.1595540696881,40.023934607041],[-75.1598600807492,40.0246337669854],[-75.1599000094897,40.0249429959598]],[[-75.1577062061105,40.0212692248817],[-75.1580240155315,40.0215491410224]],[[-75.156097016084,40.0197041745347],[-75.1563514576683,40.0199290897339]],[[-75.1523868787269,40.0131223493363],[-75.152433884786,40.0132200460809]],[[-75.1569240936354,40.0204802032435],[-75.1570539034721,40.0206069864439],[-75.1571864763435,40.020742933942],[-75.1575524745075,40.0211098938141]],[[-75.1502891077295,40.0075095830765],[-75.1504613936845,40.0080712203204]],[[-75.1556956618747,40.0190875013279],[-75.156097016084,40.0197041745347]],[[-75.14847146815,40.0017777032863],[-75.1485271671582,40.0019249910746]],[[-75.1530725269357,40.0144352872833],[-75.1538524466004,40.0159010201708]],[[-75.149268634806,40.0042814378407],[-75.1493290305403,40.0044199024377],[-75.1496024030623,40.0053054456164]],[[-75.1580240155315,40.0215491410224],[-75.1582744459932,40.0218683704694]],[[-75.1553851400365,40.0185801640207],[-75.1554219119872,40.0186383077042]],[[-75.1485271671582,40.0019249910746],[-75.148820387471,40.0027074142285]],[[-75.1521657251114,40.0125500367569],[-75.1523868787269,40.0131223493363]],[[-75.1547904987294,40.0176588105667],[-75.1550271346308,40.0180324638223]]]}},{"type":"Feature","properties":{"objectid":76,"stname":"GERMANTOWN","length_ft":2577.99529244,"Shape__Length":1026.3486025381844},"geometry":{"type":"MultiLineString","coordinates":[[[-75.1737269027151,40.0350220775576],[-75.1739534945369,40.0352027065808]],[[-75.1677446292184,40.0315257286329],[-75.1685266522927,40.0319547968661]],[[-75.1727128382565,40.0343748838204],[-75.1735158391327,40.0348404737138],[-75.1737269027151,40.0350220775576]],[[-75.1666579048725,40.0308998192051],[-75.1677446292184,40.0315257286329]],[[-75.1706128637583,40.0331407469271],[-75.1720621289664,40.0339911619944]],[[-75.1720621289664,40.0339911619944],[-75.1727128382565,40.0343748838204]],[[-75.1685266522927,40.0319547968661],[-75.1692134790653,40.0323232303242]],[[-75.1693334235323,40.0323924697835],[-75.1706128637583,40.0331407469271]],[[-75.1692134790653,40.0323232303242],[-75.1693334235323,40.0323924697835]]]}},{"type":"Feature","properties":{"objectid":77,"stname":"GIRARD","length_ft":9718.358071300001,"Shape__Length":3860.3843192266463},"geometry":{"type":"MultiLineString","coordinates":[[[-75.1982699923947,39.9747914799978],[-75.1984002829802,39.9747778599083]],[[-75.1899634600409,39.9754126171629],[-75.1906254524938,39.9754956529002]],[[-75.1851025969752,39.9747835318234],[-75.1866872095073,39.9749892443494]],[[-75.2017387979092,39.9744039462762],[-75.2031559230347,39.9742544581962]],[[-75.1949004229374,39.9751711902931],[-75.195414019021,39.9751115317812]],[[-75.2043173334433,39.9741268158229],[-75.2064366774316,39.9738888390197]],[[-75.2174662679469,39.9726707293842],[-75.2177698659099,39.9726360761666]],[[-75.1834696357244,39.9745749345651],[-75.1851025969752,39.9747835318234]],[[-75.1968025196451,39.9749559403882],[-75.1982699923947,39.9747914799978]],[[-75.1906254524938,39.9754956529002],[-75.1909975814656,39.9755401886331],[-75.1913366590273,39.9755538610189],[-75.1919627619765,39.9754868422535],[-75.1930636451125,39.9753631731846],[-75.1931694541877,39.9753521147567]],[[-75.2031559230347,39.9742544581962],[-75.2037225157547,39.9741913916601]],[[-75.2098363468102,39.9735142074845],[-75.2122147794094,39.9732517095786]],[[-75.1989961260089,39.9747106041727],[-75.1995076790652,39.9746559637539]],[[-75.195414019021,39.9751115317812],[-75.1968025196451,39.9749559403882]],[[-75.2163344653208,39.9727999070785],[-75.2174662679469,39.9726707293842]],[[-75.2064366774316,39.9738888390197],[-75.2067993953351,39.9738473231627]],[[-75.2089045288113,39.9736221228529],[-75.2098363468102,39.9735142074845]],[[-75.1931694541877,39.9753521147567],[-75.1943520519543,39.9752285106286],[-75.194663137051,39.9751959939915],[-75.1949004229374,39.9751711902931]],[[-75.1866872095073,39.9749892443494],[-75.1882161427773,39.975184400605]],[[-75.1995076790652,39.9746559637539],[-75.2017387979092,39.9744039462762]],[[-75.2138897469549,39.9730633249457],[-75.2163344653208,39.9727999070785]],[[-75.2037225157547,39.9741913916601],[-75.2043173334433,39.9741268158229]],[[-75.1882161427773,39.975184400605],[-75.1899634600409,39.9754126171629]],[[-75.2122147794094,39.9732517095786],[-75.2138897469549,39.9730633249457]],[[-75.1984002829802,39.9747778599083],[-75.1989961260089,39.9747106041727]],[[-75.2067993953351,39.9738473231627],[-75.2089045288113,39.9736221228529]]]}},{"type":"Feature","properties":{"objectid":78,"stname":"GIRARD","length_ft":5685.25913252,"Shape__Length":2258.399097446476},"geometry":{"type":"MultiLineString","coordinates":[[[-75.2374579547631,39.9701506053425],[-75.2382910986323,39.9700574210427]],[[-75.2292766805113,39.9710545167108],[-75.2297036123121,39.9710090436549]],[[-75.2190759082481,39.9728864543609],[-75.2220126889744,39.9722623969663]],[[-75.2279912889664,39.971199061423],[-75.2287381195205,39.9711167330528]],[[-75.2325754166351,39.9706921757206],[-75.2333707268,39.9706002465765]],[[-75.2316204892695,39.9707985433147],[-75.2325754166351,39.9706921757206]],[[-75.218419598989,39.9730332145706],[-75.2190759082481,39.9728864543609]],[[-75.2333707268,39.9706002465765],[-75.2342050103373,39.970509471891]],[[-75.2297036123121,39.9710090436549],[-75.2301330957321,39.9709596723856]],[[-75.2253866042565,39.9715404092982],[-75.2257144522449,39.9714729679173],[-75.2258441636759,39.9714398228241]],[[-75.2226163287751,39.9721292157592],[-75.2236746953243,39.9719038370497]],[[-75.2363148987281,39.9702764441673],[-75.2367824995386,39.970225885725]],[[-75.2220126889744,39.9722623969663],[-75.2226163287751,39.9721292157592]],[[-75.2287381195205,39.9711167330528],[-75.2292766805113,39.9710545167108]],[[-75.2236746953243,39.9719038370497],[-75.2253866042565,39.9715404092982]],[[-75.2367824995386,39.970225885725],[-75.2374579547631,39.9701506053425]],[[-75.2342050103373,39.970509471891],[-75.2349761309359,39.9704248093896]],[[-75.2265695552914,39.9713530976875],[-75.2272336538487,39.9712831170135]],[[-75.2357006933972,39.970345393417],[-75.2363148987281,39.9702764441673]],[[-75.2306677212649,39.9709037809456],[-75.2316204892695,39.9707985433147]],[[-75.2258441636759,39.9714398228241],[-75.2265695552914,39.9713530976875]],[[-75.2349761309359,39.9704248093896],[-75.2357006933972,39.970345393417]],[[-75.2301330957321,39.9709596723856],[-75.2306677212649,39.9709037809456]],[[-75.2272336538487,39.9712831170135],[-75.2279912889664,39.971199061423]]]}},{"type":"Feature","properties":{"objectid":79,"stname":"GIRARD","length_ft":13178.01312246,"Shape__Length":5235.11249523663},"geometry":{"type":"MultiLineString","coordinates":[[[-75.1406684377066,39.9696616244079],[-75.1415199455184,39.9697673678763]],[[-75.1294357134383,39.9705529130086],[-75.1284293822383,39.9708590915454]],[[-75.1266519582571,39.9715186015252],[-75.125901780444,39.971774672329]],[[-75.1390005653809,39.9694154933944],[-75.1395813862621,39.9695241008628]],[[-75.1337015907489,39.9690723456308],[-75.133142400407,39.9692627354355]],[[-75.1271049557211,39.9713598739997],[-75.1266519582571,39.9715186015252]],[[-75.1627057198902,39.9718880291647],[-75.1642809103434,39.9720902375624]],[[-75.1663394222916,39.9723643648405],[-75.1665414493582,39.9723896647493]],[[-75.1465465355749,39.9703897171616],[-75.1473398008903,39.9704183232944]],[[-75.1541524501343,39.9707876113738],[-75.1557210705098,39.9709909133383]],[[-75.1353571065642,39.9687355764689],[-75.1357405195884,39.968804737245]],[[-75.1586134150786,39.9713570642923],[-75.1594437960071,39.9714763290062]],[[-75.125901780444,39.971774672329],[-75.125378714516,39.9719629789343]],[[-75.1415199455184,39.9697673678763],[-75.1423724655891,39.9698751750944]],[[-75.1395813862621,39.9695241008628],[-75.1406684377066,39.9696616244079]],[[-75.1518962672454,39.9705604828568],[-75.1525763145815,39.970579769322]],[[-75.133142400407,39.9692627354355],[-75.1325571705494,39.9694600359363]],[[-75.1481509957872,39.9704379337398],[-75.1489682418042,39.9704624672352]],[[-75.1642809103434,39.9720902375624],[-75.1658536639424,39.9723031634169]],[[-75.1344309396088,39.9688010249315],[-75.1351452914057,39.9686970107277]],[[-75.1385000571334,39.9693203836178],[-75.1390005653809,39.9694154933944]],[[-75.1362263790937,39.9688908721018],[-75.1367932697704,39.9689988855288]],[[-75.160289278145,39.9715858586973],[-75.1611255170951,39.9716925633129]],[[-75.1703026352566,39.9728814463152],[-75.1710065060289,39.9729588360176]],[[-75.1665414493582,39.9723896647493],[-75.1674240141839,39.9725021044399]],[[-75.1473398008903,39.9704183232944],[-75.1481509957872,39.9704379337398]],[[-75.1311113576399,39.9699669108254],[-75.1304553399235,39.9701982307055]],[[-75.1372552851863,39.969083854824],[-75.1377662762609,39.9691775472735]],[[-75.1344309396088,39.9688010249315],[-75.1337015907489,39.9690723456308]],[[-75.1514991436162,39.9705444714057],[-75.1518962672454,39.9705604828568]],[[-75.1430971266294,39.9699638328997],[-75.1435919290373,39.9700207407995]],[[-75.1499693999014,39.9704945609933],[-75.1504343504287,39.970507792206]],[[-75.1689964259589,39.9727102235455],[-75.1703026352566,39.9728814463152]],[[-75.1450198055164,39.9702004822097],[-75.1458627925042,39.9703094848581]],[[-75.1557210705098,39.9709909133383],[-75.1572819281247,39.9712002019378]],[[-75.144067034839,39.9700799761731],[-75.1450198055164,39.9702004822097]],[[-75.1423724655891,39.9698751750944],[-75.1430971266294,39.9699638328997]],[[-75.1367932697704,39.9689988855288],[-75.1372552851863,39.969083854824]],[[-75.1658536639424,39.9723031634169],[-75.1663394222916,39.9723643648405]],[[-75.1435919290373,39.9700207407995],[-75.144067034839,39.9700799761731]],[[-75.1380078120659,39.9692274311694],[-75.1385000571334,39.9693203836178]],[[-75.1509428408191,39.9705333903321],[-75.1514991436162,39.9705444714057]],[[-75.1317797375093,39.969735578346],[-75.1311113576399,39.9699669108254]],[[-75.1325571705494,39.9694600359363],[-75.1317797375093,39.969735578346]],[[-75.1489682418042,39.9704624672352],[-75.1499693999014,39.9704945609933]],[[-75.1572819281247,39.9712002019378],[-75.1586134150786,39.9713570642923]],[[-75.1525763145815,39.970579769322],[-75.1541524501343,39.9707876113738]],[[-75.1594437960071,39.9714763290062],[-75.160289278145,39.9715858586973]],[[-75.1357405195884,39.968804737245],[-75.1362263790937,39.9688908721018]],[[-75.1284293822383,39.9708590915454],[-75.1277191711201,39.9710901689785]],[[-75.1674240141839,39.9725021044399],[-75.1689964259589,39.9727102235455]],[[-75.1351452914057,39.9686970107277],[-75.1353571065642,39.9687355764689]],[[-75.1504343504287,39.970507792206],[-75.1509428408191,39.9705333903321]],[[-75.1377662762609,39.9691775472735],[-75.1380078120659,39.9692274311694]],[[-75.1458627925042,39.9703094848581],[-75.1465465355749,39.9703897171616]],[[-75.1277191711201,39.9710901689785],[-75.1271049557211,39.9713598739997]],[[-75.1611255170951,39.9716925633129],[-75.1627057198902,39.9718880291647]],[[-75.1304553399235,39.9701982307055],[-75.1294357134383,39.9705529130086]]]}},{"type":"Feature","properties":{"objectid":80,"stname":"GLENWOOD","length_ft":8786.98634385,"Shape__Length":3494.185410173482},"geometry":{"type":"MultiLineString","coordinates":[[[-75.1419311812527,40.0012783883672],[-75.1433482014537,40.0007520901035]],[[-75.1593245213234,39.9948072630885],[-75.1599207274975,39.994600837154]],[[-75.1534522256815,39.9969805533559],[-75.1539872246816,39.9967911662738]],[[-75.1450976985008,40.0000982720927],[-75.1456071161011,39.9999064530612]],[[-75.1539872246816,39.9967911662738],[-75.1555617163733,39.9961892120185]],[[-75.1515192579868,39.9977090397796],[-75.1522412819183,39.9974408895003]],[[-75.1645481195214,39.9926374624395],[-75.1650466524473,39.9923873692631]],[[-75.1400701833753,40.0019797556516],[-75.1407792077593,40.0017039005017]],[[-75.144465165425,40.0003369327638],[-75.1450976985008,40.0000982720927]],[[-75.1555617163733,39.9961892120185],[-75.1559536900944,39.9960426469355]],[[-75.163210085024,39.9933323134945],[-75.1634898212116,39.9931831804382]],[[-75.1506301797236,39.9980361355088],[-75.1515192579868,39.9977090397796]],[[-75.1634898212116,39.9931831804382],[-75.1640099815339,39.992914003476]],[[-75.1433482014537,40.0007520901035],[-75.1441750472313,40.0004397648242]],[[-75.1414912072931,40.001438643453],[-75.1419311812527,40.0012783883672]],[[-75.1407792077593,40.0017039005017],[-75.1414912072931,40.001438643453]],[[-75.1664662146211,39.9916663688119],[-75.1668205086344,39.9914905340497]],[[-75.1522412819183,39.9974408895003],[-75.1534522256815,39.9969805533559]],[[-75.1563186777857,39.9959148255546],[-75.1575619244739,39.9954602084592]],[[-75.1441750472313,40.0004397648242],[-75.144465165425,40.0003369327638]],[[-75.160483711732,39.9943718685566],[-75.1610849971761,39.9941404526181]],[[-75.1668205086344,39.9914905340497],[-75.1679200720685,39.9909567225088]],[[-75.1488068534029,39.9987180411981],[-75.1499064708764,39.9983036142694]],[[-75.1599207274975,39.994600837154],[-75.160483711732,39.9943718685566]],[[-75.1499064708764,39.9983036142694],[-75.1506301797236,39.9980361355088]],[[-75.1628516163322,39.9934893050141],[-75.163210085024,39.9933323134945]],[[-75.1479837117492,39.9990257633098],[-75.1488068534029,39.9987180411981]],[[-75.1456071161011,39.9999064530612],[-75.1462212827929,39.9996778990163]],[[-75.1575619244739,39.9954602084592],[-75.1593245213234,39.9948072630885]],[[-75.1650466524473,39.9923873692631],[-75.1664662146211,39.9916663688119]],[[-75.1640099815339,39.992914003476],[-75.1645481195214,39.9926374624395]],[[-75.1462212827929,39.9996778990163],[-75.1471741930953,39.9993222780407],[-75.1474059296433,39.9992495389783]],[[-75.1474059296433,39.9992495389783],[-75.1479837117492,39.9990257633098]],[[-75.1559536900944,39.9960426469355],[-75.1563186777857,39.9959148255546]],[[-75.1610849971761,39.9941404526181],[-75.1623196016627,39.9936766353143],[-75.1628516163322,39.9934893050141]]]}},{"type":"Feature","properties":{"objectid":81,"stname":"GODFREY","length_ft":13928.173789769999,"Shape__Length":5544.548121210141},"geometry":{"type":"MultiLineString","coordinates":[[[-75.1100132450003,40.0391584323119],[-75.1096588011176,40.0385272444574]],[[-75.1059995285735,40.0322749293738],[-75.1058807573148,40.0321584028379]],[[-75.1256330790582,40.0452682973877],[-75.1266426098773,40.0454012043714]],[[-75.1127878485329,40.042134346441],[-75.1123616208043,40.0417937857456]],[[-75.1406902399589,40.0472242789767],[-75.1417186111849,40.0473549734686]],[[-75.1321236648008,40.046027778871],[-75.1329430591087,40.0460686263017]],[[-75.1312861945011,40.0459939802824],[-75.1321236648008,40.046027778871]],[[-75.1091282066812,40.0375254905562],[-75.1089818798434,40.0372397422269]],[[-75.1058807573148,40.0321584028379],[-75.1057906906442,40.0320807498003],[-75.1055211494319,40.031823605496]],[[-75.1055211494319,40.031823605496],[-75.1053453118203,40.0316592071365],[-75.1040810515786,40.0306655091091],[-75.1040268600569,40.0306338255214],[-75.1039762675634,40.0306113558878],[-75.1039053745737,40.0305982550688]],[[-75.1417186111849,40.0473549734686],[-75.141847862194,40.0473655181002],[-75.1428999976488,40.0475030296797]],[[-75.1135471676964,40.0427204290656],[-75.1134393287574,40.0426610520955],[-75.1128385222819,40.0421748352629],[-75.1127878485329,40.042134346441]],[[-75.1221416293745,40.0448197880737],[-75.1228100256721,40.0449015824652]],[[-75.1096588011176,40.0385272444574],[-75.109168402466,40.037603986251],[-75.1091282066812,40.0375254905562]],[[-75.1284982933909,40.0456355971653],[-75.1294856700246,40.045772804621]],[[-75.1266426098773,40.0454012043714],[-75.1274067151233,40.0454937253015]],[[-75.106433607512,40.0326703883519],[-75.1059995285735,40.0322749293738]],[[-75.1085734258235,40.0355047364702],[-75.1081630694869,40.0348999558231],[-75.1071531895573,40.0334893245907],[-75.1071482084851,40.0334890081395],[-75.1069139093005,40.0331449728555]],[[-75.1375308486942,40.0468147133009],[-75.1391100737954,40.0470202163279]],[[-75.1089818798434,40.0372397422269],[-75.108860781907,40.0370032582963],[-75.10873551,40.0367329067089],[-75.1086851106737,40.0364344202665]],[[-75.1304712370299,40.0459031703192],[-75.1312861945011,40.0459939802824]],[[-75.1201528078677,40.0445668198239],[-75.1207739935214,40.0446548904837]],[[-75.1367453887494,40.0467043136649],[-75.1371363054362,40.0467622512167],[-75.1375308486942,40.0468147133009]],[[-75.1069139093005,40.0331449728555],[-75.106433607512,40.0326703883519]],[[-75.1123616208043,40.0417937857456],[-75.111799401933,40.0412797856464],[-75.110774371424,40.0403084459711],[-75.1103283168563,40.0396907712448],[-75.1100132450003,40.0391584323119]],[[-75.1235683692663,40.0450022264625],[-75.1256330790582,40.0452682973877]],[[-75.1194563558284,40.0444896933151],[-75.1201528078677,40.0445668198239]],[[-75.1329430591087,40.0460686263017],[-75.1356623888387,40.0461832301027],[-75.1360215264432,40.0462382624112]],[[-75.1207739935214,40.0446548904837],[-75.1214344257165,40.0447403093911]],[[-75.1399071918105,40.0471221417341],[-75.1406902399589,40.0472242789767]],[[-75.1294856700246,40.045772804621],[-75.1304712370299,40.0459031703192]],[[-75.1086851106737,40.0364344202665],[-75.1085925470047,40.0357593542267]],[[-75.1228100256721,40.0449015824652],[-75.1235683692663,40.0450022264625]],[[-75.1194563558284,40.0444896933151],[-75.1175128143839,40.0442360480339],[-75.1169386725868,40.0441542035105],[-75.1159437969863,40.0439755850273],[-75.1153111281883,40.0438137511459],[-75.1148128095488,40.0437181345671],[-75.1141216161555,40.0436531670982],[-75.1139505201567,40.043593117567],[-75.1138357761048,40.0434922676857],[-75.1137978028256,40.0432949629664],[-75.1138333309217,40.0430853142675],[-75.1137744866816,40.0429115564739],[-75.1135471676964,40.0427204290656]],[[-75.1274067151233,40.0454937253015],[-75.1284982933909,40.0456355971653]],[[-75.1085925470047,40.0357593542267],[-75.1085734258235,40.0355047364702]],[[-75.1360215264432,40.0462382624112],[-75.1363538490139,40.0465558908145],[-75.1367453887494,40.0467043136649]],[[-75.1214344257165,40.0447403093911],[-75.1221416293745,40.0448197880737]],[[-75.1391100737954,40.0470202163279],[-75.1399071918105,40.0471221417341]]]}},{"type":"Feature","properties":{"objectid":82,"stname":"GRANT","length_ft":13773.03286169,"Shape__Length":5485.785137602414},"geometry":{"type":"MultiLineString","coordinates":[[[-75.0410691329347,40.0871775113172],[-75.0403366069731,40.0869169100749],[-75.0396142894433,40.0866105407806],[-75.0391519488151,40.0863971012821],[-75.0386443034318,40.0861391902813],[-75.0381831262734,40.0858968396675],[-75.0378507799325,40.0857298616649],[-75.0375006961877,40.0854687647708]],[[-75.0338343672374,40.0835599593799],[-75.0321432920022,40.0826990451859]],[[-75.0287772157934,40.0808738741622],[-75.0286076564063,40.0807791899445]],[[-75.0297452722922,40.081404883945],[-75.0289545553247,40.080977409548]],[[-75.0456869950815,40.089030572471],[-75.0443381553306,40.0884919662865]],[[-75.0443381553306,40.0884919662865],[-75.0441410963182,40.088388233863]],[[-75.025380190211,40.0789525113958],[-75.0237163382871,40.0780038323062]],[[-75.0168382055356,40.0741792920575],[-75.0150667882595,40.0731875263758],[-75.0140904486012,40.0726517468894],[-75.0131294168509,40.0720807729518]],[[-75.0289545553247,40.080977409548],[-75.0287772157934,40.0808738741622]],[[-75.0313146014669,40.0822486302203],[-75.0304834453141,40.0818323248829]],[[-75.0441410963182,40.088388233863],[-75.04371858354,40.088205189094]],[[-75.0375006961877,40.0854687647708],[-75.036268780407,40.0848118962725]],[[-75.04371858354,40.088205189094],[-75.0426102720859,40.0877562178511]],[[-75.0426102720859,40.0877562178511],[-75.0422452615608,40.0876153051544]],[[-75.0422452615608,40.0876153051544],[-75.0416721762697,40.0874198867966]],[[-75.0416721762697,40.0874198867966],[-75.0410691329347,40.0871775113172]],[[-75.0131294168509,40.0720807729518],[-75.007271779681,40.0691709368757]],[[-75.007271779681,40.0691709368757],[-75.0049909061295,40.0678757311047]],[[-75.0354737035608,40.0844180425435],[-75.0338343672374,40.0835599593799]],[[-75.0321432920022,40.0826990451859],[-75.0313146014669,40.0822486302203]],[[-75.0284514744948,40.0806874857615],[-75.025380190211,40.0789525113958]],[[-75.0237163382871,40.0780038323062],[-75.0217511090207,40.0769645440764],[-75.017146504512,40.0743518942161],[-75.0168382055356,40.0741792920575]],[[-75.0286076564063,40.0807791899445],[-75.0284514744948,40.0806874857615]],[[-75.0304834453141,40.0818323248829],[-75.0297452722922,40.081404883945]],[[-75.036268780407,40.0848118962725],[-75.0354737035608,40.0844180425435]]]}},{"type":"Feature","properties":{"objectid":83,"stname":"GRAYS FERRY","length_ft":5433.90961326,"Shape__Length":2157.572766095881},"geometry":{"type":"LineString","coordinates":[[-75.1932743342827,39.9390414568379],[-75.1940430003518,39.9390386256633],[-75.1949129051187,39.9390447491381],[-75.195451711393,39.9390695635118],[-75.1959255903142,39.9391113578126],[-75.196469623824,39.9392174717293],[-75.1971780290821,39.9394341020001],[-75.1981251284603,39.9396462962589],[-75.199687664363,39.9399464198816],[-75.2002065232429,39.9400471221239],[-75.2007100194323,39.940163706737],[-75.2011866309299,39.9402748505574],[-75.2012000598612,39.9402779817424],[-75.2013537086989,39.9403142791778],[-75.2017834956534,39.9404158087107],[-75.2030216116789,39.9407256367534],[-75.2041578870624,39.9409758895442],[-75.2051534191167,39.9411210469651],[-75.205289461893,39.9411408825935],[-75.2060847610683,39.9412132606633],[-75.2071011098635,39.9412905341876],[-75.2079647082863,39.9412962524319],[-75.2083662267236,39.9412864286367],[-75.2093785580634,39.941252009042],[-75.2121481597763,39.9412298021474],[-75.2122555717141,39.9412587105676]]}},{"type":"Feature","properties":{"objectid":84,"stname":"GREENE","length_ft":7189.28122324,"Shape__Length":2862.540222803639},"geometry":{"type":"MultiLineString","coordinates":[[[-75.1723293535661,40.0314828665686],[-75.1744027123275,40.0327373017396]],[[-75.1817982392328,40.0374393959577],[-75.182791052129,40.0380645856643]],[[-75.1754868654378,40.0334218950138],[-75.1755496980555,40.0334815456586],[-75.175952707795,40.0337369516873]],[[-75.182791052129,40.0380645856643],[-75.1836697369052,40.0386184254321]],[[-75.1862685734617,40.0402671685194],[-75.1873174634205,40.0409384920682]],[[-75.1710563272983,40.0307084291726],[-75.1723293535661,40.0314828665686]],[[-75.1795818019751,40.036025751325],[-75.1804026209435,40.0365439217904]],[[-75.1836697369052,40.0386184254321],[-75.1848338179932,40.039355283635]],[[-75.1787551307505,40.0355069679565],[-75.1795818019751,40.036025751325]],[[-75.1688225714851,40.0294539218031],[-75.1702858890367,40.0302482840711]],[[-75.1804026209435,40.0365439217904],[-75.1817982392328,40.0374393959577]],[[-75.1683115711514,40.0291821593589],[-75.1688225714851,40.0294539218031]],[[-75.175952707795,40.0337369516873],[-75.1764980188436,40.0341059384065]],[[-75.1702858890367,40.0302482840711],[-75.1710563272983,40.0307084291726]],[[-75.1848338179932,40.039355283635],[-75.1862685734617,40.0402671685194]],[[-75.1873174634205,40.0409384920682],[-75.1882998857725,40.0415567298241]],[[-75.1744027123275,40.0327373017396],[-75.1754868654378,40.0334218950138]],[[-75.1764980188436,40.0341059384065],[-75.1787551307505,40.0355069679565]]]}},{"type":"Feature","properties":{"objectid":85,"stname":"RIDGE","length_ft":6854.91192328,"Shape__Length":2736.1662948538224},"geometry":{"type":"MultiLineString","coordinates":[[[-75.2363292125652,40.0517319230291],[-75.2362366272656,40.0527482170338],[-75.2362124913379,40.053057886865],[-75.23614950987,40.0534761465814],[-75.2361021492085,40.0537936955458],[-75.2359815288896,40.0543786460354],[-75.2359496980038,40.0545968904954],[-75.2359196800079,40.0550880841082],[-75.2359307415146,40.0558640899119],[-75.2359665428561,40.0562086178437],[-75.2360092252557,40.056522631967],[-75.2360439333777,40.0567203734056],[-75.2361279211586,40.0569698855629],[-75.2362879398841,40.0572368464794],[-75.2363889161865,40.0574075419465],[-75.2373093745861,40.0586006066329],[-75.2381843804033,40.0597804286649],[-75.2382744608211,40.0598749449607],[-75.2384712309431,40.0601515436666],[-75.2386093007537,40.0604025962078],[-75.2387477704961,40.0606428724406],[-75.2388535345492,40.0608247955365],[-75.2388927717767,40.0609401878792],[-75.2390006031974,40.0612344653681],[-75.2391000770805,40.0615407243693],[-75.2393730737414,40.0625437806249],[-75.2396703464652,40.0640262561613]],[[-75.2396703464652,40.0640262561613],[-75.2397712354036,40.0643651332049],[-75.2398472440473,40.0651473213658],[-75.2399145179883,40.0659021942982],[-75.2400534823116,40.0670668337472],[-75.2400950346697,40.0673531650338],[-75.2403244974759,40.0683925085167],[-75.2408415015136,40.0698290793893]]]}},{"type":"Feature","properties":{"objectid":86,"stname":"HARBISON","length_ft":11305.320598979999,"Shape__Length":4509.44017984126},"geometry":{"type":"MultiLineString","coordinates":[[[-75.0652456037779,40.0391877568275],[-75.0655836218563,40.0404512885175]],[[-75.0697888807615,40.0115524115565],[-75.0692914016261,40.0122010161434]],[[-75.062421018956,40.0271457825906],[-75.0623974720549,40.0274535457232]],[[-75.0625625450674,40.0261361830287],[-75.062421018956,40.0271457825906]],[[-75.0683550555756,40.01421907909],[-75.0682049008956,40.0147388396733]],[[-75.0682049008956,40.0147388396733],[-75.068072791004,40.0150020231746]],[[-75.0625562949311,40.0286311458194],[-75.0626799132863,40.0291905771093],[-75.0628312095244,40.0294199966928]],[[-75.0648890088687,40.0381776667066],[-75.0650052908641,40.0382981884293],[-75.0650963317713,40.0387139020332],[-75.0652456037779,40.0391877568275]],[[-75.0634215725331,40.020050955552],[-75.0631902187276,40.0216491413662]],[[-75.0644465080133,40.0366064317844],[-75.0644969325595,40.0367327387947]],[[-75.0628047498833,40.0244114560448],[-75.0626923173501,40.0252181698369]],[[-75.0631902187276,40.0216491413662],[-75.0631519141478,40.0220317415986]],[[-75.0672678880081,40.0160461567511],[-75.0667554797575,40.0166707890897]],[[-75.0630836830469,40.0224616970146],[-75.0629678828285,40.0232609814674]],[[-75.0690715557041,40.0124604319977],[-75.068870679923,40.0127609365359]],[[-75.0636712359642,40.0184147781155],[-75.0636216197103,40.0186836731426],[-75.0634215725331,40.020050955552]],[[-75.0643306487458,40.0361850858785],[-75.0643653841679,40.0363154096772]],[[-75.065116615992,40.0175210080598],[-75.0645515711904,40.0178137404423]],[[-75.068870679923,40.0127609365359],[-75.0686731603261,40.013109454664],[-75.0685833343192,40.0133810498148],[-75.0685059845704,40.0136285738688]],[[-75.0628312095244,40.0294199966928],[-75.062938474315,40.0301017023762],[-75.0629070630808,40.0302301736496],[-75.0631916342106,40.031575827299]],[[-75.0637119198542,40.033744578653],[-75.0638496958705,40.0340330131669],[-75.0642527364379,40.0358927646668]],[[-75.0629678828285,40.0232609814674],[-75.0629440494455,40.0234800715324]],[[-75.0677499003656,40.0154394368433],[-75.0672678880081,40.0160461567511]],[[-75.0692914016261,40.0122010161434],[-75.0690715557041,40.0124604319977]],[[-75.0643653841679,40.0363154096772],[-75.0644465080133,40.0366064317844]],[[-75.0645515711904,40.0178137404423],[-75.0638120346896,40.01820869441],[-75.0636712359642,40.0184147781155]],[[-75.0631916342106,40.031575827299],[-75.0635947045405,40.0335112317717],[-75.0637119198542,40.033744578653]],[[-75.0623974720549,40.0274535457232],[-75.0624650675539,40.0278896323033],[-75.0624279106779,40.0279885994302]],[[-75.068072791004,40.0150020231746],[-75.0677499003656,40.0154394368433]],[[-75.0626923173501,40.0252181698369],[-75.0626395620891,40.0256195780936],[-75.0625625450674,40.0261361830287]],[[-75.0631519141478,40.0220317415986],[-75.0630836830469,40.0224616970146]],[[-75.0667554797575,40.0166707890897],[-75.0661967980118,40.0169658215272]],[[-75.0685059845704,40.0136285738688],[-75.0683550555756,40.01421907909]],[[-75.0642527364379,40.0358927646668],[-75.0643283073077,40.0361763018125],[-75.0643285358684,40.0361771613468],[-75.0643306487458,40.0361850858785]],[[-75.0644969325595,40.0367327387947],[-75.0645508072484,40.0368802532253],[-75.0646386171816,40.0371677372018],[-75.0648359674117,40.0378434765712]],[[-75.0629440494455,40.0234800715324],[-75.0628047498833,40.0244114560448]],[[-75.0624279106779,40.0279885994302],[-75.0625562949311,40.0286311458194]],[[-75.0656947367136,40.0172300483004],[-75.065116615992,40.0175210080598]],[[-75.0648359674117,40.0378434765712],[-75.0648890088687,40.0381776667066]],[[-75.0661967980118,40.0169658215272],[-75.0656947367136,40.0172300483004]]]}},{"type":"Feature","properties":{"objectid":87,"stname":"HAVERFORD","length_ft":5410.505179340001,"Shape__Length":2149.9479726728},"geometry":{"type":"MultiLineString","coordinates":[[[-75.2245930381508,39.9649051030168],[-75.2251437716282,39.9651019632482],[-75.2254530861838,39.9652164765332]],[[-75.2353544973942,39.9684555033679],[-75.2360100584753,39.9686321158631]],[[-75.2229192854119,39.9644735207399],[-75.2232669407461,39.964551531813]],[[-75.2291085084513,39.9666671393339],[-75.2295570110774,39.9668268117596],[-75.2299245548775,39.9669290155044]],[[-75.2200465724577,39.9638289341338],[-75.2209846167692,39.9640469044695]],[[-75.2337326826172,39.9680020342648],[-75.2343462435119,39.9681629131273],[-75.2353544973942,39.9684555033679]],[[-75.2232669407461,39.964551531813],[-75.2235330307704,39.9646102258888]],[[-75.2299245548775,39.9669290155044],[-75.231541222234,39.9673864008651],[-75.2319758521967,39.9674864537552]],[[-75.2181352700483,39.9631570310541],[-75.2195940357686,39.9637044087737],[-75.2200465724577,39.9638289341338]],[[-75.2209846167692,39.9640469044695],[-75.221954022058,39.9642592645232]],[[-75.2262335162185,39.9655800916932],[-75.2278633420762,39.9662009315951]],[[-75.2223309677358,39.9643431108962],[-75.2229192854119,39.9644735207399]],[[-75.2319758521967,39.9674864537552],[-75.2321578145556,39.9675520307663],[-75.2337326826172,39.9680020342648]],[[-75.2254530861838,39.9652164765332],[-75.2258622307661,39.9653763808145],[-75.2260001475578,39.9654796841184],[-75.2262335162185,39.9655800916932]],[[-75.2235330307704,39.9646102258888],[-75.223893549564,39.9647239914902],[-75.2241083561066,39.9647483677394],[-75.2245930381508,39.9649051030168]],[[-75.221954022058,39.9642592645232],[-75.2223309677358,39.9643431108962]],[[-75.2278633420762,39.9662009315951],[-75.2291085084513,39.9666671393339]]]}},{"type":"Feature","properties":{"objectid":88,"stname":"HENRY","length_ft":16234.465419299999,"Shape__Length":6468.951849247363},"geometry":{"type":"MultiLineString","coordinates":[[[-75.1786446793027,40.0050350838428],[-75.1789380589844,40.005792603514],[-75.1792658860173,40.0067426286167],[-75.1794833358894,40.0073330181279],[-75.1797019225306,40.0079290098316],[-75.1799848511139,40.0088161944541],[-75.1801489072523,40.0092602912097],[-75.1803383646998,40.0096203468569]],[[-75.1803383646998,40.0096203468569],[-75.1821306518911,40.0115878464454]],[[-75.208027809145,40.0327398789253],[-75.2080773243389,40.0329555995222],[-75.2082138098879,40.0335204436972],[-75.208280834113,40.0337716267156],[-75.2083908041791,40.0340243817282]],[[-75.2032319511748,40.0258485234758],[-75.2035878454601,40.0260847862407],[-75.2040091664496,40.0264505271784]],[[-75.1958814440779,40.0240777931771],[-75.1959051507356,40.0241007410435],[-75.1973428504495,40.025537592659],[-75.1976975492538,40.0257748450061],[-75.1982040569198,40.0259646421112],[-75.1986378524557,40.0260603001413],[-75.1989931305976,40.0260799219239],[-75.1994011253411,40.0260176427096]],[[-75.1864859405066,40.0153500628431],[-75.1870860367577,40.0158725626152]],[[-75.188385659347,40.0169959676067],[-75.1892005699747,40.017719152731]],[[-75.1994011253411,40.0260176427096],[-75.2006280473393,40.0258303445115],[-75.2014654914555,40.0256578005551],[-75.2019709242889,40.0256064567086],[-75.2024988045893,40.0256185283392]],[[-75.20603978721,40.0292569028025],[-75.2063141303642,40.0296163828862]],[[-75.1859389329756,40.0149050209915],[-75.1864859405066,40.0153500628431]],[[-75.1848049152514,40.0139242056297],[-75.1859389329756,40.0149050209915]],[[-75.2050828396149,40.0279128261006],[-75.2056178027846,40.0286701620879]],[[-75.2078420683237,40.0320646672163],[-75.2079410759392,40.0323773498712],[-75.208027809145,40.0327398789253]],[[-75.2104009263842,40.0375190987174],[-75.2115396909266,40.0384148092606]],[[-75.1892005699747,40.017719152731],[-75.1895571789135,40.0181156165828],[-75.189827752996,40.018487763815],[-75.1900373025905,40.0187365121239],[-75.1903132726243,40.0189656994319],[-75.1912496147835,40.0193905558524],[-75.1916343665245,40.0197314441099]],[[-75.2024988045893,40.0256185283392],[-75.2032319511748,40.0258485234758]],[[-75.1877099099627,40.0164198789795],[-75.188385659347,40.0169959676067]],[[-75.2070104344193,40.030579135449],[-75.2077177182598,40.0315822821697]],[[-75.204543295164,40.0271839908039],[-75.2050828396149,40.0279128261006]],[[-75.1916343665245,40.0197314441099],[-75.1917097457314,40.0198784594131],[-75.1921547154915,40.0203267384949],[-75.1924071048377,40.0205049857126]],[[-75.1836214138589,40.0128966577901],[-75.1841699180924,40.0133781987731]],[[-75.2063141303642,40.0296163828862],[-75.2064886230807,40.0298698357231]],[[-75.2040091664496,40.0264505271784],[-75.204543295164,40.0271839908039]],[[-75.1841699180924,40.0133781987731],[-75.1845173057088,40.0136838265764],[-75.1848049152514,40.0139242056297]],[[-75.1945836864524,40.0227611378712],[-75.1949583176759,40.0231515865871],[-75.19579963272,40.0239986015743],[-75.1958814440779,40.0240777931771]],[[-75.2083908041791,40.0340243817282],[-75.2088386024567,40.0350052507241],[-75.2091238976399,40.0356299217629],[-75.2091500541121,40.0356808320807],[-75.2094838281362,40.0363385537038],[-75.2096401029845,40.036583259317],[-75.210016072701,40.0370945475275],[-75.2102232639228,40.0373190812612],[-75.2104009263842,40.0375190987174]],[[-75.2056178027846,40.0286701620879],[-75.20603978721,40.0292569028025]],[[-75.1821306518911,40.0115878464454],[-75.1836214138589,40.0128966577901]],[[-75.2077177182598,40.0315822821697],[-75.2078420683237,40.0320646672163]],[[-75.1870860367577,40.0158725626152],[-75.1877099099627,40.0164198789795]],[[-75.1924071048377,40.0205049857126],[-75.193092907203,40.0209634927898],[-75.1934846980973,40.0213632127528],[-75.19369260227,40.0216493594204],[-75.194498309088,40.0226721548789],[-75.1945836864524,40.0227611378712]],[[-75.2064886230807,40.0298698357231],[-75.2067477559708,40.0302285164811],[-75.2070104344193,40.030579135449]]]}},{"type":"Feature","properties":{"objectid":89,"stname":"HENRY","length_ft":3531.58051815,"Shape__Length":1407.0527200671304},"geometry":{"type":"MultiLineString","coordinates":[[[-75.2331921556726,40.0572511676156],[-75.2332473705487,40.0573683411334],[-75.2336524972854,40.0578965952636]],[[-75.2312251517495,40.0537129754913],[-75.2317229366019,40.0540873023171],[-75.2319515987586,40.0543234197718],[-75.2321725954203,40.054650122146]],[[-75.2252897956889,40.0516597197526],[-75.2271646285335,40.0525431058782]],[[-75.2271646285335,40.0525431058782],[-75.2281348554046,40.0528895617677],[-75.2288013554445,40.0530562328122],[-75.2298779245172,40.0532623051904],[-75.2304194889077,40.0533836541384],[-75.2309813938484,40.0535966720408],[-75.2312251517495,40.0537129754913]],[[-75.2327612943788,40.0562116950072],[-75.2328028557827,40.0563368749881],[-75.232967604844,40.0568026944257],[-75.2330476043436,40.05699297966],[-75.2331921556726,40.0572511676156]],[[-75.2321725954203,40.054650122146],[-75.2323802073786,40.055088658387],[-75.2326889537517,40.0559938033375],[-75.2327612943788,40.0562116950072]]]}},{"type":"Feature","properties":{"objectid":90,"stname":"HOLME","length_ft":10190.756921780001,"Shape__Length":4053.7091948285633},"geometry":{"type":"LineString","coordinates":[[-75.0437455686242,40.0586728699559],[-75.0429533548037,40.0582586324181],[-75.0426797241802,40.0582363398867],[-75.0424901382011,40.0581420385048],[-75.0422861113143,40.0580715815414],[-75.0421215513196,40.058026241301],[-75.0419741333439,40.0580020353259],[-75.0417594694334,40.0579727894082],[-75.0414669729827,40.0579662095752],[-75.0411125556159,40.0580145486648],[-75.0409264427682,40.0580585323419],[-75.0406757841093,40.0581424563782],[-75.0404922331363,40.0582348726785],[-75.0402911255111,40.0583165089384],[-75.040067556001,40.0583976150526],[-75.0396671323123,40.0585160115737],[-75.039344731204,40.0585947847992],[-75.0390644160601,40.0586330883274],[-75.0385874046903,40.0586425624549],[-75.0380724457359,40.0585889465272],[-75.0376449119831,40.0584855646623],[-75.0373394989305,40.0583643332021],[-75.0371062397999,40.0582378936152],[-75.0368498299368,40.058128183595],[-75.0356252588543,40.0577073704735],[-75.0354367136859,40.057681043636],[-75.0352374935935,40.0576334057542],[-75.0343392022539,40.057324542289],[-75.0342006645117,40.0572785207266],[-75.0339700468946,40.0571956109695],[-75.0336828993981,40.0571115480293],[-75.0333675008388,40.0570354015713],[-75.0330287461902,40.0569844602914],[-75.0327666268622,40.0569458440175],[-75.0310858254824,40.0568045960633],[-75.0290210087542,40.0566265793285],[-75.0282893367695,40.0565914307986],[-75.0271274060032,40.0566014482596],[-75.0257128598037,40.0566006290323],[-75.0252813302064,40.0566014406755],[-75.0252133344123,40.0565904534632],[-75.0247527573954,40.0565273399231],[-75.0228216329947,40.0565527070658],[-75.0224876552785,40.0565941583752],[-75.0221297279069,40.0566121099877],[-75.0190852326209,40.0566127367412],[-75.0165955277992,40.0566203944003],[-75.0141897143474,40.0566277432195],[-75.0131414252934,40.0566375925152],[-75.0128858269668,40.0566463798396],[-75.0122784029824,40.0566639016078],[-75.011977108198,40.0566864321241],[-75.0117437847147,40.0567197231682],[-75.0115491789665,40.0567516506337],[-75.0113891926942,40.0567364098663],[-75.0112485955904,40.0566809365205],[-75.0106093741495,40.0569073384073],[-75.0102236719805,40.0570666041708],[-75.0097497120568,40.0572862692946],[-75.0092812322401,40.0575063669219],[-75.0090210562434,40.0576284935694],[-75.008660930736,40.0577732374571],[-75.0086419747272,40.0577808559519]]}},{"type":"Feature","properties":{"objectid":91,"stname":"HUNTING PARK","length_ft":17265.60578517,"Shape__Length":6864.781257250713},"geometry":{"type":"MultiLineString","coordinates":[[[-75.1080891282046,40.0115565286756],[-75.1076916384544,40.0115085353877]],[[-75.1076916384544,40.0115085353877],[-75.1073278789587,40.011464392311]],[[-75.1323288257213,40.0147048755171],[-75.1346004227532,40.0149901116956],[-75.1351921155332,40.0150658233733]],[[-75.1467822890026,40.0166004012678],[-75.1471857615495,40.0166186923548]],[[-75.1311370676744,40.0145442703403],[-75.1317536159364,40.0146215930917]],[[-75.1061032694019,40.0112902198574],[-75.1054362526365,40.0112067705405]],[[-75.1471857615495,40.0166186923548],[-75.1483978930558,40.0167999161062]],[[-75.1400985484763,40.0156909893751],[-75.1405993480723,40.0157536549537]],[[-75.1022197314126,40.0107982203169],[-75.1014793235832,40.010698438667]],[[-75.1448772407667,40.0165723177648],[-75.1467822890026,40.0166004012678]],[[-75.109036645988,40.0116886858859],[-75.1086273083177,40.0116311733525]],[[-75.1086273083177,40.0116311733525],[-75.1080891282046,40.0115565286756]],[[-75.0948188864505,40.0082048839515],[-75.0943447036776,40.0074921860136]],[[-75.1054362526365,40.0112067705405],[-75.1048138300881,40.0111423644845]],[[-75.1405993480723,40.0157536549537],[-75.1411291874722,40.0158272164534]],[[-75.1223634916777,40.0134049190558],[-75.1194422371735,40.0130351335809]],[[-75.1371658626641,40.0153087390734],[-75.1379919977263,40.0154092698952]],[[-75.1230323844561,40.0134910925745],[-75.1223634916777,40.0134049190558]],[[-75.0941070238842,40.0071057460206],[-75.0932757354632,40.0059703389406]],[[-75.1073278789587,40.011464392311],[-75.106765900692,40.0113922634178]],[[-75.1031870097839,40.0109236142788],[-75.1022197314126,40.0107982203169]],[[-75.1317536159364,40.0146215930917],[-75.1323288257213,40.0147048755171]],[[-75.1388170737137,40.0155175284347],[-75.1394668474373,40.0156086955553]],[[-75.0973773039782,40.0101600805841],[-75.0968205547094,40.0100864852741]],[[-75.1259900086283,40.0138720734242],[-75.1230323844561,40.0134910925745]],[[-75.1048138300881,40.0111423644845],[-75.1045831781269,40.0111088361941],[-75.1041682783397,40.0110498332982]],[[-75.1351921155332,40.0150658233733],[-75.1358914732795,40.0151499470972]],[[-75.0943447036776,40.0074921860136],[-75.0941070238842,40.0071057460206]],[[-75.1121641775773,40.0120945266398],[-75.1099917463232,40.0117989054518]],[[-75.1099917463232,40.0117989054518],[-75.1095399092523,40.0117560608756]],[[-75.1095399092523,40.0117560608756],[-75.109036645988,40.0116886858859]],[[-75.1379919977263,40.0154092698952],[-75.1388170737137,40.0155175284347]],[[-75.0968205547094,40.0100864852741],[-75.0961517497773,40.0099969536916]],[[-75.1007689996886,40.0105992481583],[-75.1000410820833,40.0105122553003]],[[-75.1411291874722,40.0158272164534],[-75.141323747155,40.0158612111183],[-75.141563435147,40.0159224864109],[-75.1416901502222,40.0159842971573],[-75.1418719811985,40.0160814786737],[-75.1420228826543,40.0161723548372]],[[-75.1286188989939,40.0142090216405],[-75.1299111089079,40.0143893848435],[-75.1311370676744,40.0145442703403]],[[-75.0993614258016,40.0104220371233],[-75.0988002936651,40.010345593158]],[[-75.1194422371735,40.0130351335809],[-75.1141433168644,40.0123359762861],[-75.1121641775773,40.0120945266398]],[[-75.1365030336355,40.0152219730883],[-75.1371658626641,40.0153087390734]],[[-75.1495886386868,40.0169416987571],[-75.150440707402,40.0170391800684]],[[-75.0988002936651,40.010345593158],[-75.0980987967417,40.0102569570934]],[[-75.1436455609669,40.0165663992558],[-75.1437785832658,40.0166055108212],[-75.1438572987772,40.0166267595021],[-75.1439494203284,40.0166884528614],[-75.1440005431414,40.0167990871406],[-75.1440713968035,40.0168602977016],[-75.1441548736784,40.016899899894],[-75.1442648180598,40.0169206406217],[-75.1443605889497,40.0168984863954],[-75.1445056445965,40.0168287953354],[-75.1445807390227,40.0167271072144],[-75.144638859679,40.0166554433487],[-75.1447436992778,40.0166030851486],[-75.1448772407667,40.0165723177648]],[[-75.1394668474373,40.0156086955553],[-75.1400985484763,40.0156909893751]],[[-75.1000410820833,40.0105122553003],[-75.0993614258016,40.0104220371233]],[[-75.106765900692,40.0113922634178],[-75.1061032694019,40.0112902198574]],[[-75.1035026062893,40.0109615470616],[-75.1031870097839,40.0109236142788]],[[-75.1041682783397,40.0110498332982],[-75.1037066400921,40.0109905769755],[-75.1035026062893,40.0109615470616]],[[-75.0980987967417,40.0102569570934],[-75.0973773039782,40.0101600805841]],[[-75.1358914732795,40.0151499470972],[-75.1365030336355,40.0152219730883]],[[-75.1259900086283,40.0138720734242],[-75.1286188989939,40.0142090216405]],[[-75.1483978930558,40.0167999161062],[-75.1494300220324,40.0169221845535],[-75.1495886386868,40.0169416987571]],[[-75.0961517497773,40.0099969536916],[-75.0959769409443,40.0099163023154],[-75.095786354879,40.0096191139997],[-75.0950666438701,40.0085687347852],[-75.0948188864505,40.0082048839515]],[[-75.1014793235832,40.010698438667],[-75.1007689996886,40.0105992481583]],[[-75.1420228826543,40.0161723548372],[-75.1421763837517,40.0163076110641],[-75.1424869049742,40.0164606285403],[-75.1428474146794,40.0165478802846],[-75.1436455609669,40.0165663992558]]]}},{"type":"Feature","properties":{"objectid":92,"stname":"INDIANA","length_ft":3496.04612007,"Shape__Length":1389.211903830652},"geometry":{"type":"MultiLineString","coordinates":[[[-75.1441176998294,39.9973047691725],[-75.1446044672789,39.9973700481164]],[[-75.143467280445,39.9972197403535],[-75.1441176998294,39.9973047691725]],[[-75.1344466933646,39.9960590239148],[-75.1349951354226,39.9961260998081]],[[-75.138696192569,39.9966039482175],[-75.1392014849681,39.9966706331088]],[[-75.1420032793432,39.9970280063925],[-75.1428256162413,39.9971400478951]],[[-75.1446044672789,39.9973700481164],[-75.1450997246645,39.997434099428]],[[-75.1405158196982,39.9968353148405],[-75.1411692086589,39.9969236194568]],[[-75.1378105469734,39.9964882746155],[-75.13827197483,39.9965465355912]],[[-75.1363487675012,39.9962979203815],[-75.1368479918322,39.9963612915503]],[[-75.133359115975,39.9959141478205],[-75.1338981852913,39.995976811169]],[[-75.1398676244533,39.9967526478323],[-75.1405158196982,39.9968353148405]],[[-75.13827197483,39.9965465355912],[-75.138696192569,39.9966039482175]],[[-75.1355118865884,39.9961881038097],[-75.1363487675012,39.9962979203815]],[[-75.1338981852913,39.995976811169],[-75.1344466933646,39.9960590239148]],[[-75.1411692086589,39.9969236194568],[-75.1420032793432,39.9970280063925]],[[-75.1392014849681,39.9966706331088],[-75.1398676244533,39.9967526478323]],[[-75.1368479918322,39.9963612915503],[-75.1373518339403,39.9964305384863]],[[-75.1450997246645,39.997434099428],[-75.145663261037,39.9975089466733]],[[-75.1349951354226,39.9961260998081],[-75.1355118865884,39.9961881038097]],[[-75.1373518339403,39.9964305384863],[-75.1378105469734,39.9964882746155]],[[-75.1428256162413,39.9971400478951],[-75.143467280445,39.9972197403535]]]}},{"type":"Feature","properties":{"objectid":93,"stname":"ISLAND","length_ft":9302.81174917,"Shape__Length":3704.2331580724112},"geometry":{"type":"MultiLineString","coordinates":[[[-75.2430238190423,39.9125102851511],[-75.242662148035,39.9113925300888]],[[-75.2400977494431,39.904001194608],[-75.239835000875,39.903186395074],[-75.2393240496041,39.901377815275]],[[-75.2368964676715,39.895167781572],[-75.2366677768928,39.8947773851871],[-75.2366788058076,39.8946092066001]],[[-75.2432288542801,39.9131214677721],[-75.2431059096978,39.9127596380878],[-75.2430238190423,39.9125102851511]],[[-75.2411352448321,39.9072183441043],[-75.2401491154247,39.9041604807416]],[[-75.2446655771654,39.9151194996368],[-75.243851266609,39.9140988828481]],[[-75.2463104720541,39.9171853594541],[-75.2457957096329,39.9165505694562]],[[-75.2423661229376,39.9104776257964],[-75.2418871389125,39.9090512691651]],[[-75.242662148035,39.9113925300888],[-75.2423661229376,39.9104776257964]],[[-75.2393240496041,39.901377815275],[-75.2389940062505,39.9002647066195],[-75.2388221600575,39.8997667661362],[-75.2386041680499,39.8990206236105],[-75.2386036332569,39.8990187918833],[-75.2384256245889,39.8985067943766],[-75.2379814361791,39.8972029288585],[-75.237597449434,39.8963445589571],[-75.2373268471327,39.895835129385],[-75.2368964676715,39.895167781572]],[[-75.2366788058076,39.8946092066001],[-75.2360387922555,39.8935726837702],[-75.2358026866573,39.8931680771708]],[[-75.2457957096329,39.9165505694562],[-75.2453092164698,39.9159259107788]],[[-75.243851266609,39.9140988828481],[-75.2436147804606,39.9137993632296],[-75.2432288542801,39.9131214677721]],[[-75.2401491154247,39.9041604807416],[-75.2400977494431,39.904001194608]],[[-75.2418871389125,39.9090512691651],[-75.2416894988949,39.9084703331911],[-75.2414563476088,39.9080793701519],[-75.2413359743768,39.9078270607115],[-75.2411352448321,39.9072183441043]],[[-75.2453092164698,39.9159259107788],[-75.2446655771654,39.9151194996368]]]}},{"type":"Feature","properties":{"objectid":94,"stname":"K","length_ft":3413.0641101300002,"Shape__Length":1361.5344854273635},"geometry":{"type":"MultiLineString","coordinates":[[[-75.1041682783397,40.0110498332982],[-75.1038227880373,40.0126305542555]],[[-75.1051427256652,40.006470851112],[-75.1048094943079,40.0079768718307]],[[-75.1044926935085,40.0094592299801],[-75.1041682783397,40.0110498332982]],[[-75.1058120100994,40.003387110684],[-75.1053387387439,40.0055274523674]],[[-75.1053387387439,40.0055274523674],[-75.1051427256652,40.006470851112]],[[-75.1048094943079,40.0079768718307],[-75.1044926935085,40.0094592299801]]]}},{"type":"Feature","properties":{"objectid":95,"stname":"KELLY","length_ft":46938.31439352,"Shape__Length":9344.423005217115},"geometry":{"type":"MultiLineString","coordinates":[[[-75.1973343135447,39.9897706997686],[-75.1970125812957,39.9900545967988],[-75.1967571651713,39.990328678584],[-75.1963189333537,39.9910487450427],[-75.1961104567129,39.9913360325128],[-75.1958652180457,39.9915495210357],[-75.195787038065,39.9915967537199],[-75.1955254032644,39.9917548216265],[-75.1945165887801,39.9922979745792],[-75.1940855911893,39.9925132631199],[-75.193753209179,39.9927308877809],[-75.1934763560838,39.9929436674095],[-75.1927554813864,39.993608771556],[-75.1926048034314,39.9938304419375],[-75.1923175334513,39.9945295305896],[-75.1921157044027,39.9949509022996],[-75.1919038442344,39.9952258023056],[-75.1915929079597,39.9955867564431]],[[-75.1811235540282,39.9674716663323],[-75.1814887173998,39.9675540664958],[-75.1816980446255,39.96766214315],[-75.1820656415214,39.9679744626566],[-75.1826046923683,39.9683514355862],[-75.1829121114976,39.9685347316159],[-75.1832775500988,39.9687435627339],[-75.1836383900184,39.9689210868984],[-75.1841766246569,39.9691628462728],[-75.1847066027237,39.9693523842264]],[[-75.1905216580423,39.9996508772543],[-75.190583645913,39.9999405951516],[-75.1905918873014,40.0005611232724],[-75.1905329099481,40.0010767621491],[-75.1904160627001,40.0014634632403],[-75.1902899922883,40.0018495513303],[-75.1902489933131,40.0020979918203],[-75.19029856101,40.0024825882569],[-75.190485558678,40.0036058102913],[-75.1905717764669,40.0037983153117],[-75.1906420906354,40.0040309921064],[-75.1906575477044,40.0046699263585],[-75.1907304953739,40.0050425431142],[-75.1909504261988,40.0055257911783],[-75.191071017408,40.0058933878265],[-75.1911368167401,40.0060125259159],[-75.1913252587604,40.0062822075135],[-75.1916422093641,40.0066623795686],[-75.1918679579012,40.0069946158693]],[[-75.1969062038605,40.0091863430553],[-75.1971164856446,40.009278680421],[-75.1977600447989,40.0094844816275],[-75.1991357601428,40.0099176805916],[-75.200511677292,40.0103459566884],[-75.2014520700517,40.0106250631888]],[[-75.1918679579012,40.0069946158693],[-75.1925825619502,40.0074484867122]],[[-75.1925825619502,40.0074484867122],[-75.1927400497203,40.0075436901322],[-75.1931357394014,40.0077471204075],[-75.1938285135511,40.0080423091352],[-75.1943039184029,40.0082292655544],[-75.1945394354866,40.0082932166064]],[[-75.1915929079597,39.9955867564431],[-75.1914255181196,39.9958286553985],[-75.1912605185021,39.9962202953382],[-75.1911169297455,39.9966732303517],[-75.1909391002323,39.9974051646329],[-75.1908995947496,39.9978239289417],[-75.1906434335862,39.9989555162112],[-75.1905216580423,39.9996508772543]],[[-75.1980036208036,39.9806304616625],[-75.1984133275238,39.9807623471009],[-75.1995867835297,39.9810925211524],[-75.1998600600599,39.9811837397481],[-75.2001712350092,39.9813183712907],[-75.200487802338,39.9815200213665],[-75.2009812639588,39.9818533179292],[-75.2013803953028,39.9821723539378],[-75.2017186148733,39.9824292172982],[-75.2020412674623,39.9826796531209],[-75.2024015956913,39.982979577639],[-75.2027835728955,39.9833347183455],[-75.2030098441208,39.9836255845346],[-75.2031214992476,39.9838105156925],[-75.203184619855,39.9840247795069],[-75.2032156859404,39.9842504946314],[-75.2032000386121,39.9844569287291],[-75.2031216505297,39.9846498061027],[-75.2029132210914,39.9849371068596],[-75.2026576212578,39.9852172785625],[-75.201996548115,39.9857682105428],[-75.2017938118877,39.9859035904425],[-75.2015522592021,39.9860198627757],[-75.2013511176729,39.9861127048756],[-75.2009388792525,39.9863529038811],[-75.2004414818417,39.9867554170092],[-75.1999745358194,39.9871890144868],[-75.199578454625,39.9876302675847],[-75.1992966205157,39.9879767489829],[-75.198901671731,39.9883876152754],[-75.1973343135447,39.9897706997686]],[[-75.1945394354866,40.0082932166064],[-75.1969062038605,40.0091863430553]],[[-75.1793508751026,39.9662983699244],[-75.1794271244397,39.9664429984645],[-75.1798829326863,39.966902749128],[-75.1803526638514,39.9672231132644],[-75.1811235540282,39.9674716663323]],[[-75.1778628806072,39.9645641643196],[-75.177974271427,39.9647025898852],[-75.179244670051,39.9662812660866],[-75.1793508751026,39.9662983699244]],[[-75.1886375406786,39.9699354316715],[-75.1889627028345,39.9699732373378],[-75.1890575460474,39.9699930481431],[-75.1893422312484,39.9700587068183],[-75.1897087584683,39.9702665932592],[-75.1899457971968,39.9705330383495],[-75.1900527330813,39.9708081025356],[-75.1900964286797,39.9711522389551],[-75.1900673611985,39.9714795619832],[-75.1899398505469,39.9718828539295],[-75.1899163908259,39.9721742112594],[-75.1899888860924,39.9724360244867],[-75.1903446529485,39.9731947863198],[-75.1905822096405,39.9736465471582],[-75.1908828009179,39.9741477197985],[-75.1910212986044,39.9743802797711],[-75.1913807006144,39.9749106071468],[-75.1918462602419,39.9755383516177],[-75.1918782642215,39.9756842056662]],[[-75.1918782642215,39.9756842056662],[-75.1921348769827,39.9758370305939],[-75.1924621752864,39.9761995341778],[-75.1927754270873,39.9765201927061],[-75.1928425123087,39.9765872647213],[-75.1930862723792,39.9767916134114],[-75.1934897392044,39.9771689268869],[-75.1939670694972,39.9776976178747],[-75.1941739715622,39.9779000502148],[-75.1943636548465,39.9780693101618],[-75.1945526991232,39.9782177891412],[-75.1947488169235,39.9783514811939],[-75.1955113734342,39.9788854111856],[-75.1963405768298,39.9794467173974],[-75.1964898194626,39.979558240057],[-75.1976533727479,39.9803683763989],[-75.1980036208036,39.9806304616625]],[[-75.1847066027237,39.9693523842264],[-75.1851339090788,39.9694352409239],[-75.1857654352272,39.9695493271446],[-75.1865522077121,39.9696519890445],[-75.1870859849074,39.9697192165766],[-75.1886375406786,39.9699354316715]]]}},{"type":"Feature","properties":{"objectid":96,"stname":"KENSINGTON","length_ft":13956.67341847,"Shape__Length":5552.84242255309},"geometry":{"type":"MultiLineString","coordinates":[[[-75.1148899169593,39.9956592829965],[-75.1144411024347,39.9959121535898]],[[-75.1087260406852,39.9990417418045],[-75.1081468723599,39.999366724672]],[[-75.124434398131,39.9904224505479],[-75.123689552752,39.9908450796129]],[[-75.123689552752,39.9908450796129],[-75.1225615982615,39.9914371194477]],[[-75.1098504776119,39.9984456562897],[-75.1092970287659,39.9987541887358]],[[-75.0915181429599,40.0085209621439],[-75.090184486917,40.0092646940684]],[[-75.1268886734451,39.989073730467],[-75.1264369924564,39.9893206246922]],[[-75.1180456450115,39.9939354672739],[-75.1157814789797,39.9951767080813]],[[-75.0935953003829,40.007385520824],[-75.092583562772,40.0079386546247]],[[-75.1104214177764,39.9981339148661],[-75.1098504776119,39.9984456562897]],[[-75.1005000275005,40.0035884292948],[-75.0993651751384,40.0042124168199]],[[-75.1285059670036,39.9881823086711],[-75.1279462452511,39.9884853156579]],[[-75.1064455290116,40.00033175885],[-75.105429151937,40.0008829597734]],[[-75.1203117610767,39.9926818013517],[-75.1196970169907,39.993025728677]],[[-75.090184486917,40.0092646940684],[-75.0896614743876,40.0094752188287]],[[-75.0993651751384,40.0042124168199],[-75.0979820115903,40.0049592804126]],[[-75.0968693484576,40.0055704332769],[-75.0963497691285,40.0058609912769]],[[-75.1182748245681,39.9938130236968],[-75.1180456450115,39.9939354672739]],[[-75.1273660465577,39.9888019018345],[-75.1268886734451,39.989073730467]],[[-75.092583562772,40.0079386546247],[-75.0920298222519,40.0082413862088]],[[-75.1127128472291,39.9968690423899],[-75.1121356866561,39.9971679697803]],[[-75.1133580318887,39.9965264501941],[-75.1127128472291,39.9968690423899]],[[-75.1225615982615,39.9914371194477],[-75.1215544431295,39.9920093433147]],[[-75.1196970169907,39.993025728677],[-75.1182748245681,39.9938130236968]],[[-75.1259660998505,39.989573181554],[-75.1254935405309,39.9898459787682]],[[-75.1296442732968,39.9875551532437],[-75.1285059670036,39.9881823086711]],[[-75.1279462452511,39.9884853156579],[-75.1273660465577,39.9888019018345]],[[-75.0979820115903,40.0049592804126],[-75.0968693484576,40.0055704332769]],[[-75.1018130912678,40.0028725180737],[-75.1005000275005,40.0035884292948]],[[-75.1302235887048,39.98724584048],[-75.1296442732968,39.9875551532437]],[[-75.105429151937,40.0008829597734],[-75.1042007094391,40.0015349882564]],[[-75.1042007094391,40.0015349882564],[-75.1031826667816,40.0021054246468]],[[-75.0963497691285,40.0058609912769],[-75.0948525434389,40.0066872313564]],[[-75.0941070238842,40.0071057460206],[-75.0935953003829,40.007385520824]],[[-75.1139995665485,39.9961548260002],[-75.1133580318887,39.9965264501941]],[[-75.1264369924564,39.9893206246922],[-75.1259660998505,39.989573181554]],[[-75.1121356866561,39.9971679697803],[-75.1115606919783,39.9974844683191]],[[-75.107595651113,39.9996716549477],[-75.1064455290116,40.00033175885]],[[-75.1031826667816,40.0021054246468],[-75.1018130912678,40.0028725180737]],[[-75.1092970287659,39.9987541887358],[-75.1087260406852,39.9990417418045]],[[-75.1254935405309,39.9898459787682],[-75.124434398131,39.9904224505479]],[[-75.1215544431295,39.9920093433147],[-75.1203117610767,39.9926818013517]],[[-75.0948525434389,40.0066872313564],[-75.0941070238842,40.0071057460206]],[[-75.1144411024347,39.9959121535898],[-75.1139995665485,39.9961548260002]],[[-75.1115606919783,39.9974844683191],[-75.1109855278767,39.9978104904103]],[[-75.1109855278767,39.9978104904103],[-75.1104214177764,39.9981339148661]],[[-75.1081468723599,39.999366724672],[-75.107595651113,39.9996716549477]],[[-75.0920298222519,40.0082413862088],[-75.0915181429599,40.0085209621439]],[[-75.1157814789797,39.9951767080813],[-75.1148899169593,39.9956592829965]]]}},{"type":"Feature","properties":{"objectid":97,"stname":"KINGSESSING","length_ft":8516.51321746,"Shape__Length":3386.977495422667},"geometry":{"type":"MultiLineString","coordinates":[[[-75.2230150634301,39.9376527532275],[-75.2235498626496,39.9372786012111]],[[-75.2126888049423,39.94489481372],[-75.2140030802118,39.9439929024918]],[[-75.2152494667786,39.9430964081229],[-75.2157102719198,39.9427817768067]],[[-75.2157102719198,39.9427817768067],[-75.2160615630817,39.9425289973212]],[[-75.2323069689455,39.9311246998717],[-75.232364376404,39.9310836971299]],[[-75.2302517157971,39.9325604647507],[-75.231279673391,39.9318369158674]],[[-75.224908761132,39.9363292130489],[-75.2253612394397,39.9360092159928]],[[-75.2198156339469,39.9399131068214],[-75.2202813165835,39.9395812088037]],[[-75.2202813165835,39.9395812088037],[-75.2216400043002,39.9386171790505]],[[-75.217766276697,39.941352971962],[-75.2183218444465,39.9409459960948]],[[-75.2291295194091,39.9333548737269],[-75.2293235709813,39.933213416176]],[[-75.228623988097,39.9337049380788],[-75.2291295194091,39.9333548737269]],[[-75.2263804914953,39.9352914790299],[-75.2267633723957,39.9350156159682]],[[-75.2165103325801,39.9422036751837],[-75.217766276697,39.941352971962]],[[-75.2272540851582,39.9346706214055],[-75.228623988097,39.9337049380788]],[[-75.2183218444465,39.9409459960948],[-75.2189026364572,39.9405423349941]],[[-75.2225312946664,39.9379852209674],[-75.2230150634301,39.9376527532275]],[[-75.2293235709813,39.933213416176],[-75.2296427339211,39.9329869381427]],[[-75.231279673391,39.9318369158674],[-75.2323069689455,39.9311246998717]],[[-75.2193941008095,39.940208189204],[-75.2198156339469,39.9399131068214]],[[-75.2160615630817,39.9425289973212],[-75.2165103325801,39.9422036751837]],[[-75.2253612394397,39.9360092159928],[-75.2258892492067,39.9356349194889]],[[-75.2189026364572,39.9405423349941],[-75.2193941008095,39.940208189204]],[[-75.2140030802118,39.9439929024918],[-75.2152494667786,39.9430964081229]],[[-75.232364376404,39.9310836971299],[-75.233829913161,39.9300497540148]],[[-75.229773016721,39.9329074041334],[-75.2302517157971,39.9325604647507]],[[-75.2258892492067,39.9356349194889],[-75.2263804914953,39.9352914790299]],[[-75.2221015666268,39.9382886096985],[-75.2225312946664,39.9379852209674]],[[-75.2239227647899,39.9370096425122],[-75.2243910104932,39.9366851309714]],[[-75.2267633723957,39.9350156159682],[-75.2272540851582,39.9346706214055]],[[-75.2114032801468,39.9458119972453],[-75.2126888049423,39.94489481372]],[[-75.2235498626496,39.9372786012111],[-75.2239227647899,39.9370096425122]],[[-75.2216400043002,39.9386171790505],[-75.2221015666268,39.9382886096985]],[[-75.2243910104932,39.9366851309714],[-75.2247809187428,39.9364324773825],[-75.224908761132,39.9363292130489]],[[-75.2296427339211,39.9329869381427],[-75.229773016721,39.9329074041334]]]}},{"type":"Feature","properties":{"objectid":98,"stname":"TACONY","length_ft":4905.06520609,"Shape__Length":1950.4979715016034},"geometry":{"type":"MultiLineString","coordinates":[[[-75.0688341533398,40.008646887398],[-75.0659816255414,40.0090411141749],[-75.0642002118944,40.009621605837]],[[-75.0724888016898,40.0081325613183],[-75.0717761821326,40.0082171130749]],[[-75.0717761821326,40.0082171130749],[-75.0703113788685,40.0084308133195]],[[-75.073910479922,40.0079717512646],[-75.0724888016898,40.0081325613183]],[[-75.0703113788685,40.0084308133195],[-75.0688341533398,40.008646887398]],[[-75.0606520252235,40.0111231296265],[-75.0597991287627,40.0116360703518],[-75.0584494451009,40.0124346721359]],[[-75.0584494451009,40.0124346721359],[-75.0579195037711,40.0127294172686]],[[-75.0642002118944,40.009621605837],[-75.0624763869489,40.0101417600825],[-75.0622199083418,40.0102269878162],[-75.0618077549741,40.0104484565726],[-75.0606520252235,40.0111231296265]]]}},{"type":"Feature","properties":{"objectid":99,"stname":"KNIGHTS","length_ft":12210.39540166,"Shape__Length":4870.853728038559},"geometry":{"type":"MultiLineString","coordinates":[[[-74.979355661204,40.0757645899497],[-74.9788361068177,40.0768976395218]],[[-74.9642115683564,40.0924272871282],[-74.963848438957,40.0925926012125],[-74.9626783799328,40.093136411873],[-74.9621791466855,40.0934269658221]],[[-74.9756244384748,40.082155244454],[-74.9737663984896,40.0845431767637]],[[-74.9667327115295,40.0909493191862],[-74.9664415707347,40.0911577858075]],[[-74.9798558921187,40.0747424365759],[-74.979355661204,40.0757645899497]],[[-74.9809844087471,40.072386375648],[-74.9803628814659,40.0737003774131]],[[-74.9815666306529,40.0695315284935],[-74.9814160981519,40.0709980834731],[-74.9813491926034,40.0715025260247],[-74.981260144868,40.0717929430639],[-74.9811765272736,40.0719942274254]],[[-74.9657249271702,40.0916446439551],[-74.9654228371211,40.0918196104593],[-74.9651139636125,40.0919902786378],[-74.9644138669822,40.0923349910078]],[[-74.9612506280098,40.0941338883256],[-74.9602971200345,40.0950157202317]],[[-74.9737663984896,40.0845431767637],[-74.9719467594692,40.0869004373906]],[[-74.9695432792201,40.0889442719657],[-74.9680561535893,40.0900163229703]],[[-74.9719467594692,40.0869004373906],[-74.9712282796525,40.0876456124785]],[[-74.9680561535893,40.0900163229703],[-74.9667327115295,40.0909493191862]],[[-74.9602971200345,40.0950157202317],[-74.9598072432204,40.0954558553534]],[[-74.9788361068177,40.0768976395218],[-74.9782503872749,40.0782920242145],[-74.9779269407714,40.0792006219895],[-74.9776859232286,40.0798436195866],[-74.9774450972593,40.0802483570201],[-74.9772519963177,40.0805151888002]],[[-74.9598072432204,40.0954558553534],[-74.9594935101467,40.0957697457908],[-74.9592364232006,40.0961389120352],[-74.9587628842455,40.0968963160157]],[[-74.9621791466855,40.0934269658221],[-74.9618617881229,40.093630888414],[-74.961476377459,40.0939350230192],[-74.9612506280098,40.0941338883256]],[[-74.9772519963177,40.0805151888002],[-74.9763006968491,40.081463369654]],[[-74.9664415707347,40.0911577858075],[-74.9657249271702,40.0916446439551]],[[-74.9803628814659,40.0737003774131],[-74.9798558921187,40.0747424365759]],[[-74.9712282796525,40.0876456124785],[-74.9706687132115,40.0881437039907],[-74.9701543291222,40.0885224881728],[-74.9695432792201,40.0889442719657]],[[-74.9644138669822,40.0923349910078],[-74.9642115683564,40.0924272871282]],[[-74.9811765272736,40.0719942274254],[-74.9809844087471,40.072386375648]],[[-74.9763006968491,40.081463369654],[-74.9760455968486,40.0816808258398],[-74.9758219304706,40.081899029435],[-74.9756244384748,40.082155244454]]]}},{"type":"Feature","properties":{"objectid":100,"stname":"LANCASTER","length_ft":17741.80360486,"Shape__Length":7055.047934774038},"geometry":{"type":"MultiLineString","coordinates":[[[-75.2301728977316,39.9788037693394],[-75.230799272951,39.9791012852466]],[[-75.2324242535047,39.9798065708538],[-75.2328413242665,39.9799728458548],[-75.2339627840058,39.9803832620358],[-75.2340495333328,39.9804111107162]],[[-75.2224768905473,39.9752211577445],[-75.223579163189,39.9757320893442]],[[-75.2243679370818,39.9761021080175],[-75.2260650187581,39.9768941736759]],[[-75.2215011803287,39.9747640049858],[-75.2224768905473,39.9752211577445]],[[-75.2260650187581,39.9768941736759],[-75.2267680558363,39.9772203841845]],[[-75.223579163189,39.9757320893442],[-75.2243679370818,39.9761021080175]],[[-75.230799272951,39.9791012852466],[-75.2321004431766,39.9797032378666],[-75.2324242535047,39.9798065708538]],[[-75.2177698659099,39.9726360761666],[-75.218419598989,39.9730332145706]],[[-75.2160876723223,39.9716274646572],[-75.217439394982,39.9724437140599]],[[-75.2113376577635,39.9687351442901],[-75.2121367732705,39.9692372155271]],[[-75.21468998925,39.9707826287135],[-75.2149919593215,39.9709641277794]],[[-75.1977489067124,39.9607234035316],[-75.1989312924965,39.9613373428328]],[[-75.2129362132592,39.9697219735602],[-75.2139018671849,39.9703044604398]],[[-75.2045415145206,39.9645220531278],[-75.2054695561292,39.9650990738834]],[[-75.218419598989,39.9730332145706],[-75.2196491953962,39.9737715485516]],[[-75.2075626044839,39.9663901352537],[-75.2084654349446,39.9669589251751]],[[-75.217439394982,39.9724437140599],[-75.2177698659099,39.9726360761666]],[[-75.2068494304379,39.9659494026666],[-75.2075626044839,39.9663901352537]],[[-75.2001389447392,39.9619721207477],[-75.2007689222604,39.96229699922]],[[-75.2097610026585,39.9677595381245],[-75.2101046146607,39.9679709884223]],[[-75.2038752608213,39.9640982430315],[-75.2045415145206,39.9645220531278]],[[-75.1993504478562,39.9615511065968],[-75.2001389447392,39.9619721207477]],[[-75.2145441989464,39.9706926473282],[-75.21468998925,39.9707826287135]],[[-75.2101046146607,39.9679709884223],[-75.2113376577635,39.9687351442901]],[[-75.2204500253036,39.9742549480961],[-75.2206447317881,39.9743666399229],[-75.2215011803287,39.9747640049858]],[[-75.1989312924965,39.9613373428328],[-75.1993504478562,39.9615511065968]],[[-75.2007689222604,39.96229699922],[-75.2019314275237,39.9629045531576]],[[-75.2064984399879,39.9657337087642],[-75.2068494304379,39.9659494026666]],[[-75.1968138008011,39.9602223241669],[-75.1969583649621,39.9603079652892],[-75.1977489067124,39.9607234035316]],[[-75.2023455894121,39.9631470295086],[-75.2036001143867,39.9639310616005]],[[-75.2036001143867,39.9639310616005],[-75.2038752608213,39.9640982430315]],[[-75.2121367732705,39.9692372155271],[-75.2126436065482,39.969545468316]],[[-75.195741046923,39.9596740879502],[-75.1968138008011,39.9602223241669]],[[-75.2139018671849,39.9703044604398],[-75.2143208469846,39.9705515598364]],[[-75.2019314275237,39.9629045531576],[-75.2023455894121,39.9631470295086]],[[-75.2149919593215,39.9709641277794],[-75.2160876723223,39.9716274646572]],[[-75.2196491953962,39.9737715485516],[-75.2204500253036,39.9742549480961]],[[-75.2084654349446,39.9669589251751],[-75.2095436098009,39.9676261358346],[-75.2097610026585,39.9677595381245]],[[-75.1951552877163,39.9593663736948],[-75.195741046923,39.9596740879502]],[[-75.2126436065482,39.969545468316],[-75.2129362132592,39.9697219735602]],[[-75.2054695561292,39.9650990738834],[-75.2064984399879,39.9657337087642]],[[-75.2143208469846,39.9705515598364],[-75.2145441989464,39.9706926473282]],[[-75.2267680558363,39.9772203841845],[-75.2271348089379,39.9773893016502]],[[-75.2271348089379,39.9773893016502],[-75.2301728977316,39.9788037693394]],[[-75.2432380463867,39.9833884930531],[-75.2435045185558,39.9834807001018],[-75.2442376368034,39.9837283825095],[-75.2454395359245,39.9841446483838]],[[-75.2457574189608,39.984282853957],[-75.2463889803795,39.9845900872751],[-75.247372555821,39.9850622000054]],[[-75.2428419732758,39.9832541944338],[-75.2432380463867,39.9833884930531]],[[-75.2340495333328,39.9804111107162],[-75.2346244233799,39.9805532845677],[-75.2353230484308,39.9807059522845],[-75.2356909385823,39.9808127500612],[-75.2361655826719,39.9809793504704]],[[-75.2390454054208,39.9819600132247],[-75.2413285085322,39.9827365341981],[-75.2415259936692,39.982804703242]],[[-75.2361655826719,39.9809793504704],[-75.2390454054208,39.9819600132247]],[[-75.247372555821,39.9850622000054],[-75.2481921036563,39.9854785793168]],[[-75.2454395359245,39.9841446483838],[-75.2457574189608,39.984282853957]],[[-75.2415259936692,39.982804703242],[-75.2424762119864,39.98313252547],[-75.2428419732758,39.9832541944338]]]}},{"type":"Feature","properties":{"objectid":101,"stname":"LANSDOWNE","length_ft":4190.09584144,"Shape__Length":1664.4419884143686},"geometry":{"type":"MultiLineString","coordinates":[[[-75.245543084714,39.9753395440621],[-75.2465990514678,39.9752230996737]],[[-75.2485990119544,39.9750008254791],[-75.248945954897,39.9749621441599],[-75.2493038985892,39.9749220968606]],[[-75.2402368170347,39.9759264772456],[-75.2410166993749,39.9758426151339]],[[-75.2426921226919,39.9756556531616],[-75.2435821633759,39.9755558201293]],[[-75.2474976792019,39.9751226571122],[-75.2477992984834,39.9750890644184]],[[-75.2444839179785,39.9754579902401],[-75.245543084714,39.9753395440621]],[[-75.2353235631942,39.976469969101],[-75.2360905177371,39.9763892509495]],[[-75.2483356218791,39.9750270339186],[-75.2485990119544,39.9750008254791]],[[-75.2410166993749,39.9758426151339],[-75.2418001025434,39.9757546233892]],[[-75.2345061131331,39.9765623343036],[-75.2353235631942,39.976469969101]],[[-75.246816697932,39.9752022223432],[-75.2474976792019,39.9751226571122]],[[-75.2394055664996,39.9760200600672],[-75.2402368170347,39.9759264772456]],[[-75.2385724938701,39.9761105931294],[-75.2394055664996,39.9760200600672]],[[-75.2418001025434,39.9757546233892],[-75.2426921226919,39.9756556531616]],[[-75.2465990514678,39.9752230996737],[-75.246816697932,39.9752022223432]],[[-75.2360905177371,39.9763892509495],[-75.2368138969173,39.976309656518]],[[-75.2376942847655,39.976210980026],[-75.2385724938701,39.9761105931294]],[[-75.2435821633759,39.9755558201293],[-75.2444839179785,39.9754579902401]],[[-75.2477992984834,39.9750890644184],[-75.2482329592606,39.9750390765361],[-75.2483356218791,39.9750270339186]],[[-75.2368138969173,39.976309656518],[-75.2376942847655,39.976210980026]]]}},{"type":"Feature","properties":{"objectid":102,"stname":"LEHIGH","length_ft":21769.996971269997,"Shape__Length":8654.219408221259},"geometry":{"type":"MultiLineString","coordinates":[[[-75.1723575616054,39.9962498611375],[-75.1739511773726,39.9964416150381]],[[-75.1309006610715,39.9908991257102],[-75.1289771782438,39.9906498322102]],[[-75.1258351400955,39.9901588761311],[-75.1254935405309,39.9898459787682]],[[-75.1681419589437,39.9957042070531],[-75.1686089330148,39.9957714147615]],[[-75.1270332823095,39.9903952353988],[-75.1259499531703,39.9902390812651]],[[-75.1593695578936,39.9945344587566],[-75.1599207274975,39.994600837154]],[[-75.1177152084111,39.9819013134741],[-75.1173569007586,39.9814909289308]],[[-75.1415138435982,39.9922648942192],[-75.1421760063557,39.9923524852495]],[[-75.1383539412459,39.9918609317994],[-75.1392631558631,39.9919786550896]],[[-75.1850318818904,39.9978871472551],[-75.1865482164759,39.9980753462791]],[[-75.1392631558631,39.9919786550896],[-75.1397107567375,39.9920376542615]],[[-75.1686089330148,39.9957714147615],[-75.1691789218954,39.9958363865871]],[[-75.1354681411348,39.9914885578475],[-75.1361617222732,39.9915740901843]],[[-75.1691789218954,39.9958363865871],[-75.1697344288138,39.9959135324923]],[[-75.1713283511528,39.9961232223502],[-75.1717911214132,39.996179543726]],[[-75.1823436614174,39.9975285021318],[-75.1843983173669,39.9978027939543]],[[-75.1243774497663,39.9888315219513],[-75.1233897465953,39.9879255137884]],[[-75.1215125106254,39.9861749628439],[-75.1212144174523,39.9858300498093]],[[-75.1635427336779,39.9951223092447],[-75.1640975242755,39.9951781034863]],[[-75.1843983173669,39.9978027939543],[-75.1850318818904,39.9978871472551]],[[-75.1289771782438,39.9906498322102],[-75.1270332823095,39.9903952353988]],[[-75.1609486691501,39.9947462043209],[-75.1613524249247,39.9948213459456],[-75.1618606128114,39.9948870393416],[-75.162545422668,39.9949773424648]],[[-75.1328954376014,39.9911531595402],[-75.1333500488812,39.9912104838908]],[[-75.140199768854,39.9920960020456],[-75.1408656578534,39.9921833024987]],[[-75.1202538214245,39.9847647765759],[-75.1196926119308,39.9841214722637]],[[-75.1707704082455,39.9960452942744],[-75.1713283511528,39.9961232223502]],[[-75.1324222934396,39.9910925076237],[-75.1328954376014,39.9911531595402]],[[-75.1209084026808,39.9854894785278],[-75.1202538214245,39.9847647765759]],[[-75.1338062494221,39.9912689301846],[-75.1343356324888,39.9913393978647]],[[-75.1675702014031,39.9956306531323],[-75.1681419589437,39.9957042070531]],[[-75.1191376289717,39.9834940729937],[-75.1185251769471,39.9828347460207]],[[-75.1801917667151,39.9972626075441],[-75.1817938758975,39.9974535145618]],[[-75.144468783313,39.9926420422806],[-75.1451122422166,39.9927248198782]],[[-75.1562309067365,39.9941582978856],[-75.1567892209898,39.9942350244859]],[[-75.1223433120327,39.9870400639889],[-75.1215125106254,39.9861749628439]],[[-75.1640975242755,39.9951781034863],[-75.165966640639,39.99542162976]],[[-75.1468841329071,39.9929581946459],[-75.1478888053874,39.9930879529148]],[[-75.1173569007586,39.9814909289308],[-75.1168489168066,39.9809297518862]],[[-75.1779907522554,39.9969722174703],[-75.1785787261667,39.997049088027]],[[-75.1397107567375,39.9920376542615],[-75.140199768854,39.9920960020456]],[[-75.1438322380084,39.9925594909994],[-75.144468783313,39.9926420422806]],[[-75.1508161543188,39.9934694796642],[-75.1523923698518,39.9936681443524]],[[-75.1233897465953,39.9879255137884],[-75.1229162799048,39.9874719358002]],[[-75.1577937970812,39.9943520391602],[-75.158361276698,39.994391895379]],[[-75.1333500488812,39.9912104838908],[-75.1338062494221,39.9912689301846]],[[-75.1532966989103,39.9937830580187],[-75.1545330260843,39.9939390159832],[-75.1545904553173,39.9939476362078]],[[-75.1343356324888,39.9913393978647],[-75.1348709065725,39.9914170415058]],[[-75.165966640639,39.99542162976],[-75.1675702014031,39.9956306531323]],[[-75.1460913670975,39.9928576741962],[-75.1468841329071,39.9929581946459]],[[-75.1755412354984,39.9966483794997],[-75.1769514577484,39.9968417806582]],[[-75.1212144174523,39.9858300498093],[-75.1209084026808,39.9854894785278]],[[-75.1792067341828,39.9971280549807],[-75.1801917667151,39.9972626075441]],[[-75.1588098785459,39.9944402369855],[-75.1593695578936,39.9945344587566]],[[-75.1196926119308,39.9841214722637],[-75.119192122935,39.9835582149176],[-75.1191376289717,39.9834940729937]],[[-75.1492408890074,39.9932621594613],[-75.1508161543188,39.9934694796642]],[[-75.1421760063557,39.9923524852495],[-75.1430008579238,39.992458949839]],[[-75.1545904553173,39.9939476362078],[-75.1548236681863,39.9939763194153],[-75.1550549263676,39.9940050868007],[-75.1562309067365,39.9941582978856]],[[-75.1599207274975,39.994600837154],[-75.1609486691501,39.9947462043209]],[[-75.1702039400881,39.9959769649747],[-75.1707704082455,39.9960452942744]],[[-75.1378456373138,39.9917973517073],[-75.1383539412459,39.9918609317994]],[[-75.1319621211729,39.9910392686176],[-75.1324222934396,39.9910925076237]],[[-75.1478888053874,39.9930879529148],[-75.1492408890074,39.9932621594613]],[[-75.1408656578534,39.9921833024987],[-75.1415138435982,39.9922648942192]],[[-75.1348709065725,39.9914170415058],[-75.1354681411348,39.9914885578475]],[[-75.1309006610715,39.9908991257102],[-75.1314398879049,39.9909695963303]],[[-75.1631961902467,39.9950712676531],[-75.1635427336779,39.9951223092447]],[[-75.1456047366461,39.9927927508454],[-75.1460913670975,39.9928576741962]],[[-75.1430008579238,39.992458949839],[-75.1438322380084,39.9925594909994]],[[-75.1229162799048,39.9874719358002],[-75.1223433120327,39.9870400639889]],[[-75.1361617222732,39.9915740901843],[-75.1373503004732,39.9917384984382]],[[-75.1775043657833,39.9969202178899],[-75.1779907522554,39.9969722174703]],[[-75.1717911214132,39.996179543726],[-75.1723575616054,39.9962498611375]],[[-75.1567892209898,39.9942350244859],[-75.1572503222614,39.9942867541179]],[[-75.1314398879049,39.9909695963303],[-75.1319621211729,39.9910392686176]],[[-75.1785787261667,39.997049088027],[-75.1792067341828,39.9971280549807]],[[-75.1865482164759,39.9980753462791],[-75.1876076179865,39.9982048467645]],[[-75.1185251769471,39.9828347460207],[-75.1177152084111,39.9819013134741]],[[-75.1254935405309,39.9898459787682],[-75.1243774497663,39.9888315219513]],[[-75.1523923698518,39.9936681443524],[-75.1532966989103,39.9937830580187]],[[-75.158361276698,39.994391895379],[-75.1588098785459,39.9944402369855]],[[-75.1739511773726,39.9964416150381],[-75.1744207002769,39.996507518062],[-75.1755412354984,39.9966483794997]],[[-75.1572503222614,39.9942867541179],[-75.1577937970812,39.9943520391602]],[[-75.162545422668,39.9949773424648],[-75.1631961902467,39.9950712676531]],[[-75.1817938758975,39.9974535145618],[-75.1823436614174,39.9975285021318]],[[-75.1697344288138,39.9959135324923],[-75.1702039400881,39.9959769649747]],[[-75.1451122422166,39.9927248198782],[-75.1456047366461,39.9927927508454]],[[-75.1769514577484,39.9968417806582],[-75.1775043657833,39.9969202178899]],[[-75.1373503004732,39.9917384984382],[-75.1378456373138,39.9917973517073]],[[-75.1259499531703,39.9902390812651],[-75.1258351400955,39.9901588761311]]]}},{"type":"Feature","properties":{"objectid":103,"stname":"MARKET","length_ft":8774.17420742,"Shape__Length":3484.371250022822},"geometry":{"type":"MultiLineString","coordinates":[[[-75.1715962409839,39.9533772753244],[-75.1731792637764,39.953580693777]],[[-75.1750894011255,39.9538096045823],[-75.1766582963749,39.9540174418524]],[[-75.1803126926994,39.9544922483407],[-75.1810069903917,39.9545771880074],[-75.181095439115,39.9545880084979],[-75.181221273222,39.9546034025499]],[[-75.1941555267244,39.9561890664496],[-75.1961231100098,39.9564382834503]],[[-75.1853605466696,39.9550890391254],[-75.1870665287197,39.9553049231379]],[[-75.1766582963749,39.9540174418524],[-75.1778253221298,39.9541676208456]],[[-75.1894913219023,39.9556022720661],[-75.1914669378808,39.9558521580075]],[[-75.1700105364594,39.9531808249459],[-75.1715962409839,39.9533772753244]],[[-75.1874806721533,39.9553548002588],[-75.1879621195952,39.9554127815782],[-75.1882687524416,39.9554510482465]],[[-75.1731792637764,39.953580693777],[-75.1750894011255,39.9538096045823]],[[-75.1833368319267,39.9548280787348],[-75.1853605466696,39.9550890391254]],[[-75.1882687524416,39.9554510482465],[-75.1894913219023,39.9556022720661]],[[-75.1668592664006,39.9527881851744],[-75.168446013546,39.9529850129251]],[[-75.1778253221298,39.9541676208456],[-75.1794392371459,39.9543853833809],[-75.1803126926994,39.9544922483407]],[[-75.1652297103873,39.9525858106677],[-75.1668592664006,39.9527881851744]],[[-75.181221273222,39.9546034025499],[-75.1833368319267,39.9548280787348]],[[-75.1914669378808,39.9558521580075],[-75.1917360929313,39.9558930006088],[-75.1941555267244,39.9561890664496]],[[-75.1870665287197,39.9553049231379],[-75.1874806721533,39.9553548002588]],[[-75.168446013546,39.9529850129251],[-75.1700105364594,39.9531808249459]]]}},{"type":"Feature","properties":{"objectid":104,"stname":"LEVICK","length_ft":15363.72217588,"Shape__Length":6118.314236376424},"geometry":{"type":"MultiLineString","coordinates":[[[-75.0723768948412,40.0366413779723],[-75.0721071380078,40.0364945551314],[-75.0717856899617,40.0363132706386]],[[-75.0500049176659,40.0195204751177],[-75.0495003871057,40.0189383985174]],[[-75.063845624284,40.0318815365462],[-75.0635962774235,40.0317490075252],[-75.0634202961887,40.0316586078432],[-75.0631916342106,40.031575827299]],[[-75.07890229171,40.0403208753356],[-75.0778623808949,40.0397311697828],[-75.0773975539871,40.0394734971099]],[[-75.0651283979574,40.0325963878235],[-75.0648962524949,40.0324686798923]],[[-75.0584100927776,40.028858596418],[-75.0579535984012,40.028601241311],[-75.0578740467605,40.0285293318271]],[[-75.0832811355645,40.0427637849376],[-75.0826776134134,40.0424297475845]],[[-75.0735529779639,40.0373072633278],[-75.0732553205562,40.0371305687745],[-75.0729629586443,40.0369648048308]],[[-75.0644374396655,40.0322126022438],[-75.064102449806,40.032025572339],[-75.063845624284,40.0318815365462]],[[-75.0531546854178,40.0231141137996],[-75.05293439897,40.0228728952197],[-75.0527052587242,40.0226014416755]],[[-75.0509074894826,40.0205444052524],[-75.0504524142885,40.0200353705863]],[[-75.0717856899617,40.0363132706386],[-75.0714528290462,40.0361260632027],[-75.071195436123,40.0359809897574]],[[-75.0694448820288,40.0350024592698],[-75.0685390167405,40.0345012748619],[-75.0681645322854,40.0342867535814]],[[-75.0900895781298,40.0465017516966],[-75.0883156389478,40.0455232110297]],[[-75.0648962524949,40.0324686798923],[-75.0647658642349,40.0323963609137],[-75.0644374396655,40.0322126022438]],[[-75.056839795463,40.0273349114815],[-75.0562970865543,40.0267129713959]],[[-75.0845192381656,40.0434480736655],[-75.0839049190662,40.0431122048803]],[[-75.08503324318,40.0437403352206],[-75.0845192381656,40.0434480736655]],[[-75.0729629586443,40.0369648048308],[-75.0726893997746,40.0368172181191],[-75.0723768948412,40.0366413779723]],[[-75.0527052587242,40.0226014416755],[-75.0524846437598,40.0223553001167],[-75.0522567253957,40.0220891075816]],[[-75.0504524142885,40.0200353705863],[-75.0500049176659,40.0195204751177]],[[-75.0631916342106,40.031575827299],[-75.0630509385738,40.0314394297341],[-75.0616487971565,40.0306645382587]],[[-75.0695991306049,40.0351025031859],[-75.0694448820288,40.0350024592698]],[[-75.071195436123,40.0359809897574],[-75.0708986827538,40.0358112362048],[-75.0705257466436,40.0356273188422]],[[-75.0809066175093,40.041442039924],[-75.07890229171,40.0403208753356]],[[-75.0673124253661,40.0338336352389],[-75.067271054068,40.0337998411642],[-75.066954902306,40.0336285515936],[-75.0665261047561,40.0333861525806]],[[-75.0871190324738,40.044857089054],[-75.0862319713115,40.0443632675977],[-75.0857894228747,40.0441055568596]],[[-75.0562970865543,40.0267129713959],[-75.0554000784615,40.0256821657752]],[[-75.0554000784615,40.0256821657752],[-75.0549680971266,40.0251804639787]],[[-75.0857894228747,40.0441055568596],[-75.0855123216544,40.0439669347647],[-75.0851959600695,40.0437751076798],[-75.0851328154404,40.0437534604397],[-75.08503324318,40.0437403352206]],[[-75.074452275894,40.0377918742933],[-75.0735529779639,40.0373072633278]],[[-75.0616487971565,40.0306645382587],[-75.0600392167936,40.0297619541293]],[[-75.0705257466436,40.0356273188422],[-75.0701619889828,40.0354346039556]],[[-75.0517766667448,40.0215444328228],[-75.0513221875402,40.0210236752741]],[[-75.0883156389478,40.0455232110297],[-75.0871190324738,40.044857089054]],[[-75.0773975539871,40.0394734971099],[-75.0769818487912,40.0392382292887],[-75.0769591130497,40.0392253622378],[-75.0757386151483,40.0385158258032],[-75.0753391812078,40.0382906816646]],[[-75.0573923789633,40.0279615954233],[-75.056839795463,40.0273349114815]],[[-75.0658189160537,40.0329794640651],[-75.0654852772046,40.0327989556659],[-75.0651283979574,40.0325963878235]],[[-75.0839049190662,40.0431122048803],[-75.0832811355645,40.0427637849376]],[[-75.0536071018347,40.023625009751],[-75.0533758472702,40.0233710964877],[-75.0531546854178,40.0231141137996]],[[-75.0578740467605,40.0285293318271],[-75.0573923789633,40.0279615954233]],[[-75.0753391812078,40.0382906816646],[-75.0749443895431,40.0380754718442],[-75.074452275894,40.0377918742933]],[[-75.0701619889828,40.0354346039556],[-75.0700043182865,40.035329308097]],[[-75.0522567253957,40.0220891075816],[-75.0517766667448,40.0215444328228]],[[-75.0700043182865,40.035329308097],[-75.0695991306049,40.0351025031859]],[[-75.0600392167936,40.0297619541293],[-75.0584100927776,40.028858596418]],[[-75.0826776134134,40.0424297475845],[-75.0809066175093,40.041442039924]],[[-75.0544982311621,40.0246573191428],[-75.0540574782794,40.0241386590166]],[[-75.0681645322854,40.0342867535814],[-75.0677390926028,40.0340711139932],[-75.0673124253661,40.0338336352389]],[[-75.0513221875402,40.0210236752741],[-75.0509074894826,40.0205444052524]],[[-75.0549680971266,40.0251804639787],[-75.0544982311621,40.0246573191428]],[[-75.0665261047561,40.0333861525806],[-75.0661717653035,40.0331841502549],[-75.0658189160537,40.0329794640651]],[[-75.0540574782794,40.0241386590166],[-75.0538322610836,40.0238903758797],[-75.0536071018347,40.023625009751]]]}},{"type":"Feature","properties":{"objectid":105,"stname":"LINCOLN","length_ft":16326.56181895,"Shape__Length":6508.258213600256},"geometry":{"type":"MultiLineString","coordinates":[[[-75.1877788523204,40.0307807341216],[-75.1877960803701,40.0314201413972],[-75.1876627116701,40.032076640851]],[[-75.1940148252168,40.0517415593447],[-75.1938486642571,40.0520236708455]],[[-75.1960992813638,40.0237147072526],[-75.1975523199675,40.0228735423131],[-75.1977519542252,40.0227212551361],[-75.1982015596789,40.0225324745824],[-75.1986863671054,40.0223330064444],[-75.199054472654,40.0221959270444],[-75.1992722502326,40.0220899104861],[-75.1995519373473,40.0219241084166],[-75.1997524253463,40.0217489009285],[-75.1999182823813,40.0215691020134],[-75.2001664912235,40.0213146804517],[-75.2004819673836,40.0207253676169],[-75.2007264559546,40.0201727040717],[-75.2007531593025,40.0201236038446],[-75.2013853245463,40.0190443885036],[-75.201812552936,40.018258780594],[-75.2019950690761,40.0178996886096],[-75.2020646739824,40.0177115773508]],[[-75.1889044627341,40.0293522429813],[-75.1888328995481,40.0294224005462],[-75.1887218668308,40.0294657955147],[-75.1882949454466,40.0295785951688],[-75.1881268107408,40.0296856991893],[-75.1879979881773,40.0298051470738],[-75.1878379799899,40.030092092762],[-75.1877733788115,40.0303544078011],[-75.1877647273128,40.0305835688057],[-75.1877788523204,40.0307807341216]],[[-75.1923478070199,40.0463181585441],[-75.1922104904112,40.046659779678],[-75.1921452929231,40.0469198455661],[-75.1921087243947,40.0471724065141],[-75.1921263799406,40.0476882167917]],[[-75.1934969879575,40.0428853192156],[-75.1935970850229,40.0432579994893]],[[-75.1916424192748,40.041349217325],[-75.1919011407892,40.0416414909637],[-75.1920969632008,40.041818005046]],[[-75.1935970850229,40.0432579994893],[-75.1935548636349,40.0435332547219],[-75.193482683704,40.0437688378066],[-75.1930941060091,40.0445996570326]],[[-75.1917666063805,40.0392295083831],[-75.1917667152339,40.0399599207148]],[[-75.1917667152339,40.0399599207148],[-75.1917165349674,40.0404514286712]],[[-75.1917165349674,40.0404514286712],[-75.1916424192748,40.041349217325]],[[-75.1909905809686,40.0373624105849],[-75.1915749755425,40.0384375055492]],[[-75.2020646739824,40.0177115773508],[-75.2024046138298,40.016922559276],[-75.2025750374452,40.016620536239],[-75.2026789720367,40.01650052094],[-75.2028016290927,40.0164115009289],[-75.2031349223381,40.0162736370501],[-75.2033312291186,40.0162091850978],[-75.2035668454354,40.0161570725519],[-75.2038312624925,40.0161323561589],[-75.2041197991855,40.0161272860151],[-75.2046072623676,40.0161525451283]],[[-75.1921263799406,40.0476882167917],[-75.1921814056709,40.0478511642573],[-75.1922964624947,40.0481578160455],[-75.1924987259265,40.0484603273958],[-75.1927337654818,40.048733158156],[-75.1931035037542,40.0490494343873]],[[-75.1915749755425,40.0384375055492],[-75.1917666063805,40.0392295083831]],[[-75.1904766107606,40.02839214645],[-75.1904740378854,40.0283619135093],[-75.190501329885,40.0280337824345],[-75.190546548394,40.0278895326835],[-75.1906459848483,40.0277579592201],[-75.1909003002446,40.0276069019137],[-75.1910510736179,40.0275643904504],[-75.1912310796126,40.0275378210916],[-75.1917672122274,40.0275612323108],[-75.1921128966451,40.0274924809974],[-75.1923583530462,40.0274444325415],[-75.1924841399921,40.0274051857206],[-75.1926142528096,40.0273242248314]],[[-75.1884074187408,40.0349765264423],[-75.1887239741222,40.0354246143113],[-75.188967849172,40.0356232741503],[-75.1891756563003,40.0357901409708],[-75.1895157029299,40.0360045030036],[-75.1899627612315,40.0363185587467],[-75.1903156432459,40.0366122685463],[-75.1905750373586,40.0368674023757],[-75.1909905809686,40.0373624105849]],[[-75.1889044627341,40.0293522429813],[-75.1894095873845,40.0292938251606],[-75.1897102799707,40.0292317227282],[-75.1899475354938,40.0291376252902],[-75.1901565666683,40.0290008501121],[-75.1902858148884,40.028869941401],[-75.1904766107606,40.02839214645]],[[-75.1920969632008,40.041818005046],[-75.1932505724329,40.0425714145227]],[[-75.1940866511442,40.0516422493781],[-75.1940148252168,40.0517415593447]],[[-75.1876627116701,40.032076640851],[-75.1876728957572,40.0323849547513],[-75.1877073273091,40.0325950763658],[-75.1877389118396,40.0328004834508],[-75.1877705627157,40.0329165887091],[-75.1877827830976,40.0329594663418],[-75.1877952179132,40.0330030911861],[-75.1879124446945,40.0333974982952],[-75.1880889866489,40.0341641196388],[-75.1884074187408,40.0349765264423]],[[-75.1931035037542,40.0490494343873],[-75.1933112203433,40.0491595731294],[-75.1936278536055,40.0493673182135],[-75.1937960855804,40.0495231070622],[-75.1940087862002,40.049758947265],[-75.1941286040505,40.0499353131383]],[[-75.1926142528096,40.0273242248314],[-75.1926744383739,40.0272374079744],[-75.1927483102776,40.0271243765531],[-75.192854580698,40.0269432603088],[-75.1930197480687,40.0267825683809],[-75.1932703807742,40.0265970200308],[-75.1937798507745,40.0262719772863],[-75.194050207805,40.026090689324],[-75.1941481966195,40.0259973059558],[-75.1942770011369,40.0258778511543],[-75.1943917634653,40.0257351477408],[-75.1945564146282,40.0254559429602],[-75.1946649783032,40.0252137150957],[-75.1948669113482,40.0247365669615],[-75.1949487635197,40.0245434376703],[-75.1950686344268,40.0243970252525],[-75.1957470519268,40.023941942777],[-75.1960834143495,40.0237238933148],[-75.1960992813638,40.0237147072526]],[[-75.1941286040505,40.0499353131383],[-75.1943159432204,40.050257181274],[-75.1943735615509,40.0504513761403],[-75.1944136803527,40.0506468863873],[-75.1943866504054,40.0509442921937],[-75.1943295933157,40.0511984584778],[-75.1942252378029,40.0514046211934],[-75.1940866511442,40.0516422493781]],[[-75.1932505724329,40.0425714145227],[-75.1933955612111,40.0427208305246],[-75.1934969879575,40.0428853192156]],[[-75.1930941060091,40.0445996570326],[-75.1923478070199,40.0463181585441]]]}},{"type":"Feature","properties":{"objectid":106,"stname":"LINDBERGH","length_ft":21290.5707647,"Shape__Length":8469.198680341822},"geometry":{"type":"LineString","coordinates":[[-75.2100238560966,39.9386574756474],[-75.2100367469174,39.9386484483583],[-75.2120267316573,39.9372547667641],[-75.2138927253474,39.9359253587254],[-75.2143600039407,39.9352466036452],[-75.2155714082105,39.933498745392],[-75.2160763263147,39.9327516216364],[-75.2162635480297,39.9324899222268],[-75.216886450145,39.9316354995569],[-75.2174168238437,39.9308550245071],[-75.2184625678419,39.9293725822947],[-75.2188019591625,39.928876902067],[-75.2193655404659,39.9280438135871],[-75.2196981241636,39.9275207092797],[-75.2202970220374,39.9266694713575],[-75.2213069098169,39.9251647368737],[-75.2215270059295,39.9248285302097],[-75.2216977002577,39.9245901213696],[-75.2218176741693,39.9244140469548],[-75.2221706798208,39.9239230143081],[-75.2225663196871,39.9233565039343],[-75.2231964264802,39.9224117282166],[-75.2241483305373,39.9210424373869],[-75.2244060619626,39.9206745810187],[-75.2250572741408,39.919739387251],[-75.2254550228913,39.9191398891783],[-75.2258962224452,39.9185089293781],[-75.2260057786194,39.9183747866415],[-75.2261270301038,39.918208076968],[-75.2262072217371,39.9180534927414],[-75.2262550766924,39.9179087437961],[-75.2262890568323,39.9177634416656],[-75.226296987571,39.9175747408014],[-75.2262647167104,39.9174163314141],[-75.2262263403796,39.9172720107873],[-75.2261030151091,39.9169120303736],[-75.2258154966397,39.9161030895079],[-75.2258401283723,39.9156546064652],[-75.2259087905544,39.9153660694724],[-75.2260612048137,39.914967819022],[-75.2262767768208,39.9146018565928],[-75.2265697153516,39.9141479121407],[-75.2270780619787,39.9135205736457],[-75.2272129939679,39.9133827780114],[-75.2277222352545,39.9129458104856],[-75.2283948988823,39.9124766116066],[-75.2291782605244,39.9119068652653],[-75.2303462844862,39.9111086105849],[-75.2311815579574,39.910511285477],[-75.2316310755515,39.9101581769059],[-75.2319671303903,39.9098832382117],[-75.2323239405367,39.9095191277317],[-75.2326320776093,39.9092122050118],[-75.2329467659167,39.9088820246739],[-75.2340519563971,39.9076511478019],[-75.2343461157181,39.9073161588744],[-75.234734621283,39.9068810366029],[-75.234982773588,39.9066220863357],[-75.2351657942659,39.9064622777816],[-75.2357375236975,39.9059961471734],[-75.2366127276963,39.9054086039405],[-75.2377770507464,39.9047828256519],[-75.2385780274442,39.9044862639181],[-75.2400049226508,39.9041903820576],[-75.2401491154247,39.9041604807416],[-75.2403342477535,39.9041220898677],[-75.2405789555338,39.9040713446753],[-75.241794180905,39.9038453509096],[-75.2419614218985,39.903814248761],[-75.2431990293483,39.903581957223],[-75.2449874735447,39.9031879838677],[-75.2463116644864,39.9027442276539],[-75.2473038631589,39.9022950603638],[-75.2473101645514,39.9022915155813],[-75.2482026121409,39.901789496543],[-75.2491111925106,39.9011228034126],[-75.2497530151443,39.9005572024711],[-75.2502314881868,39.9000382942482],[-75.250998050468,39.8991904512877],[-75.2523259633082,39.8976659262564],[-75.2523511672063,39.8976272246686],[-75.2524474673689,39.8975149980292],[-75.254287730695,39.8955051145114],[-75.2548696612865,39.8948826467608]]}},{"type":"Feature","properties":{"objectid":107,"stname":"LINDEN","length_ft":3568.16257532,"Shape__Length":1422.1536099488908},"geometry":{"type":"MultiLineString","coordinates":[[[-75.0047974112229,40.054756788022],[-75.0041632832901,40.0542193229236]],[[-75.0023450710854,40.05260201887],[-75.0017429370575,40.0520569085202]],[[-75.0088029700777,40.0584107361597],[-75.0086572981297,40.058275796612],[-75.0085740030514,40.0581708097803],[-75.0084135760519,40.058011432471],[-75.0082689542366,40.0578671455159],[-75.0082470361447,40.0578055656836]],[[-75.0082470361447,40.0578055656836],[-75.0078168189607,40.0574169534077]],[[-75.0078168189607,40.0574169534077],[-75.0047974112229,40.054756788022]],[[-75.0029505495147,40.0531366137981],[-75.0023450710854,40.05260201887]],[[-75.0011268552331,40.0515162195343],[-75.0005156016114,40.0509801712989]],[[-75.0035627071246,40.0536824101922],[-75.0029505495147,40.0531366137981]],[[-75.0017429370575,40.0520569085202],[-75.0011268552331,40.0515162195343]],[[-75.0041632832901,40.0542193229236],[-75.0035627071246,40.0536824101922]]]}},{"type":"Feature","properties":{"objectid":108,"stname":"LUZERNE","length_ft":10157.57558853,"Shape__Length":4037.064969185738},"geometry":{"type":"MultiLineString","coordinates":[[[-75.1214711637592,40.0101624648286],[-75.1181839315934,40.0097102540638]],[[-75.1087058987401,40.0084841601049],[-75.1080027681031,40.0083893116591]],[[-75.1054903098358,40.0080571293655],[-75.1048094943079,40.0079768718307]],[[-75.1041398580424,40.0079015847691],[-75.1035410371081,40.0078197123613]],[[-75.1266370129172,40.0108258908312],[-75.1305883539121,40.0113342916592],[-75.1317822932674,40.0114919027392]],[[-75.1035410371081,40.0078197123613],[-75.1028369395556,40.0077291066996]],[[-75.106758787597,40.0082366302876],[-75.1060864976865,40.0081400742787]],[[-75.1358598309217,40.0119913037375],[-75.1365401652839,40.0120778986944]],[[-75.1365401652839,40.0120778986944],[-75.1371690237777,40.0121575227876]],[[-75.1028369395556,40.0077291066996],[-75.1020696787123,40.0076223142891]],[[-75.1266370129172,40.0108258908312],[-75.1214711637592,40.0101624648286]],[[-75.1080027681031,40.0083893116591],[-75.107428273885,40.0083131752446]],[[-75.134395376419,40.0118006739933],[-75.1358598309217,40.0119913037375]],[[-75.1106415206061,40.0087302256173],[-75.1087058987401,40.0084841601049]],[[-75.1371690237777,40.0121575227876],[-75.1378288524555,40.0122429360863]],[[-75.1128243129958,40.0090168779217],[-75.1106415206061,40.0087302256173]],[[-75.107428273885,40.0083131752446],[-75.106758787597,40.0082366302876]],[[-75.1317822932674,40.0114919027392],[-75.134395376419,40.0118006739933]],[[-75.1048094943079,40.0079768718307],[-75.1041398580424,40.0079015847691]],[[-75.1060864976865,40.0081400742787],[-75.1054903098358,40.0080571293655]],[[-75.1181839315934,40.0097102540638],[-75.1128243129958,40.0090168779217]]]}},{"type":"Feature","properties":{"objectid":109,"stname":"MARKET","length_ft":4807.9191614,"Shape__Length":1909.21229706616},"geometry":{"type":"MultiLineString","coordinates":[[[-75.1551615760801,39.9513340761568],[-75.1567368767701,39.9515391725945]],[[-75.1535852999251,39.9511362295509],[-75.1551615760801,39.9513340761568]],[[-75.1583091553895,39.9517228689332],[-75.1598871809314,39.951922404162]],[[-75.1614415463712,39.9521099803118],[-75.1626087113468,39.9522553757251]],[[-75.1489202215926,39.9505634436394],[-75.1503781369547,39.9507433724548]],[[-75.145681058902,39.950186944252],[-75.1457529859177,39.950188747509],[-75.1472599326484,39.950379878543]],[[-75.1598871809314,39.951922404162],[-75.1614415463712,39.9521099803118]],[[-75.1503781369547,39.9507433724548],[-75.1520036157255,39.950945717969]],[[-75.1520036157255,39.950945717969],[-75.1535852999251,39.9511362295509]],[[-75.1472599326484,39.950379878543],[-75.1473893664848,39.9503595481883],[-75.1489202215926,39.9505634436394]],[[-75.1567368767701,39.9515391725945],[-75.1583091553895,39.9517228689332]]]}},{"type":"Feature","properties":{"objectid":110,"stname":"MASTER","length_ft":5079.788904169999,"Shape__Length":2017.7877925897756},"geometry":{"type":"MultiLineString","coordinates":[[[-75.2302305504492,39.9738211137573],[-75.2304379249385,39.973801082566]],[[-75.2396449173621,39.9727826093602],[-75.2404301177511,39.9726960752602]],[[-75.2286431818596,39.9740015419161],[-75.2292689524381,39.9739351442073]],[[-75.2263766083968,39.9742522369699],[-75.2277611963831,39.9740984602093]],[[-75.2347352073894,39.9733241440202],[-75.2354957896641,39.9732434197652]],[[-75.2379851637589,39.9729666321587],[-75.2388123352702,39.9728723296178]],[[-75.2338989292477,39.9734188529493],[-75.234132249079,39.9733937194621]],[[-75.2292689524381,39.9739351442073],[-75.2302305504492,39.9738211137573]],[[-75.2404301177511,39.9726960752602],[-75.2412121019636,39.9726093988439]],[[-75.2362234846509,39.973162393546],[-75.2368449746915,39.9730925778707]],[[-75.2311966747582,39.9737188290583],[-75.2317085627138,39.9736609339708]],[[-75.2331009329278,39.9735086741688],[-75.2336622982581,39.9734468091567]],[[-75.2277611963831,39.9740984602093],[-75.2286431818596,39.9740015419161]],[[-75.2241603489,39.9744825288224],[-75.2263766083968,39.9742522369699]],[[-75.2354957896641,39.9732434197652],[-75.2362234846509,39.973162393546]],[[-75.2321844179934,39.9736085683094],[-75.2331009329278,39.9735086741688]],[[-75.2304379249385,39.973801082566],[-75.2311966747582,39.9737188290583]],[[-75.2368449746915,39.9730925778707],[-75.2373665757125,39.9730322720147]],[[-75.2412121019636,39.9726093988439],[-75.2421025932434,39.9725104655183]],[[-75.234132249079,39.9733937194621],[-75.2347352073894,39.9733241440202]],[[-75.2373665757125,39.9730322720147],[-75.2379851637589,39.9729666321587]],[[-75.2317085627138,39.9736609339708],[-75.2321844179934,39.9736085683094]],[[-75.2388123352702,39.9728723296178],[-75.2396449173621,39.9727826093602]],[[-75.2336622982581,39.9734468091567],[-75.2338989292477,39.9734188529493]]]}},{"type":"Feature","properties":{"objectid":111,"stname":"MASTER","length_ft":3439.0304960500002,"Shape__Length":1366.0944902347946},"geometry":{"type":"MultiLineString","coordinates":[[[-75.15878506671,39.974491808881],[-75.1589562989824,39.9745097276145],[-75.1597622751092,39.9746099870512]],[[-75.1476614225396,39.9730480670779],[-75.1483847265606,39.9731416919925]],[[-75.1493630508412,39.9732652846502],[-75.1503186516552,39.9733918518461]],[[-75.1488708879276,39.9732060726054],[-75.1493630508412,39.9732652846502]],[[-75.1483847265606,39.9731416919925],[-75.1488708879276,39.9732060726054]],[[-75.1512502602881,39.9735132012752],[-75.1519183727782,39.9735978959973]],[[-75.1545689270019,39.9739434323286],[-75.1550645752494,39.9740052475045]],[[-75.1566186775913,39.9742075710188],[-75.1586439324699,39.9744658125855],[-75.15878506671,39.974491808881]],[[-75.1556660684253,39.9740814749326],[-75.1566186775913,39.9742075710188]],[[-75.1508583670334,39.9734599780963],[-75.1512502602881,39.9735132012752]],[[-75.1519183727782,39.9735978959973],[-75.1527041812945,39.9737007726773]],[[-75.1550645752494,39.9740052475045],[-75.1556660684253,39.9740814749326]],[[-75.1527041812945,39.9737007726773],[-75.1534920376573,39.9738020936551]],[[-75.1534920376573,39.9738020936551],[-75.1545689270019,39.9739434323286]],[[-75.1503186516552,39.9733918518461],[-75.1508583670334,39.9734599780963]]]}},{"type":"Feature","properties":{"objectid":112,"stname":"MIDVALE","length_ft":3638.25246124,"Shape__Length":1448.6844071194676},"geometry":{"type":"MultiLineString","coordinates":[[[-75.1899994623066,40.0155194463406],[-75.1902612034752,40.0152466065504],[-75.1904184062928,40.0150935250211],[-75.1905917148875,40.0149287567372],[-75.1909114429625,40.0147310996543],[-75.1918767134776,40.0142108394708]],[[-75.188385659347,40.0169959676067],[-75.1891528078501,40.0164225862704],[-75.1898375124012,40.0157614959361]],[[-75.182450316013,40.0210064918863],[-75.184360700753,40.0196936679012]],[[-75.1861897799057,40.018438776661],[-75.1881595765422,40.0170942242198],[-75.188385659347,40.0169959676067]],[[-75.184360700753,40.0196936679012],[-75.1861897799057,40.018438776661]],[[-75.1898375124012,40.0157614959361],[-75.1899994623066,40.0155194463406]]]}},{"type":"Feature","properties":{"objectid":113,"stname":"MONTGOMERY","length_ft":3236.20056028,"Shape__Length":1286.42665207701},"geometry":{"type":"MultiLineString","coordinates":[[[-75.2051404324525,39.9865029668532],[-75.2053076127634,39.9866566284817],[-75.205531243762,39.9868075498946],[-75.2056790635926,39.986871644587],[-75.2058277954724,39.9869114322148],[-75.2059614096081,39.9869326392407],[-75.2072785137994,39.9868041001109],[-75.2075342763758,39.9867674234043]],[[-75.2131540631373,39.985604244222],[-75.2132817509695,39.9857099337583],[-75.2135688201408,39.9858561595397],[-75.21382633517,39.9859469948103],[-75.2140215594088,39.9860121261314],[-75.2142127097062,39.9860656333927],[-75.2147011654464,39.9860210586726],[-75.2153462624225,39.9858954265344],[-75.2156826023918,39.9857960789647]],[[-75.2075342763758,39.9867674234043],[-75.2076912321033,39.9867450585113],[-75.2083873307681,39.9866610767845]],[[-75.2083873307681,39.9866610767845],[-75.2091788419692,39.9865436081312],[-75.2093944108333,39.9864875624745],[-75.2097007398853,39.9863301352816],[-75.2102195071516,39.9859888729348],[-75.2107183800754,39.985756639917],[-75.2111599072905,39.9855778730412],[-75.2114325851886,39.9854744328544],[-75.2117686878717,39.985366312063],[-75.2120074944768,39.9853229390575],[-75.21223749284,39.9853036978352],[-75.2124270857573,39.9853078898421],[-75.2126069627355,39.9853605207994],[-75.2128793647215,39.9854760144176],[-75.2131540631373,39.985604244222]]]}},{"type":"Feature","properties":{"objectid":114,"stname":"MOORE","length_ft":4000.5480073599997,"Shape__Length":1588.0980041777593},"geometry":{"type":"MultiLineString","coordinates":[[[-75.1715979995515,39.9283966118094],[-75.1721572940797,39.9284723001755]],[[-75.1768740866332,39.929070982553],[-75.1784469861697,39.929280509008]],[[-75.1688302702271,39.9280430814239],[-75.1689595099841,39.9280447316644]],[[-75.1803702535512,39.9295309953345],[-75.1819473184349,39.9297389934801]],[[-75.1731638653766,39.9285970368281],[-75.1737306258759,39.9286697379708]],[[-75.1721572940797,39.9284723001755],[-75.1727017699728,39.928529407203]],[[-75.1784469861697,39.929280509008],[-75.1803702535512,39.9295309953345]],[[-75.1689595099841,39.9280447316644],[-75.1695834813471,39.9281421252168]],[[-75.1727017699728,39.928529407203],[-75.1731638653766,39.9285970368281]],[[-75.1752921815959,39.9288763304017],[-75.1758813107302,39.9289502825894]],[[-75.1705954060962,39.9282748853647],[-75.1711396485424,39.9283380764703]],[[-75.1678825775743,39.9279192528433],[-75.1688302702271,39.9280430814239]],[[-75.1758813107302,39.9289502825894],[-75.1763369941056,39.9290091822255]],[[-75.1695834813471,39.9281421252168],[-75.1700517453211,39.9281963937924]],[[-75.1711396485424,39.9283380764703],[-75.1715979995515,39.9283966118094]],[[-75.1737306258759,39.9286697379708],[-75.1752921815959,39.9288763304017]],[[-75.1700517453211,39.9281963937924],[-75.1705954060962,39.9282748853647]],[[-75.1763369941056,39.9290091822255],[-75.1768740866332,39.929070982553]]]}},{"type":"Feature","properties":{"objectid":115,"stname":"OGONTZ","length_ft":17599.59498405,"Shape__Length":7021.833538367803},"geometry":{"type":"MultiLineString","coordinates":[[[-75.1569219457097,40.0691691162186],[-75.1571684019579,40.0699725083718]],[[-75.1562885026621,40.0670157172423],[-75.1567778970912,40.0686844581043]],[[-75.1492914743357,40.0575290733921],[-75.1492124993591,40.0581044151368],[-75.1492216071924,40.05844194772]],[[-75.1506314668395,40.0494254424858],[-75.1504787230915,40.0500803000517]],[[-75.1504787230915,40.0500803000517],[-75.1501443545468,40.0515871650307]],[[-75.1515073118228,40.04062170895],[-75.1514372468253,40.0408755722174],[-75.1513344279916,40.0410662242076],[-75.1512516103027,40.0411838623792]],[[-75.1510849702775,40.0471295254515],[-75.1510470674404,40.0474817522303],[-75.1509842535136,40.0478240259013]],[[-75.1500260935247,40.0524825748831],[-75.1499224555663,40.053136214069]],[[-75.1506341744275,40.0605871399317],[-75.1511442988328,40.0613360533362]],[[-75.1548689703758,40.0650528501631],[-75.1550585031269,40.0651831357425],[-75.1552228907791,40.0653124666393],[-75.1553703765613,40.0654257145491],[-75.1554825044393,40.0655332425595]],[[-75.1532851435648,40.0299645092817],[-75.1532427827043,40.0301158260942],[-75.153149688389,40.0303669619381],[-75.1530327905274,40.0305915416913],[-75.1529463923457,40.0307266156006],[-75.1528623602272,40.0308481835479]],[[-75.1491340241847,40.0372397873683],[-75.1491294683523,40.0374738696396],[-75.1491771709692,40.0377794002398],[-75.1492903483715,40.0380559670357],[-75.1494288443008,40.0383178851418],[-75.1496891179891,40.0386320331223],[-75.1499903990222,40.0389804743]],[[-75.1509159441474,40.0481182735366],[-75.1508234497217,40.0485276312049]],[[-75.1499224555663,40.053136214069],[-75.1497072392597,40.0546584303693]],[[-75.1573981368081,40.0707747909542],[-75.1576356420968,40.0715809108301]],[[-75.1501221073408,40.0598349913199],[-75.1506341744275,40.0605871399317]],[[-75.1528623602272,40.0308481835479],[-75.1527796301954,40.030957005361],[-75.1523724734548,40.0313963108707]],[[-75.1499626540259,40.0429310785446],[-75.1498628045075,40.0433855037271],[-75.1497994014053,40.0436823684612]],[[-75.1509842535136,40.0478240259013],[-75.1509159441474,40.0481182735366]],[[-75.1499903990222,40.0389804743],[-75.1515073118228,40.04062170895]],[[-75.1498621830691,40.0358368206781],[-75.1494627167252,40.0362712281395],[-75.1493038244519,40.03654163548],[-75.1491871206978,40.0368738869496],[-75.1491345765476,40.0372113979811],[-75.1491340241847,40.0372397873683]],[[-75.1567778970912,40.0686844581043],[-75.1568456766514,40.0689149696567],[-75.1569219457097,40.0691691162186]],[[-75.1576356420968,40.0715809108301],[-75.1578760477382,40.0723888965978]],[[-75.1496510292127,40.0449970482127],[-75.1499416542509,40.0453987355608],[-75.1501505535819,40.0456679285333]],[[-75.158128032678,40.0732325103454],[-75.1583854455501,40.0741899464742]],[[-75.149480231237,40.0562269692564],[-75.1493763376972,40.0569340326024]],[[-75.1506827866965,40.0463614097465],[-75.150830927473,40.0465466680957],[-75.1509698600347,40.0467769192282],[-75.1510346090225,40.0469600697616],[-75.1510849702775,40.0471295254515]],[[-75.1502086872072,40.0421913119622],[-75.1501039305665,40.042383931977],[-75.1500411064145,40.0425608574367],[-75.1499626540259,40.0429310785446]],[[-75.1525547107562,40.0633885862236],[-75.1526756569003,40.06357661684],[-75.1529186473681,40.0638908134888],[-75.1531884773852,40.0640917421725],[-75.1535160014614,40.0642950470174]],[[-75.1501505535819,40.0456679285333],[-75.1504513752933,40.0460589167809],[-75.1506827866965,40.0463614097465]],[[-75.1493763376972,40.0569340326024],[-75.1492914743357,40.0575290733921]],[[-75.1501443545468,40.0515871650307],[-75.1500260935247,40.0524825748831]],[[-75.1497072392597,40.0546584303693],[-75.149480231237,40.0562269692564]],[[-75.1523724734548,40.0313963108707],[-75.1512752502265,40.0325884357571],[-75.1511348234932,40.0327893243354],[-75.1509924438979,40.0330411841945],[-75.1508681891204,40.033329465951],[-75.1508097128589,40.0335172410123]],[[-75.1578760477382,40.0723888965978],[-75.158128032678,40.0732325103454]],[[-75.1497994014053,40.0436823684612],[-75.149723617151,40.044006390691],[-75.1497020279934,40.0440884586284],[-75.1496412330837,40.0443689585861]],[[-75.1492216071924,40.05844194772],[-75.1493341406298,40.0586905492669],[-75.1501221073408,40.0598349913199]],[[-75.1508234497217,40.0485276312049],[-75.1506314668395,40.0494254424858]],[[-75.1554825044393,40.0655332425595],[-75.1557484498274,40.0658091236105],[-75.1559054029098,40.066034376136],[-75.1560381696748,40.0662736203064],[-75.1561342364186,40.0664829592157],[-75.1562052831128,40.0667280783903],[-75.1562885026621,40.0670157172423]],[[-75.1508097128589,40.0335172410123],[-75.1507666549166,40.0339423137517],[-75.1507638991121,40.0343065959596],[-75.1507067463542,40.0346294824293],[-75.1505751238819,40.0349478155366],[-75.1504045666417,40.0352107584047],[-75.1498621830691,40.0358368206781]],[[-75.1496412330837,40.0443689585861],[-75.1495993643229,40.0447070781612],[-75.14959411579,40.0448391972098],[-75.1496510292127,40.0449970482127]],[[-75.1517521738394,40.0622292811468],[-75.1525547107562,40.0633885862236]],[[-75.1571684019579,40.0699725083718],[-75.1573981368081,40.0707747909542]],[[-75.1535160014614,40.0642950470174],[-75.1548689703758,40.0650528501631]],[[-75.1512516103027,40.0411838623792],[-75.151165355983,40.0413206720783],[-75.1510189714133,40.0414902364316],[-75.1508565461315,40.0416488957464],[-75.1506814663569,40.0417798613373],[-75.150566519659,40.0418447238216],[-75.1504844608746,40.041910330481],[-75.1503396861896,40.0420377646425],[-75.1502086872072,40.0421913119622]],[[-75.1511442988328,40.0613360533362],[-75.1517521738394,40.0622292811468]]]}},{"type":"Feature","properties":{"objectid":116,"stname":"PENROSE","length_ft":13233.182250169999,"Shape__Length":5256.448917082029},"geometry":{"type":"MultiLineString","coordinates":[[[-75.1847325588067,39.911323208834],[-75.1855161415368,39.910732644487]],[[-75.1964104407705,39.9045974008373],[-75.1968131559046,39.9044201020996],[-75.2008199129324,39.9026561582524],[-75.2011300807112,39.9025188484187],[-75.2106572747205,39.8982579867868],[-75.2113020726007,39.8979687378119],[-75.211574074793,39.8978442767403]],[[-75.1855161415368,39.910732644487],[-75.1863705277067,39.9100482954534]],[[-75.1900765727968,39.907529668016],[-75.1906958487299,39.9072255377687],[-75.1911303992337,39.9070102112284],[-75.1918989950234,39.9066162270747]],[[-75.1918989950234,39.9066162270747],[-75.1922138978281,39.9064722418024],[-75.1937921784333,39.9057381554765],[-75.1939906948844,39.90564241501]],[[-75.2208093418355,39.8936768809844],[-75.2217069724477,39.8932680549032],[-75.2228929452407,39.8927369721072],[-75.2238469675365,39.8923122127311],[-75.2243377430804,39.8920832474006],[-75.2244975425145,39.8920252141844]],[[-75.1939906948844,39.90564241501],[-75.1944259086372,39.9055423238434],[-75.1948919146985,39.905322676979]],[[-75.1863705277067,39.9100482954534],[-75.1871214237136,39.9094987804887],[-75.1875427209701,39.9092156931473],[-75.1894828742951,39.9079129370508],[-75.1900765727968,39.907529668016]],[[-75.1948919146985,39.905322676979],[-75.1964104407705,39.9045974008373]],[[-75.211574074793,39.8978442767403],[-75.2119635343648,39.8976660698669],[-75.2127280960632,39.8973196059045],[-75.2132631328889,39.8970771473597],[-75.2137722647593,39.8968464236062],[-75.2145537627041,39.8964846938383],[-75.2208093418355,39.8936768809844]]]}},{"type":"Feature","properties":{"objectid":117,"stname":"OLD YORK","length_ft":9683.07059995,"Shape__Length":3863.7326245055997},"geometry":{"type":"MultiLineString","coordinates":[[[-75.1457822281759,40.031236824856],[-75.1456670533885,40.0321401152444]],[[-75.1472028198246,40.015340223151],[-75.1472056312954,40.0155216035679],[-75.1472145090401,40.0158930600332]],[[-75.1470215294801,40.0228248500442],[-75.1469151846975,40.0244376248414]],[[-75.1462930014785,40.0282915485308],[-75.1461535154247,40.029053003735]],[[-75.1472507293622,40.0119159260572],[-75.1472236597181,40.0134410388515]],[[-75.1466897614436,40.0260602450812],[-75.1465737311776,40.0266859676177]],[[-75.1472145090401,40.0158930600332],[-75.1471857615495,40.0166186923548]],[[-75.1471462486004,40.0190195282773],[-75.1471446875604,40.019406072609]],[[-75.1471446875604,40.019406072609],[-75.1471426199273,40.0195286653069]],[[-75.1471426199273,40.0195286653069],[-75.1471469729055,40.0196024880957]],[[-75.1471469729055,40.0196024880957],[-75.1471422391395,40.0199405406151]],[[-75.1471834829769,40.0182312170421],[-75.1471462486004,40.0190195282773]],[[-75.1474646131922,40.0096519391547],[-75.1473279387003,40.0103912199857]],[[-75.1464349001596,40.0275429207493],[-75.1462930014785,40.0282915485308]],[[-75.1459604556258,40.0302722332903],[-75.1457822281759,40.031236824856]],[[-75.1469151846975,40.0244376248414],[-75.1468491740655,40.0251765096463]],[[-75.1460035396453,40.0299375065588],[-75.1459604556258,40.0302722332903]],[[-75.1472236597181,40.0134410388515],[-75.1472306168731,40.0140894793249]],[[-75.1471422391395,40.0199405406151],[-75.1471200748852,40.0207551184432]],[[-75.1479193922165,40.0071945263647],[-75.1476053945368,40.008788142968]],[[-75.1471857615495,40.0166186923548],[-75.1471834829769,40.0182312170421]],[[-75.1471200748852,40.0207551184432],[-75.1471135589426,40.0212895428795]],[[-75.1468491740655,40.0251765096463],[-75.1466897614436,40.0260602450812]],[[-75.1456670533885,40.0321401152444],[-75.1453985474039,40.0336610029088]],[[-75.1473279387003,40.0103912199857],[-75.1472507293622,40.0119159260572]],[[-75.1472148716479,40.0149740976094],[-75.1472028198246,40.015340223151]],[[-75.1476053945368,40.008788142968],[-75.147519094009,40.0093030900913],[-75.1474646131922,40.0096519391547]],[[-75.1461535154247,40.029053003735],[-75.1460285019088,40.029839923601],[-75.1460035396453,40.0299375065588]],[[-75.1471135589426,40.0212895428795],[-75.1470215294801,40.0228248500442]],[[-75.1465737311776,40.0266859676177],[-75.1464349001596,40.0275429207493]],[[-75.1472306168731,40.0140894793249],[-75.1472148716479,40.0149740976094]]]}},{"type":"Feature","properties":{"objectid":118,"stname":"OLD YORK","length_ft":8805.40995383,"Shape__Length":3513.4093222957686},"geometry":{"type":"MultiLineString","coordinates":[[[-75.1445746914816,40.0398459498703],[-75.1445267365909,40.0405341230423]],[[-75.1451466420786,40.0457954703171],[-75.1452177703858,40.0459881938299],[-75.1452832482204,40.046193593545]],[[-75.1397043044445,40.0570100421513],[-75.1390690379629,40.0580266944069]],[[-75.1449933930949,40.0454158980742],[-75.1451466420786,40.0457954703171]],[[-75.1426424576485,40.0521877544844],[-75.1421949070591,40.052868707885],[-75.1420356687762,40.0532221690338],[-75.1417953898463,40.0536401619977]],[[-75.1446152859006,40.0445705878578],[-75.144868989646,40.045149806277],[-75.1449933930949,40.0454158980742]],[[-75.1372880714048,40.0609283419545],[-75.1369376438311,40.0615986577131]],[[-75.1411077743259,40.0546177848857],[-75.1407670290091,40.0551675779363]],[[-75.1435967020136,40.0507482195135],[-75.1433158021408,40.0511803109785],[-75.1426424576485,40.0521877544844]],[[-75.1381728583871,40.0594727884529],[-75.1372880714048,40.0609283419545]],[[-75.1444316545642,40.0437634812269],[-75.1445589705372,40.0444718473021],[-75.1446152859006,40.0445705878578]],[[-75.1444350484923,40.0420347949342],[-75.144422613777,40.042316588699]],[[-75.1369376438311,40.0615986577131],[-75.1368783936577,40.0617591903047]],[[-75.1454390120465,40.0478358966158],[-75.1453910721578,40.0479706031223]],[[-75.1453910721578,40.0479706031223],[-75.1453223320128,40.0481223357808]],[[-75.1453223320128,40.0481223357808],[-75.1452439046505,40.0482610119375]],[[-75.1452439046505,40.0482610119375],[-75.1451502233373,40.0484161966218]],[[-75.1451502233373,40.0484161966218],[-75.1450571881244,40.0485545414298]],[[-75.1450571881244,40.0485545414298],[-75.1449612423656,40.0486899918702]],[[-75.144456362529,40.0415517643787],[-75.1444350484923,40.0420347949342]],[[-75.1444801554758,40.0412025517812],[-75.1444566613927,40.0415471561366],[-75.144456362529,40.0415517643787]],[[-75.1414450272534,40.0542173196281],[-75.1411077743259,40.0546177848857]],[[-75.1441703327732,40.049895292833],[-75.1440042375674,40.0501422616579]],[[-75.138614087792,40.058746901242],[-75.1381728583871,40.0594727884529]],[[-75.1399645331736,40.0565830644942],[-75.1397043044445,40.0570100421513]],[[-75.1407670290091,40.0551675779363],[-75.1407265921423,40.0552328232587],[-75.140669693264,40.0554053404347],[-75.1399833596063,40.0565284470664],[-75.1399645331736,40.0565830644942]],[[-75.1454097920183,40.0467393609327],[-75.1454784384838,40.0470400321909],[-75.1455083393084,40.0472405596985],[-75.1455099725572,40.0474236882559],[-75.1454827093665,40.0476261354457],[-75.1454390120465,40.0478358966158]],[[-75.1444229959059,40.0429853708719],[-75.1444316545642,40.0437634812269]],[[-75.1440042375674,40.0501422616579],[-75.1435967020136,40.0507482195135]],[[-75.1390690379629,40.0580266944069],[-75.138614087792,40.058746901242]],[[-75.1449612423656,40.0486899918702],[-75.1441703327732,40.049895292833]],[[-75.1368783936577,40.0617591903047],[-75.1365090521454,40.0623392330793]],[[-75.1445267365909,40.0405341230423],[-75.1444801554758,40.0412025517812]],[[-75.1452832482204,40.046193593545],[-75.1454097920183,40.0467393609327]],[[-75.1417953898463,40.0536401619977],[-75.1414450272534,40.0542173196281]],[[-75.144422613777,40.042316588699],[-75.1444229959059,40.0429853708719]]]}},{"type":"Feature","properties":{"objectid":119,"stname":"OLNEY","length_ft":9604.54359604,"Shape__Length":3819.558996722842},"geometry":{"type":"MultiLineString","coordinates":[[[-75.1254036756826,40.0357829268033],[-75.1265350065538,40.0359389231509]],[[-75.1286578065684,40.0362038192274],[-75.1295226383496,40.0363192886345]],[[-75.1324788601262,40.0366939618818],[-75.1332953566189,40.0368010532263]],[[-75.1410380559209,40.0382543236298],[-75.1414740480304,40.038356825746],[-75.1418091228719,40.0384285849207]],[[-75.1295226383496,40.0363192886345],[-75.1305202574978,40.0364464451122]],[[-75.1579533585868,40.0412679683746],[-75.1583609323888,40.0414962296852]],[[-75.1435838299727,40.038822161224],[-75.1436911347713,40.0388440284242],[-75.1446199199793,40.0390524099888],[-75.1447519108932,40.039082021761]],[[-75.1447519108932,40.039082021761],[-75.1448366142233,40.0391033761322],[-75.1465881761836,40.0390585725025]],[[-75.1379474782006,40.037548110836],[-75.1383726565222,40.037641402136],[-75.138718175529,40.0377151946838]],[[-75.1475187069106,40.0390297407461],[-75.1485344414474,40.0390116819681]],[[-75.1332953566189,40.0368010532263],[-75.1341376068486,40.0369169849259]],[[-75.1499903990222,40.0389804743],[-75.1504238248649,40.0390040467009],[-75.1508103811308,40.0390391026289],[-75.1520462404894,40.0391951291507]],[[-75.1305202574978,40.0364464451122],[-75.1315258425745,40.0365728788295]],[[-75.1485344414474,40.0390116819681],[-75.1499903990222,40.0389804743]],[[-75.1465881761836,40.0390585725025],[-75.1475187069106,40.0390297407461]],[[-75.1315258425745,40.0365728788295],[-75.1324788601262,40.0366939618818]],[[-75.1528394553765,40.0393033295235],[-75.1536376320478,40.0394018559829]],[[-75.138718175529,40.0377151946838],[-75.1390928065828,40.0378017117101],[-75.1394903781573,40.0378985177562]],[[-75.1536376320478,40.0394018559829],[-75.1544178114606,40.0395030065809]],[[-75.1425766399299,40.0386041740605],[-75.1435838299727,40.038822161224]],[[-75.1341376068486,40.0369169849259],[-75.1347702229443,40.0369898186572],[-75.1359746124907,40.0371501642193],[-75.1364391942799,40.0372052326827]],[[-75.1364391942799,40.0372052326827],[-75.1375145980418,40.0374413085356],[-75.1379474782006,40.037548110836]],[[-75.1520462404894,40.0391951291507],[-75.1528394553765,40.0393033295235]],[[-75.1394903781573,40.0378985177562],[-75.1399131236339,40.037992080439],[-75.1402708413477,40.0380812762851]],[[-75.1569882928434,40.0407818545513],[-75.1579533585868,40.0412679683746]],[[-75.1265350065538,40.0359389231509],[-75.1276432479252,40.0360727366512]],[[-75.1418091228719,40.0384285849207],[-75.1422074134038,40.0385157153531],[-75.1425766399299,40.0386041740605]],[[-75.1544178114606,40.0395030065809],[-75.1557857801489,40.0401836020617]],[[-75.1402708413477,40.0380812762851],[-75.1406434097602,40.038169678492],[-75.1410380559209,40.0382543236298]],[[-75.1276432479252,40.0360727366512],[-75.1286578065684,40.0362038192274]],[[-75.1557857801489,40.0401836020617],[-75.1569882928434,40.0407818545513]]]}},{"type":"Feature","properties":{"objectid":120,"stname":"ONTARIO","length_ft":4215.2964612900005,"Shape__Length":1675.2149326951194},"geometry":{"type":"MultiLineString","coordinates":[[[-75.1522379406855,40.0046990343168],[-75.1530939220516,40.0048025211224]],[[-75.1414115863953,40.0032668618408],[-75.1415366831427,40.0033049468899],[-75.1427725352716,40.0034712934641]],[[-75.1437454229627,40.0035910083211],[-75.1453247139294,40.0037916306522]],[[-75.1509715359548,40.0045464981533],[-75.1513900172401,40.004603646124]],[[-75.1538806762594,40.0049066930837],[-75.1546621767697,40.0050043030591]],[[-75.1486475369637,40.0042118296585],[-75.149268634806,40.0042814378407]],[[-75.1546621767697,40.0050043030591],[-75.1554491977901,40.0050912130094]],[[-75.1432954175655,40.0035327668141],[-75.1437454229627,40.0035910083211]],[[-75.1471374201603,40.0040190623216],[-75.1484582474717,40.004199991565],[-75.1486475369637,40.0042118296585]],[[-75.1530939220516,40.0048025211224],[-75.1538806762594,40.0049066930837]],[[-75.1500404384077,40.0044287835805],[-75.1509715359548,40.0045464981533]],[[-75.1554491977901,40.0050912130094],[-75.1562350532786,40.0051950312133]],[[-75.1453247139294,40.0037916306522],[-75.146903857568,40.0039947893102]],[[-75.149268634806,40.0042814378407],[-75.1494746575795,40.0043556870171],[-75.1500404384077,40.0044287835805]],[[-75.146903857568,40.0039947893102],[-75.1471374201603,40.0040190623216]],[[-75.1513900172401,40.004603646124],[-75.1522379406855,40.0046990343168]],[[-75.1427725352716,40.0034712934641],[-75.1432954175655,40.0035327668141]]]}},{"type":"Feature","properties":{"objectid":121,"stname":"ONTARIO","length_ft":12455.20993015,"Shape__Length":4953.740524579912},"geometry":{"type":"MultiLineString","coordinates":[[[-75.1344633934174,40.002390726497],[-75.1349947150168,40.0024548026798]],[[-75.1020139329871,39.9914678910709],[-75.1016053112205,39.9910035419411]],[[-75.1247344670848,40.0011332882701],[-75.1241344589109,40.001059039576]],[[-75.1160838304854,40.0000207934933],[-75.1154462614215,39.9999307259844]],[[-75.1219148976894,40.0007710681456],[-75.1212751078485,40.0006928625541]],[[-75.1286074254795,40.0016288180153],[-75.1279694145617,40.0015501690131]],[[-75.1116565906991,39.9994407510366],[-75.1112136834736,39.9993772377055]],[[-75.1023110217093,39.9918006359984],[-75.1020139329871,39.9914678910709]],[[-75.1177412127275,40.0002321522959],[-75.1172913343565,40.0001740089978]],[[-75.1260272784852,40.0012971567771],[-75.1254209549836,40.0012191240624]],[[-75.1049811137037,39.994815507516],[-75.1046043803737,39.9943972953113]],[[-75.1320363425144,40.002077456503],[-75.1325800704219,40.0021436658823]],[[-75.1096116465003,39.999173488329],[-75.1088995554581,39.9990806463798],[-75.1087260406852,39.9990417418045]],[[-75.1087260406852,39.9990417418045],[-75.1074864607016,39.9976678974596]],[[-75.1266826469276,40.0013827538793],[-75.1260272784852,40.0012971567771]],[[-75.1186879274429,40.0003455057535],[-75.1181833784828,40.0002822762385]],[[-75.1196459582852,40.0004740289542],[-75.1191651243722,40.0004153252293]],[[-75.112101228413,39.9994899579954],[-75.1116565906991,39.9994407510366]],[[-75.1241344589109,40.001059039576],[-75.1236761618698,40.0009966302014]],[[-75.1373390356924,40.0027630227147],[-75.137599401531,40.0028007837977],[-75.1378495121692,40.002808130274]],[[-75.1026020284268,39.9921290941484],[-75.1023110217093,39.9918006359984]],[[-75.1273699419517,40.0014731987909],[-75.1266826469276,40.0013827538793]],[[-75.1055201253324,39.9954521957983],[-75.1052217734216,39.9950928773977]],[[-75.1349947150168,40.0024548026798],[-75.1356171306868,40.0025429701701]],[[-75.1147867688145,39.9998476076439],[-75.1125982553782,39.9995583289307]],[[-75.1046043803737,39.9943972953113],[-75.1032857530616,39.9929010519983]],[[-75.1212751078485,40.0006928625541],[-75.1206113394443,40.0006047307407]],[[-75.129139732135,40.0017059548557],[-75.1296524822009,40.0017716809321]],[[-75.1335628108808,40.0022746804902],[-75.1337466544826,40.0022973495315]],[[-75.1305946704507,40.0018923690278],[-75.131504113406,40.002008733454]],[[-75.1167247955563,40.0000974685389],[-75.1160838304854,40.0000207934933]],[[-75.1066222075131,39.996691603114],[-75.1062169300891,39.9962333354082]],[[-75.1369263086677,40.0027112844416],[-75.1373390356924,40.0027630227147]],[[-75.1362050383935,40.0026179784127],[-75.1369263086677,40.0027112844416]],[[-75.1106720657419,39.9993129326215],[-75.1096116465003,39.999173488329]],[[-75.1279694145617,40.0015501690131],[-75.1273699419517,40.0014731987909]],[[-75.1325800704219,40.0021436658823],[-75.1331720809726,40.0022206746045]],[[-75.1016053112205,39.9910035419411],[-75.1003288364186,39.9895569494336]],[[-75.1236761618698,40.0009966302014],[-75.1225498152415,40.0008491478091]],[[-75.1225498152415,40.0008491478091],[-75.1219148976894,40.0007710681456]],[[-75.1301252476741,40.0018291443265],[-75.1305946704507,40.0018923690278]],[[-75.1052217734216,39.9950928773977],[-75.1050073459843,39.9948419374013],[-75.1049811137037,39.994815507516]],[[-75.1172913343565,40.0001740089978],[-75.1167247955563,40.0000974685389]],[[-75.1286074254795,40.0016288180153],[-75.129139732135,40.0017059548557]],[[-75.107057478347,39.9971806534207],[-75.1066222075131,39.996691603114]],[[-75.1112136834736,39.9993772377055],[-75.1106720657419,39.9993129326215]],[[-75.1296524822009,40.0017716809321],[-75.1301252476741,40.0018291443265]],[[-75.1181833784828,40.0002822762385],[-75.1177412127275,40.0002321522959]],[[-75.1337466544826,40.0022973495315],[-75.1344633934174,40.002390726497]],[[-75.1125982553782,39.9995583289307],[-75.112101228413,39.9994899579954]],[[-75.1062169300891,39.9962333354082],[-75.1055201253324,39.9954521957983]],[[-75.1254209549836,40.0012191240624],[-75.1247344670848,40.0011332882701]],[[-75.131504113406,40.002008733454],[-75.1317621273981,40.00204335204]],[[-75.1032857530616,39.9929010519983],[-75.1030086330391,39.992584319471]],[[-75.1030086330391,39.992584319471],[-75.1026020284268,39.9921290941484]],[[-75.1154462614215,39.9999307259844],[-75.1147867688145,39.9998476076439]],[[-75.1331720809726,40.0022206746045],[-75.1335628108808,40.0022746804902]],[[-75.1206113394443,40.0006047307407],[-75.1196459582852,40.0004740289542]],[[-75.1317621273981,40.00204335204],[-75.1320363425144,40.002077456503]],[[-75.1191651243722,40.0004153252293],[-75.1186879274429,40.0003455057535]],[[-75.1074864607016,39.9976678974596],[-75.107057478347,39.9971806534207]],[[-75.1356171306868,40.0025429701701],[-75.1362050383935,40.0026179784127]]]}},{"type":"Feature","properties":{"objectid":122,"stname":"PHILMONT","length_ft":2946.8133202,"Shape__Length":1173.944900602042},"geometry":{"type":"MultiLineString","coordinates":[[[-75.0164519349562,40.1306432834104],[-75.0158452027214,40.1308300542484],[-75.0150994611049,40.1309005541033]],[[-75.0150994611049,40.1309005541033],[-75.0148336078067,40.1308916523925],[-75.0141423154585,40.1309028765557],[-75.0139482203551,40.1309489824852],[-75.0137948571106,40.1310328345648],[-75.0130974943534,40.1317160877797],[-75.0127325109255,40.1318127011452]],[[-75.0123605688105,40.1316900760316],[-75.0119446686421,40.1315974184438],[-75.0116054214414,40.1316166518932],[-75.0113907879153,40.1316742197974],[-75.0111014697779,40.1317624522468],[-75.0101000528861,40.1320747739063],[-75.009604059465,40.1322324125921],[-75.0077450845695,40.1328232131103],[-75.0069716405885,40.1330639300582],[-75.0069035190346,40.1330886685378]],[[-75.0127325109255,40.1318127011452],[-75.0125941664243,40.1318007755772],[-75.0124684963662,40.1317576163886],[-75.0123605688105,40.1316900760316]]]}},{"type":"Feature","properties":{"objectid":123,"stname":"RACE","length_ft":2586.22177285,"Shape__Length":1027.0394421691574},"geometry":{"type":"MultiLineString","coordinates":[[[-75.1480839555852,39.9544256359944],[-75.1493321639939,39.9545865484462],[-75.1495126078627,39.9546533977733]],[[-75.145773031374,39.9541273304657],[-75.1464189162682,39.9542118661757]],[[-75.1511282336185,39.9548576963099],[-75.1516711339809,39.9549224388285]],[[-75.1495126078627,39.9546533977733],[-75.1511282336185,39.9548576963099]],[[-75.1478248242941,39.9543867629463],[-75.1480839555852,39.9544256359944]],[[-75.1429106231603,39.9537887314976],[-75.1432702432703,39.9538173407767],[-75.1438671161458,39.9538902866654]],[[-75.1464189162682,39.9542118661757],[-75.1478248242941,39.9543867629463]],[[-75.1425780402407,39.953787051796],[-75.1429106231603,39.9537887314976]],[[-75.1438671161458,39.9538902866654],[-75.1448434449138,39.954016596536]],[[-75.1448434449138,39.954016596536],[-75.145773031374,39.9541273304657]]]}},{"type":"Feature","properties":{"objectid":124,"stname":"OREGON","length_ft":15236.63290514,"Shape__Length":6048.582251145324},"geometry":{"type":"MultiLineString","coordinates":[[[-75.1828232853887,39.9182416460736],[-75.1844051480313,39.9184518589696]],[[-75.1382662219157,39.9125038005425],[-75.1407022795402,39.9128173887551]],[[-75.1882563715247,39.9197627506699],[-75.1891067166251,39.9206921844588],[-75.1893262792615,39.9209222773001],[-75.1898143646226,39.9214073964116],[-75.1900617526154,39.9217253239966]],[[-75.1860296897481,39.918699625785],[-75.1869640701909,39.9188757838726],[-75.1873562291693,39.9190149047848]],[[-75.1712743832773,39.9167877109019],[-75.1714252723623,39.9167667149111]],[[-75.1640176250699,39.9158191054558],[-75.1641356053533,39.9158313937885],[-75.1645332268938,39.9158850496128]],[[-75.1793156849243,39.9177880200003],[-75.1809024871869,39.9179803325538]],[[-75.1706358453747,39.9166972569226],[-75.1712743832773,39.9167877109019]],[[-75.1523785942699,39.9143234940622],[-75.1526105432112,39.9143583385861]],[[-75.1638448170363,39.9157965755353],[-75.1640176250699,39.9158191054558]],[[-75.1652296589102,39.9159810481617],[-75.1655726404116,39.9160217093479]],[[-75.17721380796,39.9175189844921],[-75.1777354062226,39.9175847879293]],[[-75.1685975209543,39.916417374832],[-75.1689087187909,39.9164595178311],[-75.1692458299647,39.9165062960305]],[[-75.1476549794736,39.913720328154],[-75.1500167148403,39.914025977365]],[[-75.160387179889,39.9153646108048],[-75.1605002580091,39.9153705220018]],[[-75.1777354062226,39.9175847879293],[-75.1783488133842,39.9176559621311]],[[-75.1580972522248,39.9150567334342],[-75.1582857901108,39.9150880062498]],[[-75.1531769516109,39.9144223101099],[-75.1550717670344,39.9146696108627]],[[-75.1608496006002,39.9154131512608],[-75.161528748133,39.9154948875866]],[[-75.1645332268938,39.9158850496128],[-75.16493497512,39.9159410361146],[-75.1650647021649,39.9159568716389]],[[-75.1761782673165,39.9173864998215],[-75.1767296471437,39.917461575686]],[[-75.1628125856369,39.9156557155446],[-75.1635211844718,39.9157597478716]],[[-75.1756186447605,39.9173170243149],[-75.1761782673165,39.9173864998215]],[[-75.1669164583675,39.9161987916952],[-75.1671326604162,39.9162309397584]],[[-75.1650647021649,39.9159568716389],[-75.1652296589102,39.9159810481617]],[[-75.1505508199497,39.9140878571564],[-75.1510416601962,39.9141483473299]],[[-75.1574871964969,39.914968143234],[-75.1577483802542,39.9150111140678]],[[-75.1605002580091,39.9153705220018],[-75.1608496006002,39.9154131512608]],[[-75.1692458299647,39.9165062960305],[-75.1702103282082,39.9166406251393]],[[-75.1550717670344,39.9146696108627],[-75.1559903161195,39.9147868691224]],[[-75.1809024871869,39.9179803325538],[-75.1828232853887,39.9182416460736]],[[-75.1730294860302,39.9169737866597],[-75.1735760841427,39.9170508742339]],[[-75.1577483802542,39.9150111140678],[-75.1580972522248,39.9150567334342]],[[-75.1740704119778,39.9171077220949],[-75.1746028536158,39.9171853038947]],[[-75.1515919430235,39.9142309943707],[-75.1519684181029,39.9142727863886],[-75.1523785942699,39.9143234940622]],[[-75.1746028536158,39.9171853038947],[-75.1751293142601,39.9172525782359],[-75.1753635613099,39.9172868674322]],[[-75.1666416802717,39.9161678237289],[-75.1669164583675,39.9161987916952]],[[-75.1624084948325,39.9156066064952],[-75.1624989186685,39.9156184611135],[-75.1628125856369,39.9156557155446]],[[-75.1675693859635,39.9162836322919],[-75.1682036995943,39.9163634836367]],[[-75.1559903161195,39.9147868691224],[-75.1567110580944,39.9148788711422]],[[-75.1592226837776,39.9152134910049],[-75.1595217060622,39.9152559324203],[-75.1598459676684,39.9152952130274]],[[-75.1702103282082,39.9166406251393],[-75.1706358453747,39.9166972569226]],[[-75.1783488133842,39.9176559621311],[-75.1793156849243,39.9177880200003]],[[-75.1526105432112,39.9143583385861],[-75.1531769516109,39.9144223101099]],[[-75.1407022795402,39.9128173887551],[-75.1476549794736,39.913720328154]],[[-75.1582857901108,39.9150880062498],[-75.1586555958995,39.9151407763604]],[[-75.1655726404116,39.9160217093479],[-75.1662548585907,39.9161155422347]],[[-75.1767296471437,39.917461575686],[-75.1769674456916,39.9174783688214]],[[-75.1753635613099,39.9172868674322],[-75.1756186447605,39.9173170243149]],[[-75.1662548585907,39.9161155422347],[-75.166560803769,39.9161590032115],[-75.1666416802717,39.9161678237289]],[[-75.1586555958995,39.9151407763604],[-75.1592226837776,39.9152134910049]],[[-75.1500167148403,39.914025977365],[-75.1505508199497,39.9140878571564]],[[-75.1621699109917,39.9155770203262],[-75.1624084948325,39.9156066064952]],[[-75.1567110580944,39.9148788711422],[-75.1574871964969,39.914968143234]],[[-75.1723973007533,39.9168980781901],[-75.1730294860302,39.9169737866597]],[[-75.1714252723623,39.9167667149111],[-75.1723973007533,39.9168980781901]],[[-75.161528748133,39.9154948875866],[-75.1618231057293,39.9155354741587],[-75.1619583919178,39.915555177946]],[[-75.1769674456916,39.9174783688214],[-75.17721380796,39.9175189844921]],[[-75.1619583919178,39.915555177946],[-75.1621699109917,39.9155770203262]],[[-75.1735760841427,39.9170508742339],[-75.1740704119778,39.9171077220949]],[[-75.1635211844718,39.9157597478716],[-75.1638448170363,39.9157965755353]],[[-75.1671326604162,39.9162309397584],[-75.1672624406073,39.9162487282736],[-75.1675693859635,39.9162836322919]],[[-75.1682036995943,39.9163634836367],[-75.1685975209543,39.916417374832]],[[-75.1510416601962,39.9141483473299],[-75.1515919430235,39.9142309943707]],[[-75.1598459676684,39.9152952130274],[-75.1601954156072,39.9153429518457],[-75.160387179889,39.9153646108048]],[[-75.1873562291693,39.9190149047848],[-75.1874391922479,39.919058913642],[-75.1877982127213,39.9192603567513],[-75.1880417190466,39.9194644453579],[-75.1882563715247,39.9197627506699]],[[-75.1844051480313,39.9184518589696],[-75.1851021047452,39.9185623140019],[-75.1860203063625,39.9186978563062],[-75.1860296897481,39.918699625785]]]}},{"type":"Feature","properties":{"objectid":125,"stname":"OXFORD","length_ft":4303.25613473,"Shape__Length":1717.0939245033344},"geometry":{"type":"MultiLineString","coordinates":[[[-75.0883156389478,40.0455232110297],[-75.0879500855527,40.0463529211528]],[[-75.0865895318226,40.0493090258098],[-75.0861668779581,40.0500337726513]],[[-75.0866101302238,40.0521999251148],[-75.0868035507534,40.052753742242],[-75.0867972261042,40.0529148613223],[-75.0867970572853,40.0531510064391]],[[-75.0858502813887,40.0544191967565],[-75.0857974525883,40.0554339030864]],[[-75.0867970572853,40.0531510064391],[-75.0867357530254,40.0533549125619],[-75.0866760680383,40.0534423837231],[-75.0865481796057,40.0535955153106],[-75.0863339318894,40.0538323979579]],[[-75.0876378787964,40.0470519234143],[-75.0869772907192,40.0485764604122]],[[-75.0889783871826,40.0443415888174],[-75.0883156389478,40.0455232110297]],[[-75.0869772907192,40.0485764604122],[-75.0865895318226,40.0493090258098]],[[-75.0859921425191,40.0508872383086],[-75.0866101302238,40.0521999251148]],[[-75.0879500855527,40.0463529211528],[-75.0876378787964,40.0470519234143]],[[-75.0863339318894,40.0538323979579],[-75.0858502813887,40.0544191967565]],[[-75.0861668779581,40.0500337726513],[-75.0859921425191,40.0508872383086]]]}},{"type":"Feature","properties":{"objectid":126,"stname":"PASCHALL","length_ft":6063.21420275,"Shape__Length":2410.7543318680714},"geometry":{"type":"MultiLineString","coordinates":[[[-75.2356855436309,39.9227689676239],[-75.2362135312901,39.922387897908]],[[-75.2294029863826,39.9271658797973],[-75.2299670361615,39.926787367124]],[[-75.2362135312901,39.922387897908],[-75.2366768441908,39.9220676157473]],[[-75.2402237576954,39.9195680334959],[-75.2418068112284,39.9184744234451]],[[-75.2366768441908,39.9220676157473],[-75.2372058555931,39.9217029946913]],[[-75.2299670361615,39.926787367124],[-75.2305223129387,39.9264037441213]],[[-75.2350335035616,39.9232342919379],[-75.2356855436309,39.9227689676239]],[[-75.2331246525942,39.9245670709],[-75.2343709836495,39.9237034021719]],[[-75.2372058555931,39.9217029946913],[-75.2388542920846,39.9205454636883]],[[-75.2388542920846,39.9205454636883],[-75.2402237576954,39.9195680334959]],[[-75.2305223129387,39.9264037441213],[-75.2318794641513,39.9254432216574]],[[-75.2426664048733,39.9178601947314],[-75.2427491380679,39.9176877192674],[-75.2438235497746,39.91694917624]],[[-75.2438235497746,39.91694917624],[-75.2453092164698,39.9159259107788]],[[-75.2418068112284,39.9184744234451],[-75.2426664048733,39.9178601947314]],[[-75.2318794641513,39.9254432216574],[-75.2331246525942,39.9245670709]],[[-75.2343709836495,39.9237034021719],[-75.2350335035616,39.9232342919379]]]}},{"type":"Feature","properties":{"objectid":127,"stname":"PASSYUNK","length_ft":13773.20258693,"Shape__Length":5477.626441891297},"geometry":{"type":"MultiLineString","coordinates":[[[-75.2216387189011,39.9135589567555],[-75.2231983634805,39.9081793722764]],[[-75.201793104357,39.9198273645333],[-75.206348815896,39.9189896350813],[-75.2070374854682,39.918834794834],[-75.2074540792239,39.9187048490714],[-75.2083291315606,39.9183994839584],[-75.2087034915526,39.9183078074312]],[[-75.2158257489533,39.9169656125349],[-75.2183875138468,39.9164810403698],[-75.2192482202829,39.9163130461985],[-75.2198726901322,39.9162090909012],[-75.2200791562237,39.9161563720693]],[[-75.2231983634805,39.9081793722764],[-75.2250099564235,39.9019805723428]],[[-75.2087034915526,39.9183078074312],[-75.2158257489533,39.9169656125349]],[[-75.2250099564235,39.9019805723428],[-75.2259276304605,39.8987525347745],[-75.2261386095714,39.8983309106429],[-75.2263605038393,39.8980537070087],[-75.2282929902196,39.8959187546437],[-75.2295403095457,39.8945547739617]],[[-75.2215164479282,39.9139825035535],[-75.2216387189011,39.9135589567555]],[[-75.2200791562237,39.9161563720693],[-75.2204365680271,39.9160414624563],[-75.2207123508265,39.9158813291422],[-75.2209457736848,39.9156510027436],[-75.2211178314523,39.9153777673854],[-75.2215164479282,39.9139825035535]]]}},{"type":"Feature","properties":{"objectid":128,"stname":"PASSYUNK","length_ft":5647.21044231,"Shape__Length":2241.8757001554764},"geometry":{"type":"MultiLineString","coordinates":[[[-75.1712592222549,39.9251716373559],[-75.172946832565,39.9248457599246]],[[-75.1774013785224,39.92409841881],[-75.1779850591489,39.9239609504564]],[[-75.1785788108838,39.9238448851331],[-75.1790574832047,39.9237685977425]],[[-75.1740461533329,39.9246630734531],[-75.1746323619798,39.924552516285]],[[-75.1845811915384,39.9227500262206],[-75.1848389119618,39.9226949953412],[-75.185015251968,39.9226502179367],[-75.1852047268343,39.9225835592924]],[[-75.180902679065,39.9234340157842],[-75.1813524000025,39.9233692447499],[-75.1816986559658,39.9233465789784]],[[-75.180315283023,39.9235499795129],[-75.180902679065,39.9234340157842]],[[-75.1762985262492,39.9242596641114],[-75.1774013785224,39.92409841881]],[[-75.1746323619798,39.924552516285],[-75.1753393778308,39.9244304192067]],[[-75.1755361943866,39.9243897541901],[-75.1762985262492,39.9242596641114]],[[-75.1790574832047,39.9237685977425],[-75.17965469098,39.9236618334842]],[[-75.1738152985137,39.9246888127051],[-75.1740461533329,39.9246630734531]],[[-75.1840462202903,39.9228557901954],[-75.1845811915384,39.9227500262206]],[[-75.172946832565,39.9248457599246],[-75.1735769455842,39.9247153876559],[-75.1738152985137,39.9246888127051]],[[-75.1834371818228,39.9229484663639],[-75.1840462202903,39.9228557901954]],[[-75.1869395163228,39.9223279633278],[-75.1872723742324,39.9222638466977]],[[-75.1779850591489,39.9239609504564],[-75.1785788108838,39.9238448851331]],[[-75.1872723742324,39.9222638466977],[-75.1889032827012,39.9219785584797]],[[-75.1852047268343,39.9225835592924],[-75.1856592842191,39.922553537135],[-75.1859616335168,39.9225232695831],[-75.1861910821507,39.922479678856],[-75.1869395163228,39.9223279633278]],[[-75.1753393778308,39.9244304192067],[-75.1755361943866,39.9243897541901]],[[-75.1816986559658,39.9233465789784],[-75.1819092101795,39.9232566768667],[-75.1834371818228,39.9229484663639]],[[-75.17965469098,39.9236618334842],[-75.180315283023,39.9235499795129]],[[-75.1695020394043,39.9255408330956],[-75.1712592222549,39.9251716373559]],[[-75.1693652304435,39.9255997216207],[-75.1695020394043,39.9255408330956]]]}},{"type":"Feature","properties":{"objectid":129,"stname":"PATTISON","length_ft":13535.43888691,"Shape__Length":5371.294526902159},"geometry":{"type":"MultiLineString","coordinates":[[[-75.1738499959874,39.9054276304707],[-75.1741435790086,39.9054427422153]],[[-75.1851264039409,39.9069104888518],[-75.1853030454675,39.9069351604591],[-75.1862673869365,39.9070720563925],[-75.186988194681,39.9071583707524],[-75.1875549370335,39.9072061822374],[-75.1878857459718,39.9072538836725]],[[-75.1741435790086,39.9054427422153],[-75.1753439380109,39.905596472398]],[[-75.1584331164695,39.9034715814007],[-75.1623092932567,39.9039526053435]],[[-75.1735498348988,39.9053976286354],[-75.1738499959874,39.9054276304707]],[[-75.1753439380109,39.905596472398],[-75.1781514366592,39.9059559799461]],[[-75.1646451606434,39.9042530128327],[-75.1670017150518,39.9045537456002],[-75.1685166646924,39.9047581298756]],[[-75.1562699621839,39.9031682848445],[-75.1584331164695,39.9034715814007]],[[-75.1833907405845,39.9066266919836],[-75.1843296355042,39.9067992030612],[-75.1851264039409,39.9069104888518]],[[-75.1522261818866,39.9025969217414],[-75.1528779908549,39.9027164231955],[-75.1534297713302,39.9027883905789],[-75.1547333511455,39.9029777918815]],[[-75.1685166646924,39.9047581298756],[-75.1735498348988,39.9053976286354]],[[-75.1878857459718,39.9072538836725],[-75.1894071610584,39.9074713433907],[-75.1900765727968,39.907529668016]],[[-75.1547333511455,39.9029777918815],[-75.1562699621839,39.9031682848445]],[[-75.1425701850083,39.9022596140658],[-75.1433658349476,39.9020085568291],[-75.1443685364378,39.9018529510191],[-75.1452010548444,39.9017421237934],[-75.1453910313558,39.9017302222101],[-75.1456012184908,39.9017404040489],[-75.1459229964689,39.9017693390213],[-75.1490811676575,39.9021491913454],[-75.1496611976849,39.9022164119027],[-75.1500805448159,39.9022637667819],[-75.1522261818866,39.9025969217414]],[[-75.1623092932567,39.9039526053435],[-75.1646451606434,39.9042530128327]],[[-75.1781514366592,39.9059559799461],[-75.1833907405845,39.9066266919836]]]}},{"type":"Feature","properties":{"objectid":130,"stname":"RIDGE","length_ft":25243.8537297,"Shape__Length":10053.906983252971},"geometry":{"type":"MultiLineString","coordinates":[[[-75.1869778363913,39.9943536093923],[-75.1872634474644,39.9949562962179]],[[-75.1837023935567,39.9892696123913],[-75.1844072009748,39.9899389160729]],[[-75.1861511349619,39.9926715905089],[-75.1864881947408,39.9933573872272]],[[-75.1831257284536,39.9887395152248],[-75.1836033797587,39.9891689235656]],[[-75.1844072009748,39.9899389160729],[-75.1849295004357,39.9906032752474]],[[-75.1836033797587,39.9891689235656],[-75.1837023935567,39.9892696123913]],[[-75.1823961456631,39.9880514790823],[-75.1827220089428,39.9883400483745]],[[-75.1864881947408,39.9933573872272],[-75.1869778363913,39.9943536093923]],[[-75.1849295004357,39.9906032752474],[-75.1851488594578,39.9909004798925],[-75.1854623105801,39.9913940295301],[-75.1856012858206,39.9917085655947]],[[-75.185811670209,39.9920846877047],[-75.1861511349619,39.9926715905089]],[[-75.1875586559756,39.9958386432672],[-75.1875856352812,39.9960511951032],[-75.1876104636288,39.9964409848975],[-75.187611749009,39.996584277503]],[[-75.1827220089428,39.9883400483745],[-75.1831257284536,39.9887395152248]],[[-75.1792430524237,39.9855836862171],[-75.180260534932,39.986354649922]],[[-75.1702903120649,39.9788544108451],[-75.1704299254613,39.9791212984423],[-75.1710689935174,39.9795858125073]],[[-75.1653131030151,39.9709195123062],[-75.165619963167,39.9712000705152]],[[-75.180260534932,39.986354649922],[-75.1808067669917,39.9867999673995]],[[-75.1681470997589,39.9750430931657],[-75.1682652241549,39.9752682662744]],[[-75.1697787221775,39.977966349915],[-75.1699763163299,39.9782881647233]],[[-75.1776258581915,39.9843866439532],[-75.1779239495177,39.9846384323731]],[[-75.1767181482325,39.9837424546811],[-75.1776258581915,39.9843866439532]],[[-75.1592227986852,39.9644367031015],[-75.1595180817012,39.9650117772427]],[[-75.1576444487576,39.9618861558355],[-75.1577608729331,39.9621010536393],[-75.1581303077534,39.9625677244767]],[[-75.164747305563,39.9704456686535],[-75.1651348164921,39.9707702011373]],[[-75.1665414493582,39.9723896647493],[-75.1672219235905,39.9734067746627]],[[-75.1567748633516,39.9608544199245],[-75.1573651158584,39.9616144291994],[-75.1574582903795,39.9617028828627]],[[-75.1693848392553,39.9772672712498],[-75.1697787221775,39.977966349915]],[[-75.1638713505621,39.9696782287761],[-75.164397217608,39.9701600901231]],[[-75.1699763163299,39.9782881647233],[-75.1702903120649,39.9788544108451]],[[-75.1635959371453,39.9694347619366],[-75.1638713505621,39.9696782287761]],[[-75.1677337318277,39.9743288776658],[-75.1680568072339,39.9748790618876],[-75.1681470997589,39.9750430931657]],[[-75.1739106435855,39.9816771249587],[-75.1749942963819,39.9824691735397]],[[-75.1736163261293,39.9814585377292],[-75.1739106435855,39.9816771249587]],[[-75.1595180817012,39.9650117772427],[-75.1601871128978,39.9663165596721]],[[-75.1672219235905,39.9734067746627],[-75.1677337318277,39.9743288776658]],[[-75.1725058162842,39.980601303798],[-75.1726439723593,39.9807215473271],[-75.1732091021976,39.9811599464753]],[[-75.1651348164921,39.9707702011373],[-75.1653131030151,39.9709195123062]],[[-75.1601871128978,39.9663165596721],[-75.16048516683,39.9666795363706]],[[-75.1808067669917,39.9867999673995],[-75.1823961456631,39.9880514790823]],[[-75.1788022203121,39.9852852344334],[-75.1792430524237,39.9855836862171]],[[-75.1682652241549,39.9752682662744],[-75.1683598796179,39.9754137319019],[-75.1685512562663,39.9757545886248]],[[-75.1749942963819,39.9824691735397],[-75.1753152620091,39.982721270645]],[[-75.1621348358463,39.9681489133144],[-75.1632951461974,39.9691586001664]],[[-75.1632951461974,39.9691586001664],[-75.1635959371453,39.9694347619366]],[[-75.1662738827881,39.9720457101436],[-75.1665414493582,39.9723896647493]],[[-75.1589172413884,39.9637806612633],[-75.1589971727946,39.9639915538129],[-75.1592227986852,39.9644367031015]],[[-75.1659746676505,39.9716169648037],[-75.1662738827881,39.9720457101436]],[[-75.1781202826345,39.9847783713242],[-75.1788022203121,39.9852852344334]],[[-75.1585922466339,39.9632617441394],[-75.158803133302,39.9635857322919],[-75.1589172413884,39.9637806612633]],[[-75.1609375196805,39.9670998730465],[-75.161940498992,39.9679795449341]],[[-75.1753152620091,39.982721270645],[-75.1767181482325,39.9837424546811]],[[-75.161940498992,39.9679795449341],[-75.1621348358463,39.9681489133144]],[[-75.1685512562663,39.9757545886248],[-75.169113645453,39.9767313796123]],[[-75.1710689935174,39.9795858125073],[-75.1723733679539,39.9805293285265],[-75.1725058162842,39.980601303798]],[[-75.16048516683,39.9666795363706],[-75.1606174265507,39.9668228050906],[-75.1609375196805,39.9670998730465]],[[-75.1574582903795,39.9617028828627],[-75.1576444487576,39.9618861558355]],[[-75.1584865384842,39.9630870053282],[-75.1585922466339,39.9632617441394]],[[-75.169113645453,39.9767313796123],[-75.1693848392553,39.9772672712498]],[[-75.1581303077534,39.9625677244767],[-75.1582200785454,39.962684716904],[-75.1584865384842,39.9630870053282]],[[-75.164397217608,39.9701600901231],[-75.1646688317848,39.9703826098864],[-75.164747305563,39.9704456686535]],[[-75.1732091021976,39.9811599464753],[-75.1736163261293,39.9814585377292]],[[-75.1779239495177,39.9846384323731],[-75.1781202826345,39.9847783713242]],[[-75.165619963167,39.9712000705152],[-75.165780575452,39.9713485602623],[-75.1659746676505,39.9716169648037]],[[-75.1876076179865,39.9982048467645],[-75.1875917810602,39.9985695277061],[-75.1875587044186,39.9986527813509],[-75.1870343944204,39.9999830445146],[-75.1869552543628,40.0001941407975]],[[-75.1867895042998,40.0005983895431],[-75.1867138543175,40.0007920372002],[-75.1866834508344,40.0008855145979],[-75.186668874725,40.0009552317148],[-75.1866635086741,40.0010182662747],[-75.1866732536434,40.0011160847009],[-75.1866917558079,40.0011796513124],[-75.1870888921327,40.0024062335292],[-75.1871654514936,40.0026426706353],[-75.1871747567395,40.0026834129226],[-75.1871823291216,40.0027259266495],[-75.1871867873665,40.0027814778213],[-75.1871816230359,40.0028529584422]],[[-75.1946291240211,40.0091709589162],[-75.1952797205945,40.0094289467946]],[[-75.1959902746414,40.0097197412665],[-75.1964702767327,40.0098926889453]],[[-75.1878240208385,40.0061116179817],[-75.188103189012,40.0064346828148]],[[-75.1917677047594,40.0080057910114],[-75.1918119951421,40.0080189577052],[-75.1920633700339,40.0080757366336],[-75.1921863315025,40.0081042557196],[-75.1930390159859,40.0083359380762],[-75.1936567991758,40.0087472839143]],[[-75.1869552543628,40.0001941407975],[-75.1867895042998,40.0005983895431]],[[-75.1977164859529,40.010379735575],[-75.2004390695091,40.0114585150529]],[[-75.1964702767327,40.0098926889453],[-75.1977164859529,40.010379735575]],[[-75.2020306935324,40.0131162055837],[-75.2022087101586,40.0132753077344],[-75.2023907891016,40.0134039007519],[-75.2027069437301,40.0136121172854],[-75.2030825781525,40.0138053576516],[-75.2045094358184,40.0142883681296],[-75.204714085161,40.0143591898321],[-75.2048514958222,40.0144000526748]],[[-75.1914843859717,40.0079449586306],[-75.1917677047594,40.0080057910114]],[[-75.1952797205945,40.0094289467946],[-75.1959902746414,40.0097197412665]],[[-75.2004390695091,40.0114585150529],[-75.2009684659778,40.0117742023355],[-75.2012547003311,40.0121010364538],[-75.2014969922286,40.0124158418377],[-75.2019506340352,40.0130211309306],[-75.2020306935324,40.0131162055837]],[[-75.1874560616758,40.0049754083975],[-75.1878240208385,40.0061116179817]],[[-75.1936567991758,40.0087472839143],[-75.1939612514351,40.0089159740117]],[[-75.188103189012,40.0064346828148],[-75.1887089192847,40.0068517295395],[-75.188955368174,40.0070275187206],[-75.1893561941839,40.0073040585146],[-75.1899726750898,40.0075245886619],[-75.1903715638075,40.0076429548161],[-75.1911465536974,40.007854847807],[-75.1913376455128,40.0079118128634],[-75.1914843859717,40.0079449586306]],[[-75.187611749009,39.996584277503],[-75.1876076179865,39.9982048467645]],[[-75.1871816230359,40.0028529584422],[-75.1872197006286,40.0028820253535],[-75.1872526165531,40.0029130069969],[-75.187281925273,40.0029701211352],[-75.18730538483,40.0030432363436],[-75.1873370437424,40.0032238653642],[-75.1873507273062,40.003335105634],[-75.1874330247152,40.0046506862791],[-75.1874560616758,40.0049754083975]],[[-75.1939612514351,40.0089159740117],[-75.1946291240211,40.0091709589162]],[[-75.1856012858206,39.9917085655947],[-75.185811670209,39.9920846877047]],[[-75.1872634474644,39.9949562962179],[-75.1875586559756,39.9958386432672]]]}},{"type":"Feature","properties":{"objectid":131,"stname":"RISING SUN","length_ft":13843.718032390001,"Shape__Length":5516.914213159398},"geometry":{"type":"MultiLineString","coordinates":[[[-75.1224068947295,40.0255038663578],[-75.1222821853158,40.0256595881253]],[[-75.121989090545,40.0259991502836],[-75.121845143577,40.026164960775]],[[-75.1244212078164,40.0231682276612],[-75.123848670208,40.0238752160809]],[[-75.1148997145252,40.0344561132123],[-75.1146150406066,40.0348046561898],[-75.1140331622446,40.035480686619]],[[-75.1265682378624,40.0201952324945],[-75.1264826423952,40.0204236268314]],[[-75.1262555746087,40.0209468344976],[-75.1261727131952,40.0212304474039]],[[-75.1037466128037,40.043312971075],[-75.103521478955,40.0434724794225]],[[-75.1160859034703,40.0330464379269],[-75.1155078098792,40.033754556617]],[[-75.1140331622446,40.035480686619],[-75.1131627656447,40.0365121388474]],[[-75.1058508482132,40.0419120781577],[-75.105085779665,40.042404992858]],[[-75.1184466665569,40.030226697482],[-75.1181876380354,40.0305437505855]],[[-75.1131627656447,40.0365121388474],[-75.1131517139053,40.0365252356717],[-75.1121155287766,40.0377714072756]],[[-75.1090894081934,40.0397688332378],[-75.1072012989108,40.0410162938366],[-75.1067324498533,40.0413291954469]],[[-75.1269854387272,40.0191636291572],[-75.1268148808749,40.01958605773]],[[-75.1232337940523,40.0245748704017],[-75.1226282201805,40.0252385880403]],[[-75.1181876380354,40.0305437505855],[-75.1172716368623,40.0316337477728]],[[-75.1311370676744,40.0145442703403],[-75.1309842569491,40.0148082837158],[-75.1295859699337,40.0159701232408]],[[-75.1172716368623,40.0316337477728],[-75.1169215418331,40.0320672318903]],[[-75.1155078098792,40.033754556617],[-75.1148997145252,40.0344561132123]],[[-75.1226282201805,40.0252385880403],[-75.1224068947295,40.0255038663578]],[[-75.1026716181446,40.0440033850917],[-75.1018739100991,40.044546782416]],[[-75.1271719118284,40.0187283233342],[-75.1269854387272,40.0191636291572]],[[-75.1264826423952,40.0204236268314],[-75.1263107651789,40.0208358502505]],[[-75.121845143577,40.026164960775],[-75.1213833810161,40.0267059098524],[-75.1212281555553,40.0269244157351]],[[-75.1196040006178,40.028856716339],[-75.1190508676935,40.0295101819324]],[[-75.1067324498533,40.0413291954469],[-75.1058508482132,40.0419120781577]],[[-75.105085779665,40.042404992858],[-75.1043353187999,40.0429091191155]],[[-75.1100132450003,40.0391584323119],[-75.1090894081934,40.0397688332378]],[[-75.1222821853158,40.0256595881253],[-75.121989090545,40.0259991502836]],[[-75.1121155287766,40.0377714072756],[-75.1120447596374,40.0378565150248],[-75.1100132450003,40.0391584323119]],[[-75.123848670208,40.0238752160809],[-75.1232337940523,40.0245748704017]],[[-75.1032535171578,40.0436342793873],[-75.1026716181446,40.0440033850917]],[[-75.1212281555553,40.0269244157351],[-75.1208653286163,40.0273665422595],[-75.1207612700981,40.027480044629]],[[-75.1190508676935,40.0295101819324],[-75.1184466665569,40.030226697482]],[[-75.1266495524046,40.0200036327995],[-75.1265682378624,40.0201952324945]],[[-75.103521478955,40.0434724794225],[-75.1032535171578,40.0436342793873]],[[-75.1263107651789,40.0208358502505],[-75.1262555746087,40.0209468344976]],[[-75.1169215418331,40.0320672318903],[-75.1160859034703,40.0330464379269]],[[-75.1206161346731,40.0276357719382],[-75.1203325739439,40.0279901271354],[-75.1200388374883,40.0283379288589]],[[-75.125649338466,40.0217194135713],[-75.1244212078164,40.0231682276612]],[[-75.1295859699337,40.0159701232408],[-75.1281695911808,40.0172840889798],[-75.1277377351901,40.0178155193042],[-75.1272818472132,40.0185592674214],[-75.1271719118284,40.0187283233342]],[[-75.1200388374883,40.0283379288589],[-75.1197709335248,40.028640224973],[-75.1196040006178,40.028856716339]],[[-75.1268148808749,40.01958605773],[-75.1266495524046,40.0200036327995]],[[-75.1261727131952,40.0212304474039],[-75.1260822786701,40.0212561722164],[-75.125649338466,40.0217194135713]],[[-75.1043353187999,40.0429091191155],[-75.1037466128037,40.043312971075]],[[-75.1207612700981,40.027480044629],[-75.1206161346731,40.0276357719382]]]}},{"type":"Feature","properties":{"objectid":132,"stname":"RISING SUN","length_ft":6068.77514606,"Shape__Length":2414.3783551133797},"geometry":{"type":"MultiLineString","coordinates":[[[-75.134395376419,40.0118006739933],[-75.1358905037068,40.0104391201537]],[[-75.1486475369637,40.0042118296585],[-75.1491601221129,40.0039325898227]],[[-75.1362694064705,40.0100855929609],[-75.1368803292921,40.0095799738798],[-75.1370625711621,40.0094829574475]],[[-75.1459560611736,40.0054309102107],[-75.1466563306498,40.0051359399734]],[[-75.1370625711621,40.0094829574475],[-75.1376610481756,40.0092056568941]],[[-75.1419465331707,40.007241129654],[-75.1425017173157,40.0069832762505]],[[-75.1395287016127,40.0083597691413],[-75.1402446302818,40.0080265290121],[-75.1404750308945,40.0078876197196]],[[-75.1425017173157,40.0069832762505],[-75.1430652032741,40.0067303030884]],[[-75.1439195183343,40.0063278987132],[-75.1458289914096,40.0054727842678],[-75.1459560611736,40.0054309102107]],[[-75.1430652032741,40.0067303030884],[-75.143329792518,40.0066000296321]],[[-75.1516778490504,40.0033482473251],[-75.1525525195114,40.0031909121692]],[[-75.1404750308945,40.0078876197196],[-75.1408990455268,40.0077292087747],[-75.1419465331707,40.007241129654]],[[-75.1466563306498,40.0051359399734],[-75.1475568007463,40.0047228230019]],[[-75.1491601221129,40.0039325898227],[-75.1501951282657,40.0036937889599]],[[-75.1511984363792,40.0034491507935],[-75.1516778490504,40.0033482473251]],[[-75.1501951282657,40.0036937889599],[-75.1511984363792,40.0034491507935]],[[-75.1385803391886,40.0087988585552],[-75.1395287016127,40.0083597691413]],[[-75.1358905037068,40.0104391201537],[-75.1362694064705,40.0100855929609]],[[-75.1376610481756,40.0092056568941],[-75.1385803391886,40.0087988585552]],[[-75.1475568007463,40.0047228230019],[-75.1484545608852,40.004353473308],[-75.1486475369637,40.0042118296585]],[[-75.143329792518,40.0066000296321],[-75.1439195183343,40.0063278987132]]]}},{"type":"Feature","properties":{"objectid":133,"stname":"ROBBINS","length_ft":3847.7859328299996,"Shape__Length":1533.3889012949805},"geometry":{"type":"MultiLineString","coordinates":[[[-75.0578096060797,40.0251833553761],[-75.0575915801581,40.0249452313128],[-75.0573576013423,40.0246702574605]],[[-75.0598562293092,40.0275319963803],[-75.0593469961775,40.026948584176]],[[-75.0560047423203,40.0231398950412],[-75.0557995491769,40.022894076025],[-75.0555658820664,40.0226155634582]],[[-75.0546604896407,40.0215908519324],[-75.0542118390544,40.0210741924515]],[[-75.0599840695337,40.0278023475182],[-75.0600091275973,40.0277623027171],[-75.0600202617222,40.0277382172628],[-75.0600180768187,40.0277077323605],[-75.0598562293092,40.0275319963803]],[[-75.0582535726549,40.0257009456663],[-75.0580322342703,40.0254462593291],[-75.0578096060797,40.0251833553761]],[[-75.0551038265345,40.0221039013345],[-75.0549202686278,40.0218766173964],[-75.0546604896407,40.0215908519324]],[[-75.0569176273558,40.0241697065938],[-75.0564574265482,40.0236413569845]],[[-75.0573576013423,40.0246702574605],[-75.0569176273558,40.0241697065938]],[[-75.0555658820664,40.0226155634582],[-75.0553409418825,40.0223696225856],[-75.0551038265345,40.0221039013345]],[[-75.0542118390544,40.0210741924515],[-75.0537277828489,40.0205222607314]],[[-75.0564574265482,40.0236413569845],[-75.0560047423203,40.0231398950412]],[[-75.0588064228311,40.026323019356],[-75.0582535726549,40.0257009456663]],[[-75.0612107008859,40.0285159943242],[-75.060482395305,40.0281077340076],[-75.0599840695337,40.0278023475182]],[[-75.0537277828489,40.0205222607314],[-75.0532744569544,40.020012837301]],[[-75.0593469961775,40.026948584176],[-75.0588064228311,40.026323019356]]]}},{"type":"Feature","properties":{"objectid":134,"stname":"ROBERTS","length_ft":8506.08734649,"Shape__Length":3386.3983917026417},"geometry":{"type":"MultiLineString","coordinates":[[[-75.1627842173732,40.0203771924343],[-75.1629046191028,40.0201166151022],[-75.1630379346062,40.0198787215133],[-75.1631630047026,40.0197154028304],[-75.1635025277715,40.0194530809265],[-75.1636142704723,40.0193559159214],[-75.1638312526932,40.0191905139774],[-75.1642118343169,40.0189576679567]],[[-75.1780594303036,40.0108754854797],[-75.1803383646998,40.0096203468569]],[[-75.1770862668344,40.0114114334631],[-75.1780594303036,40.0108754854797]],[[-75.1718528879265,40.014226728876],[-75.1734140186688,40.0133814047164],[-75.1744121949274,40.0128443691152]],[[-75.1684355096431,40.0162891681405],[-75.1687572850328,40.016071830935],[-75.1690356365429,40.0158757502022],[-75.1691923203999,40.0157582650643],[-75.1692640300888,40.01570433298],[-75.1699103453049,40.0152593519711]],[[-75.175954751344,40.0120023577567],[-75.1770862668344,40.0114114334631]],[[-75.1655819835334,40.0180268365259],[-75.1656426011185,40.0179735165032],[-75.1659960854559,40.0177475946592],[-75.1684987880983,40.0160959214972],[-75.1689106827971,40.0158372342895],[-75.1691166462194,40.0157129226763],[-75.1692169358738,40.0156536818252],[-75.1692615864073,40.0156328646652],[-75.1699103453049,40.0152593519711]],[[-75.1624654687465,40.0219631514098],[-75.1626044697556,40.0216133811922],[-75.1626690442134,40.0213365586574],[-75.162678218776,40.0210958682626],[-75.1626937402584,40.0208304006051],[-75.1627292690472,40.0206069178152],[-75.1627842173732,40.0203771924343]],[[-75.1744121949274,40.0128443691152],[-75.175954751344,40.0120023577567]],[[-75.1699103453049,40.0152593519711],[-75.1718528879265,40.014226728876]],[[-75.1642118343169,40.0189576679567],[-75.1645184991107,40.0188287859345],[-75.1654977884637,40.0183979279719],[-75.1658112115374,40.0182586591655],[-75.1659524747298,40.0181782259437],[-75.1661247550446,40.0180566825783],[-75.1668694424475,40.0174794370434],[-75.1672713018497,40.017159250811],[-75.1677409207482,40.0167848450092],[-75.16810290098,40.0165003394352],[-75.1683077897767,40.0163551393681],[-75.1684355096431,40.0162891681405]]]}},{"type":"Feature","properties":{"objectid":135,"stname":"ROOSEVELT","length_ft":63194.85761644,"Shape__Length":25174.24813241689},"geometry":{"type":"MultiLineString","coordinates":[[[-75.0903549695627,40.0287294467838],[-75.0898811290818,40.0289789653414]],[[-75.0700111364742,40.0351569274848],[-75.0709262371532,40.034940084654]],[[-75.0228814039896,40.086820460739],[-75.0210906522749,40.0886537819205],[-75.0209560423828,40.0888130966765]],[[-75.0429198040924,40.0622443478946],[-75.0442101416109,40.0593137409413],[-75.0442470723696,40.0592400668647],[-75.0448246356308,40.058501620003],[-75.0449740669108,40.0583403157249],[-75.0459631215654,40.0574329001239]],[[-75.0517333641179,40.0472177090314],[-75.0519879159958,40.0467744473231],[-75.0522953230183,40.0463784059631],[-75.0528361517895,40.0458540960925],[-75.0544490883871,40.0443603852154],[-75.0548232018081,40.0439993480496],[-75.0551437869696,40.0437008994144],[-75.0557873959793,40.0431446444845],[-75.0566460213219,40.042390489052],[-75.0575578159621,40.0415751332598]],[[-75.0575578159621,40.0415751332598],[-75.0577324396771,40.0414231174703],[-75.0588854115071,40.0403405065839]],[[-75.1043156140268,40.0296827222312],[-75.1039729499882,40.0297353320226],[-75.103605007384,40.0297671256246],[-75.1030781902075,40.0297321120852]],[[-75.1234615877614,40.0256216312587],[-75.121995775803,40.025826766542]],[[-75.1005999129478,40.0287440285194],[-75.0988177789937,40.0275761519874]],[[-75.0304178748834,40.0790139776389],[-75.0287841433198,40.080701496442]],[[-75.1136163066414,40.02705923387],[-75.112400224611,40.0272415317477],[-75.1119076938254,40.0273360813616],[-75.1113866173544,40.0274564389782],[-75.1100484889431,40.0278844095065]],[[-75.0424595220264,40.0633091728087],[-75.0405854388588,40.0674891162985]],[[-75.0482136352566,40.0552051469525],[-75.0492922934189,40.0541100745695],[-75.0493372395788,40.054063583758]],[[-75.0016550629071,40.1046382244192],[-74.9990544056482,40.1064320782309]],[[-75.0117069929238,40.0977254538587],[-75.0121627116771,40.0974054048171],[-75.0127656864741,40.0969734972354],[-75.0133543349496,40.0965066143839],[-75.0139099616086,40.09605109709]],[[-75.1288900155633,40.0247598193292],[-75.130575122838,40.0244190549492]],[[-75.0974704240615,40.0266887747371],[-75.0967429035431,40.0263977879854]],[[-75.118344499158,40.0263593217008],[-75.1172424167871,40.0265076504213]],[[-75.138177819547,40.0221879298284],[-75.139820391092,40.0213514544122]],[[-75.1030781902075,40.0297321120852],[-75.102545192836,40.0296742377147],[-75.1021662566623,40.0295849592119],[-75.1018150617824,40.0294560483638],[-75.1012907843886,40.0291983037997],[-75.1005999129478,40.0287440285194]],[[-75.0328355132988,40.0765012516386],[-75.0304178748834,40.0790139776389]],[[-75.0381425871336,40.0710008273079],[-75.0373702069087,40.0717881608661]],[[-75.0287841433198,40.080701496442],[-75.026842707,40.0827175523162]],[[-75.0781339611546,40.0333024259383],[-75.0804187642961,40.0327733729109]],[[-75.0263223473911,40.0832541132254],[-75.0250714068276,40.0845439562281]],[[-75.0600447340773,40.0392695706479],[-75.0615491729519,40.0378422216383],[-75.0619483503167,40.037503652152],[-75.0622187172833,40.0373004414414],[-75.0625860177617,40.0370747249182],[-75.0628535311433,40.0369499972871],[-75.0632328566379,40.0367588115247],[-75.0635351217153,40.0366591369897],[-75.0644533404429,40.0364340515128]],[[-74.9990544056482,40.1064320782309],[-74.9969501171585,40.1078551441765],[-74.996839645175,40.1079310696448],[-74.9908733814203,40.1120588161983]],[[-75.0197539533753,40.0900440574001],[-75.0188763179092,40.0909565022918],[-75.0153766081641,40.0945711958673]],[[-74.9908733814203,40.1120588161983],[-74.9900690459328,40.112620662157],[-74.9896884901309,40.112897687654]],[[-75.0250714068276,40.0845439562281],[-75.0228814039896,40.086820460739]],[[-75.1254213366612,40.025342096887],[-75.1266839872685,40.0251569043912],[-75.1276805157376,40.0250013390706]],[[-75.119767503658,40.0261641382701],[-75.118344499158,40.0263593217008]],[[-75.026842707,40.0827175523162],[-75.0263223473911,40.0832541132254]],[[-75.1072615195845,40.0287777567761],[-75.1061415460414,40.0291276061334]],[[-75.0644533404429,40.0364340515128],[-75.0661927396554,40.0360606896058],[-75.0676084191288,40.0357250534715]],[[-75.0468655711764,40.0565746482422],[-75.0482136352566,40.0552051469525]],[[-75.0513663403015,40.0493874501491],[-75.0514178716277,40.0487530716532],[-75.0514605258923,40.0481867777032],[-75.0515792553287,40.0476480578811],[-75.0517333641179,40.0472177090314]],[[-75.1061415460414,40.0291276061334],[-75.10514156148,40.0294561912418],[-75.1046227460226,40.029613710525]],[[-75.0153766081641,40.0945711958673],[-75.0152629244742,40.0946868577504],[-75.0149572463443,40.0950086474687],[-75.0147352719772,40.0952221604531],[-75.0139099616086,40.09605109709]],[[-75.0967429035431,40.0263977879854],[-75.0963157579911,40.0263089408156],[-75.0958872703408,40.0262683177339],[-75.0954432580132,40.0262747799767],[-75.0950424873271,40.0263422897035],[-75.0946313060871,40.0264379498507],[-75.0941364198269,40.0266399375433],[-75.0932013713381,40.027157135462],[-75.0907700690675,40.0285002063707],[-75.0903549695627,40.0287294467838]],[[-75.0062481426195,40.1014724185947],[-75.0052891243851,40.102127918595]],[[-74.9879313817505,40.1140808422524],[-74.9847127315718,40.1163167952528],[-74.9836237267422,40.1171358959193],[-74.9832509896428,40.1174658935955]],[[-75.0373702069087,40.0717881608661],[-75.0361990703157,40.0730338865525]],[[-75.0709262371532,40.034940084654],[-75.071045769878,40.034926332414],[-75.0748859367958,40.0340467966037]],[[-75.0031426990875,40.1036213255589],[-75.0022497609554,40.1042317135461]],[[-75.0424595220264,40.0633091728087],[-75.0429198040924,40.0622443478946]],[[-75.1234615877614,40.0256216312587],[-75.1245572260168,40.0254719843133]],[[-75.0898811290818,40.0289789653414],[-75.0891725404416,40.0293834422778]],[[-75.0891725404416,40.0293834422778],[-75.088139577992,40.0299221284557]],[[-75.0117069929238,40.0977254538587],[-75.0094952601549,40.0992436229956],[-75.0085056404074,40.0999161292185]],[[-75.121995775803,40.025826766542],[-75.1198256584739,40.026171094431],[-75.119767503658,40.0261641382701]],[[-75.1100484889431,40.0278844095065],[-75.1072615195845,40.0287777567761]],[[-75.139820391092,40.0213514544122],[-75.1415378679276,40.0205020190749],[-75.1423771160923,40.0200710194767],[-75.1429162221817,40.0198339022544],[-75.1433497792026,40.0196673701935],[-75.1442887788615,40.019439728324],[-75.1446620481759,40.0193645581593],[-75.1450853579165,40.0193291766643],[-75.1454798824255,40.0192987270401],[-75.1458849830126,40.0193005931275],[-75.1462489539219,40.0193179363397],[-75.1464867103833,40.0193502488575],[-75.1465279455126,40.0193558528668]],[[-75.0209560423828,40.0888130966765],[-75.0197539533753,40.0900440574001]],[[-75.0988177789937,40.0275761519874],[-75.0974704240615,40.0266887747371]],[[-75.0676084191288,40.0357250534715],[-75.0700111364742,40.0351569274848]],[[-75.0493372395788,40.054063583758],[-75.04962725985,40.0537831362219],[-75.0500498192514,40.0533675957622],[-75.0504704559777,40.0529159082066],[-75.050651266264,40.0526726101698],[-75.050892068804,40.0522708458192],[-75.0510616495692,40.0518880372829],[-75.0512098698235,40.0512829663188],[-75.0513663403015,40.0493874501491]],[[-75.1370140601064,40.0227588559156],[-75.138177819547,40.0221879298284]],[[-75.0748859367958,40.0340467966037],[-75.0781339611546,40.0333024259383]],[[-75.1245572260168,40.0254719843133],[-75.1254213366612,40.025342096887]],[[-75.0022497609554,40.1042317135461],[-75.0016550629071,40.1046382244192]],[[-75.0334011558931,40.0759297549196],[-75.0328355132988,40.0765012516386]],[[-75.1465279455126,40.0193558528668],[-75.1466030293974,40.019322845227],[-75.1470599946087,40.019106511814],[-75.1471359602059,40.0190296225497],[-75.1471462649544,40.0190191934688]],[[-75.1046227460226,40.029613710525],[-75.104611429146,40.0296171467799],[-75.1043156140268,40.0296827222312]],[[-75.0588854115071,40.0403405065839],[-75.0600447340773,40.0392695706479]],[[-75.0361990703157,40.0730338865525],[-75.0360539627001,40.0731641459296],[-75.0349594575313,40.0742952358746]],[[-75.0459631215654,40.0574329001239],[-75.0464877529557,40.0569681809592],[-75.0468655711764,40.0565746482422]],[[-75.1172424167871,40.0265076504213],[-75.1136163066414,40.02705923387]],[[-75.0804187642961,40.0327733729109],[-75.0814680339861,40.0325318980021],[-75.0824516828413,40.032301985236],[-75.0830185224539,40.0321480926374],[-75.0835680205936,40.0319855006243],[-75.0839176214586,40.0318782334707],[-75.0842994509645,40.0317478817791],[-75.0847344071085,40.0315895357106],[-75.0852068136829,40.0314074433602],[-75.0858592558572,40.0311249232653],[-75.0862037077121,40.03096524088],[-75.0867309515361,40.0307113465351],[-75.088139577992,40.0299221284557]],[[-75.0085056404074,40.0999161292185],[-75.0062481426195,40.1014724185947]],[[-75.0349594575313,40.0742952358746],[-75.0334011558931,40.0759297549196]],[[-75.130575122838,40.0244190549492],[-75.1314672383209,40.0242078177663],[-75.1322519063553,40.0239641852727],[-75.1332619392807,40.0237340752829],[-75.1354348489561,40.0232764586341],[-75.1358737758099,40.0231769771002],[-75.1364422047773,40.0230013766599],[-75.1370140601064,40.0227588559156]],[[-75.0405854388588,40.0674891162985],[-75.0401169591586,40.0685383815269],[-75.0399141852747,40.0688847872555],[-75.0395827108811,40.0694014091762],[-75.0391983002053,40.0698699565804],[-75.0389994431071,40.0701181207399],[-75.0381425871336,40.0710008273079]],[[-74.9896884901309,40.112897687654],[-74.9879313817505,40.1140808422524]],[[-75.1276805157376,40.0250013390706],[-75.1279415187513,40.0249605932869],[-75.1288900155633,40.0247598193292]],[[-75.0052891243851,40.102127918595],[-75.0031426990875,40.1036213255589]]]}},{"type":"Feature","properties":{"objectid":136,"stname":"ROOSEVELT","length_ft":14210.41860441,"Shape__Length":5653.052211342982},"geometry":{"type":"MultiLineString","coordinates":[[[-75.1584685267763,40.0137927909107],[-75.1586942969648,40.0136842800336]],[[-75.17556977906,40.0066352109245],[-75.1766229791994,40.0060953261587]],[[-75.160945334652,40.012657043577],[-75.1618981738227,40.0121914610517],[-75.1630558902955,40.0116746486514]],[[-75.1806144456943,40.0040116018443],[-75.1811430923031,40.0037061983374]],[[-75.1645642103517,40.0109670819601],[-75.165993224154,40.0102978514701]],[[-75.1484698383736,40.0184157499529],[-75.1490915035359,40.0181187317398],[-75.1493492769204,40.0179669171777]],[[-75.1512103277193,40.0171231262136],[-75.1515351789861,40.0169847464484]],[[-75.1642085427015,40.0111341601947],[-75.1645642103517,40.0109670819601]],[[-75.1515351789861,40.0169847464484],[-75.1538524466004,40.0159010201708]],[[-75.1630558902955,40.0116746486514],[-75.1642085427015,40.0111341601947]],[[-75.1603483225535,40.0129282926089],[-75.160945334652,40.012657043577]],[[-75.1551883618985,40.0153045223435],[-75.1566557108245,40.0146275070482]],[[-75.1493492769204,40.0179669171777],[-75.1503053120398,40.0175469066684]],[[-75.1672952967654,40.0097046528118],[-75.1679470912913,40.0093878725688]],[[-75.165993224154,40.0102978514701],[-75.1668744653623,40.0099106574771]],[[-75.1811430923031,40.0037061983374],[-75.1823531808121,40.0033207493483],[-75.1839538036777,40.0028483469071]],[[-75.1690230895815,40.0089109000637],[-75.1692521336914,40.0087793930332],[-75.1697446868594,40.0085946627906],[-75.1703591165911,40.0084159414607]],[[-75.1703591165911,40.0084159414607],[-75.1722121804844,40.0079078099192]],[[-75.1668744653623,40.0099106574771],[-75.1672952967654,40.0097046528118]],[[-75.1471462486004,40.0190195282773],[-75.1484698383736,40.0184157499529]],[[-75.159392649408,40.0133706057386],[-75.1603483225535,40.0129282926089]],[[-75.1588846966402,40.0135986492297],[-75.159392649408,40.0133706057386]],[[-75.1839538036777,40.0028483469071],[-75.1841278712959,40.0027803100126],[-75.1843133940504,40.0026845345245],[-75.184422355207,40.0026142987776],[-75.1845537251114,40.0025136789194],[-75.1846196499768,40.0024570154278],[-75.1846985083909,40.0023706643463],[-75.1852142088003,40.0018516901113],[-75.1856466684189,40.0014098836012],[-75.1858041743467,40.0012426255738],[-75.1859143312986,40.0011406213137],[-75.1860141891257,40.001061097748],[-75.1863993892214,40.0007444985925],[-75.1865866165352,40.0006033378523],[-75.1867102132956,40.0005207091351],[-75.1868147216771,40.0004431051873],[-75.1869519997466,40.0003734994305],[-75.1871982623347,40.0002954262208],[-75.1873433372311,40.0002695965625],[-75.1875138271451,40.0002588682027],[-75.1877452056926,40.0002622154688],[-75.1881154299066,40.0002795622324],[-75.1882905772925,40.0002823544708],[-75.1884503245615,40.0002810798427],[-75.188562856138,40.0002643011218],[-75.1888175054612,40.0002136004312],[-75.1895796152348,39.9999048841408],[-75.1905216580423,39.9996508772543]],[[-75.1566557108245,40.0146275070482],[-75.157955135584,40.0140259164556]],[[-75.1722121804844,40.0079078099192],[-75.1729182812607,40.0077178930468],[-75.1732959742936,40.0076198599615],[-75.1736315420633,40.0075368561938],[-75.1738553888135,40.0074779731544],[-75.1740169605443,40.0074176924226],[-75.1744580342952,40.007198626558]],[[-75.1786446793027,40.0050350838428],[-75.1788943515406,40.0049028985369],[-75.1792799805046,40.0046994490387],[-75.1797402765948,40.004448236064],[-75.1803507543571,40.0041345407369]],[[-75.1744580342952,40.007198626558],[-75.1754695154187,40.0066866060903],[-75.17556977906,40.0066352109245]],[[-75.1679470912913,40.0093878725688],[-75.1690230895815,40.0089109000637]],[[-75.1586942969648,40.0136842800336],[-75.1588846966402,40.0135986492297]],[[-75.157955135584,40.0140259164556],[-75.1584685267763,40.0137927909107]],[[-75.1538524466004,40.0159010201708],[-75.1551883618985,40.0153045223435]],[[-75.1766229791994,40.0060953261587],[-75.1786446793027,40.0050350838428]],[[-75.1803507543571,40.0041345407369],[-75.1806144456943,40.0040116018443]],[[-75.1503053120398,40.0175469066684],[-75.1512103277193,40.0171231262136]]]}},{"type":"Feature","properties":{"objectid":137,"stname":"SNYDER","length_ft":5445.480422920001,"Shape__Length":2161.5600523340713},"geometry":{"type":"MultiLineString","coordinates":[[[-75.1786902076936,39.9255366329123],[-75.1792455593186,39.9256153458925]],[[-75.1660159209772,39.9239125983775],[-75.1668483257632,39.924013842284]],[[-75.1782199970613,39.9254751367711],[-75.1786902076936,39.9255366329123]],[[-75.1735233158921,39.9248767454174],[-75.1739661433634,39.924934710338]],[[-75.1684784445044,39.9242358568212],[-75.1689220725706,39.9242954326035]],[[-75.1644434832638,39.9237111227714],[-75.1660159209772,39.9239125983775]],[[-75.172946832565,39.9248457599246],[-75.1735233158921,39.9248767454174]],[[-75.1766621323888,39.9252808291434],[-75.1771244396623,39.925342366141]],[[-75.1675918931322,39.9241149985923],[-75.1684784445044,39.9242358568212]],[[-75.1689220725706,39.9242954326035],[-75.1696299425153,39.9243813242559]],[[-75.1739661433634,39.924934710338],[-75.1745373362994,39.9250047848763]],[[-75.169747403241,39.9244185024283],[-75.1703958004141,39.9244698927807]],[[-75.1724316092816,39.9247289168654],[-75.172946832565,39.9248457599246]],[[-75.1760907631824,39.9252080384691],[-75.1766621323888,39.9252808291434]],[[-75.1713744817121,39.9246030355773],[-75.1719773129688,39.9246646062658]],[[-75.1708544075439,39.9245282248175],[-75.1713744817121,39.9246030355773]],[[-75.1618637792873,39.9233809053276],[-75.1623213291068,39.9234385019067]],[[-75.1755371630221,39.9251244073212],[-75.1760907631824,39.9252080384691]],[[-75.1607271093175,39.9232286228139],[-75.1613126003239,39.9233061074365]],[[-75.1771244396623,39.925342366141],[-75.1776726961201,39.925399747509]],[[-75.1750808875918,39.9250710886067],[-75.1755371630221,39.9251244073212]],[[-75.1628784810961,39.9234981907618],[-75.1644434832638,39.9237111227714]],[[-75.1703958004141,39.9244698927807],[-75.1708544075439,39.9245282248175]],[[-75.1696299425153,39.9243813242559],[-75.169747403241,39.9244185024283]],[[-75.1792455593186,39.9256153458925],[-75.1798635107354,39.9256952457005]],[[-75.1613126003239,39.9233061074365],[-75.1618637792873,39.9233809053276]],[[-75.1719773129688,39.9246646062658],[-75.1724316092816,39.9247289168654]],[[-75.1623213291068,39.9234385019067],[-75.1628784810961,39.9234981907618]],[[-75.1668483257632,39.924013842284],[-75.1675918931322,39.9241149985923]],[[-75.1745373362994,39.9250047848763],[-75.1750808875918,39.9250710886067]],[[-75.1776726961201,39.925399747509],[-75.1782199970613,39.9254751367711]]]}},{"type":"Feature","properties":{"objectid":138,"stname":"UNIVERSITY","length_ft":8420.16350281,"Shape__Length":3355.0028352025024},"geometry":{"type":"MultiLineString","coordinates":[[[-75.1976191381108,39.9578628229605],[-75.1975849200318,39.9579614228526],[-75.1975066303966,39.9582170120456],[-75.1972453715451,39.9590172258956],[-75.1970418837117,39.9595740511144]],[[-75.1969051306041,39.9426823399801],[-75.1974373667621,39.9417296698785],[-75.1981165076074,39.939729652081],[-75.1981251284603,39.9396462962589]],[[-75.1986841920748,39.9477148723303],[-75.1985241047868,39.9471308518106],[-75.1984434898435,39.946611722438],[-75.1984675482273,39.9460878773404]],[[-75.1977592215362,39.9574054810705],[-75.1977356497855,39.9574810565651],[-75.1977389037964,39.9575192901771],[-75.1976191381108,39.9578628229605]],[[-75.1986510080175,39.9536336501029],[-75.1988869592431,39.9525039127718],[-75.1989859790012,39.9519878182734],[-75.1989848230921,39.9519267115674],[-75.1991036570103,39.9513579379119],[-75.1992074655156,39.9512664190976]],[[-75.1970418837117,39.9595740511144],[-75.196993233805,39.9596544384366],[-75.1969293787461,39.9598885657919]],[[-75.1984675482273,39.9460878773404],[-75.1984771470352,39.9457153896024],[-75.1984166054441,39.9454311313982],[-75.1982959557224,39.9451667492874],[-75.1980516248326,39.94472950538],[-75.1978441974367,39.9444179326699]],[[-75.1988796900671,39.948206617876],[-75.1986841920748,39.9477148723303]],[[-75.1980102103819,39.9566637528097],[-75.1981038002969,39.9562149783667],[-75.1981144314957,39.9561211398894],[-75.1981546869191,39.955893233814]],[[-75.1992074655156,39.9512664190976],[-75.1994294894566,39.9504289666557],[-75.1994744966395,39.9503482821613]],[[-75.1981546869191,39.955893233814],[-75.1983135670644,39.9551520663908]],[[-75.1967459221581,39.9440570842518],[-75.1978441974367,39.9444179326699]],[[-75.1964342832345,39.9436450990823],[-75.1964769741275,39.9437611387137],[-75.1965831688348,39.9439037265191],[-75.1967459221581,39.9440570842518]],[[-75.1984716371862,39.954388605221],[-75.198614199926,39.9537177017474],[-75.1986510080175,39.9536336501029]],[[-75.1995481183843,39.9492203018117],[-75.1993258040895,39.9489704832869],[-75.1991063444747,39.9486154145831],[-75.1988881103463,39.9482277958827],[-75.1988796900671,39.948206617876]],[[-75.1964342832345,39.9436450990823],[-75.1965563961735,39.9433065360011],[-75.1969051306041,39.9426823399801]],[[-75.1983135670644,39.9551520663908],[-75.1984716371862,39.954388605221]],[[-75.1981251284603,39.9396462962589],[-75.1986582623235,39.9382095161795]],[[-75.1994744966395,39.9503482821613],[-75.1996089674837,39.9500396022738],[-75.1996246690729,39.9499840421497],[-75.1996509206586,39.9498918996772],[-75.1996648159293,39.949781939903],[-75.1996662621026,39.9496566673658],[-75.1996575712321,39.9495411931445],[-75.1996353964367,39.9494379494231],[-75.199594359723,39.9493167437476],[-75.1995481183843,39.9492203018117]],[[-75.1980102103819,39.9566637528097],[-75.1977592215362,39.9574054810705]]]}},{"type":"Feature","properties":{"objectid":139,"stname":"SPRING GARDEN","length_ft":7344.9004006000005,"Shape__Length":2917.0149351046657},"geometry":{"type":"MultiLineString","coordinates":[[[-75.1424191409526,39.9608175789324],[-75.1428760564057,39.9608698514593]],[[-75.1380532681068,39.9603447357697],[-75.138867193618,39.9604367325989]],[[-75.1576444487576,39.9618861558355],[-75.1578299704974,39.9618962762724],[-75.1592886739761,39.9620734113651]],[[-75.1428760564057,39.9608698514593],[-75.1433898417405,39.9609219671938]],[[-75.1490105513153,39.9614713929521],[-75.1498120557542,39.9615137612182]],[[-75.1545148772127,39.96172021275],[-75.1561182651542,39.9617892874378]],[[-75.14655964586,39.9612646011045],[-75.1474059726741,39.961349571077]],[[-75.1613860208151,39.9624833381432],[-75.1615972958303,39.9625441507543],[-75.1618098081024,39.9625782441935],[-75.1631084659276,39.9627285896714]],[[-75.138867193618,39.9604367325989],[-75.1395414938533,39.960515263349]],[[-75.1433898417405,39.9609219671938],[-75.1441776200431,39.9610073645066]],[[-75.1529302841078,39.961652989874],[-75.1537596018233,39.9616938967187]],[[-75.1371728200206,39.9602189659722],[-75.1380532681068,39.9603447357697]],[[-75.1457716533847,39.9611754572563],[-75.14655964586,39.9612646011045]],[[-75.1513464211494,39.9615789525773],[-75.151785136557,39.9616009056139]],[[-75.1395414938533,39.960515263349],[-75.1402915128648,39.9605838082008],[-75.1414406864797,39.960711584284]],[[-75.1498120557542,39.9615137612182],[-75.1513464211494,39.9615789525773]],[[-75.1414406864797,39.960711584284],[-75.1424191409526,39.9608175789324]],[[-75.1592886739761,39.9620734113651],[-75.1605008474883,39.9622252864875],[-75.1606874787025,39.9622582473777],[-75.1608624808925,39.9623044427663],[-75.1610621297861,39.9623686746745],[-75.1613860208151,39.9624833381432]],[[-75.1441776200431,39.9610073645066],[-75.1449657644794,39.9610971229231]],[[-75.1474059726741,39.961349571077],[-75.1481843404062,39.9614277127347]],[[-75.1537596018233,39.9616938967187],[-75.1545148772127,39.96172021275]],[[-75.1449657644794,39.9610971229231],[-75.1457716533847,39.9611754572563]],[[-75.1561182651542,39.9617892874378],[-75.1574660074859,39.9618552022707],[-75.1576444487576,39.9618861558355]],[[-75.151785136557,39.9616009056139],[-75.1529302841078,39.961652989874]],[[-75.1481843404062,39.9614277127347],[-75.1490105513153,39.9614713929521]]]}},{"type":"Feature","properties":{"objectid":140,"stname":"SPRUCE","length_ft":15787.73891224,"Shape__Length":6270.473166323429},"geometry":{"type":"MultiLineString","coordinates":[[[-75.1916921799281,39.9503297699873],[-75.1925889677225,39.9504554422581]],[[-75.2161354784349,39.9533759179726],[-75.2181356176924,39.9536227520309]],[[-75.1896760693834,39.9488978876774],[-75.1916921799281,39.9503297699873]],[[-75.2151347045398,39.953253294801],[-75.2161354784349,39.9533759179726]],[[-75.2092663991634,39.9525315395015],[-75.2105539527199,39.9526814257608]],[[-75.1972460373736,39.9510302047635],[-75.1992074655156,39.9512664190976]],[[-75.2069325100476,39.9522299358961],[-75.2078464653782,39.9523468024133]],[[-75.2078464653782,39.9523468024133],[-75.2092663991634,39.9525315395015]],[[-75.2191264120906,39.953741934581],[-75.2200829976517,39.9538584917228]],[[-75.2132737770175,39.9530197461176],[-75.2141492651521,39.9531343598275]],[[-75.2181356176924,39.9536227520309],[-75.2191264120906,39.953741934581]],[[-75.2008043422248,39.9514675445856],[-75.2030862870623,39.9517549129314]],[[-75.2105539527199,39.9526814257608],[-75.2121733804616,39.9528835737049]],[[-75.1925889677225,39.9504554422581],[-75.1952974537159,39.950798534146],[-75.1953254694848,39.9507910354856]],[[-75.2055853251389,39.952065531351],[-75.2069325100476,39.9522299358961]],[[-75.1876669731713,39.9474893373966],[-75.1878057372276,39.9475873664821],[-75.1896760693834,39.9488978876774]],[[-75.1992074655156,39.9512664190976],[-75.2008043422248,39.9514675445856]],[[-75.2141492651521,39.9531343598275],[-75.2151347045398,39.953253294801]],[[-75.2346781937304,39.9556756839383],[-75.2347257841944,39.9556786897337]],[[-75.2352795901967,39.9557508647693],[-75.236000335308,39.9558406537079]],[[-75.2200829976517,39.9538584917228],[-75.2210618148087,39.9539886449553]],[[-75.2260049788162,39.9546009872112],[-75.2279765104784,39.954841453281]],[[-75.2319396464364,39.9553281222318],[-75.2328922909428,39.9554466916504]],[[-75.2367147388312,39.9559346545589],[-75.2372401807277,39.9559975896461]],[[-75.2240298168694,39.9543519763822],[-75.2260049788162,39.9546009872112]],[[-75.2210618148087,39.9539886449553],[-75.2220593757278,39.9541120272349]],[[-75.2372401807277,39.9559975896461],[-75.2379358407914,39.9560718342381]],[[-75.2297798723837,39.9550685529335],[-75.2319396464364,39.9553281222318]],[[-75.2328922909428,39.9554466916504],[-75.2339867469154,39.9555886717428]],[[-75.2220593757278,39.9541120272349],[-75.2240298168694,39.9543519763822]],[[-75.2379358407914,39.9560718342381],[-75.2399118715089,39.9563221947295]],[[-75.236000335308,39.9558406537079],[-75.2367147388312,39.9559346545589]],[[-75.2347257841944,39.9556786897337],[-75.2352795901967,39.9557508647693]],[[-75.2279765104784,39.954841453281],[-75.2297798723837,39.9550685529335]],[[-75.2399118715089,39.9563221947295],[-75.2418912417003,39.9565620576656]],[[-75.2339867469154,39.9555886717428],[-75.2346781937304,39.9556756839383]],[[-75.2030862870623,39.9517549129314],[-75.2055853251389,39.952065531351]],[[-75.2121733804616,39.9528835737049],[-75.2132737770175,39.9530197461176]],[[-75.1953254694848,39.9507910354856],[-75.1972460373736,39.9510302047635]]]}},{"type":"Feature","properties":{"objectid":141,"stname":"SPRUCE","length_ft":6667.46907746,"Shape__Length":2647.452443818513},"geometry":{"type":"MultiLineString","coordinates":[[[-75.164713194122,39.9469801993295],[-75.1648475938446,39.9470084055076]],[[-75.1711819152626,39.9477932820675],[-75.1727512440196,39.9479806121676]],[[-75.1586971908399,39.9462333966734],[-75.1594834797561,39.9463346346594]],[[-75.1685984427757,39.9474672974736],[-75.169616160875,39.947590025811]],[[-75.15476239952,39.9457386797553],[-75.1555796188292,39.9458418780671]],[[-75.1610586504817,39.9465288003983],[-75.1618456336421,39.9466293114889]],[[-75.1500391190523,39.9451537064578],[-75.1516189192581,39.9453508443598]],[[-75.1641033469694,39.9469017561172],[-75.164713194122,39.9469801993295]],[[-75.162630100614,39.9467228504732],[-75.1636509596745,39.9468460058081]],[[-75.1579084951344,39.9461349451742],[-75.1586971908399,39.9462333966734]],[[-75.1669946670671,39.9472670202069],[-75.1680334539188,39.9473953540142]],[[-75.1636509596745,39.9468460058081],[-75.1641033469694,39.9469017561172]],[[-75.1563393862358,39.9459329835255],[-75.157116226716,39.9460349207598]],[[-75.1531866732342,39.9455454260219],[-75.154693579359,39.9457358341761],[-75.15476239952,39.9457386797553]],[[-75.1492785044315,39.9450562397418],[-75.1500391190523,39.9451537064578]],[[-75.1648475938446,39.9470084055076],[-75.1654919402559,39.9470863606295],[-75.1664602844608,39.947205418818]],[[-75.1555796188292,39.9458418780671],[-75.1558736559341,39.9458783403789]],[[-75.1558736559341,39.9458783403789],[-75.1563393862358,39.9459329835255]],[[-75.1680334539188,39.9473953540142],[-75.1685984427757,39.9474672974736]],[[-75.1602689633931,39.9464311952666],[-75.1610586504817,39.9465288003983]],[[-75.1594834797561,39.9463346346594],[-75.1602689633931,39.9464311952666]],[[-75.169616160875,39.947590025811],[-75.1711819152626,39.9477932820675]],[[-75.1516189192581,39.9453508443598],[-75.1531156183498,39.9455310381917],[-75.1531866732342,39.9455454260219]],[[-75.1618456336421,39.9466293114889],[-75.162630100614,39.9467228504732]],[[-75.157116226716,39.9460349207598],[-75.1579084951344,39.9461349451742]],[[-75.1664602844608,39.947205418818],[-75.1669946670671,39.9472670202069]]]}},{"type":"Feature","properties":{"objectid":142,"stname":"STATE","length_ft":7968.23845364,"Shape__Length":3171.7700636747954},"geometry":{"type":"MultiLineString","coordinates":[[[-75.0288213841535,40.0273473678388],[-75.0272028697969,40.028247512971],[-75.0225587822629,40.0308151768481]],[[-75.0225587822629,40.0308151768481],[-75.0217639562019,40.0312545882244]],[[-75.0316358099718,40.0256859471302],[-75.0288213841535,40.0273473678388]],[[-75.0339322719758,40.0246231875488],[-75.0330372058618,40.025040999373]],[[-75.0330372058618,40.025040999373],[-75.0316358099718,40.0256859471302]],[[-75.0344794875103,40.024364770383],[-75.0339322719758,40.0246231875488]],[[-75.0217639562019,40.0312545882244],[-75.0205642024894,40.0319278715817],[-75.0198426033347,40.0323298829902]],[[-75.0169811895852,40.0339220300327],[-75.012252133324,40.0365538299118],[-75.0113140438176,40.037050312821]],[[-75.0198426033347,40.0323298829902],[-75.0181424768434,40.0332770077273],[-75.0169811895852,40.0339220300327]]]}},{"type":"Feature","properties":{"objectid":143,"stname":"STENTON","length_ft":10589.69669221,"Shape__Length":4216.775197025998},"geometry":{"type":"MultiLineString","coordinates":[[[-75.1729093748456,40.0638302786496],[-75.1737281064376,40.0642987350391]],[[-75.1552174583121,40.0539316745737],[-75.1555576155121,40.0540831822154]],[[-75.144056015099,40.0481805389123],[-75.1446121209798,40.048487227264]],[[-75.1446121209798,40.048487227264],[-75.1449612423656,40.0486899918702]],[[-75.1564891604677,40.054529148291],[-75.1571780290521,40.0548444150767],[-75.1577279059997,40.0551507516351]],[[-75.1646045966409,40.0590533215825],[-75.1654552776175,40.0595507683226]],[[-75.154385254454,40.0535542912615],[-75.1552174583121,40.0539316745737]],[[-75.1449612423656,40.0486899918702],[-75.1455798150675,40.0490365167027],[-75.1458317554674,40.0491773134262]],[[-75.1686446399365,40.0613829116998],[-75.1690699962271,40.0616276534523],[-75.1693816274465,40.0618069830695]],[[-75.1497761804535,40.0513795949987],[-75.1501443545468,40.0515871650307]],[[-75.1669710736879,40.0604226198125],[-75.1674897814551,40.0607158918144],[-75.1678474435102,40.060921804962]],[[-75.1501443545468,40.0515871650307],[-75.150474503251,40.0517324348576]],[[-75.1577279059997,40.0551507516351],[-75.157872568812,40.0552080323503],[-75.1583086670738,40.0554463500654]],[[-75.1693816274465,40.0618069830695],[-75.1697994438479,40.062043596729],[-75.1700665442433,40.062195280625]],[[-75.1536857813535,40.0532259784497],[-75.1537562106642,40.053267169727],[-75.154385254454,40.0535542912615]],[[-75.1654552776175,40.0595507683226],[-75.165955241971,40.0598311901683]],[[-75.1707893862716,40.0626093832229],[-75.1711791568639,40.0628286005913],[-75.1714533040476,40.0629980179848]],[[-75.148709896477,40.0507874345907],[-75.14935806535,40.0511438662831]],[[-75.1588922605943,40.0557775768654],[-75.1606415941842,40.0567886028421],[-75.1606930843635,40.0568409715035]],[[-75.1555576155121,40.0540831822154],[-75.1564891604677,40.054529148291]],[[-75.1678474435102,40.060921804962],[-75.1683269481181,40.0611944219909],[-75.1686446399365,40.0613829116998]],[[-75.165955241971,40.0598311901683],[-75.1662315265268,40.0599947328131]],[[-75.1465452634644,40.0495764419116],[-75.1472672858634,40.0499743116371]],[[-75.14935806535,40.0511438662831],[-75.1497761804535,40.0513795949987]],[[-75.1516542095799,40.0522807555797],[-75.1528955452744,40.052860574337]],[[-75.1528955452744,40.052860574337],[-75.1533061282871,40.0530478447534]],[[-75.1662315265268,40.0599947328131],[-75.1669710736879,40.0604226198125]],[[-75.1428999976488,40.0475030296797],[-75.1434532296511,40.0478316084062]],[[-75.1434532296511,40.0478316084062],[-75.144056015099,40.0481805389123]],[[-75.1700665442433,40.062195280625],[-75.1704760631481,40.0624315224996],[-75.1707893862716,40.0626093832229]],[[-75.1606930843635,40.0568409715035],[-75.1619508719938,40.0575759445571],[-75.1621251770448,40.057648047749]],[[-75.1631762952551,40.058242623783],[-75.1646045966409,40.0590533215825]],[[-75.1533061282871,40.0530478447534],[-75.1533733110139,40.053078486779],[-75.1536857813535,40.0532259784497]],[[-75.1721175970387,40.0633792589569],[-75.1724784891772,40.0635911275108],[-75.172571212716,40.063648390706],[-75.1729093748456,40.0638302786496]],[[-75.1472672858634,40.0499743116371],[-75.148709896477,40.0507874345907]],[[-75.1714533040476,40.0629980179848],[-75.1718355719561,40.0632193252899],[-75.1721175970387,40.0633792589569]],[[-75.150474503251,40.0517324348576],[-75.1516542095799,40.0522807555797]],[[-75.1621251770448,40.057648047749],[-75.1622493333951,40.0577101921464],[-75.1626571436118,40.0579454146397],[-75.1631762952551,40.058242623783]],[[-75.1583086670738,40.0554463500654],[-75.1588922605943,40.0557775768654]],[[-75.1458317554674,40.0491773134262],[-75.1465452634644,40.0495764419116]]]}},{"type":"Feature","properties":{"objectid":144,"stname":"TABOR","length_ft":7124.23350562,"Shape__Length":2837.7149117712997},"geometry":{"type":"MultiLineString","coordinates":[[[-75.1069139093005,40.0331449728555],[-75.1066277469101,40.0334460260339],[-75.106607364768,40.0334674691003],[-75.1059379248024,40.0341098582603]],[[-75.0993411564203,40.0402072758556],[-75.0991150787739,40.0404142797129]],[[-75.1090592940685,40.0317501598741],[-75.1084062700008,40.0319876627134]],[[-75.0979583742161,40.0413803886311],[-75.0966060428094,40.0424965653961]],[[-75.1007298749032,40.0390294999116],[-75.1002729166262,40.0394359752102]],[[-75.1084062700008,40.0319876627134],[-75.1080424123648,40.032117936559],[-75.1079244904795,40.0321564261789],[-75.1079112812704,40.0321598390543]],[[-75.1002729166262,40.0394359752102],[-75.0998249679482,40.0398084327494]],[[-75.1133624851418,40.0307121317931],[-75.1120311223853,40.030806513444]],[[-75.0966060428094,40.0424965653961],[-75.0954100252352,40.0437515876658]],[[-75.0984765508943,40.0409642875775],[-75.0979583742161,40.0413803886311]],[[-75.1011808855157,40.0386617346765],[-75.1007298749032,40.0390294999116]],[[-75.0988956351879,40.0405995213425],[-75.0984765508943,40.0409642875775]],[[-75.1079112812704,40.0321598390543],[-75.1075768997393,40.0324481302914]],[[-75.1120311223853,40.030806513444],[-75.1119642149608,40.0307982774346],[-75.1118743473739,40.0308005272581],[-75.111132805582,40.0310519690485]],[[-75.104728580496,40.0353301948914],[-75.1032036900808,40.0367830870834],[-75.1023327128309,40.037629885929],[-75.1021253872622,40.0378113075785]],[[-75.1059379248024,40.0341098582603],[-75.104728580496,40.0353301948914]],[[-75.1021253872622,40.0378113075785],[-75.1018835740094,40.0380328739637],[-75.1015755123695,40.0383025529166]],[[-75.0991150787739,40.0404142797129],[-75.0988956351879,40.0405995213425]],[[-75.1075768997393,40.0324481302914],[-75.1072659880824,40.0327797524376],[-75.1072550692134,40.0327910785374],[-75.1070350905584,40.033019269136],[-75.1069139093005,40.0331449728555]],[[-75.111132805582,40.0310519690485],[-75.1111237630675,40.0310550347173],[-75.1090592940685,40.0317501598741]],[[-75.1015755123695,40.0383025529166],[-75.1013440334375,40.0385120195928],[-75.1011808855157,40.0386617346765]],[[-75.0998249679482,40.0398084327494],[-75.0995972874541,40.039987275666],[-75.0993411564203,40.0402072758556]]]}},{"type":"Feature","properties":{"objectid":145,"stname":"UPSAL","length_ft":9863.991490760001,"Shape__Length":3932.8475163079647},"geometry":{"type":"MultiLineString","coordinates":[[[-75.1720686019121,40.0613105090512],[-75.1707893862716,40.0626093832229]],[[-75.1743139068631,40.0581513727938],[-75.1740992713389,40.0585787347439],[-75.1738635492377,40.0590018924712]],[[-75.1747616463978,40.0572911583874],[-75.1745243325707,40.057755082049],[-75.1743139068631,40.0581513727938]],[[-75.1653203493481,40.0677156013573],[-75.165148133586,40.0678289636451]],[[-75.1734483004266,40.0598761232071],[-75.1720686019121,40.0613105090512]],[[-75.1799960193807,40.0516091650724],[-75.1796191968304,40.0519652602011]],[[-75.1738635492377,40.0590018924712],[-75.1736570246743,40.059436697697],[-75.1734483004266,40.0598761232071]],[[-75.1707893862716,40.0626093832229],[-75.1698318488748,40.063549137653]],[[-75.1779858939202,40.0535692921583],[-75.1776915324499,40.053858351638],[-75.1776371396977,40.0539090381974],[-75.1770561257993,40.0544853893653],[-75.1770077882581,40.0545591941933],[-75.1766212074989,40.0551494402202]],[[-75.1824989372311,40.0491522984705],[-75.1813937004759,40.0502397129409]],[[-75.1698318488748,40.063549137653],[-75.1690457205582,40.0643085349369]],[[-75.1646396310921,40.0682023688023],[-75.1643633375394,40.0684329039533],[-75.1641086572926,40.0686720736051]],[[-75.1796191968304,40.0519652602011],[-75.1779858939202,40.0535692921583]],[[-75.1657084079635,40.0674472600792],[-75.1653203493481,40.0677156013573]],[[-75.1813937004759,40.0502397129409],[-75.1805669069819,40.0510583307014]],[[-75.1681016344197,40.0652289099042],[-75.1660756980716,40.0672035491258]],[[-75.1834003944661,40.0482634049001],[-75.1824989372311,40.0491522984705]],[[-75.1634228608433,40.0693420201072],[-75.1627476161718,40.0700052022024]],[[-75.165148133586,40.0678289636451],[-75.164878555088,40.0680164754236],[-75.1646396310921,40.0682023688023]],[[-75.1803436043453,40.0512623889788],[-75.1799960193807,40.0516091650724]],[[-75.1761900296721,40.0558288689243],[-75.1752618294099,40.056719795639],[-75.1747616463978,40.0572911583874]],[[-75.1641086572926,40.0686720736051],[-75.1634228608433,40.0693420201072]],[[-75.1690457205582,40.0643085349369],[-75.1681016344197,40.0652289099042]],[[-75.1660756980716,40.0672035491258],[-75.1657084079635,40.0674472600792]],[[-75.1766212074989,40.0551494402202],[-75.1761900296721,40.0558288689243]],[[-75.1805669069819,40.0510583307014],[-75.1803436043453,40.0512623889788]]]}},{"type":"Feature","properties":{"objectid":146,"stname":"VERREE","length_ft":12082.63846327,"Shape__Length":4817.692622143229},"geometry":{"type":"MultiLineString","coordinates":[[[-75.0747256549356,40.0740581078008],[-75.0734806619107,40.0752692879421]],[[-75.0526510003381,40.0930020829597],[-75.0526269313271,40.0930235090715],[-75.0521025821507,40.0935194679295]],[[-75.0698326620476,40.078831778407],[-75.0692182996652,40.0794501474638]],[[-75.0710103997003,40.0776913856077],[-75.0703823400873,40.0782990908969]],[[-75.0734806619107,40.0752692879421],[-75.0728651637834,40.0758639404897]],[[-75.0514885127991,40.0941002764741],[-75.0507546333955,40.0947891820156]],[[-75.0722448629147,40.0764679624102],[-75.0716355862722,40.0770897615688]],[[-75.0759019553947,40.0728938547353],[-75.0752783112691,40.0734962787022]],[[-75.0507546333955,40.0947891820156],[-75.0484305805412,40.0970849348254]],[[-75.0752783112691,40.0734962787022],[-75.0747256549356,40.0740581078008]],[[-75.0529406557484,40.0927442272784],[-75.0526510003381,40.0930020829597]],[[-75.0716355862722,40.0770897615688],[-75.0710103997003,40.0776913856077]],[[-75.0669711785377,40.0812667049949],[-75.0654766470049,40.082309625404],[-75.0624566070871,40.0843813908505],[-75.062387325524,40.0844213701449],[-75.059974378663,40.0860755607651],[-75.0591009118535,40.0866788458176],[-75.058722204892,40.0870921972398],[-75.058282149611,40.0877919861267],[-75.057696410164,40.0886994703473],[-75.0570698000963,40.0897062940661]],[[-75.0765836335466,40.0722361123303],[-75.0759019553947,40.0728938547353]],[[-75.0728651637834,40.0758639404897],[-75.0722448629147,40.0764679624102]],[[-75.0556891365444,40.0907621215128],[-75.0542429190044,40.0916604206721],[-75.053909226089,40.091882895125],[-75.0535985904645,40.0921538892491],[-75.053015522151,40.0926775801208],[-75.0529406557484,40.0927442272784]],[[-75.0703823400873,40.0782990908969],[-75.0698326620476,40.078831778407]],[[-75.0570698000963,40.0897062940661],[-75.0564606543755,40.0902442414335],[-75.0556891365444,40.0907621215128]],[[-75.0692182996652,40.0794501474638],[-75.0684664595597,40.0801735974865]],[[-75.0521025821507,40.0935194679295],[-75.0514885127991,40.0941002764741]],[[-75.0684664595597,40.0801735974865],[-75.0682779477653,40.0803547710025],[-75.0679267340665,40.0806092747209],[-75.0670917437589,40.0811825699325],[-75.0669711785377,40.0812667049949]]]}},{"type":"Feature","properties":{"objectid":147,"stname":"VINE","length_ft":4524.60948289,"Shape__Length":1796.8618607610565},"geometry":{"type":"MultiLineString","coordinates":[[[-75.1622482914857,39.9578823036434],[-75.1622507486708,39.9578825906297]],[[-75.1622507486708,39.9578825906297],[-75.1623184720553,39.9578904892879],[-75.1640885104375,39.9581006741198],[-75.165596855777,39.9583403599869],[-75.1671718640868,39.9585091345229]],[[-75.1622507486708,39.9578825906297],[-75.1622507521802,39.9578825907089]],[[-75.1546331879019,39.9569149342909],[-75.1554925745767,39.9570220088141],[-75.1570813466151,39.9572180685028],[-75.1573532344275,39.9572579456024],[-75.1576870406406,39.9573023279041],[-75.1578825815513,39.9573258883662],[-75.1581862059249,39.9573600743027],[-75.1586512537744,39.9574151584422],[-75.1602378326046,39.957616606265],[-75.1622473155206,39.9578821365655],[-75.1622507486708,39.9578825906297]],[[-75.1523337593531,39.9568850039508],[-75.1523342948163,39.9568849322804]],[[-75.1523342948163,39.9568849322804],[-75.1523401013728,39.9568841546298],[-75.1526452273449,39.9568432722228],[-75.1529530739401,39.9568511516134],[-75.1533221815027,39.9568507551722],[-75.1536233269157,39.9568531668715],[-75.1540120908711,39.9568690520889],[-75.1543038550637,39.956879602165],[-75.1545253260888,39.9568873223047],[-75.1546331879019,39.9569149342909]],[[-75.1512251632375,39.9568725630566],[-75.1512319743421,39.9568734696988],[-75.1513415311614,39.9568880485034],[-75.151748331319,39.9569230749451],[-75.1519350358022,39.9569097054951],[-75.1523208251392,39.9568849165116],[-75.1523329460972,39.9568849305739],[-75.1523342948163,39.9568849322804]]]}},{"type":"Feature","properties":{"objectid":148,"stname":"WALNUT","length_ft":4109.0696079399995,"Shape__Length":1636.3184674745344},"geometry":{"type":"MultiLineString","coordinates":[[[-75.1864578896011,40.033235609038],[-75.1877362646537,40.0329690442204],[-75.1878660270142,40.0329423256619],[-75.1897948447772,40.0325479380386]],[[-75.1817982392328,40.0374393959577],[-75.184363120132,40.0349173191949]],[[-75.1857611040852,40.0335539939103],[-75.1859670061864,40.0333892230012],[-75.1862559544449,40.0332801181975],[-75.1864578896011,40.033235609038]],[[-75.1897948447772,40.0325479380386],[-75.1908842076679,40.0322871020701]],[[-75.184363120132,40.0349173191949],[-75.1857304073633,40.0335785583936],[-75.1857611040852,40.0335539939103]],[[-75.1800506438671,40.0391466705822],[-75.1817982392328,40.0374393959577]]]}},{"type":"Feature","properties":{"objectid":149,"stname":"WALNUT","length_ft":26755.64749748,"Shape__Length":10624.997285910547},"geometry":{"type":"MultiLineString","coordinates":[[[-75.2368203480363,39.9583662133537],[-75.2374503397656,39.9584425528282]],[[-75.2255171631053,39.9569625024843],[-75.2274915449014,39.9572051743856]],[[-75.1643404703316,39.9493551495506],[-75.1659427141121,39.9495627897639]],[[-75.2087639321776,39.9548893902411],[-75.210057516555,39.9550469560826]],[[-75.213658428311,39.9554915465503],[-75.2146465106888,39.9556167603157]],[[-75.2156348435419,39.9557356306812],[-75.2176480696927,39.9559817769442]],[[-75.1605399528953,39.94888984147],[-75.1613314763146,39.9489879711673]],[[-75.1840637751906,39.9518128613325],[-75.1855398975519,39.9519976269168],[-75.1876986053281,39.9522724613831],[-75.1900370810119,39.9525636924461]],[[-75.210057516555,39.9550469560826],[-75.210870161873,39.9551492909348]],[[-75.1757399898213,39.9507786243139],[-75.1765211449688,39.9508793366458]],[[-75.2286598061993,39.9573529191001],[-75.2292864845386,39.9574289615842]],[[-75.2355064562451,39.9582012250437],[-75.2362263953485,39.9582903122624]],[[-75.1659427141121,39.9495627897639],[-75.1667337510814,39.9496648200343]],[[-75.1558201789465,39.9482966786005],[-75.1573949361399,39.9484994901122]],[[-75.2453485571732,39.9594214598233],[-75.2473931764277,39.9596719291976]],[[-75.1621170579192,39.9490896140263],[-75.1631404031514,39.9492150457067]],[[-75.1947891068477,39.9531513234647],[-75.1967652085916,39.9533968143544]],[[-75.2050938679996,39.9544283928189],[-75.2064357026302,39.95459805437]],[[-75.2414003269721,39.958930247072],[-75.2420951648575,39.9590180337887]],[[-75.1986510080175,39.9536336501029],[-75.2002627682356,39.9538298005984]],[[-75.2127738061642,39.955383308661],[-75.213658428311,39.9554915465503]],[[-75.1589681859956,39.9486903559169],[-75.1597527849781,39.9487923037767]],[[-75.210870161873,39.9551492909348],[-75.2116802685256,39.9552495662851]],[[-75.1667337510814,39.9496648200343],[-75.1675194661068,39.9497537233322]],[[-75.1722461879078,39.950347139453],[-75.1727543015948,39.9504074860159]],[[-75.2362263953485,39.9582903122624],[-75.2368203480363,39.9583662133537]],[[-75.2274915449014,39.9572051743856],[-75.2281196747395,39.9572834932929]],[[-75.2235400290211,39.9567169579114],[-75.2255171631053,39.9569625024843]],[[-75.1531765773297,39.9479714454472],[-75.1542497914759,39.9481031417528]],[[-75.1691043203952,39.9499522984553],[-75.1706702814739,39.9501409317682]],[[-75.2314410268028,39.9576980472378],[-75.2334939801167,39.957954065328]],[[-75.2334939801167,39.957954065328],[-75.2341984679599,39.9580370817141]],[[-75.1967652085916,39.9533968143544],[-75.1986510080175,39.9536336501029]],[[-75.2186295106776,39.9561060445432],[-75.2195890247454,39.9562251952017]],[[-75.1706702814739,39.9501409317682],[-75.1722461879078,39.950347139453]],[[-75.1573949361399,39.9484994901122],[-75.1589681859956,39.9486903559169]],[[-75.2341984679599,39.9580370817141],[-75.2347705934314,39.9581102425573]],[[-75.2433733076561,39.9591759120218],[-75.2453485571732,39.9594214598233]],[[-75.2025922544393,39.9541217782398],[-75.2050938679996,39.9544283928189]],[[-75.1827944254386,39.9516575261144],[-75.1840637751906,39.9518128613325]],[[-75.2215620144103,39.956470947795],[-75.2235400290211,39.9567169579114]],[[-75.1542497914759,39.9481031417528],[-75.1558201789465,39.9482966786005]],[[-75.1613314763146,39.9489879711673],[-75.1621170579192,39.9490896140263]],[[-75.1773254754928,39.9509737652275],[-75.1784822364596,39.9511140577387]],[[-75.2176480696927,39.9559817769442],[-75.2186295106776,39.9561060445432]],[[-75.1900370810119,39.9525636924461],[-75.1920997564121,39.9528235879216]],[[-75.2374503397656,39.9584425528282],[-75.2394213815794,39.9586853931395]],[[-75.1641954346709,39.9493439683996],[-75.1643404703316,39.9493551495506]],[[-75.2347705934314,39.9581102425573],[-75.2355064562451,39.9582012250437]],[[-75.2292864845386,39.9574289615842],[-75.2314410268028,39.9576980472378]],[[-75.2002627682356,39.9538298005984],[-75.2025922544393,39.9541217782398]],[[-75.1727543015948,39.9504074860159],[-75.1738154820783,39.9505410139997]],[[-75.1817435048679,39.9515285491175],[-75.1824195762845,39.9516122141598],[-75.1825437327961,39.9516290478894],[-75.1827944254386,39.9516575261144]],[[-75.2420951648575,39.9590180337887],[-75.2426894262289,39.9590910295913]],[[-75.1631404031514,39.9492150457067],[-75.1637071604698,39.9492816576183]],[[-75.1920997564121,39.9528235879216],[-75.1924018229669,39.9528558835854],[-75.1947891068477,39.9531513234647]],[[-75.1637071604698,39.9492816576183],[-75.1641954346709,39.9493439683996]],[[-75.2146465106888,39.9556167603157],[-75.2156348435419,39.9557356306812]],[[-75.2195890247454,39.9562251952017],[-75.2215620144103,39.956470947795]],[[-75.1597527849781,39.9487923037767],[-75.1605399528953,39.94888984147]],[[-75.1675194661068,39.9497537233322],[-75.1691043203952,39.9499522984553]],[[-75.2075460357223,39.9547376497617],[-75.2087639321776,39.9548893902411]],[[-75.1784822364596,39.9511140577387],[-75.1789842107685,39.9511825686898],[-75.1795111485018,39.9512491148718],[-75.1806200667657,39.9513895128066],[-75.1817435048679,39.9515285491175]],[[-75.2394213815794,39.9586853931395],[-75.2414003269721,39.958930247072]],[[-75.2064357026302,39.95459805437],[-75.2075460357223,39.9547376497617]],[[-75.1765211449688,39.9508793366458],[-75.1773254754928,39.9509737652275]],[[-75.2281196747395,39.9572834932929],[-75.2286598061993,39.9573529191001]],[[-75.2426894262289,39.9590910295913],[-75.2433733076561,39.9591759120218]],[[-75.2116802685256,39.9552495662851],[-75.2127738061642,39.955383308661]],[[-75.1738154820783,39.9505410139997],[-75.1757399898213,39.9507786243139]]]}},{"type":"Feature","properties":{"objectid":150,"stname":"WASHINGTON","length_ft":9863.66439236,"Shape__Length":3916.4071083512977},"geometry":{"type":"MultiLineString","coordinates":[[[-75.1646114747105,39.9376137007383],[-75.1659942499833,39.9377758784564],[-75.1666127536531,39.9378431114647],[-75.1667149349195,39.9378538537583]],[[-75.1668188889289,39.9378780682319],[-75.1684486268257,39.9380942384144]],[[-75.1747536249195,39.9388354189361],[-75.1763132925315,39.9390308159074]],[[-75.1630399241955,39.9374156136019],[-75.1646114747105,39.9376137007383]],[[-75.179840905555,39.9394878763671],[-75.1814971959762,39.9396966083848]],[[-75.1599521043697,39.9367726209935],[-75.1604849473599,39.9369110587213]],[[-75.1684486268257,39.9380942384144],[-75.1689548784295,39.9381535456955],[-75.1700274210923,39.9382720940089]],[[-75.1578833600933,39.9362220281408],[-75.1584269448663,39.9363812354909]],[[-75.1814971959762,39.9396966083848],[-75.1831430037464,39.939904922182]],[[-75.1667149349195,39.9378538537583],[-75.1668188889289,39.9378780682319]],[[-75.1737328838248,39.9387298946922],[-75.1742074755933,39.9387811529932]],[[-75.1584269448663,39.9363812354909],[-75.1599521043697,39.9367726209935]],[[-75.1562559864586,39.9357909061671],[-75.1568938343569,39.9359491550488]],[[-75.1710608787677,39.9383977597712],[-75.1716057243012,39.9384569184334]],[[-75.1614009964747,39.9371667605226],[-75.1630399241955,39.9374156136019]],[[-75.1608803307339,39.937023042763],[-75.1614009964747,39.9371667605226]],[[-75.1568938343569,39.9359491550488],[-75.1578833600933,39.9362220281408]],[[-75.1553928392678,39.9355563321562],[-75.1557669624692,39.935658925011]],[[-75.1700274210923,39.9382720940089],[-75.1705299808048,39.9383361262521],[-75.1708424086564,39.9383723390701],[-75.1710608787677,39.9383977597712]],[[-75.1731766216538,39.9386509647505],[-75.1737328838248,39.9387298946922]],[[-75.1831430037464,39.939904922182],[-75.1849579527041,39.9400934110115]],[[-75.1531080966028,39.9349311112618],[-75.153864505752,39.9351351504997]],[[-75.1557669624692,39.935658925011],[-75.1562559864586,39.9357909061671]],[[-75.1716057243012,39.9384569184334],[-75.1722203383088,39.9385410356388]],[[-75.1726832039211,39.9385955101556],[-75.1731766216538,39.9386509647505]],[[-75.153864505752,39.9351351504997],[-75.1553928392678,39.9355563321562]],[[-75.1763132925315,39.9390308159074],[-75.1782537421778,39.9392771193663]],[[-75.1722203383088,39.9385410356388],[-75.1726832039211,39.9385955101556]],[[-75.1782537421778,39.9392771193663],[-75.179840905555,39.9394878763671]],[[-75.1742074755933,39.9387811529932],[-75.1747536249195,39.9388354189361]],[[-75.1604849473599,39.9369110587213],[-75.1608803307339,39.937023042763]],[[-75.1865541722879,39.9402395031731],[-75.1874473230361,39.9403735151404]],[[-75.1849579527041,39.9400934110115],[-75.1853433903961,39.9400901784453],[-75.186318850485,39.9402032135731],[-75.1865541722879,39.9402395031731]]]}},{"type":"Feature","properties":{"objectid":151,"stname":"WASHINGTON","length_ft":2690.4145326899998,"Shape__Length":1072.4364006203787},"geometry":{"type":"MultiLineString","coordinates":[[[-75.1749188392244,40.0490616231864],[-75.1732634444177,40.050676353021]],[[-75.1727839295589,40.0511490708559],[-75.1727467470201,40.0511764131145],[-75.1701861023862,40.0536623264494],[-75.1689607053109,40.0548560152488]],[[-75.1732634444177,40.050676353021],[-75.1727839295589,40.0511490708559]]]}},{"type":"Feature","properties":{"objectid":152,"stname":"WASHINGTON","length_ft":4841.26971675,"Shape__Length":1930.556723715461},"geometry":{"type":"MultiLineString","coordinates":[[[-75.160637691827,40.0645345804575],[-75.1603927099394,40.0647913743328],[-75.1602085002678,40.0649900903776]],[[-75.1631696027751,40.0619201221618],[-75.1620215564454,40.0631043041881]],[[-75.1619615514875,40.0631669894687],[-75.1606916469356,40.0644777052763]],[[-75.1606916469356,40.0644777052763],[-75.160637691827,40.0645345804575]],[[-75.1554354708684,40.0702476083137],[-75.1552444662528,40.0704508803972]],[[-75.1597771280582,40.0654298323748],[-75.1595235768118,40.065693038494],[-75.1593026419568,40.0659222607044]],[[-75.1552444662528,40.0704508803972],[-75.1548525494152,40.0708773475314],[-75.1544774534843,40.0712935217309]],[[-75.1567778970912,40.0686844581043],[-75.1562902902878,40.0692692481586]],[[-75.1602085002678,40.0649900903776],[-75.159973798084,40.0652278496413],[-75.1597771280582,40.0654298323748]],[[-75.1586851267198,40.0665636944342],[-75.158295019257,40.0669653335097]],[[-75.158295019257,40.0669653335097],[-75.1577825973559,40.0675016708773],[-75.1576204751943,40.0676853451568],[-75.1574526386496,40.067875492032],[-75.1573816547931,40.0679531968829]],[[-75.1593026419568,40.0659222607044],[-75.1586851267198,40.0665636944342]],[[-75.1562902902878,40.0692692481586],[-75.1556034082149,40.0700591161836],[-75.1554354708684,40.0702476083137]],[[-75.1620215564454,40.0631043041881],[-75.1619615514875,40.0631669894687]],[[-75.1544774534843,40.0712935217309],[-75.1543466312891,40.0714373917713],[-75.1540778676605,40.0717413681916]],[[-75.1641247118036,40.0609285578175],[-75.1631696027751,40.0619201221618]],[[-75.1573816547931,40.0679531968829],[-75.1572314274969,40.0681329844522],[-75.1571200054533,40.0682684696997],[-75.1567778970912,40.0686844581043]]]}},{"type":"Feature","properties":{"objectid":153,"stname":"WAYNE","length_ft":5469.8691517,"Shape__Length":2177.3275866586264},"geometry":{"type":"MultiLineString","coordinates":[[[-75.1691920239807,40.0262195255747],[-75.1710510375058,40.0272426570781]],[[-75.1661172046542,40.0245455136192],[-75.1669954618052,40.0250216130491]],[[-75.1745751966999,40.0292537811207],[-75.1756364908724,40.0298711679864]],[[-75.1778200162922,40.0311196835411],[-75.1789164449367,40.0317461491325]],[[-75.1725236892679,40.0280562646192],[-75.1736131538767,40.0287001280651]],[[-75.1710510375058,40.0272426570781],[-75.1725236892679,40.0280562646192]],[[-75.1767078104878,40.0304692839828],[-75.1778200162922,40.0311196835411]],[[-75.1789164449367,40.0317461491325],[-75.1790775174358,40.0318664446077],[-75.1803563765446,40.0326164072896]],[[-75.1646196794961,40.0237276734545],[-75.1652771092988,40.0240966289008]],[[-75.1669954618052,40.0250216130491],[-75.1676465760224,40.0253816048842]],[[-75.1736131538767,40.0287001280651],[-75.1745751966999,40.0292537811207]],[[-75.1676465760224,40.0253816048842],[-75.1691920239807,40.0262195255747]],[[-75.1652771092988,40.0240966289008],[-75.1661172046542,40.0245455136192]],[[-75.1756364908724,40.0298711679864],[-75.1767078104878,40.0304692839828]]]}},{"type":"Feature","properties":{"objectid":154,"stname":"WELSH","length_ft":7688.59644267,"Shape__Length":3067.8262617958326},"geometry":{"type":"MultiLineString","coordinates":[[[-75.0282398198803,40.0633669384445],[-75.0280187144859,40.0607344606721]],[[-75.0312855328244,40.0702083638136],[-75.0303955020553,40.069050609925]],[[-75.0350891185535,40.0746262701523],[-75.0349525463494,40.074467614033]],[[-75.0285405066217,40.0665582043477],[-75.0283826199418,40.0649169821071]],[[-75.0301728274048,40.068760948245],[-75.0301219696617,40.0687025834402],[-75.0300659687007,40.0686215966669],[-75.0296626693667,40.0681633241689]],[[-75.0296626693667,40.0681633241689],[-75.0282588840663,40.0673235470292]],[[-75.0303955020553,40.069050609925],[-75.0301728274048,40.068760948245]],[[-75.0282588840663,40.0673235470292],[-75.0283789968145,40.0671300983461],[-75.0284692190094,40.0669856842783],[-75.0285153189077,40.0668498366791],[-75.0285389743596,40.0667278707409],[-75.0285405066217,40.0665582043477]],[[-75.032657211238,40.0718165878146],[-75.0312855328244,40.0702083638136]],[[-75.0329683612616,40.0721618937265],[-75.032657211238,40.0718165878146]],[[-75.0356457858823,40.07553883294],[-75.0354972747724,40.0752369996464],[-75.0354191367935,40.075057218836],[-75.0353625486631,40.0749481839648],[-75.0350891185535,40.0746262701523]],[[-75.0280187144859,40.0607344606721],[-75.0279658207338,40.0602168412289],[-75.0279639327932,40.0601101152661],[-75.027976179814,40.0599586804758],[-75.0279798862161,40.0598663119972],[-75.0280032268856,40.0597459587944],[-75.0280459164814,40.0596047288235],[-75.0281010300658,40.0594614225005],[-75.0281550992707,40.0593441688279],[-75.0290066786581,40.0578044241629],[-75.0290149330067,40.0577524648371],[-75.0290145107447,40.0576860750769],[-75.0290077112307,40.0575299785062]],[[-75.0283826199418,40.0649169821071],[-75.0283640301432,40.0645134210221]],[[-75.0349525463494,40.074467614033],[-75.0348420430047,40.0743161189017]],[[-75.0347396547918,40.074209872476],[-75.0329683612616,40.0721618937265]],[[-75.0283640301432,40.0645134210221],[-75.0282398198803,40.0633669384445]],[[-75.0348420430047,40.0743161189017],[-75.0347396547918,40.074209872476]],[[-75.0290077112307,40.0575299785062],[-75.0288717766838,40.0571415006596],[-75.0287581750611,40.0567905146366],[-75.0288314376674,40.0567601660714],[-75.0289073806888,40.0567179500867],[-75.0289705418708,40.0566770622352],[-75.0290210087542,40.0566265793285]]]}},{"type":"Feature","properties":{"objectid":155,"stname":"WHITAKER","length_ft":14458.62447189,"Shape__Length":5764.348365270937},"geometry":{"type":"MultiLineString","coordinates":[[[-75.1271130822452,39.9917258821103],[-75.1266313404479,39.9920165381753]],[[-75.1253831133332,39.9980530734476],[-75.1250611604559,39.9996374451765]],[[-75.1146349377858,40.0197265433481],[-75.1144654941498,40.0199497921766],[-75.114101955558,40.0203001691096]],[[-75.114101955558,40.0203001691096],[-75.1138683030884,40.020567176677],[-75.1138001543029,40.0206356969446],[-75.1127115561842,40.0217034250418]],[[-75.1153246751444,40.0187708797649],[-75.1149403262035,40.0192926025032]],[[-75.1260573468888,39.9949663984523],[-75.1259813362952,39.9953716177045]],[[-75.1256006816966,39.9971281575142],[-75.1255059137248,39.9975698573569]],[[-75.1255059137248,39.9975698573569],[-75.1253831133332,39.9980530734476]],[[-75.1259813362952,39.9953716177045],[-75.1259052960409,39.9957150122928]],[[-75.1241655358003,40.0038385809396],[-75.1234286559528,40.0072214643706]],[[-75.1127115561842,40.0217034250418],[-75.1112934561065,40.0231590833191],[-75.111188234586,40.023262363485]],[[-75.111188234586,40.023262363485],[-75.1110429928192,40.0234049269454],[-75.1106637693931,40.0237771509345],[-75.1104774604746,40.0239525206379]],[[-75.1149403262035,40.0192926025032],[-75.1148860778589,40.0193549855768]],[[-75.1266403114353,39.9922871349979],[-75.1264505336259,39.9931149433091]],[[-75.1250611604559,39.9996374451765],[-75.1249548109041,40.0001263720811]],[[-75.1259052960409,39.9957150122928],[-75.1258334624452,39.9960610601268]],[[-75.1257394383783,39.9964601279154],[-75.1256006816966,39.9971281575142]],[[-75.1194422371735,40.0130351335809],[-75.1175739507719,40.0155913221363],[-75.1174786639176,40.0157922816197]],[[-75.1104774604746,40.0239525206379],[-75.1104479904392,40.0239893549521],[-75.1096425878912,40.0248057929908]],[[-75.1148860778589,40.0193549855768],[-75.1146349377858,40.0197265433481]],[[-75.1266313404479,39.9920165381753],[-75.1266403114353,39.9922871349979]],[[-75.1249548109041,40.0001263720811],[-75.1248276072773,40.0007458871957]],[[-75.1244136549274,40.0026438239847],[-75.1241655358003,40.0038385809396]],[[-75.1248276072773,40.0007458871957],[-75.1247344670848,40.0011332882701]],[[-75.1214711637592,40.0101624648286],[-75.1194422371735,40.0130351335809]],[[-75.1166262690249,40.0169667166971],[-75.1162739067026,40.0174320869589]],[[-75.108042435262,40.026422229369],[-75.1077445485052,40.0267050357513],[-75.1070944579184,40.0273440638963]],[[-75.1264505336259,39.9931149433091],[-75.1263767407929,39.9934720337401]],[[-75.1096425878912,40.0248057929908],[-75.1085744632623,40.025883410869]],[[-75.1258334624452,39.9960610601268],[-75.1257394383783,39.9964601279154]],[[-75.1247344670848,40.0011332882701],[-75.1244136549274,40.0026438239847]],[[-75.1085744632623,40.025883410869],[-75.108042435262,40.026422229369]],[[-75.1234286559528,40.0072214643706],[-75.1233949633414,40.0074266881608],[-75.123326340015,40.0075650035086],[-75.1214711637592,40.0101624648286]],[[-75.1174786639176,40.0157922816197],[-75.1166262690249,40.0169667166971]],[[-75.1263767407929,39.9934720337401],[-75.1260573468888,39.9949663984523]],[[-75.1162739067026,40.0174320869589],[-75.1154725083413,40.0185409457],[-75.1153246751444,40.0187708797649]]]}},{"type":"Feature","properties":{"objectid":156,"stname":"WHITBY","length_ft":3002.7369556199997,"Shape__Length":1194.2579256427198},"geometry":{"type":"MultiLineString","coordinates":[[[-75.2295763162931,39.9453124262404],[-75.2301072066001,39.9449418711989]],[[-75.2350363316315,39.9414831449012],[-75.2366086740798,39.9403746098026]],[[-75.2305026552252,39.9446651807354],[-75.2309489607503,39.9443456102095]],[[-75.2323225332884,39.9433792449601],[-75.2330760139294,39.9428580964668]],[[-75.2286882842801,39.9459222719384],[-75.2295763162931,39.9453124262404]],[[-75.233831311965,39.9423256414037],[-75.2350363316315,39.9414831449012]],[[-75.2330760139294,39.9428580964668],[-75.233831311965,39.9423256414037]],[[-75.2309489607503,39.9443456102095],[-75.2323225332884,39.9433792449601]],[[-75.2301072066001,39.9449418711989],[-75.2305026552252,39.9446651807354]]]}},{"type":"Feature","properties":{"objectid":157,"stname":"WINGOHOCKING","length_ft":2895.59980911,"Shape__Length":1151.0436527004256},"geometry":{"type":"MultiLineString","coordinates":[[[-75.1543891974727,40.022237356885],[-75.1549316183596,40.0222993712118]],[[-75.1565129841214,40.0225100266812],[-75.1573067534736,40.0226165281586]],[[-75.1528456908136,40.0220367023063],[-75.1533604164475,40.0220973246648]],[[-75.1507756795519,40.0217727903506],[-75.1512392289137,40.0218339335025]],[[-75.1559632780188,40.0224418149072],[-75.1565129841214,40.0225100266812]],[[-75.1471135589426,40.0212895428795],[-75.1485693367058,40.0214852045645]],[[-75.1485693367058,40.0214852045645],[-75.1494501123602,40.0216020285068]],[[-75.1538495172449,40.0221654520006],[-75.1539089390798,40.0221733692232]],[[-75.1523535893813,40.0219708075778],[-75.1525863055516,40.02200265439]],[[-75.1557140500753,40.0224100218518],[-75.1559632780188,40.0224418149072]],[[-75.1549316183596,40.0222993712118],[-75.1554867844965,40.0223724993395]],[[-75.1533604164475,40.0220973246648],[-75.1538495172449,40.0221654520006]],[[-75.1554867844965,40.0223724993395],[-75.1557140500753,40.0224100218518]],[[-75.1512392289137,40.0218339335025],[-75.1517922866014,40.0219035423049]],[[-75.1502116802055,40.0217016827785],[-75.1507756795519,40.0217727903506]],[[-75.1517922866014,40.0219035423049],[-75.1523535893813,40.0219708075778]],[[-75.1539089390798,40.0221733692232],[-75.1543891974727,40.022237356885]],[[-75.1494501123602,40.0216020285068],[-75.1502116802055,40.0217016827785]],[[-75.1525863055516,40.02200265439],[-75.1528456908136,40.0220367023063]]]}},{"type":"Feature","properties":{"objectid":158,"stname":"WISSAHICKON","length_ft":10962.34441089,"Shape__Length":4367.7600039108365},"geometry":{"type":"MultiLineString","coordinates":[[[-75.1790361770462,40.0233382576312],[-75.179846208477,40.0240951898727]],[[-75.1699103453049,40.0152593519711],[-75.1700990232682,40.0157324947621]],[[-75.1861961160805,40.0294780586061],[-75.1873796585925,40.0304320361801],[-75.1877788523204,40.0307807341216]],[[-75.1722084216469,40.0175027391982],[-75.1723774315272,40.0176405020667],[-75.1724653592823,40.0177121727314],[-75.1725595400743,40.0177889410515]],[[-75.1842358804629,40.0278655213976],[-75.1847577777615,40.0282947865204]],[[-75.179846208477,40.0240951898727],[-75.1816698182563,40.0256663487298]],[[-75.1897948447772,40.0325479380386],[-75.1904342789672,40.0330607871211]],[[-75.1781429192167,40.022604491683],[-75.1790361770462,40.0233382576312]],[[-75.1700990232682,40.0157324947621],[-75.1707721947371,40.0162974465399]],[[-75.1886670818636,40.0315857515187],[-75.1890659993375,40.0319142586669]],[[-75.1749654182746,40.0199009785811],[-75.1768630864697,40.0215108464365]],[[-75.1666098979458,40.0096090667324],[-75.1668744653623,40.0099106574771]],[[-75.1691766544017,40.0130545844516],[-75.1698767227695,40.01513980872],[-75.1699103453049,40.0152593519711]],[[-75.1847577777615,40.0282947865204],[-75.1854665770713,40.028884975688]],[[-75.1877788523204,40.0307807341216],[-75.1886670818636,40.0315857515187]],[[-75.1707721947371,40.0162974465399],[-75.1722084216469,40.0175027391982]],[[-75.1854665770713,40.028884975688],[-75.1861961160805,40.0294780586061]],[[-75.1732497670159,40.0184207395221],[-75.1749654182746,40.0199009785811]],[[-75.1729630768866,40.0181258837567],[-75.1732497670159,40.0184207395221]],[[-75.1684477314278,40.0119778563326],[-75.1690493387928,40.012772275197],[-75.1691163915432,40.0128898860975],[-75.1691766544017,40.0130545844516]],[[-75.1668744653623,40.0099106574771],[-75.1674438232633,40.010626150282]],[[-75.1674438232633,40.010626150282],[-75.167641529375,40.010914241725]],[[-75.183546409318,40.0272746397242],[-75.1841713617906,40.0277953501384],[-75.1842358804629,40.0278655213976]],[[-75.1725595400743,40.0177889410515],[-75.1729630768866,40.0181258837567]],[[-75.1768630864697,40.0215108464365],[-75.1781429192167,40.022604491683]],[[-75.1890659993375,40.0319142586669],[-75.1897948447772,40.0325479380386]],[[-75.1816698182563,40.0256663487298],[-75.1821266333536,40.0260554952444],[-75.1829348784327,40.0267543112952],[-75.183546409318,40.0272746397242]],[[-75.167641529375,40.010914241725],[-75.1678159280287,40.0111435418545],[-75.1684477314278,40.0119778563326]]]}},{"type":"Feature","properties":{"objectid":159,"stname":"WISTER","length_ft":4243.23096887,"Shape__Length":1693.821851715787},"geometry":{"type":"MultiLineString","coordinates":[[[-75.1580606008919,40.0476020094017],[-75.1580207608526,40.0481352772477]],[[-75.1578599266177,40.0506119578281],[-75.1577770391469,40.0519643526581]],[[-75.1581338744083,40.0464277803564],[-75.1580951306521,40.0471164647246]],[[-75.1581677326433,40.0459206240719],[-75.1581338744083,40.0464277803564]],[[-75.1583609323888,40.0414962296852],[-75.1583438504072,40.0420308995431]],[[-75.157951844496,40.0492262272921],[-75.1579203771536,40.0496781421584]],[[-75.1582645132759,40.0437913429131],[-75.1582206774971,40.0450854261552]],[[-75.1583202553992,40.0424176451388],[-75.158309732897,40.0428703687807]],[[-75.1580207608526,40.0481352772477],[-75.157986046197,40.0486742461168]],[[-75.158309732897,40.0428703687807],[-75.1582882835203,40.0433508602422]],[[-75.157986046197,40.0486742461168],[-75.1579615702188,40.0490350504292]],[[-75.1584063420825,40.0407455606534],[-75.1583609323888,40.0414962296852]],[[-75.1580690677855,40.0474708405569],[-75.1580606008919,40.0476020094017]],[[-75.1578740650732,40.0504071139362],[-75.1578599266177,40.0506119578281]],[[-75.1579203771536,40.0496781421584],[-75.1578740650732,40.0504071139362]],[[-75.1582206774971,40.0450854261552],[-75.1581677326433,40.0459206240719]],[[-75.1580951306521,40.0471164647246],[-75.1580690677855,40.0474708405569]],[[-75.1577770391469,40.0519643526581],[-75.1577490416563,40.0523820972835]],[[-75.1579615702188,40.0490350504292],[-75.157951844496,40.0492262272921]],[[-75.1583438504072,40.0420308995431],[-75.1583202553992,40.0424176451388]],[[-75.1582882835203,40.0433508602422],[-75.1582645132759,40.0437913429131]]]}},{"type":"Feature","properties":{"objectid":160,"stname":"WOODLAND","length_ft":13182.22381258,"Shape__Length":5241.823342981963},"geometry":{"type":"LineString","coordinates":[[-75.2122557644811,39.9412589085482],[-75.2122583980436,39.941255338481],[-75.2125256765916,39.9408929365544],[-75.2126039883114,39.9408594767996],[-75.2138672601873,39.9399836677753],[-75.2145396033369,39.9395061442101],[-75.2150912319038,39.9391029503823],[-75.2155802378911,39.9387728200086],[-75.2162399410892,39.9383124744954],[-75.2167213506596,39.9379651139299],[-75.2171279150354,39.9376811832787],[-75.2176169839085,39.9373390789552],[-75.218069476544,39.9370151465741],[-75.2189861965221,39.9363785612478],[-75.2194451701348,39.9360507798195],[-75.2198053903686,39.9357912149906],[-75.2198673642755,39.9357492531127],[-75.2203449204122,39.9354178516486],[-75.2211331363884,39.9348645475729],[-75.2213248118922,39.9347201783146],[-75.2217345908547,39.9344396430571],[-75.2224854267468,39.9339140128408],[-75.2232217647363,39.9333986200505],[-75.2237277863898,39.9330412384911],[-75.2241210851353,39.9327583643286],[-75.2245957012203,39.9324198075756],[-75.2254120571227,39.9318485121685],[-75.2275920146629,39.9303228769111],[-75.2292247383534,39.9291813125631],[-75.2306571808175,39.928167154785],[-75.2307866132156,39.9280677188613],[-75.2311409553283,39.9278017913945],[-75.2317159569557,39.9274114860776],[-75.232181623129,39.9270941440368],[-75.2331025864809,39.9264612001641],[-75.2337113841351,39.9260313868082],[-75.2343300567925,39.9255822516287],[-75.2347746227851,39.9252736106346],[-75.2351363585265,39.92502210002],[-75.2355694073886,39.9247132179328],[-75.2362321572209,39.9242444130285],[-75.2368862283206,39.9237698920852],[-75.2374051266892,39.9234093991162],[-75.237872432464,39.9230877516938],[-75.2384024169818,39.9227125696295],[-75.2391864849588,39.9221671974907],[-75.2400478155618,39.9215561820108],[-75.2414178625531,39.9205891350877],[-75.2429885219721,39.9194857004604],[-75.2438443795648,39.918880275799],[-75.2443680995207,39.9185247993636],[-75.245086413871,39.918032706287],[-75.2456938622905,39.9176245512829],[-75.2463104720541,39.9171853594541],[-75.2468033616461,39.9169274128304],[-75.2469334317232,39.9168817475175]]}},{"type":"Feature","properties":{"objectid":161,"stname":"WYOMING","length_ft":6999.41519561,"Shape__Length":2782.320640103292},"geometry":{"type":"MultiLineString","coordinates":[[[-75.1116086182004,40.0199753751432],[-75.1108161089565,40.0198672122103]],[[-75.1316571086245,40.0224746250127],[-75.1326683393056,40.022613388376]],[[-75.1162466354542,40.0205679366031],[-75.1146770983728,40.0203757132347]],[[-75.1204827729902,40.021099301421],[-75.1191234261036,40.0209173990964]],[[-75.11755923387,40.020723838631],[-75.1169847969738,40.0206447256571]],[[-75.1326683393056,40.022613388376],[-75.1335198332934,40.0227076931874]],[[-75.1130957738114,40.0201681070812],[-75.1129347621968,40.0201461636606]],[[-75.1191234261036,40.0209173990964],[-75.11830071507,40.0208088126206]],[[-75.1260635892776,40.0217595825562],[-75.1275901123446,40.0219446035528]],[[-75.1108161089565,40.0198672122103],[-75.1105056734767,40.0198359084411]],[[-75.1243495890635,40.0215614803084],[-75.125649338466,40.0217194135713]],[[-75.1306792354071,40.0223345006365],[-75.1316571086245,40.0224746250127]],[[-75.1129347621968,40.0201461636606],[-75.1122317450273,40.0200670254918],[-75.1116086182004,40.0199753751432]],[[-75.1283317449887,40.0220455899387],[-75.1288405661446,40.0221036064311],[-75.1306792354071,40.0223345006365]],[[-75.1224271739849,40.0213235884735],[-75.1215413492233,40.0212190297551]],[[-75.1335198332934,40.0227076931874],[-75.1351754064793,40.0228974575174]],[[-75.1146770983728,40.0203757132347],[-75.1142966332228,40.0203249352754],[-75.114101955558,40.0203001691096]],[[-75.125649338466,40.0217194135713],[-75.1260635892776,40.0217595825562]],[[-75.1215413492233,40.0212190297551],[-75.1204827729902,40.021099301421]],[[-75.1169847969738,40.0206447256571],[-75.1162466354542,40.0205679366031]],[[-75.114101955558,40.0203001691096],[-75.1130957738114,40.0201681070812]],[[-75.1243495890635,40.0215614803084],[-75.1224271739849,40.0213235884735]],[[-75.11830071507,40.0208088126206],[-75.11755923387,40.020723838631]],[[-75.1275901123446,40.0219446035528],[-75.1279973820714,40.0219980827123],[-75.1283317449887,40.0220455899387]]]}},{"type":"Feature","properties":{"objectid":162,"stname":"PENN SQ","length_ft":889.656388,"Shape__Length":889.6563959090781},"geometry":{"type":"LineString","coordinates":[[-75.1653011034273,39.9522938952894],[-75.1652472476589,39.9520097952224],[-75.1651837197968,39.9518932950265],[-75.1650584424201,39.9518197171277],[-75.1648983334065,39.9517687066887],[-75.164719391916,39.9517324456123],[-75.1645367103026,39.951703902757],[-75.1643630723501,39.9516781682895],[-75.1641973295813,39.9516520727171],[-75.164026580875,39.9516372366834],[-75.1639745853801,39.9516520350598],[-75.1639005766597,39.9516731713595],[-75.1636473926579,39.9516392930265],[-75.1635186002024,39.9516001376749],[-75.1629837254765,39.9515371347497],[-75.1628792311189,39.9515336059217],[-75.1627212834473,39.9516694273277],[-75.1626087113468,39.9522553757251],[-75.1625914619636,39.9523718584577],[-75.162545896146,39.9524395431503],[-75.1624420380555,39.9529158188887],[-75.1623816506425,39.9532381813105],[-75.1632062076451,39.9533427832642],[-75.1633313650236,39.9533392100123],[-75.1636630640861,39.9533845504215],[-75.1639047125918,39.9534627409049],[-75.1650662425021,39.9536180362776]]}}]}